{
    "actions": [
        null,
        3,
        4,
        7,
        2,
        4,
        4,
        7,
        4,
        4,
        4
    ],
    "rewards": [
        0,
        0,
        0.02277904328018243,
        0.060133630289532336,
        0.018907563025210017,
        0.01855670103092777,
        0.046558704453441235,
        0.044487427466150864,
        0.01666666666666683,
        0.041894353369763104,
        0.01573426573426584
    ],
    "states": [
        7.0588235294117645,
        8.607843137254902,
        8.803921568627452,
        9.333333333333334,
        9.509803921568627,
        9.686274509803921,
        10.137254901960784,
        10.588235294117647,
        10.764705882352942,
        11.215686274509803,
        11.392156862745098
    ],
    "selections": [
        null,
        null,
        "_entity_novelty:Instance-attribute",
        "_subject_gaps:Instance-attribute-character",
        "_trust:Source",
        "_statement_novelty:Actor-Source",
        "_subject_gaps:Instance-attribute-character",
        "_subject_gaps:Instance-attribute-character",
        "_trust:Source",
        "_subject_gaps:Instance-attribute-character",
        "_subject_gaps:Instance-attribute-character"
    ]
}