{
    "abstract_actions": [
        null,
        4,
        3,
        2,
        4,
        4,
        7,
        2,
        7,
        4,
        4
    ],
    "specific_actions": [
        null,
        null,
        11,
        25,
        null,
        null,
        25,
        25,
        25,
        null,
        null
    ],
    "rewards": [
        0,
        0,
        0.0,
        0.0,
        0.125,
        -0.012345679012345623,
        0.0,
        0.10000000000000009,
        0.0,
        0.0,
        -0.0181818181818183
    ],
    "states": [
        1.0,
        1.0,
        1.0,
        1.0,
        1.125,
        1.1111111111111112,
        1.1111111111111112,
        1.2222222222222223,
        1.2222222222222223,
        1.2222222222222223,
        1.2
    ],
    "selections": [
        null,
        null,
        "_subject_gaps:Instance-attribute-character",
        "_entity_novelty:Instance-attribute",
        "_statement_novelty:Actor-Source",
        "_subject_gaps:Instance-character-physical-appearance",
        "_subject_gaps:Instance-character-physical-appearance",
        "_trust:Source",
        "_statement_novelty:Actor-Source",
        "_trust:Source",
        "_subject_gaps:Instance-attribute-character"
    ]
}