{
    "abstract_actions": [
        null,
        3,
        2,
        4,
        7,
        5,
        7,
        4,
        5,
        7,
        2
    ],
    "specific_actions": [
        null,
        11,
        25,
        null,
        25,
        11,
        25,
        null,
        11,
        25,
        25
    ],
    "rewards": [
        0,
        0,
        -0.015389974313518184,
        -0.03289858497758513,
        -0.025637681609223417,
        -0.018986551628272563,
        -0.034039975061050054,
        -0.018007783016664947,
        -0.027218916951299077,
        -0.03150693928494486,
        -0.01667957181200863
    ],
    "states": [
        0.013134665630958265,
        0.01056689342403628,
        0.010404269205666679,
        0.010061983471074381,
        0.009804017542485707,
        0.009617873057250812,
        0.00929048089824165,
        0.009123179934105644,
        0.008874856857147465,
        0.008595237280986743,
        0.00845187240351727
    ],
    "selections": [
        null,
        null,
        "_entity_novelty:Instance-attribute",
        "_statement_novelty:Actor-Source",
        "_subject_gaps:Instance-attribute-character",
        "_trust:Source",
        "_complement_gaps:Instance-attribute-character",
        "_trust:Source",
        "_subject_gaps:Instance-age-character",
        "_complement_gaps:Instance-attribute-character",
        "_trust:Source"
    ]
}