{
    "abstract_actions": [
        null,
        5,
        7,
        5,
        5,
        5,
        4,
        7,
        5,
        5,
        5
    ],
    "specific_actions": [
        null,
        11,
        25,
        11,
        11,
        11,
        null,
        25,
        11,
        11,
        11
    ],
    "rewards": [
        0,
        0,
        0.14185733512786003,
        -0.015372382719321509,
        0.11796733212341182,
        0.10326086956521752,
        0.09004739336492906,
        0.07953488372092998,
        -0.013999517258025507,
        0.07125773018164572,
        0.06218529707955689
    ],
    "states": [
        0.0014144271570014145,
        0.0016501650165016502,
        0.0018842530282637954,
        0.0018552875695732839,
        0.002074150894477573,
        0.002288329519450801,
        0.002494387627837366,
        0.0026927784577723377,
        0.0026550808592807145,
        0.002844275894761792,
        0.0030211480362537764
    ],
    "selections": [
        null,
        null,
        "_complement_gaps:Instance-attribute-character",
        "_trust:Source",
        "_complement_gaps:Instance-attribute-character",
        "_complement_gaps:Instance-attribute-character",
        "_complement_gaps:Instance-attribute-character",
        "_subject_gaps:Instance-character-institution",
        "_trust:Source",
        "_complement_gaps:Instance-attribute-character",
        "_complement_gaps:Instance-attribute-character"
    ]
}