{
    "abstract_actions": [
        null,
        7,
        7,
        5,
        3,
        7,
        7,
        2,
        7,
        2,
        7
    ],
    "specific_actions": [
        null,
        25,
        25,
        11,
        11,
        25,
        25,
        25,
        25,
        25,
        25
    ],
    "rewards": [
        0,
        0,
        -0.018307426597582,
        -0.013292433537832271,
        0.17438292194796534,
        -0.012841620019756306,
        -0.016196954972465316,
        -0.0124760076775432,
        -0.012322274881516493,
        -0.01217228464419473,
        -0.012025901942645634
    ],
    "states": [
        0.0014519056261343012,
        0.0017593244194229415,
        0.0017271157167530224,
        0.0017041581458759373,
        0.0020013342228152103,
        0.001975633849193283,
        0.001943634596695821,
        0.0019193857965451055,
        0.0018957345971563982,
        0.0018726591760299626,
        0.0018501387604070306
    ],
    "selections": [
        null,
        null,
        "_trust:Source",
        "_trust:Source",
        "_complement_gaps:Instance-attribute-character",
        "_entity_novelty:Instance-attribute",
        "_trust:Source",
        "_trust:Source",
        "_statement_novelty:Actor-Source",
        "_trust:Source",
        "_statement_novelty:Actor-Source"
    ]
}