{
    "abstract_actions": [
        null,
        3,
        4,
        7,
        5,
        3,
        4,
        6,
        4,
        3,
        5
    ],
    "specific_actions": [
        null,
        11,
        null,
        25,
        11,
        11,
        null,
        11,
        null,
        11,
        11
    ],
    "rewards": [
        0,
        0,
        0.022831050228310668,
        0.0535714285714286,
        0.03813559322033888,
        0.048979591836734615,
        0.017509727626459304,
        0.04588910133843194,
        0.034734917733089565,
        0.04946996466431086,
        0.01515151515151536
    ],
    "states": [
        7.0588235294117645,
        8.588235294117647,
        8.784313725490197,
        9.254901960784315,
        9.607843137254902,
        10.07843137254902,
        10.254901960784315,
        10.72549019607843,
        11.098039215686274,
        11.647058823529411,
        11.823529411764707
    ],
    "selections": [
        null,
        null,
        "_entity_novelty:Instance-attribute",
        "_subject_gaps:Instance-character-gender",
        "_trust:Source",
        "_complement_gaps:Instance-attribute-character",
        "_entity_novelty:Instance-attribute",
        "_subject_gaps:Instance-character-object",
        "_overlaps:attribute-object",
        "_subject_gaps:Instance-activity-character",
        "_entity_novelty:Instance-attribute"
    ]
}