{
    "abstract_actions": [
        null,
        7,
        5,
        5,
        3,
        4,
        3,
        6,
        2,
        2,
        6
    ],
    "specific_actions": [
        null,
        25,
        11,
        11,
        11,
        null,
        null,
        null,
        25,
        25,
        null
    ],
    "rewards": [
        0,
        0,
        0.017199758599879322,
        0.02076535152773662,
        0.022377215925603045,
        0.017623649801023378,
        0.02150837988826826,
        0.016953787257314668,
        0.016671148158106996,
        0.010579211848717351,
        0.01046846375294419
    ],
    "states": [
        3220.0,
        3314.0,
        3371.0,
        3441.0,
        3518.0,
        3580.0,
        3657.0,
        3719.0,
        3781.0,
        3821.0,
        3861.0
    ],
    "selections": [
        null,
        null,
        "_trust:Source",
        "_complement_gaps:Instance-attribute-character",
        "_complement_gaps:Instance-attribute-character",
        "_entity_novelty:Instance-attribute",
        "_subject_gaps:Instance-character-object",
        "_entity_novelty:Instance-character",
        "_overlaps:character",
        "_statement_novelty:Actor-Source",
        "_statement_novelty:Actor-Source"
    ]
}