,condition,Average degree,Sparseness,Shortest path,Total triples,Average population,Ratio claims to triples,Ratio perspectives to claims,Ratio conflicts to claims
0,Average-degree,11.419212528537898,0.004381468151994168,2.8467226221106814,6080.0,31.27450980392157,0.005695233401874449,0.970870870870871,0.0
1,Average-population,11.426870150948572,0.004396193603738119,2.8465328685599585,6063.333333333333,31.104575163398692,0.005659846526976787,0.9707704027556968,0.0
2,Ratio-claims-to-triples,11.492598484225155,0.00447994031691059,2.841644242428103,6011.0,30.53921568627451,0.0053034528184901,0.9676113360323887,0.0
3,Ratio-conflicts-to-claims,11.576858921447887,0.004584952237138445,2.8344108395415426,5940.0,29.764705882352942,0.004822167832863578,0.9648580586080587,0.0
4,Ratio-perspectives-to-claims,11.41375163788957,0.004382039689811394,2.8475125795902314,6071.333333333333,31.196078431372552,0.005704152155950704,0.9708963817123211,0.0
5,Shortest-path,11.5106717940709,0.004509367268361471,2.840288677946091,5982.0,30.222222222222225,0.0051720535957941296,0.967167539748185,0.0
6,Sparseness,11.355969742751725,0.004308609282704745,2.8514894270764053,6137.5,31.901960784313726,0.006071215948802491,0.9718890554722639,0.0
7,Total-triples,11.577867608470562,0.004580323155189869,2.834512590936032,5954.0,29.901960784313726,0.004937075214092606,0.9648809523809524,0.0
