{
    "abstract_actions": [
        null,
        5,
        5,
        5,
        4,
        5,
        4,
        7,
        5,
        4,
        5
    ],
    "specific_actions": [
        null,
        11,
        11,
        11,
        null,
        11,
        null,
        25,
        11,
        null,
        11
    ],
    "rewards": [
        0,
        0,
        -0.04018678793601638,
        -0.030169180358532888,
        -0.034805367397552134,
        -0.01525902911493593,
        -0.03315155508934253,
        -0.0320976524282488,
        -0.02787983846567965,
        -0.025442979402670263,
        -0.02481284092439462
    ],
    "states": [
        0.013134665630958265,
        0.01056689342403628,
        0.01014224391886205,
        0.009836260732833666,
        0.009493906064209275,
        0.009349038275161039,
        0.009039103117749666,
        0.008748969127613037,
        0.008505049281593968,
        0.008288655487903676,
        0.008082990397805212
    ],
    "selections": [
        null,
        null,
        "_complement_gaps:Instance-attribute-character",
        "_complement_gaps:Instance-attribute-character",
        "_complement_gaps:Instance-attribute-character",
        "_subject_gaps:Instance-attribute-character",
        "_complement_gaps:Instance-attribute-character",
        "_subject_gaps:Instance-character-enchantment",
        "_trust:Source",
        "_complement_gaps:Instance-attribute-character",
        "_subject_gaps:Instance-activity-character"
    ]
}