{
    "abstract_actions": [
        null,
        7,
        5,
        4,
        3,
        3,
        3,
        5,
        3,
        5,
        4
    ],
    "specific_actions": [
        null,
        25,
        11,
        null,
        11,
        null,
        11,
        11,
        null,
        11,
        null
    ],
    "rewards": [
        0,
        0,
        -0.0035347786784072355,
        -0.0029308811564586756,
        -0.0027729890458877415,
        -0.0030168202358497043,
        -0.002483726959104926,
        -0.0027309236947792304,
        -0.0039595516569199685,
        -0.002083120793433313,
        -0.0019867749947732882
    ],
    "states": [
        11.742296918767506,
        10.985714285714286,
        10.946882217090069,
        10.914798206278027,
        10.884531590413943,
        10.851694915254237,
        10.824742268041238,
        10.795180722891565,
        10.75243664717349,
        10.730038022813687,
        10.708719851576994
    ],
    "selections": [
        null,
        null,
        "_trust:Source",
        "_complement_gaps:Instance-attribute-character",
        "_subject_gaps:Instance-age-character",
        "_entity_novelty:Instance-attribute",
        "_entity_novelty:Instance-character",
        "_entity_novelty:Instance-attribute",
        "_complement_gaps:Instance-attribute-character",
        "_entity_novelty:Instance-character",
        "_complement_gaps:Instance-attribute-character"
    ]
}