{
    "abstract_actions": [
        null,
        3,
        3,
        7,
        7,
        5,
        7,
        7,
        7,
        5,
        7
    ],
    "specific_actions": [
        null,
        null,
        11,
        25,
        25,
        11,
        25,
        25,
        25,
        11,
        25
    ],
    "rewards": [
        0,
        0,
        0.005141667317379417,
        0.003295727176486185,
        0.003835275502930058,
        0.003123819245721471,
        0.005434740305743091,
        0.0034546502031436166,
        0.0028317339534082997,
        0.002769881104756511,
        0.004750699710126094
    ],
    "states": [
        2.48991827754204,
        2.5161759360232643,
        2.5291132755982915,
        2.5374485429530926,
        2.547180357189826,
        2.5551372882119394,
        2.569023795818892,
        2.5778988743969986,
        2.5851987981680815,
        2.5923594914711665,
        2.604675012955841
    ],
    "selections": [
        null,
        null,
        "_entity_novelty:Instance-character",
        "_entity_novelty:Instance-attribute",
        "_trust:Source",
        "_trust:Source",
        "_complement_gaps:Instance-attribute-character",
        "_trust:Source",
        "_trust:Source",
        "_trust:Source",
        "_complement_gaps:Instance-attribute-character"
    ]
}