{
    "abstract_actions": [
        null,
        7,
        4,
        7,
        2,
        7,
        2,
        5,
        4,
        4,
        5
    ],
    "specific_actions": [
        null,
        25,
        null,
        25,
        25,
        25,
        25,
        11,
        null,
        null,
        11
    ],
    "rewards": [
        0,
        0,
        -0.01440063296760885,
        -0.020303033084086652,
        -0.011651351906970087,
        -0.008962125292250156,
        -0.00888646136517579,
        -0.005443439432102015,
        -0.019240656934912725,
        -0.01887845638063812,
        -0.014715913232616673
    ],
    "states": [
        0.008359183673469387,
        0.008048187377267686,
        0.007932288384793111,
        0.007771238871284141,
        0.007680693432441685,
        0.0076118580955687794,
        0.007544215612685307,
        0.007503149131934936,
        0.007358783613555887,
        0.007219861138092818,
        0.0071136142880331025
    ],
    "selections": [
        null,
        null,
        "_trust:Source",
        "_subject_gaps:Instance-character-physical-appearance",
        "_trust:Source",
        "_statement_novelty:Actor-Source",
        "_trust:Source",
        "_statement_novelty:Actor-Source",
        "_complement_gaps:Instance-attribute-character",
        "_subject_gaps:Instance-age-character",
        "_subject_gaps:Instance-character-gender"
    ]
}