{
    "abstract_actions": [
        null,
        3,
        2,
        4,
        7,
        7,
        5,
        3,
        4,
        3,
        6
    ],
    "specific_actions": [
        null,
        11,
        25,
        null,
        25,
        25,
        11,
        11,
        null,
        11,
        11
    ],
    "rewards": [
        0,
        0,
        0.014405762304922076,
        0.026035502958579704,
        0.04152249134948094,
        0.02436323366555926,
        0.01189189189189177,
        0.044871794871794934,
        0.011247443762781195,
        0.03640040444893833,
        0.01073170731707318
    ],
    "states": [
        15.411764705882353,
        16.333333333333332,
        16.568627450980394,
        17.0,
        17.705882352941178,
        18.137254901960784,
        18.352941176470587,
        19.176470588235293,
        19.392156862745097,
        20.098039215686274,
        20.313725490196077
    ],
    "selections": [
        null,
        null,
        "_entity_novelty:Instance-attribute",
        "_statement_novelty:Actor-Source",
        "_subject_gaps:Instance-attribute-character",
        "_trust:Source",
        "_trust:Source",
        "_complement_gaps:Instance-attribute-character",
        "_entity_novelty:Instance-attribute",
        "_subject_gaps:Instance-attribute-character",
        "_entity_novelty:Instance-attribute"
    ]
}