{
    "abstract_actions": [
        null,
        3,
        4,
        7,
        7,
        4,
        4,
        3,
        2,
        2,
        7
    ],
    "specific_actions": [
        null,
        11,
        null,
        25,
        25,
        null,
        null,
        11,
        25,
        25,
        25
    ],
    "rewards": [
        0,
        0,
        0.01820546163849146,
        0.027245636441038723,
        0.024865312888520563,
        0.015770319450060688,
        0.027866242038216527,
        0.02478698683191327,
        0.01473922902494329,
        0.01862197392923659,
        0.014259597806215663
    ],
    "states": [
        2096.0,
        2307.0,
        2349.0,
        2413.0,
        2473.0,
        2512.0,
        2582.0,
        2646.0,
        2685.0,
        2735.0,
        2774.0
    ],
    "selections": [
        null,
        null,
        "_entity_novelty:Instance-attribute",
        "_subject_gaps:Instance-character-institution",
        "_trust:Source",
        "_trust:Source",
        "_subject_gaps:Instance-character-product",
        "_subject_gaps:Instance-attribute-character",
        "_entity_novelty:Instance-attribute",
        "_statement_novelty:Actor-Source",
        "_statement_novelty:Actor-Source"
    ]
}