{
    "abstract_actions": [
        null,
        3,
        5,
        5,
        4,
        2,
        2,
        2,
        2,
        2,
        7
    ],
    "specific_actions": [
        null,
        null,
        11,
        11,
        null,
        25,
        25,
        25,
        25,
        25,
        25
    ],
    "rewards": [
        0,
        0,
        0.03714710252600306,
        0.034383954154727725,
        0.03878116343490312,
        0.01200000000000001,
        0.01844532279314892,
        0.011642949547218784,
        0.011508951406649537,
        0.011378002528444897,
        0.011249999999999982
    ],
    "states": [
        12.549019607843137,
        13.196078431372548,
        13.686274509803921,
        14.156862745098039,
        14.705882352941176,
        14.882352941176471,
        15.156862745098039,
        15.333333333333334,
        15.509803921568627,
        15.686274509803921,
        15.862745098039216
    ],
    "selections": [
        null,
        null,
        "_entity_novelty:Instance-character",
        "_complement_gaps:Instance-attribute-character",
        "_complement_gaps:Instance-attribute-character",
        "_subject_gaps:Instance-character-gender",
        "_statement_novelty:Actor-Source",
        "_statement_novelty:Actor-Source",
        "_statement_novelty:Actor-Source",
        "_statement_novelty:Actor-Source",
        "_statement_novelty:Actor-Source"
    ]
}