{
    "abstract_actions": [
        null,
        3,
        6,
        5,
        4,
        4,
        7,
        4,
        4,
        4,
        5
    ],
    "specific_actions": [
        null,
        11,
        null,
        11,
        null,
        null,
        25,
        null,
        null,
        null,
        11
    ],
    "rewards": [
        0,
        0,
        0.010544002426737809,
        0.009821351369170062,
        0.008067339959741071,
        0.008993981953429042,
        0.008457825503379146,
        0.006225517933881264,
        0.0076346620814709,
        0.004919971421424529,
        0.004771174056068306
    ],
    "states": [
        2.261951971799956,
        2.3403682236617795,
        2.3650450718915295,
        2.3882730105465004,
        2.4075400208392534,
        2.42919339233884,
        2.449739086165203,
        2.4649899807794546,
        2.4838093463169173,
        2.4960296173170637,
        2.507938609070385
    ],
    "selections": [
        null,
        null,
        "_entity_novelty:Instance-attribute",
        "_overlaps:character",
        "_complement_gaps:Instance-attribute-character",
        "_subject_gaps:Instance-ancestry-character",
        "_subject_gaps:Instance-character-object",
        "_trust:Source",
        "_subject_gaps:Instance-character-institution",
        "_subject_gaps:Instance-attribute-character",
        "_subject_gaps:Instance-character-object"
    ]
}