{
    "abstract_actions": [
        null,
        3,
        7,
        7,
        2,
        5,
        7,
        6,
        5,
        3,
        7
    ],
    "specific_actions": [
        null,
        null,
        25,
        25,
        25,
        11,
        25,
        11,
        11,
        null,
        25
    ],
    "rewards": [
        0,
        0,
        -0.0009996621129331196,
        0.0023472452043880043,
        0.0022087886538013635,
        0.0021572768353883554,
        -0.00029723503860679124,
        0.0021180494363834956,
        0.0028120086259622035,
        -0.000677645962180673,
        -0.00035390295980841646
    ],
    "states": [
        10.84046692607004,
        10.760299625468164,
        10.749542961608775,
        10.774774774774775,
        10.798573975044564,
        10.821869488536155,
        10.818652849740932,
        10.841567291311755,
        10.872053872053872,
        10.864686468646864,
        10.86084142394822
    ],
    "selections": [
        null,
        null,
        "_entity_novelty:Instance-character",
        "_trust:Source",
        "_trust:Source",
        "_statement_novelty:Actor-Source",
        "_complement_gaps:Instance-attribute-character",
        "_trust:Source",
        "_overlaps:attribute-physical-appearance",
        "_complement_gaps:Instance-attribute-character-physical-appearance",
        "_entity_novelty:Instance-character"
    ]
}