{
    "abstract_actions": [
        null,
        7,
        2,
        2,
        7,
        7,
        5,
        2,
        4,
        5,
        7
    ],
    "specific_actions": [
        null,
        25,
        25,
        25,
        25,
        25,
        11,
        25,
        null,
        11,
        25
    ],
    "rewards": [
        0,
        0,
        0.11111111111111116,
        0.0,
        0.0,
        0.0,
        0.0,
        0.0,
        0.10000000000000009,
        -0.0181818181818183,
        -0.015151515151515027
    ],
    "states": [
        1.0,
        1.0,
        1.1111111111111112,
        1.1111111111111112,
        1.1111111111111112,
        1.1111111111111112,
        1.1111111111111112,
        1.1111111111111112,
        1.2222222222222223,
        1.2,
        1.1818181818181819
    ],
    "selections": [
        null,
        null,
        "_trust:Source",
        "_statement_novelty:Actor-Source",
        "_statement_novelty:Actor-Source",
        "_trust:Source",
        "_trust:Source",
        "_complement_gaps:Instance-attribute-character",
        "_statement_novelty:Actor-Source",
        "_subject_gaps:Instance-ability-character",
        "_complement_gaps:Instance-attribute-character"
    ]
}