{
    "abstract_actions": [
        null,
        5,
        5,
        3,
        6,
        4,
        3,
        3,
        7,
        7,
        7
    ],
    "specific_actions": [
        null,
        11,
        11,
        null,
        null,
        null,
        null,
        11,
        25,
        25,
        25
    ],
    "rewards": [
        0,
        0,
        0.052121212121212235,
        0.048387096774193505,
        0.031868131868131755,
        0.029818956336528313,
        0.03619441571871773,
        0.03592814371257469,
        0.010597302504817163,
        0.020972354623450817,
        0.010270774976657293
    ],
    "states": [
        15.254901960784315,
        16.176470588235293,
        17.019607843137255,
        17.84313725490196,
        18.41176470588235,
        18.96078431372549,
        19.647058823529413,
        20.352941176470587,
        20.568627450980394,
        21.0,
        21.215686274509803
    ],
    "selections": [
        null,
        null,
        "_complement_gaps:Instance-attribute-character",
        "_complement_gaps:Instance-attribute-character",
        "_entity_novelty:Instance-character",
        "_overlaps:character",
        "_subject_gaps:Instance-character-personality-trait",
        "_entity_novelty:Instance-character",
        "_entity_novelty:Instance-attribute",
        "_trust:Source",
        "_trust:Source"
    ]
}