{
    "actions": [
        null,
        2,
        4,
        7,
        4,
        4,
        3,
        7,
        5,
        5,
        3,
        4,
        4,
        7,
        2,
        5,
        6,
        5,
        3,
        6,
        4,
        4,
        4,
        4,
        2,
        4
    ],
    "rewards": [
        0,
        0,
        0.011025358324145529,
        0.025081788440566966,
        0.009574468085106647,
        0.009483667017913477,
        0.024008350730688743,
        0.00917431192660545,
        0.00909090909090926,
        0.023023023023022837,
        0.026418786692759433,
        0.02192564346997128,
        0.008395522388059629,
        0.008325624421831712,
        0.008256880733945149,
        0.008189262966332933,
        0.02075812274368216,
        0.011494252873563093,
        0.020104895104895215,
        0.016281062553556103,
        0.007588532883642474,
        0.007531380753138306,
        0.019102990033222467,
        0.015484922575387028,
        0.007223113964687222,
        0.007171314741035939
    ],
    "states": [
        17.50980392156863,
        17.784313725490197,
        17.980392156862745,
        18.431372549019606,
        18.607843137254903,
        18.784313725490197,
        19.235294117647058,
        19.41176470588235,
        19.58823529411765,
        20.03921568627451,
        20.568627450980394,
        21.019607843137255,
        21.19607843137255,
        21.372549019607842,
        21.54901960784314,
        21.725490196078432,
        22.176470588235293,
        22.431372549019606,
        22.88235294117647,
        23.254901960784313,
        23.431372549019606,
        23.607843137254903,
        24.058823529411764,
        24.431372549019606,
        24.607843137254903,
        24.784313725490197
    ],
    "selections": [
        null,
        null,
        "_statement_novelty:Actor-Source",
        "_subject_gaps:Instance-attribute-character",
        "_trust:Source",
        "_subject_gaps:Instance-attribute-character",
        "_subject_gaps:Instance-attribute-character",
        "_entity_novelty:Instance-attribute",
        "_trust:Source",
        "_complement_gaps:Instance-attribute-character",
        "_complement_gaps:Instance-attribute-character",
        "_entity_novelty:Instance-character",
        "_subject_gaps:Instance-attribute-character",
        "_subject_gaps:Instance-attribute-character",
        "_trust:Source",
        "_statement_novelty:Actor-Source",
        "_complement_gaps:Instance-attribute-character",
        "_overlaps:character",
        "_complement_gaps:Instance-attribute-character",
        "_entity_novelty:Instance-character",
        "_overlaps:character",
        "_subject_gaps:Instance-attribute-character",
        "_subject_gaps:Instance-attribute-character",
        "_subject_gaps:Instance-attribute-character",
        "_subject_gaps:Instance-attribute-character",
        "_statement_novelty:Actor-Source"
    ]
}