{
    "actions": [
        null,
        4,
        3,
        4,
        3,
        7,
        5,
        7,
        2,
        6,
        7
    ],
    "rewards": [
        0,
        0,
        -0.02054494111992311,
        -0.0061322318337603265,
        -0.01773559739564723,
        -0.017436100393092735,
        -0.005913472532764197,
        -0.013269013433533039,
        -0.005821493566409486,
        -0.005796296645796506,
        -0.00613094559108307
    ],
    "states": [
        0.009094172944094387,
        0.00874123193095347,
        0.008561643835616438,
        0.008509141850738353,
        0.008358227136691205,
        0.008212492249227585,
        0.008163927901886239,
        0.008055600632885716,
        0.008008705005627807,
        0.007962284175666513,
        0.00791346784460476
    ],
    "selections": [
        null,
        null,
        "_subject_gaps:Instance-attribute-character",
        "_entity_novelty:Instance-attribute",
        "_subject_gaps:Instance-attribute-character",
        "_entity_novelty:Instance-attribute",
        "_trust:Source",
        "_complement_gaps:Instance-attribute-character",
        "_trust:Source",
        "_statement_novelty:Actor-Source",
        "_overlaps:character"
    ]
}