{
    "abstract_actions": [
        null,
        3,
        4,
        7,
        4,
        3,
        4,
        5,
        4,
        3,
        7
    ],
    "specific_actions": [
        null,
        null,
        null,
        25,
        null,
        11,
        null,
        11,
        null,
        11,
        25
    ],
    "rewards": [
        0,
        0,
        -0.022686985250074843,
        -0.024419464565441196,
        -0.011375707772748989,
        -0.019249268698575128,
        -0.008591153846153832,
        -0.01909619435636778,
        -0.018380480647977482,
        -0.0180501286026985,
        -0.008066709961384144
    ],
    "states": [
        0.00831746054607189,
        0.007971016914598157,
        0.007790178571428571,
        0.007599946581845112,
        0.007513491810441539,
        0.007368862587717806,
        0.007305555555555556,
        0.007166047246785425,
        0.007034331854043393,
        0.006907361259443851,
        0.006851641579565416
    ],
    "selections": [
        null,
        null,
        "_entity_novelty:Instance-character",
        "_subject_gaps:Instance-character-personality-trait",
        "_trust:Source",
        "_subject_gaps:Instance-character-personality-trait",
        "_entity_novelty:Instance-attribute",
        "_subject_gaps:Instance-attribute-character",
        "_complement_gaps:Instance-attribute-character",
        "_subject_gaps:Instance-character-personality-trait",
        "_entity_novelty:Instance-attribute"
    ]
}