{
    "actions": [
        null,
        7,
        4,
        7,
        7,
        5,
        3,
        5,
        7,
        7,
        7
    ],
    "rewards": [
        0,
        0,
        1.0182688125271857,
        1.0299017513882955,
        1.0161758606387392,
        1.0159183673469387,
        1.028123744475693,
        1.025009769441188,
        1.026686999618757,
        1.0144819903453397,
        1.0142752562225477
    ],
    "states": [
        2084.0,
        2299.0,
        2341.0,
        2411.0,
        2450.0,
        2489.0,
        2559.0,
        2623.0,
        2693.0,
        2732.0,
        2771.0
    ],
    "selections": [
        null,
        null,
        "_trust:Source",
        "_subject_gaps:Instance-attribute-character",
        "_trust:Source",
        "_trust:Source",
        "_complement_gaps:Instance-attribute-character",
        "_entity_novelty:Instance-character",
        "_complement_gaps:Instance-attribute-character",
        "_trust:Source",
        "_trust:Source"
    ]
}