{
    "abstract_actions": [
        null,
        3,
        3,
        5,
        7,
        4,
        7,
        2,
        7,
        2,
        5
    ],
    "specific_actions": [
        null,
        11,
        null,
        11,
        25,
        null,
        25,
        25,
        25,
        25,
        11
    ],
    "rewards": [
        0,
        0,
        0.0185185185185186,
        0.0,
        0.0,
        0.09999999999999987,
        0.006993006993007089,
        0.08333333333333326,
        0.0,
        0.0,
        0.0
    ],
    "states": [
        0.8888888888888888,
        0.8181818181818182,
        0.8333333333333334,
        0.8333333333333334,
        0.8333333333333334,
        0.9166666666666666,
        0.9230769230769231,
        1.0,
        1.0,
        1.0,
        1.0
    ],
    "selections": [
        null,
        null,
        "_entity_novelty:Instance-attribute",
        "_entity_novelty:Instance-character",
        "_complement_gaps:Instance-attribute-character",
        "_trust:Source",
        "_subject_gaps:Instance-attribute-character",
        "_trust:Source",
        "_statement_novelty:Actor-Source",
        "_trust:Source",
        "_statement_novelty:Actor-Source"
    ]
}