{
    "actions": [
        null,
        5,
        3,
        7,
        2,
        2,
        2,
        2,
        5,
        4,
        5,
        7,
        2,
        4,
        3,
        7,
        4,
        6,
        4,
        7,
        4,
        5,
        3,
        4,
        5,
        3
    ],
    "rewards": [
        0,
        0,
        0.03175293605915619,
        0.026981450252951067,
        0.016009852216748666,
        0.01575757575757586,
        0.015513126491646823,
        0.01527614571092828,
        0.01504629629629628,
        0.024325351577346943,
        0.025974025974025983,
        0.025316455696202445,
        0.013756613756613856,
        0.013569937369519725,
        0.02197047717130096,
        0.013100436681222627,
        0.012931034482758674,
        0.020294599018003234,
        0.014757779916586555,
        0.020233955105912083,
        0.012085528354508934,
        0.019595835884874457,
        0.021021021021021102,
        0.018823529411764683,
        0.020207852193995457,
        0.01980758347481615
    ],
    "states": [
        2084.0,
        2299.0,
        2372.0,
        2436.0,
        2475.0,
        2514.0,
        2553.0,
        2592.0,
        2631.0,
        2695.0,
        2765.0,
        2835.0,
        2874.0,
        2913.0,
        2977.0,
        3016.0,
        3055.0,
        3117.0,
        3163.0,
        3227.0,
        3266.0,
        3330.0,
        3400.0,
        3464.0,
        3534.0,
        3604.0
    ],
    "selections": [
        null,
        null,
        "_complement_gaps:Instance-attribute-character",
        "_entity_novelty:Instance-character",
        "_trust:Source",
        "_statement_novelty:Actor-Source",
        "_statement_novelty:Actor-Source",
        "_statement_novelty:Actor-Source",
        "_statement_novelty:Actor-Source",
        "_complement_gaps:Instance-attribute-character",
        "_subject_gaps:Instance-attribute-character",
        "_complement_gaps:Instance-attribute-character",
        "_trust:Source",
        "_statement_novelty:Actor-Source",
        "_subject_gaps:Instance-attribute-character",
        "_entity_novelty:Instance-attribute",
        "_trust:Source",
        "_subject_gaps:Instance-attribute-character",
        "_overlaps:attribute",
        "_subject_gaps:Instance-attribute-character",
        "_trust:Source",
        "_subject_gaps:Instance-attribute-character",
        "_complement_gaps:Instance-attribute-character",
        "_entity_novelty:Instance-character",
        "_subject_gaps:Instance-attribute-character",
        "_complement_gaps:Instance-attribute-character"
    ]
}