{
    "abstract_actions": [
        null,
        7,
        5,
        3,
        2,
        5,
        3,
        5,
        4,
        3,
        7
    ],
    "specific_actions": [
        null,
        25,
        11,
        11,
        25,
        11,
        11,
        11,
        null,
        11,
        25
    ],
    "rewards": [
        0,
        0,
        0.027308192457737412,
        0.029535864978903037,
        0.015983606557377072,
        0.020169423154497768,
        0.02767892447607756,
        0.015005771450557814,
        0.02426080363912053,
        0.023686158401184265,
        0.014099783080260275
    ],
    "states": [
        2096.0,
        2307.0,
        2370.0,
        2440.0,
        2479.0,
        2529.0,
        2599.0,
        2638.0,
        2702.0,
        2766.0,
        2805.0
    ],
    "selections": [
        null,
        null,
        "_trust:Source",
        "_complement_gaps:Instance-attribute-character",
        "_entity_novelty:Instance-attribute",
        "_statement_novelty:Actor-Source",
        "_complement_gaps:Instance-attribute-character",
        "_entity_novelty:Instance-attribute",
        "_complement_gaps:Instance-attribute-character",
        "_subject_gaps:Instance-character-physical-appearance",
        "_entity_novelty:Instance-attribute"
    ]
}