{
    "actions": [
        null,
        4,
        7,
        7,
        5,
        7,
        7,
        5,
        4,
        7,
        5
    ],
    "rewards": [
        0,
        0,
        0.03175293605915619,
        0.016441821247892063,
        0.016175860638739215,
        0.02857142857142847,
        0.015476190476190421,
        0.015240328253223856,
        0.026943802925327276,
        0.021739130434782705,
        0.014306676449009625
    ],
    "states": [
        2084.0,
        2299.0,
        2372.0,
        2411.0,
        2450.0,
        2520.0,
        2559.0,
        2598.0,
        2668.0,
        2726.0,
        2765.0
    ],
    "selections": [
        null,
        null,
        "_subject_gaps:Instance-attribute-character",
        "_trust:Source",
        "_trust:Source",
        "_complement_gaps:Instance-attribute-character",
        "_trust:Source",
        "_trust:Source",
        "_complement_gaps:Instance-attribute-character",
        "_subject_gaps:Instance-attribute-character",
        "_trust:Source"
    ]
}