{
    "abstract_actions": [
        null,
        4,
        5,
        4,
        4,
        4,
        3,
        7,
        2,
        4,
        null
    ],
    "specific_actions": [
        null,
        null,
        11,
        null,
        null,
        null,
        11,
        25,
        25,
        null,
        24
    ],
    "rewards": [
        0,
        0,
        0.0051390525844019486,
        0.005892002751580971,
        0.004969215172838215,
        0.004766405375202343,
        0.004575801064909291,
        0.0027701021226569367,
        0.003777869137989942,
        0.002634169371781736,
        0.0025830247774805137
    ],
    "states": [
        2.4445748565466876,
        2.465906153810005,
        2.478578575202635,
        2.4931823669877384,
        2.5055715266344265,
        2.5175140962269307,
        2.52903373990937,
        2.536039421640564,
        2.545620246704306,
        2.552325841590362,
        2.5589185624793935
    ],
    "selections": [
        null,
        null,
        "_subject_gaps:Instance-attribute-character",
        "_complement_gaps:Instance-attribute-character",
        "_subject_gaps:Instance-attribute-character",
        "_subject_gaps:Instance-attribute-character",
        "_subject_gaps:Instance-attribute-character",
        "_entity_novelty:Instance-attribute",
        "_trust:Source",
        "_statement_novelty:Actor-Source",
        "_subject_gaps:Instance-attribute-character"
    ]
}