{
    "actions": [
        null,
        3,
        7,
        7,
        7,
        5,
        7,
        4,
        7,
        4,
        3
    ],
    "rewards": [
        0,
        0,
        0.014760147601476037,
        0.013333333333333197,
        0.013157894736842257,
        0.01298701298701288,
        0.012820512820512775,
        0.012658227848101111,
        0.03977272727272729,
        0.012021857923497192,
        0.037796976241900815
    ],
    "states": [
        15.03921568627451,
        15.941176470588236,
        16.176470588235293,
        16.392156862745097,
        16.607843137254903,
        16.823529411764707,
        17.03921568627451,
        17.254901960784313,
        17.941176470588236,
        18.15686274509804,
        18.84313725490196
    ],
    "selections": [
        null,
        null,
        "_entity_novelty:Instance-attribute",
        "_trust:Source",
        "_trust:Source",
        "_trust:Source",
        "_complement_gaps:Instance-attribute-character",
        "_trust:Source",
        "_subject_gaps:Instance-attribute-character",
        "_trust:Source",
        "_subject_gaps:Instance-attribute-character"
    ]
}