{
    "abstract_actions": [
        null,
        5,
        3,
        4,
        4,
        3,
        4,
        4,
        5,
        5,
        7
    ],
    "specific_actions": [
        null,
        11,
        null,
        null,
        null,
        11,
        null,
        null,
        11,
        11,
        25
    ],
    "rewards": [
        0,
        0,
        0.02473716759431044,
        0.012070006035002967,
        0.020870602265951055,
        0.0204439252336448,
        0.019748139668002374,
        0.021049677238282438,
        0.018966465090709095,
        0.01888319395737792,
        0.018533227429176513
    ],
    "states": [
        3140.0,
        3234.0,
        3314.0,
        3354.0,
        3424.0,
        3494.0,
        3563.0,
        3638.0,
        3707.0,
        3777.0,
        3847.0
    ],
    "selections": [
        null,
        null,
        "_complement_gaps:Instance-attribute-character",
        "_entity_novelty:Instance-character",
        "_subject_gaps:Instance-character-physical-appearance",
        "_subject_gaps:Instance-attribute-character",
        "_entity_novelty:Instance-attribute",
        "_subject_gaps:Instance-ancestry-character",
        "_subject_gaps:Instance-attribute-character",
        "_complement_gaps:Instance-attribute-character",
        "_complement_gaps:Instance-attribute-character"
    ]
}