{
    "abstract_actions": [
        null,
        4,
        3,
        4,
        7,
        2,
        2,
        5,
        7,
        2,
        7
    ],
    "specific_actions": [
        null,
        null,
        11,
        null,
        25,
        25,
        25,
        11,
        25,
        25,
        25
    ],
    "rewards": [
        0,
        0,
        0.03881987577639756,
        0.013452914798206317,
        0.03392330383480813,
        0.0199714693295292,
        0.012587412587412583,
        0.012430939226519389,
        0.012278308321964415,
        0.018867924528301883,
        0.011904761904761862
    ],
    "states": [
        12.058823529411764,
        12.627450980392156,
        13.117647058823529,
        13.294117647058824,
        13.745098039215685,
        14.019607843137255,
        14.196078431372548,
        14.372549019607844,
        14.549019607843137,
        14.823529411764707,
        15.0
    ],
    "selections": [
        null,
        null,
        "_subject_gaps:Instance-attribute-character",
        "_entity_novelty:Instance-attribute",
        "_subject_gaps:Instance-attribute-character",
        "_trust:Source",
        "_statement_novelty:Actor-Source",
        "_statement_novelty:Actor-Source",
        "_complement_gaps:Instance-attribute-character",
        "_trust:Source",
        "_statement_novelty:Actor-Source"
    ]
}