{
    "actions": [
        null,
        7,
        4,
        4,
        7,
        4,
        5,
        7,
        5,
        4,
        7
    ],
    "rewards": [
        0,
        0,
        0.0019678696582170474,
        0.0017675722156758056,
        0.0005827505827504798,
        0.002648603911516556,
        0.0005051400818600893,
        0.0025464494134870286,
        0.0025009648665561546,
        0.0003855737146327698,
        0.0003717211011156074
    ],
    "states": [
        12.308492201039861,
        12.248322147651006,
        12.272425249169435,
        12.294117647058824,
        12.301282051282051,
        12.333863275039745,
        12.34009360374415,
        12.371517027863778,
        12.402457757296467,
        12.407239819004525,
        12.411851851851852
    ],
    "selections": [
        null,
        null,
        "_trust:Source",
        "_subject_gaps:Instance-attribute-character",
        "_subject_gaps:Instance-attribute-character",
        "_trust:Source",
        "_subject_gaps:Instance-attribute-character",
        "_complement_gaps:Instance-attribute-character",
        "_trust:Source",
        "_complement_gaps:Instance-attribute-character",
        "_subject_gaps:Instance-attribute-character"
    ]
}