{
    "actions": [
        null,
        7,
        5,
        4,
        2,
        5,
        3,
        3,
        2,
        4,
        4,
        5,
        7,
        2,
        5,
        7,
        4,
        7,
        5,
        5,
        3,
        7,
        5,
        2,
        2,
        5
    ],
    "rewards": [
        0,
        0,
        0.0004762213626379186,
        0.001568569598789482,
        0.0007548175575369243,
        0.0007465065344747224,
        0.0018225070147110944,
        0.001611863130525082,
        0.0006983387513561645,
        0.0006909565586081801,
        0.0015356723509747372,
        0.0014966364266721932,
        0.001323848011007156,
        0.0006374261919406266,
        0.0006309923378864379,
        0.0013977771056914445,
        0.0006100989675823509,
        0.0006040761634260594,
        0.0005981419776459607,
        0.0013222974441888802,
        0.0012910173501008426,
        0.0005659128990789242,
        0.0005605360029750095,
        0.0005552352696800433,
        0.0005500092696510972,
        0.0005448566066743599
    ],
    "states": [
        2.782423658547834,
        2.7869634818160636,
        2.788290693362996,
        2.7926643213771927,
        2.794772273439275,
        2.796858589203766,
        2.801955883601745,
        2.806472252983881,
        2.8084321213127454,
        2.8103726259063726,
        2.8146884374439134,
        2.818901002689125,
        2.8226327991747606,
        2.8244320192511854,
        2.826214214214214,
        2.830164631738622,
        2.831891312258534,
        2.8336019902976823,
        2.8352968865960206,
        2.839045992422683,
        2.8427112500566354,
        2.844319977021399,
        2.8459143207725,
        2.8474944727778806,
        2.8490606211331886,
        2.8506129506354285
    ],
    "selections": [
        null,
        null,
        "_trust:Source",
        "_complement_gaps:Instance-attribute-character",
        "_subject_gaps:Instance-attribute-character",
        "_statement_novelty:Actor-Source",
        "_complement_gaps:Instance-attribute-character",
        "_entity_novelty:Instance-character",
        "_entity_novelty:Instance-attribute",
        "_statement_novelty:Actor-Source",
        "_subject_gaps:Instance-attribute-character",
        "_subject_gaps:Instance-attribute-character",
        "_complement_gaps:Instance-attribute-character",
        "_trust:Source",
        "_statement_novelty:Actor-Source",
        "_complement_gaps:Instance-attribute-character",
        "_trust:Source",
        "_subject_gaps:Instance-attribute-character",
        "_trust:Source",
        "_complement_gaps:Instance-attribute-character",
        "_complement_gaps:Instance-attribute-character",
        "_entity_novelty:Instance-attribute",
        "_trust:Source",
        "_complement_gaps:Instance-attribute-character",
        "_statement_novelty:Actor-Source",
        "_statement_novelty:Actor-Source"
    ]
}