{
    "abstract_actions": [
        null,
        5,
        7,
        2,
        5,
        5,
        7,
        7,
        4,
        5,
        3
    ],
    "specific_actions": [
        null,
        11,
        25,
        25,
        11,
        11,
        25,
        25,
        null,
        11,
        11
    ],
    "rewards": [
        0,
        0,
        -0.01573276011786906,
        -0.009870674571382687,
        -0.008827156174226802,
        -0.020083933459007275,
        -0.0128357904916927,
        -0.009411330655462069,
        -0.008394520611593514,
        -0.019119085257777835,
        -0.015375376844141808
    ],
    "states": [
        0.008460140651615674,
        0.008153945642136525,
        0.008025661571334648,
        0.007946442877743952,
        0.007876298385432533,
        0.00771811133275622,
        0.007619043272697402,
        0.0075473379371797725,
        0.007483981653303455,
        0.0073408947700063015,
        0.007228025746544265
    ],
    "selections": [
        null,
        null,
        "_complement_gaps:Instance-attribute-character",
        "_trust:Source",
        "_statement_novelty:Actor-Source",
        "_complement_gaps:Instance-attribute-character",
        "_complement_gaps:Instance-attribute-character",
        "_trust:Source",
        "_trust:Source",
        "_subject_gaps:Instance-attribute-character",
        "_complement_gaps:Instance-attribute-character"
    ]
}