{
    "actions": [
        null,
        7,
        5,
        4,
        3,
        3,
        4,
        5,
        3,
        3,
        7,
        5,
        3,
        5,
        7,
        2,
        7,
        2,
        4,
        3,
        3,
        7,
        2,
        4,
        4,
        7
    ],
    "rewards": [
        0,
        0,
        0.0016923434860454112,
        -0.00721216100119737,
        -0.0025194356464152134,
        -0.002386960376457803,
        -0.0022646685819290857,
        -0.00215154234850079,
        -0.0020466878742515515,
        -0.0019493177387914784,
        0.0024717514124295015,
        0.002410558442759614,
        -0.001924316128624759,
        -0.00027992162194578896,
        -0.003315972222222352,
        0.002263339937539799,
        0.0022121424961107916,
        0.002162668617560426,
        0.0021148415437717283,
        -0.0032207823628144228,
        -0.0016851153299116683,
        0.002033573681838652,
        0.0019913945278022815,
        0.0019505184272663456,
        -0.003017451617436828,
        0.0019007975572404856
    ],
    "states": [
        11.675070028011204,
        10.869976359338061,
        10.888372093023255,
        10.809843400447427,
        10.782608695652174,
        10.756871035940803,
        10.732510288065845,
        10.70941883767535,
        10.6875,
        10.666666666666666,
        10.693032015065913,
        10.71880819366853,
        10.698181818181817,
        10.695187165775401,
        10.659722222222221,
        10.683848797250858,
        10.70748299319728,
        10.73063973063973,
        10.753333333333334,
        10.71869918699187,
        10.700636942675159,
        10.722397476340694,
        10.74375,
        10.764705882352942,
        10.732223903177005,
        10.752623688155921
    ],
    "selections": [
        null,
        null,
        "_trust:Source",
        "_complement_gaps:Instance-attribute-character",
        "_subject_gaps:Instance-attribute-character",
        "_entity_novelty:Instance-attribute",
        "_entity_novelty:Instance-character",
        "_subject_gaps:Instance-attribute-character",
        "_complement_gaps:Instance-attribute-character",
        "_entity_novelty:Instance-character",
        "_entity_novelty:Instance-attribute",
        "_trust:Source",
        "_complement_gaps:Instance-attribute-character",
        "_entity_novelty:Instance-attribute",
        "_complement_gaps:Instance-attribute-character",
        "_trust:Source",
        "_statement_novelty:Actor-Source",
        "_trust:Source",
        "_statement_novelty:Actor-Source",
        "_subject_gaps:Instance-attribute-character",
        "_entity_novelty:Instance-character",
        "_entity_novelty:Instance-attribute",
        "_trust:Source",
        "_statement_novelty:Actor-Source",
        "_subject_gaps:Instance-attribute-character",
        "_subject_gaps:Instance-attribute-character"
    ]
}