{
    "abstract_actions": [
        null,
        6,
        6,
        4,
        7,
        6,
        4,
        2,
        4,
        6,
        7
    ],
    "specific_actions": [
        null,
        11,
        11,
        null,
        25,
        11,
        null,
        25,
        null,
        null,
        25
    ],
    "rewards": [
        0,
        0,
        0.03351955307262555,
        0.031351351351351475,
        0.03773584905660354,
        0.022222222222222365,
        0.028656126482213384,
        0.01056676272814605,
        0.010456273764258617,
        0.027281279397930236,
        0.025641025641025772
    ],
    "states": [
        16.745098039215687,
        17.54901960784314,
        18.137254901960784,
        18.705882352941178,
        19.41176470588235,
        19.84313725490196,
        20.41176470588235,
        20.627450980392158,
        20.84313725490196,
        21.41176470588235,
        21.96078431372549
    ],
    "selections": [
        null,
        null,
        "_overlaps:attribute-physical-appearance",
        "_overlaps:attribute-physical-appearance",
        "_subject_gaps:Instance-ancestry-character",
        "_trust:Source",
        "_overlaps:ancestry-attribute",
        "_subject_gaps:Instance-attribute-character",
        "_statement_novelty:Actor-Source",
        "_subject_gaps:Instance-activity-character",
        "_overlaps:character"
    ]
}