{
    "abstract_actions": [
        null,
        4,
        4,
        5,
        4,
        3,
        7,
        2,
        5,
        7,
        5
    ],
    "specific_actions": [
        null,
        null,
        null,
        11,
        null,
        11,
        25,
        25,
        11,
        25,
        11
    ],
    "rewards": [
        0,
        0,
        -0.019139698431243746,
        -0.016628931664888658,
        -0.016366340911563526,
        -0.016111494579060137,
        -0.00843845274686228,
        -0.009281027946686282,
        -0.008294149549323615,
        -0.01889427859568893,
        -0.008970339999840538
    ],
    "states": [
        0.008406171705835006,
        0.00813522576786706,
        0.00797952,
        0.007846829107201388,
        0.00771840522695815,
        0.0075940501829850245,
        0.007529968149358604,
        0.007460082304526749,
        0.007398207266242742,
        0.0072584234770457015,
        0.007193312950593777
    ],
    "selections": [
        null,
        null,
        "_subject_gaps:Instance-character-physical-appearance",
        "_subject_gaps:Instance-attribute-character",
        "_complement_gaps:Instance-attribute-character",
        "_subject_gaps:Instance-character-designation",
        "_entity_novelty:Instance-attribute",
        "_trust:Source",
        "_statement_novelty:Actor-Source",
        "_complement_gaps:Instance-attribute-character",
        "_trust:Source"
    ]
}