{
    "actions": [
        null,
        7,
        4,
        2,
        4,
        3,
        4,
        7,
        5,
        7,
        2
    ],
    "rewards": [
        0,
        0,
        -0.017941050832977368,
        -0.01638655462184868,
        -0.016122364613476714,
        0.4613370922271445,
        0.29982986520088994,
        -0.015081206496519672,
        -0.014857142857142902,
        0.21753246753246747,
        -0.014264813460131753
    ],
    "states": [
        0.0,
        0.0008699434536755111,
        0.0008543357539513029,
        0.0008403361344537816,
        0.0008267879288962381,
        0.0012082158679017317,
        0.0015704750687082843,
        0.0015467904098994587,
        0.0015238095238095239,
        0.0018552875695732839,
        0.0018288222384784199
    ],
    "selections": [
        null,
        null,
        "_trust:Source",
        "_subject_gaps:Instance-attribute-character",
        "_statement_novelty:Actor-Source",
        "_subject_gaps:Instance-attribute-character",
        "_entity_novelty:Instance-attribute",
        "_subject_gaps:Instance-attribute-character",
        "_trust:Source",
        "_complement_gaps:Instance-attribute-character",
        "_trust:Source"
    ]
}