{
    "actions": [
        null,
        4,
        5,
        4,
        3,
        5,
        3,
        5,
        4,
        5,
        3
    ],
    "rewards": [
        0,
        0,
        0.03175293605915619,
        0.0295109612141653,
        0.028665028665028736,
        0.02547770700636942,
        0.024844720496894457,
        0.024242424242424176,
        0.023668639053254337,
        0.023121387283236983,
        0.02259887005649719
    ],
    "states": [
        2084.0,
        2299.0,
        2372.0,
        2442.0,
        2512.0,
        2576.0,
        2640.0,
        2704.0,
        2768.0,
        2832.0,
        2896.0
    ],
    "selections": [
        null,
        null,
        "_subject_gaps:Instance-attribute-character",
        "_complement_gaps:Instance-attribute-character",
        "_subject_gaps:Instance-attribute-character",
        "_entity_novelty:Instance-character",
        "_complement_gaps:Instance-attribute-character",
        "_entity_novelty:Instance-attribute",
        "_complement_gaps:Instance-attribute-character",
        "_subject_gaps:Instance-attribute-character",
        "_complement_gaps:Instance-attribute-character"
    ]
}