{
    "actions": [
        null,
        3,
        2,
        7,
        7,
        4,
        3,
        5,
        7,
        4,
        4
    ],
    "rewards": [
        0,
        0,
        0.011658717541070507,
        0.010738606600314338,
        0.010624514122829831,
        0.010512820512820431,
        0.02131438721136769,
        0.010186335403726599,
        0.01869158878504673,
        0.00989859971028495,
        0.018168778388716333
    ],
    "states": [
        3673.0,
        3774.0,
        3818.0,
        3859.0,
        3900.0,
        3941.0,
        4025.0,
        4066.0,
        4142.0,
        4183.0,
        4259.0
    ],
    "selections": [
        null,
        null,
        "_entity_novelty:Instance-attribute",
        "_statement_novelty:Actor-Source",
        "_trust:Source",
        "_trust:Source",
        "_subject_gaps:Instance-attribute-character",
        "_entity_novelty:Instance-attribute",
        "_complement_gaps:Instance-attribute-character",
        "_trust:Source",
        "_subject_gaps:Instance-attribute-character"
    ]
}