{
    "abstract_actions": [
        null,
        7,
        7,
        7,
        7,
        7,
        7,
        4,
        7,
        2,
        5
    ],
    "specific_actions": [
        null,
        25,
        25,
        25,
        25,
        25,
        25,
        null,
        25,
        25,
        11
    ],
    "rewards": [
        0,
        0,
        0.02454991816693952,
        0.01437699680511173,
        0.014173228346456623,
        0.013975155279503104,
        0.013782542113323082,
        0.013595166163141936,
        0.03576751117734722,
        0.020143884892086295,
        0.012693935119887145
    ],
    "states": [
        11.411764705882353,
        11.980392156862745,
        12.27450980392157,
        12.450980392156863,
        12.627450980392156,
        12.803921568627452,
        12.980392156862745,
        13.156862745098039,
        13.627450980392156,
        13.901960784313726,
        14.07843137254902
    ],
    "selections": [
        null,
        null,
        "_trust:Source",
        "_trust:Source",
        "_trust:Source",
        "_trust:Source",
        "_trust:Source",
        "_trust:Source",
        "_subject_gaps:Instance-character-product",
        "_trust:Source",
        "_statement_novelty:Actor-Source"
    ]
}