{
    "abstract_actions": [
        null,
        3,
        6,
        5,
        5,
        7,
        7,
        7,
        4,
        5,
        5
    ],
    "specific_actions": [
        null,
        11,
        null,
        11,
        11,
        25,
        25,
        25,
        null,
        11,
        11
    ],
    "rewards": [
        0,
        0,
        0.14026063100137187,
        -0.019172552976791324,
        0.12135785007072153,
        0.0995967741935484,
        -0.015873015873015928,
        -0.012229539040451431,
        -0.012081784386617223,
        0.08950992304576766,
        0.07934426229508196
    ],
    "states": [
        0.0018096272167933405,
        0.002105263157894737,
        0.0024005486968449933,
        0.0023545240497813654,
        0.0026402640264026403,
        0.002903225806451613,
        0.002857142857142857,
        0.0028222013170272815,
        0.0027881040892193307,
        0.003037667071688943,
        0.003278688524590164
    ],
    "selections": [
        null,
        null,
        "_entity_novelty:Instance-attribute",
        "_overlaps:character",
        "_complement_gaps:Instance-attribute-character",
        "_complement_gaps:Instance-attribute-character",
        "_trust:Source",
        "_trust:Source",
        "_trust:Source",
        "_subject_gaps:Instance-character-gender",
        "_complement_gaps:Instance-attribute-character"
    ]
}