{
    "actions": [
        null,
        5,
        5,
        4,
        3,
        2,
        7,
        4,
        3,
        4,
        3
    ],
    "rewards": [
        0,
        0,
        0.03175293605915619,
        0.0295109612141653,
        0.026208026208026203,
        0.015562649640861848,
        0.015324165029469539,
        0.015092879256966008,
        0.0243995425085779,
        0.014514328247115849,
        0.02567865003668368
    ],
    "states": [
        2084.0,
        2299.0,
        2372.0,
        2442.0,
        2506.0,
        2545.0,
        2584.0,
        2623.0,
        2687.0,
        2726.0,
        2796.0
    ],
    "selections": [
        null,
        null,
        "_complement_gaps:Instance-attribute-character",
        "_complement_gaps:Instance-attribute-character",
        "_subject_gaps:Instance-attribute-character",
        "_entity_novelty:Instance-attribute",
        "_statement_novelty:Actor-Source",
        "_trust:Source",
        "_subject_gaps:Instance-attribute-character",
        "_entity_novelty:Instance-attribute",
        "_subject_gaps:Instance-attribute-character"
    ]
}