{
    "actions": [
        null,
        5,
        4,
        2,
        4,
        3,
        7,
        7,
        7,
        2,
        7
    ],
    "rewards": [
        0,
        0,
        0.09866119483315372,
        -0.01091296247005602,
        -0.010795155344918261,
        0.0870685213807314,
        0.07887822132390099,
        -0.010252563140785265,
        -0.010148514851485269,
        -0.01004655721636838,
        -0.009946627850557999
    ],
    "states": [
        0.001984126984126984,
        0.002204464039680353,
        0.0024219590958019376,
        0.0023955283470854403,
        0.002369668246445498,
        0.002575991756826378,
        0.0027791814047498737,
        0.0027506876719179795,
        0.0027227722772277226,
        0.0026954177897574125,
        0.002668607472100922
    ],
    "selections": [
        null,
        null,
        "_complement_gaps:Instance-attribute-character",
        "_subject_gaps:Instance-attribute-character",
        "_statement_novelty:Actor-Source",
        "_subject_gaps:Instance-attribute-character",
        "_entity_novelty:Instance-character",
        "_trust:Source",
        "_trust:Source",
        "_trust:Source",
        "_statement_novelty:Actor-Source"
    ]
}