{
    "abstract_actions": [
        null,
        5,
        4,
        5,
        7,
        4,
        4,
        7,
        7,
        2,
        2
    ],
    "specific_actions": [
        null,
        11,
        null,
        11,
        25,
        null,
        null,
        25,
        25,
        25,
        25
    ],
    "rewards": [
        0,
        0,
        0.008333333333333304,
        0.006993006993007089,
        0.005952380952380931,
        0.07692307692307687,
        0.0,
        0.0,
        0.06666666666666665,
        0.0,
        0.0
    ],
    "states": [
        0.9,
        0.9090909090909091,
        0.9166666666666666,
        0.9230769230769231,
        0.9285714285714286,
        1.0,
        1.0,
        1.0,
        1.0666666666666667,
        1.0666666666666667,
        1.0666666666666667
    ],
    "selections": [
        null,
        null,
        "_complement_gaps:Instance-attribute-character",
        "_subject_gaps:Instance-character-personality-trait",
        "_complement_gaps:Instance-attribute-character",
        "_trust:Source",
        "_subject_gaps:Instance-character-object",
        "_subject_gaps:Instance-attribute-character",
        "_trust:Source",
        "_trust:Source",
        "_statement_novelty:Actor-Source"
    ]
}