{
    "abstract_actions": [
        null,
        7,
        2,
        7,
        5,
        5,
        3,
        7,
        2,
        7,
        4
    ],
    "specific_actions": [
        null,
        25,
        25,
        25,
        11,
        11,
        11,
        25,
        25,
        25,
        null
    ],
    "rewards": [
        0,
        0,
        -0.0035347786784072355,
        0.0002848101265822134,
        0.00027581134504006677,
        -0.004801162889398247,
        -0.004520908577737126,
        0.00038879379718226303,
        0.0004300789662043947,
        0.00036458722450527503,
        0.0003543905209251186
    ],
    "states": [
        11.742296918767506,
        10.985714285714286,
        10.946882217090069,
        10.95,
        10.953020134228188,
        10.9004329004329,
        10.851153039832285,
        10.855371900826446,
        10.860040567951318,
        10.864,
        10.86785009861933
    ],
    "selections": [
        null,
        null,
        "_trust:Source",
        "_statement_novelty:Actor-Source",
        "_trust:Source",
        "_complement_gaps:Instance-attribute-character",
        "_complement_gaps:Instance-attribute-character",
        "_entity_novelty:Instance-attribute",
        "_trust:Source",
        "_statement_novelty:Actor-Source",
        "_trust:Source"
    ]
}