{
    "abstract_actions": [
        null,
        4,
        5,
        4,
        3,
        2,
        5,
        4,
        4,
        3,
        2
    ],
    "specific_actions": [
        null,
        null,
        11,
        null,
        11,
        25,
        11,
        null,
        null,
        11,
        25
    ],
    "rewards": [
        0,
        0,
        -0.01998558076365542,
        -0.0365582944604711,
        -0.02969369248446374,
        -0.015553101575295991,
        -0.030257594097499063,
        -0.028027926876262765,
        -0.010465549348230851,
        -0.03157439446366783,
        -0.013857517655509466
    ],
    "states": [
        0.013134665630958265,
        0.01056689342403628,
        0.010355707922089265,
        0.009977120902526893,
        0.009680863342566943,
        0.00953029589166344,
        0.009241932066944425,
        0.008982899870776719,
        0.008888888888888889,
        0.008608227604767397,
        0.008488938938751689
    ],
    "selections": [
        null,
        null,
        "_subject_gaps:Instance-character-gender",
        "_complement_gaps:Instance-attribute-character",
        "_subject_gaps:Instance-attribute-character",
        "_entity_novelty:Instance-attribute",
        "_statement_novelty:Actor-Source",
        "_complement_gaps:Instance-attribute-character",
        "_subject_gaps:Instance-character-gender",
        "_subject_gaps:Instance-character-enchantment",
        "_entity_novelty:Instance-attribute"
    ]
}