{
    "abstract_actions": [
        null,
        5,
        3,
        2,
        5,
        5,
        5,
        5,
        5,
        5,
        7
    ],
    "specific_actions": [
        null,
        11,
        11,
        25,
        11,
        11,
        11,
        11,
        11,
        11,
        25
    ],
    "rewards": [
        0,
        0,
        0.022627490712597176,
        0.012879788639365897,
        0.01630257580697747,
        0.018286814244465877,
        0.017958412098298737,
        0.019808108944599168,
        0.019423368740515867,
        0.020839535576064216,
        0.020414114902303826
    ],
    "states": [
        2880.0,
        2961.0,
        3028.0,
        3067.0,
        3117.0,
        3174.0,
        3231.0,
        3295.0,
        3359.0,
        3429.0,
        3499.0
    ],
    "selections": [
        null,
        null,
        "_complement_gaps:Instance-attribute-character",
        "_entity_novelty:Instance-attribute",
        "_statement_novelty:Actor-Source",
        "_complement_gaps:Instance-attribute-character",
        "_complement_gaps:Instance-attribute-character",
        "_complement_gaps:Instance-attribute-character",
        "_complement_gaps:Instance-attribute-character",
        "_complement_gaps:Instance-attribute-character",
        "_complement_gaps:Instance-attribute-character"
    ]
}