{
    "abstract_actions": [
        null,
        3,
        3,
        4,
        2,
        5,
        5,
        3,
        2,
        2,
        4
    ],
    "specific_actions": [
        null,
        null,
        11,
        null,
        25,
        11,
        11,
        null,
        25,
        25,
        null
    ],
    "rewards": [
        0,
        0,
        0.11693587387561655,
        -0.01303040427664548,
        -0.012862796833773116,
        -0.016223231667748195,
        0.10001586294416254,
        0.08697151527691571,
        -0.011959521619135383,
        -0.015101177891875484,
        -0.01164179104477614
    ],
    "states": [
        0.002142857142857143,
        0.0024246622791825423,
        0.002708192281651997,
        0.0026729034413631807,
        0.002638522427440633,
        0.0025957170668397143,
        0.0028553299492385786,
        0.0031036623215394167,
        0.0030665440049064702,
        0.0030202355783751134,
        0.0029850746268656717
    ],
    "selections": [
        null,
        null,
        "_entity_novelty:Instance-character",
        "_entity_novelty:Instance-attribute",
        "_subject_gaps:Instance-character-gender",
        "_statement_novelty:Actor-Source",
        "_complement_gaps:Instance-attribute-character",
        "_complement_gaps:Instance-attribute-character",
        "_entity_novelty:Instance-character",
        "_statement_novelty:Actor-Source",
        "_statement_novelty:Actor-Source"
    ]
}