{
    "abstract_actions": [
        null,
        7,
        7,
        2,
        2,
        5,
        3,
        5,
        3,
        7,
        7
    ],
    "specific_actions": [
        null,
        25,
        25,
        25,
        25,
        11,
        null,
        11,
        null,
        25,
        25
    ],
    "rewards": [
        0,
        0,
        -0.026582278481012578,
        -0.016189290161892966,
        -0.01593137254901955,
        -0.01568154402895061,
        0.45893625342197875,
        0.3007757853236679,
        0.21748420661464118,
        -0.014285714285714235,
        -0.017985611510791366
    ],
    "states": [
        0.0,
        0.0008669267446900737,
        0.0008438818565400844,
        0.0008302200083022001,
        0.0008169934640522876,
        0.0008041817450743868,
        0.0011732499022291747,
        0.0015261350629530714,
        0.0018580453363062058,
        0.0018315018315018315,
        0.0017985611510791368
    ],
    "selections": [
        null,
        null,
        "_trust:Source",
        "_trust:Source",
        "_statement_novelty:Actor-Source",
        "_statement_novelty:Actor-Source",
        "_complement_gaps:Instance-attribute-character",
        "_entity_novelty:Instance-character",
        "_complement_gaps:Instance-attribute-character",
        "_entity_novelty:Instance-character",
        "_trust:Source"
    ]
}