{
    "actions": [
        null,
        6,
        5,
        3,
        4,
        5,
        3,
        3,
        3,
        2,
        7
    ],
    "rewards": [
        0,
        0,
        -0.009519802555455037,
        -0.02091542534641555,
        -0.005776526025806028,
        -0.020381456229926487,
        -0.01636501873277363,
        -0.016108895020267355,
        -0.015860350696430436,
        -0.005396958505257121,
        -0.005375201075435987
    ],
    "states": [
        0.00857338719405453,
        0.008291782137923207,
        0.008212846009137329,
        0.00804107084155161,
        0.007994621386560038,
        0.00783167936069503,
        0.007703513781248179,
        0.00757941868645887,
        0.007459206448016554,
        0.007418949420334462,
        0.007379071075431675
    ],
    "selections": [
        null,
        null,
        "_overlaps:attribute",
        "_complement_gaps:Instance-attribute-character",
        "_entity_novelty:Instance-character",
        "_subject_gaps:Instance-attribute-character",
        "_complement_gaps:Instance-attribute-character",
        "_entity_novelty:Instance-attribute",
        "_entity_novelty:Instance-character",
        "_entity_novelty:Instance-attribute",
        "_statement_novelty:Actor-Source"
    ]
}