{
    "abstract_actions": [
        null,
        7,
        4,
        5,
        5,
        5,
        5,
        5,
        5,
        5,
        5
    ],
    "specific_actions": [
        null,
        25,
        null,
        11,
        11,
        11,
        11,
        11,
        11,
        11,
        11
    ],
    "rewards": [
        0,
        0,
        0.008977299755272838,
        0.010240256095464195,
        0.01066701049978147,
        0.008923391940454772,
        0.008393013420662232,
        0.008771783698933833,
        0.008209321239181389,
        0.007699536463387835,
        0.007236020953173217
    ],
    "states": [
        2.261951971799956,
        2.3403682236617795,
        2.3613784107433067,
        2.3855595304076185,
        2.41100631896633,
        2.43252067332138,
        2.4529368519786043,
        2.4744534834713043,
        2.4947670670085316,
        2.513975617008623,
        2.5321667972490642
    ],
    "selections": [
        null,
        null,
        "_trust:Source",
        "_subject_gaps:Instance-age-character",
        "_complement_gaps:Instance-attribute-character",
        "_complement_gaps:Instance-attribute-character",
        "_complement_gaps:Instance-attribute-character",
        "_complement_gaps:Instance-attribute-character",
        "_complement_gaps:Instance-attribute-character",
        "_complement_gaps:Instance-attribute-character",
        "_complement_gaps:Instance-attribute-character"
    ]
}