{
    "abstract_actions": [
        null,
        5,
        7,
        7,
        4,
        4,
        7,
        2,
        7,
        4,
        5
    ],
    "specific_actions": [
        null,
        11,
        25,
        25,
        null,
        null,
        25,
        25,
        25,
        null,
        11
    ],
    "rewards": [
        0,
        0,
        0.4539915966386556,
        -0.024590163934426257,
        -0.015732150060508432,
        -0.015488482922954572,
        0.29726944873776384,
        -0.018953752843062888,
        -0.014568546880836752,
        -0.014359351988218028,
        0.221223021582734
    ],
    "states": [
        0.0,
        0.0008669267446900737,
        0.0012605042016806723,
        0.0012295081967213116,
        0.0012101653892698668,
        0.0011914217633042098,
        0.0015455950540958269,
        0.001516300227445034,
        0.0014942099364960778,
        0.0014727540500736377,
        0.0017985611510791368
    ],
    "selections": [
        null,
        null,
        "_complement_gaps:Instance-attribute-character",
        "_trust:Source",
        "_trust:Source",
        "_subject_gaps:Instance-age-character",
        "_subject_gaps:Instance-attribute-character",
        "_trust:Source",
        "_statement_novelty:Actor-Source",
        "_trust:Source",
        "_subject_gaps:Instance-attribute-character"
    ]
}