{
    "abstract_actions": [
        null,
        7,
        4,
        3,
        6,
        3,
        3,
        7,
        4,
        6,
        7
    ],
    "specific_actions": [
        null,
        25,
        null,
        11,
        null,
        null,
        null,
        25,
        null,
        null,
        25
    ],
    "rewards": [
        0,
        0,
        -0.014109480291538468,
        -0.019907204937754663,
        -0.019902662301412688,
        -0.011871692743144702,
        -0.023164713441036988,
        -0.008415708675028277,
        -0.010741479023299694,
        -0.014407794595666878,
        -0.007799456952492401
    ],
    "states": [
        0.008226295280704286,
        0.007887276044851526,
        0.007775990678942769,
        0.007621192438902986,
        0.00746951041945742,
        0.007380834686815903,
        0.007209859766340147,
        0.0071491836869588205,
        0.007072390880351636,
        0.006970493325247262,
        0.0069161272626193605
    ],
    "selections": [
        null,
        null,
        "_trust:Source",
        "_subject_gaps:Instance-ancestry-character",
        "_entity_novelty:Instance-attribute",
        "_overlaps:character",
        "_entity_novelty:Instance-character",
        "_entity_novelty:Instance-character",
        "_trust:Source",
        "_subject_gaps:Instance-age-character",
        "_overlaps:character"
    ]
}