{
    "abstract_actions": [
        null,
        4,
        5,
        3,
        3,
        3,
        7,
        2,
        4,
        6,
        2
    ],
    "specific_actions": [
        null,
        null,
        11,
        null,
        11,
        null,
        25,
        25,
        null,
        null,
        25
    ],
    "rewards": [
        0,
        0,
        0.03164282618118763,
        0.02941176470588225,
        0.026122448979591928,
        0.02505966587112174,
        0.024835079549864192,
        0.02271866717152604,
        0.01443909663087739,
        0.022992700729927096,
        0.020335354976810605
    ],
    "states": [
        2096.0,
        2307.0,
        2380.0,
        2450.0,
        2514.0,
        2577.0,
        2641.0,
        2701.0,
        2740.0,
        2803.0,
        2860.0
    ],
    "selections": [
        null,
        null,
        "_subject_gaps:Instance-attribute-character",
        "_complement_gaps:Instance-attribute-character",
        "_entity_novelty:Instance-character",
        "_entity_novelty:Instance-attribute",
        "_entity_novelty:Instance-character",
        "_trust:Source",
        "_statement_novelty:Actor-Source",
        "_subject_gaps:Instance-activity-character",
        "_overlaps:character"
    ]
}