{
    "abstract_actions": [
        null,
        3,
        7,
        7,
        5,
        4,
        5,
        3,
        3,
        3,
        3
    ],
    "specific_actions": [
        null,
        null,
        25,
        25,
        11,
        null,
        11,
        null,
        11,
        null,
        11
    ],
    "rewards": [
        0,
        0,
        0.029042045947117456,
        0.02527379949452402,
        0.0160230073952341,
        0.02830570157703205,
        0.02516712544239086,
        0.024165707710011475,
        0.02397003745318349,
        0.023043160204827995,
        0.02288165892027183
    ],
    "states": [
        2096.0,
        2307.0,
        2374.0,
        2434.0,
        2473.0,
        2543.0,
        2607.0,
        2670.0,
        2734.0,
        2797.0,
        2861.0
    ],
    "selections": [
        null,
        null,
        "_entity_novelty:Instance-character",
        "_trust:Source",
        "_trust:Source",
        "_complement_gaps:Instance-attribute-character",
        "_subject_gaps:Instance-attribute-character",
        "_complement_gaps:Instance-attribute-character",
        "_entity_novelty:Instance-character",
        "_entity_novelty:Instance-attribute",
        "_entity_novelty:Instance-character"
    ]
}