{
    "abstract_actions": [
        null,
        7,
        4,
        4,
        6,
        7,
        5,
        7,
        5,
        7,
        5
    ],
    "specific_actions": [
        null,
        25,
        null,
        null,
        11,
        25,
        11,
        25,
        11,
        25,
        11
    ],
    "rewards": [
        0,
        0,
        -0.00583078149251226,
        -0.0026371308016878148,
        -0.002709718715550591,
        0.001392228724020228,
        0.00035741462402283375,
        -0.0043485440634116745,
        0.0004586466165412695,
        -0.004048292910113549,
        0.000501125816903647
    ],
    "states": [
        11.742296918767506,
        10.985714285714286,
        10.921658986175116,
        10.892857142857142,
        10.863340563991324,
        10.878464818763327,
        10.882352941176471,
        10.835030549898168,
        10.84,
        10.79611650485437,
        10.801526717557252
    ],
    "selections": [
        null,
        null,
        "_trust:Source",
        "_subject_gaps:Instance-activity-character",
        "_subject_gaps:Instance-activity-character",
        "_overlaps:attribute-physical-appearance",
        "_trust:Source",
        "_complement_gaps:Instance-attribute-character-physical-appearance",
        "_trust:Source",
        "_complement_gaps:Instance-attribute-character",
        "_trust:Source"
    ]
}