{
    "abstract_actions": [
        null,
        7,
        4,
        7,
        7,
        4,
        7,
        7,
        7,
        7,
        7
    ],
    "specific_actions": [
        null,
        25,
        null,
        25,
        25,
        null,
        25,
        25,
        25,
        25,
        25
    ],
    "rewards": [
        0,
        0,
        0.010580382047204795,
        0.011307030304885668,
        0.0058638930587686655,
        0.006071256170916639,
        0.00873652589841023,
        0.006415353304347615,
        0.005330565846816349,
        0.00516158331743255,
        0.005000565742813379
    ],
    "states": [
        2.261951971799956,
        2.3403682236617795,
        2.3651302135992593,
        2.391872812599427,
        2.4058984989826864,
        2.4205053250912343,
        2.4416521325511336,
        2.4573161936277628,
        2.4704150794043436,
        2.4831663326653306,
        2.4955835691621644
    ],
    "selections": [
        null,
        null,
        "_trust:Source",
        "_subject_gaps:Instance-attribute-character",
        "_trust:Source",
        "_trust:Source",
        "_subject_gaps:Instance-attribute-character",
        "_trust:Source",
        "_trust:Source",
        "_trust:Source",
        "_trust:Source"
    ]
}