{
    "abstract_actions": [
        null,
        7,
        4,
        5,
        5,
        7,
        7,
        4,
        5,
        3,
        4
    ],
    "specific_actions": [
        null,
        25,
        null,
        11,
        11,
        25,
        25,
        null,
        11,
        11,
        null
    ],
    "rewards": [
        0,
        0,
        -0.00583078149251226,
        -0.002863912251390044,
        -0.0046420301145033704,
        -0.004370365905117857,
        0.0005467783245560742,
        0.00045298817592631657,
        -0.004017581260847947,
        -0.0038024037348208806,
        0.0005223513890102449
    ],
    "states": [
        11.742296918767506,
        10.985714285714286,
        10.921658986175116,
        10.890380313199104,
        10.83982683982684,
        10.79245283018868,
        10.798353909465021,
        10.803245436105477,
        10.759842519685039,
        10.718929254302104,
        10.724528301886792
    ],
    "selections": [
        null,
        null,
        "_trust:Source",
        "_subject_gaps:Instance-character-designation",
        "_complement_gaps:Instance-attribute-character",
        "_complement_gaps:Instance-attribute-character",
        "_trust:Source",
        "_trust:Source",
        "_subject_gaps:Instance-character-enchantment",
        "_complement_gaps:Instance-attribute-character",
        "_entity_novelty:Instance-attribute"
    ]
}