{
    "actions": [
        null,
        7,
        4,
        4,
        3,
        3,
        7,
        4,
        5,
        7,
        7
    ],
    "rewards": [
        0,
        0,
        0.015444015444015413,
        0.04435994930291498,
        0.0497572815533982,
        0.040462427745664886,
        0.03888888888888875,
        0.011764705882353121,
        0.036997885835095,
        0.03567787971457692,
        0.010826771653543288
    ],
    "states": [
        14.333333333333334,
        15.235294117647058,
        15.470588235294118,
        16.15686274509804,
        16.96078431372549,
        17.647058823529413,
        18.333333333333332,
        18.54901960784314,
        19.235294117647058,
        19.92156862745098,
        20.137254901960784
    ],
    "selections": [
        null,
        null,
        "_trust:Source",
        "_subject_gaps:Instance-attribute-character",
        "_subject_gaps:Instance-attribute-character",
        "_entity_novelty:Instance-character",
        "_entity_novelty:Instance-attribute",
        "_trust:Source",
        "_subject_gaps:Instance-attribute-character",
        "_complement_gaps:Instance-attribute-character",
        "_trust:Source"
    ]
}