{
    "abstract_actions": [
        null,
        4,
        7,
        4,
        4,
        4,
        4,
        7,
        4,
        4,
        3
    ],
    "specific_actions": [
        null,
        null,
        25,
        null,
        null,
        null,
        null,
        25,
        null,
        null,
        11
    ],
    "rewards": [
        0,
        0,
        0.029042045947117456,
        0.02527379949452402,
        0.028759244042728005,
        0.025559105431310014,
        0.027258566978193066,
        0.02426080363912053,
        0.01850481125092518,
        0.023255813953488413,
        0.022727272727272707
    ],
    "states": [
        2096.0,
        2307.0,
        2374.0,
        2434.0,
        2504.0,
        2568.0,
        2638.0,
        2702.0,
        2752.0,
        2816.0,
        2880.0
    ],
    "selections": [
        null,
        null,
        "_subject_gaps:Instance-attribute-character",
        "_trust:Source",
        "_subject_gaps:Instance-attribute-character",
        "_subject_gaps:Instance-character-product",
        "_subject_gaps:Instance-ability-character",
        "_subject_gaps:Instance-ancestry-character",
        "_trust:Source",
        "_subject_gaps:Instance-attribute-character",
        "_subject_gaps:Instance-ability-character"
    ]
}