{
    "abstract_actions": [
        null,
        4,
        7,
        2,
        7,
        2,
        7,
        2,
        7,
        7,
        7
    ],
    "specific_actions": [
        null,
        null,
        25,
        25,
        25,
        25,
        25,
        25,
        25,
        25,
        25
    ],
    "rewards": [
        0,
        0,
        0.11872303051132227,
        -0.01526717557251911,
        -0.010677083333333282,
        -0.010564287554753915,
        -0.010453850076491578,
        -0.010345697703759815,
        -0.010239760239760254,
        -0.010135970333745248,
        -0.0100342633382281
    ],
    "states": [
        0.0016849199663016006,
        0.0019115237575095577,
        0.0021384656508954825,
        0.0021058173203474598,
        0.0020833333333333333,
        0.002061324400927596,
        0.002039775624681285,
        0.0020186727226848347,
        0.001998001998001998,
        0.001977750309023486,
        0.0019579050416054823
    ],
    "selections": [
        null,
        null,
        "_subject_gaps:Instance-attribute-character",
        "_trust:Source",
        "_statement_novelty:Actor-Source",
        "_trust:Source",
        "_statement_novelty:Actor-Source",
        "_trust:Source",
        "_statement_novelty:Actor-Source",
        "_trust:Source",
        "_trust:Source"
    ]
}