{
    "abstract_actions": [
        null,
        3,
        4,
        3,
        4,
        3,
        3,
        5,
        3,
        4,
        3
    ],
    "specific_actions": [
        null,
        null,
        null,
        11,
        null,
        11,
        null,
        11,
        11,
        null,
        11
    ],
    "rewards": [
        0,
        0,
        0.01820546163849146,
        0.027245636441038723,
        0.01616245337753841,
        0.02610114192495927,
        0.025039745627980947,
        0.022101589763474205,
        0.02655538694992421,
        0.02328159645232808,
        0.023113037197544317
    ],
    "states": [
        2096.0,
        2307.0,
        2349.0,
        2413.0,
        2452.0,
        2516.0,
        2579.0,
        2636.0,
        2706.0,
        2769.0,
        2833.0
    ],
    "selections": [
        null,
        null,
        "_entity_novelty:Instance-character",
        "_subject_gaps:Instance-character-designation",
        "_entity_novelty:Instance-attribute",
        "_subject_gaps:Instance-attribute-character",
        "_entity_novelty:Instance-attribute",
        "_entity_novelty:Instance-character",
        "_complement_gaps:Instance-attribute-character",
        "_entity_novelty:Instance-attribute",
        "_subject_gaps:Instance-character-enchantment"
    ]
}