{
    "abstract_actions": [
        null,
        7,
        5,
        3,
        5,
        7,
        5,
        3,
        6,
        2,
        6
    ],
    "specific_actions": [
        null,
        25,
        11,
        11,
        11,
        25,
        11,
        11,
        null,
        25,
        null
    ],
    "rewards": [
        0,
        0,
        0.04337899543378998,
        0.06126914660831506,
        0.04742268041237119,
        0.055118110236220375,
        0.026119402985074647,
        0.043636363636363695,
        0.033101045296167086,
        0.030354131534570117,
        0.014729950900163713
    ],
    "states": [
        7.0588235294117645,
        8.588235294117647,
        8.96078431372549,
        9.509803921568627,
        9.96078431372549,
        10.509803921568627,
        10.784313725490197,
        11.254901960784315,
        11.627450980392156,
        11.980392156862745,
        12.156862745098039
    ],
    "selections": [
        null,
        null,
        "_trust:Source",
        "_complement_gaps:Instance-attribute-character",
        "_entity_novelty:Instance-attribute",
        "_complement_gaps:Instance-attribute-character",
        "_trust:Source",
        "_complement_gaps:Instance-attribute-character",
        "_entity_novelty:Instance-attribute",
        "_overlaps:character",
        "_statement_novelty:Actor-Source"
    ]
}