{
    "abstract_actions": [
        null,
        4,
        4,
        5,
        4,
        7,
        5,
        3,
        4,
        5,
        6
    ],
    "specific_actions": [
        null,
        null,
        null,
        11,
        null,
        25,
        11,
        11,
        null,
        11,
        null
    ],
    "rewards": [
        0,
        0,
        -0.03433476394849788,
        -0.030343978499466906,
        -0.030806024639293272,
        -0.033957564293396136,
        -0.029440402494941287,
        -0.031929629409903515,
        -0.02644733382640585,
        -0.02534901613152918,
        -0.025134256330622162
    ],
    "states": [
        0.013134665630958265,
        0.01056689342403628,
        0.01020408163265306,
        0.009894449198985031,
        0.009589640553168863,
        0.009263999717534072,
        0.008991263837136847,
        0.0087041761148904,
        0.008473973863496066,
        0.008259166963332147,
        0.00805157894379835
    ],
    "selections": [
        null,
        null,
        "_subject_gaps:Instance-character-physical-appearance",
        "_subject_gaps:Instance-character-enchantment",
        "_complement_gaps:Instance-attribute-character",
        "_subject_gaps:Instance-attribute-character",
        "_trust:Source",
        "_complement_gaps:Instance-attribute-character",
        "_entity_novelty:Instance-attribute",
        "_subject_gaps:Instance-age-character",
        "_complement_gaps:Instance-attribute-character"
    ]
}