{
    "abstract_actions": [
        null,
        3,
        7,
        7,
        7,
        7,
        4,
        7,
        2,
        6,
        7
    ],
    "specific_actions": [
        null,
        11,
        25,
        25,
        25,
        25,
        null,
        25,
        25,
        11,
        25
    ],
    "rewards": [
        0,
        0,
        0.06884194643530739,
        -0.014818599897802653,
        -0.010366624525916524,
        -0.010260260260260279,
        -0.010156056477582331,
        0.06331550368749483,
        -0.013905538240229998,
        -0.009734093067426453,
        -0.015887850467289688
    ],
    "states": [
        0.0024556616643929058,
        0.002911593435680254,
        0.0031120331950207467,
        0.0030659172202350538,
        0.003034134007585335,
        0.003003003003003003,
        0.002972504334902155,
        0.003160709944079747,
        0.0031167585710860706,
        0.0030864197530864196,
        0.0030373831775700934
    ],
    "selections": [
        null,
        null,
        "_entity_novelty:Instance-attribute",
        "_trust:Source",
        "_trust:Source",
        "_trust:Source",
        "_trust:Source",
        "_subject_gaps:Instance-character-designation",
        "_trust:Source",
        "_statement_novelty:Actor-Source",
        "_overlaps:attribute-object"
    ]
}