{
    "abstract_actions": [
        null,
        7,
        5,
        5,
        5,
        2,
        5,
        4,
        5,
        5,
        5
    ],
    "specific_actions": [
        null,
        25,
        11,
        11,
        11,
        25,
        11,
        null,
        11,
        11,
        11
    ],
    "rewards": [
        0,
        0,
        -0.031888268489433824,
        -0.03613334503631682,
        -0.03488643642572631,
        -0.015294317364791143,
        -0.01815580471815481,
        -0.03263868338099751,
        -0.02658423567900836,
        -0.025897507858105073,
        -0.03003565176327072
    ],
    "states": [
        0.013134665630958265,
        0.01056689342403628,
        0.01022993348943138,
        0.009860291772959183,
        0.00951630133088273,
        0.009370755998189225,
        0.009200622382224624,
        0.008900326181383075,
        0.00866371781255714,
        0.008439349112426036,
        0.00818586776137654
    ],
    "selections": [
        null,
        null,
        "_trust:Source",
        "_complement_gaps:Instance-attribute-character",
        "_complement_gaps:Instance-attribute-character",
        "_complement_gaps:Instance-attribute-character",
        "_statement_novelty:Actor-Source",
        "_complement_gaps:Instance-attribute-character",
        "_subject_gaps:Instance-character-gender",
        "_complement_gaps:Instance-attribute-character",
        "_complement_gaps:Instance-attribute-character"
    ]
}