{
    "abstract_actions": [
        null,
        7,
        5,
        7,
        5,
        4,
        7,
        4,
        4,
        7,
        4
    ],
    "specific_actions": [
        null,
        25,
        11,
        25,
        11,
        null,
        25,
        null,
        null,
        25,
        null
    ],
    "rewards": [
        0,
        0,
        0.023734177215189778,
        0.043276661514683123,
        0.020740740740740726,
        0.03483309143686508,
        0.012622720897615736,
        0.012465373961218829,
        0.025991792065663377,
        0.03200000000000003,
        0.01808785529715773
    ],
    "states": [
        11.823529411764707,
        12.392156862745098,
        12.686274509803921,
        13.235294117647058,
        13.509803921568627,
        13.980392156862745,
        14.156862745098039,
        14.333333333333334,
        14.705882352941176,
        15.176470588235293,
        15.450980392156863
    ],
    "selections": [
        null,
        null,
        "_trust:Source",
        "_complement_gaps:Instance-attribute-character",
        "_trust:Source",
        "_complement_gaps:Instance-attribute-character",
        "_subject_gaps:Instance-attribute-character",
        "_trust:Source",
        "_subject_gaps:Instance-character-gender",
        "_subject_gaps:Instance-character-personality-trait",
        "_trust:Source"
    ]
}