{
    "abstract_actions": [
        null,
        5,
        4,
        3,
        4,
        5,
        7,
        2,
        2,
        7,
        7
    ],
    "specific_actions": [
        null,
        11,
        null,
        11,
        null,
        11,
        25,
        25,
        25,
        25,
        25
    ],
    "rewards": [
        0,
        0,
        -0.00016431693450336127,
        0.0006480291812525074,
        0.0003705102609758981,
        0.0006051325401941199,
        0.0005830709143308521,
        0.002141909990855284,
        0.0009750310476888124,
        0.0024119956861985425,
        0.0009271312820609001
    ],
    "states": [
        12.308474576271186,
        12.25,
        12.247987117552334,
        12.255924170616113,
        12.26046511627907,
        12.267884322678844,
        12.275037369207773,
        12.301329394387002,
        12.313323572474378,
        12.343023255813954,
        12.354466858789625
    ],
    "selections": [
        null,
        null,
        "_complement_gaps:Instance-attribute-character",
        "_subject_gaps:Instance-attribute-character",
        "_entity_novelty:Instance-attribute",
        "_subject_gaps:Instance-attribute-character",
        "_complement_gaps:Instance-attribute-character",
        "_trust:Source",
        "_statement_novelty:Actor-Source",
        "_statement_novelty:Actor-Source",
        "_trust:Source"
    ]
}