{
    "abstract_actions": [
        null,
        7,
        2,
        4,
        2,
        4,
        4,
        7,
        5,
        7,
        2
    ],
    "specific_actions": [
        null,
        25,
        25,
        null,
        25,
        null,
        null,
        25,
        11,
        25,
        25
    ],
    "rewards": [
        0,
        0,
        0.027308192457737412,
        0.016455696202531733,
        0.016189290161892966,
        0.01593137254901955,
        0.025733815842380325,
        0.027440219521756237,
        0.019076688286913335,
        0.023961063272182725,
        0.018281535648994485
    ],
    "states": [
        2096.0,
        2307.0,
        2370.0,
        2409.0,
        2448.0,
        2487.0,
        2551.0,
        2621.0,
        2671.0,
        2735.0,
        2785.0
    ],
    "selections": [
        null,
        null,
        "_trust:Source",
        "_statement_novelty:Actor-Source",
        "_subject_gaps:Instance-attribute-character",
        "_statement_novelty:Actor-Source",
        "_subject_gaps:Instance-ancestry-character",
        "_subject_gaps:Instance-character-personality-trait",
        "_trust:Source",
        "_complement_gaps:Instance-attribute-character",
        "_trust:Source"
    ]
}