{
    "abstract_actions": [
        null,
        7,
        2,
        5,
        4,
        4,
        7,
        2,
        7,
        5,
        5
    ],
    "specific_actions": [
        null,
        25,
        25,
        11,
        null,
        null,
        25,
        25,
        25,
        11,
        11
    ],
    "rewards": [
        0,
        0,
        0.0494505494505495,
        0.01919720767888311,
        0.07191780821917804,
        0.05750798722044714,
        0.05438066465256797,
        0.03151862464183375,
        0.015277777777777946,
        0.015047879616963078,
        0.0485175202156336
    ],
    "states": [
        8.823529411764707,
        10.705882352941176,
        11.235294117647058,
        11.450980392156863,
        12.27450980392157,
        12.980392156862745,
        13.686274509803921,
        14.117647058823529,
        14.333333333333334,
        14.549019607843137,
        15.254901960784315
    ],
    "selections": [
        null,
        null,
        "_trust:Source",
        "_statement_novelty:Actor-Source",
        "_complement_gaps:Instance-attribute-character",
        "_subject_gaps:Instance-attribute-character",
        "_subject_gaps:Instance-attribute-character",
        "_trust:Source",
        "_statement_novelty:Actor-Source",
        "_trust:Source",
        "_complement_gaps:Instance-attribute-character"
    ]
}