{
    "abstract_actions": [
        null,
        3,
        5,
        4,
        3,
        5,
        3,
        4,
        7,
        5,
        5
    ],
    "specific_actions": [
        null,
        null,
        11,
        null,
        null,
        11,
        11,
        null,
        25,
        11,
        11
    ],
    "rewards": [
        0,
        0,
        0.04138702460850108,
        0.03759398496240607,
        0.04347826086956519,
        0.03571428571428559,
        0.034482758620689724,
        0.026851851851851904,
        0.0324616771866546,
        0.019213973799126816,
        0.03084832904884327
    ],
    "states": [
        16.607843137254903,
        17.529411764705884,
        18.254901960784313,
        18.941176470588236,
        19.764705882352942,
        20.470588235294116,
        21.176470588235293,
        21.745098039215687,
        22.45098039215686,
        22.88235294117647,
        23.58823529411765
    ],
    "selections": [
        null,
        null,
        "_entity_novelty:Instance-character",
        "_complement_gaps:Instance-attribute-character",
        "_subject_gaps:Instance-activity-character",
        "_entity_novelty:Instance-character",
        "_complement_gaps:Instance-attribute-character",
        "_entity_novelty:Instance-attribute",
        "_subject_gaps:Instance-attribute-character",
        "_trust:Source",
        "_complement_gaps:Instance-attribute-character"
    ]
}