{
    "abstract_actions": [
        null,
        5,
        4,
        5,
        5,
        4,
        3,
        2,
        2,
        7,
        7
    ],
    "specific_actions": [
        null,
        11,
        null,
        11,
        11,
        null,
        11,
        25,
        25,
        25,
        25
    ],
    "rewards": [
        0,
        0,
        -0.04018678793601638,
        -0.025834746340185566,
        -0.03494464880682646,
        -0.02888051300870298,
        -0.027622875964663396,
        -0.010497202741428513,
        -0.02834429180081466,
        -0.01393346454290878,
        -0.013742217716624983
    ],
    "states": [
        0.013134665630958265,
        0.01056689342403628,
        0.01014224391886205,
        0.00988022161989796,
        0.009534960745257011,
        0.009259586187416144,
        0.009003809786677038,
        0.008909294969901031,
        0.008656767313534626,
        0.00853614855311528,
        0.008418842941236916
    ],
    "selections": [
        null,
        null,
        "_complement_gaps:Instance-attribute-character",
        "_subject_gaps:Instance-attribute-character",
        "_complement_gaps:Instance-attribute-character",
        "_complement_gaps:Instance-attribute-character",
        "_subject_gaps:Instance-attribute-character",
        "_entity_novelty:Instance-attribute",
        "_statement_novelty:Actor-Source",
        "_statement_novelty:Actor-Source",
        "_trust:Source"
    ]
}