{
    "abstract_actions": [
        null,
        5,
        4,
        4,
        4,
        4,
        4,
        6,
        3,
        4,
        4
    ],
    "specific_actions": [
        null,
        11,
        null,
        null,
        null,
        null,
        null,
        11,
        11,
        null,
        null
    ],
    "rewards": [
        0,
        0,
        0.004710444221581733,
        0.004817539613043653,
        0.004624414288852519,
        0.004442708487169433,
        0.0026988940940519957,
        0.004178587130250433,
        0.002230280227043746,
        0.003938402102424687,
        0.003795224434791633
    ],
    "states": [
        2.4655937077717334,
        2.4890134819808143,
        2.5007378411544496,
        2.5127852447660484,
        2.524405404756762,
        2.5356206020735312,
        2.5424639735412238,
        2.5530878807801884,
        2.5587819821985978,
        2.568859494536935,
        2.578608892860148
    ],
    "selections": [
        null,
        null,
        "_complement_gaps:Instance-attribute-character",
        "_subject_gaps:Instance-character-personality-trait",
        "_subject_gaps:Instance-attribute-character",
        "_subject_gaps:Instance-attribute-character",
        "_subject_gaps:Instance-attribute-character",
        "_subject_gaps:Instance-attribute-character",
        "_overlaps:attribute-physical-appearance",
        "_entity_novelty:Instance-attribute-physical-appearance",
        "_subject_gaps:Instance-ability-character"
    ]
}