{
    "abstract_actions": [
        null,
        3,
        4,
        4,
        4,
        4,
        3,
        2,
        2,
        5,
        4
    ],
    "specific_actions": [
        null,
        null,
        null,
        null,
        null,
        null,
        11,
        25,
        25,
        11,
        null
    ],
    "rewards": [
        0,
        0,
        0.010534907521621006,
        0.010159426977241592,
        0.0034437709792785043,
        0.010338261018417727,
        0.009620539897478242,
        0.004209985757720469,
        0.00789332735107573,
        0.005048308394467682,
        0.00716781665641486
    ],
    "states": [
        2.261951971799956,
        2.3403682236617795,
        2.365023786464597,
        2.3890510729226233,
        2.3972784176755684,
        2.422062107691318,
        2.4453636528325324,
        2.4556585989834048,
        2.475041916167665,
        2.4875366910497134,
        2.5053668979772628
    ],
    "selections": [
        null,
        null,
        "_entity_novelty:Instance-character",
        "_subject_gaps:Instance-character-personality-trait",
        "_subject_gaps:Instance-character-product",
        "_subject_gaps:Instance-character-product",
        "_subject_gaps:Instance-attribute-character",
        "_entity_novelty:Instance-attribute",
        "_statement_novelty:Actor-Source",
        "_statement_novelty:Actor-Source",
        "_complement_gaps:Instance-attribute-character"
    ]
}