{
    "abstract_actions": [
        null,
        7,
        2,
        4,
        5,
        7,
        4,
        4,
        4,
        3,
        3
    ],
    "specific_actions": [
        null,
        25,
        25,
        null,
        11,
        25,
        null,
        null,
        null,
        null,
        11
    ],
    "rewards": [
        0,
        0,
        0.04337899543378998,
        0.01969365426695835,
        0.060085836909871126,
        0.046558704453441235,
        0.027079303675048516,
        0.04519774011299438,
        0.01621621621621605,
        0.04078014184397172,
        0.040885860306643984
    ],
    "states": [
        7.0588235294117645,
        8.588235294117647,
        8.96078431372549,
        9.137254901960784,
        9.686274509803921,
        10.137254901960784,
        10.411764705882353,
        10.882352941176471,
        11.058823529411764,
        11.509803921568627,
        11.980392156862745
    ],
    "selections": [
        null,
        null,
        "_trust:Source",
        "_statement_novelty:Actor-Source",
        "_subject_gaps:Instance-activity-character",
        "_complement_gaps:Instance-attribute-character",
        "_trust:Source",
        "_subject_gaps:Instance-attribute-character",
        "_subject_gaps:Instance-character-gender",
        "_subject_gaps:Instance-attribute-character",
        "_entity_novelty:Instance-character"
    ]
}