{
    "abstract_actions": [
        null,
        7,
        2,
        2,
        4,
        7,
        5,
        7,
        4,
        5,
        7
    ],
    "specific_actions": [
        null,
        25,
        25,
        25,
        null,
        25,
        11,
        25,
        null,
        11,
        25
    ],
    "rewards": [
        0,
        0,
        0.0016348244219617225,
        0.002280710195833091,
        0.0022272761446509026,
        -0.0017190453017665863,
        0.002217377165816714,
        0.0020890942899152165,
        0.002043044291952567,
        0.0019985049352393425,
        0.0019554106660935044
    ],
    "states": [
        10.744801512287335,
        10.70091743119266,
        10.71841155234657,
        10.742857142857142,
        10.76678445229682,
        10.748275862068965,
        10.772108843537415,
        10.794612794612794,
        10.816666666666666,
        10.838283828382838,
        10.859477124183007
    ],
    "selections": [
        null,
        null,
        "_trust:Source",
        "_statement_novelty:Actor-Source",
        "_statement_novelty:Actor-Source",
        "_subject_gaps:Instance-attribute-character",
        "_trust:Source",
        "_complement_gaps:Instance-attribute-character",
        "_trust:Source",
        "_subject_gaps:Instance-age-character",
        "_complement_gaps:Instance-attribute-character"
    ]
}