{
    "abstract_actions": [
        null,
        5,
        4,
        4,
        3,
        7,
        5,
        5,
        7,
        2,
        2
    ],
    "specific_actions": [
        null,
        11,
        null,
        null,
        11,
        25,
        11,
        11,
        25,
        25,
        25
    ],
    "rewards": [
        0,
        0,
        -0.04018678793601638,
        -0.025834746340185566,
        -0.02941037943358371,
        -0.015407554155320913,
        -0.029977125434284657,
        -0.03249696363706012,
        -0.03148374146486066,
        -0.016648246503436326,
        -0.013589590889565906
    ],
    "states": [
        0.013134665630958265,
        0.01056689342403628,
        0.01014224391886205,
        0.00988022161989796,
        0.009589640553168863,
        0.009441887647015852,
        0.009158846996684835,
        0.00886121227887617,
        0.008582228162422784,
        0.008439349112426036,
        0.008324661810613945
    ],
    "selections": [
        null,
        null,
        "_complement_gaps:Instance-attribute-character",
        "_subject_gaps:Instance-character-institution",
        "_subject_gaps:Instance-attribute-character",
        "_entity_novelty:Instance-attribute",
        "_trust:Source",
        "_complement_gaps:Instance-attribute-character",
        "_complement_gaps:Instance-attribute-character",
        "_trust:Source",
        "_statement_novelty:Actor-Source"
    ]
}