{
    "abstract_actions": [
        null,
        4,
        5,
        7,
        2,
        4,
        2,
        7,
        5,
        4,
        3
    ],
    "specific_actions": [
        null,
        null,
        11,
        25,
        25,
        null,
        25,
        25,
        11,
        null,
        11
    ],
    "rewards": [
        0,
        0,
        0.011777576306545745,
        0.011207861845931921,
        0.009391142192821,
        0.005890987546206761,
        0.005694430735089462,
        0.005507623438754772,
        0.005329926705986088,
        0.008412268591575733,
        0.007118611115565887
    ],
    "states": [
        2.261951971799956,
        2.3403682236617795,
        2.367932089001371,
        2.394471544715447,
        2.4169583674685335,
        2.4311966391109907,
        2.4450409199757903,
        2.4585072846553633,
        2.471610948288709,
        2.492402803439593,
        2.5101452497406256
    ],
    "selections": [
        null,
        null,
        "_subject_gaps:Instance-character-enchantment",
        "_complement_gaps:Instance-attribute-character",
        "_trust:Source",
        "_statement_novelty:Actor-Source",
        "_subject_gaps:Instance-character-physical-appearance",
        "_statement_novelty:Actor-Source",
        "_trust:Source",
        "_complement_gaps:Instance-attribute-character",
        "_subject_gaps:Instance-character-physical-appearance"
    ]
}