{
    "actions": [
        null,
        7,
        7,
        5,
        4,
        7,
        7,
        2,
        4,
        7,
        7
    ],
    "rewards": [
        0,
        0,
        -0.01510565743796577,
        -0.007354373956672489,
        -0.035882931343628854,
        -0.0405605569364591,
        -0.0109299058864184,
        -0.010817742627676652,
        -0.010707665538042144,
        -0.03225486435921421,
        -0.010253865860481715
    ],
    "states": [
        0.013056202873306185,
        0.010384007064254536,
        0.010227149810708491,
        0.010151935526489629,
        0.009787654320987655,
        0.009390661610626854,
        0.0092880225630115,
        0.009187547125404788,
        0.009089169943670953,
        0.008796,
        0.008705806995891203
    ],
    "selections": [
        null,
        null,
        "_trust:Source",
        "_trust:Source",
        "_complement_gaps:Instance-attribute-character",
        "_subject_gaps:Instance-attribute-character",
        "_trust:Source",
        "_trust:Source",
        "_statement_novelty:Actor-Source",
        "_subject_gaps:Instance-attribute-character",
        "_trust:Source"
    ]
}