{
    "actions": [
        null,
        5,
        4,
        5,
        5,
        5,
        5,
        7,
        5,
        5,
        5
    ],
    "rewards": [
        0,
        0,
        -0.03958404115635705,
        -0.029701283631199393,
        -0.028846235114617036,
        -0.028038957861519886,
        -0.032449186022998955,
        -0.031437048500260856,
        -0.009944446295379383,
        -0.02535978377204562,
        -0.024733483483483476
    ],
    "states": [
        0.013056202873306185,
        0.010384007064254536,
        0.009972966101255183,
        0.009676756206437466,
        0.00939761822175974,
        0.009134118800441168,
        0.00883772408032948,
        0.00855989211978424,
        0.008474768732304804,
        0.008259850429735462,
        0.008055555555555555
    ],
    "selections": [
        null,
        null,
        "_complement_gaps:Instance-attribute-character",
        "_subject_gaps:Instance-attribute-character",
        "_complement_gaps:Instance-attribute-character",
        "_complement_gaps:Instance-attribute-character",
        "_complement_gaps:Instance-attribute-character",
        "_complement_gaps:Instance-attribute-character",
        "_trust:Source",
        "_complement_gaps:Instance-attribute-character",
        "_complement_gaps:Instance-attribute-character"
    ]
}