{
    "abstract_actions": [
        null,
        4,
        4,
        5,
        5,
        5,
        4,
        3,
        4,
        4,
        2
    ],
    "specific_actions": [
        null,
        null,
        null,
        11,
        11,
        11,
        null,
        11,
        null,
        null,
        25
    ],
    "rewards": [
        0,
        0,
        0.03164282618118763,
        0.026890756302520913,
        0.02864157119476274,
        0.025457438345266592,
        0.02482544608223436,
        0.024224072672218044,
        0.014412416851441234,
        0.02550091074681249,
        0.013854351687389022
    ],
    "states": [
        2096.0,
        2307.0,
        2380.0,
        2444.0,
        2514.0,
        2578.0,
        2642.0,
        2706.0,
        2745.0,
        2815.0,
        2854.0
    ],
    "selections": [
        null,
        null,
        "_subject_gaps:Instance-character-product",
        "_subject_gaps:Instance-character-product",
        "_complement_gaps:Instance-attribute-character",
        "_complement_gaps:Instance-attribute-character",
        "_complement_gaps:Instance-attribute-character",
        "_subject_gaps:Instance-activity-character",
        "_entity_novelty:Instance-attribute",
        "_subject_gaps:Instance-attribute-character",
        "_subject_gaps:Instance-attribute-character"
    ]
}