{
    "abstract_actions": [
        null,
        7,
        7,
        2,
        4,
        5,
        5,
        4,
        7,
        5,
        7
    ],
    "specific_actions": [
        null,
        25,
        25,
        25,
        null,
        11,
        11,
        null,
        25,
        11,
        25
    ],
    "rewards": [
        0,
        0,
        -0.026582278481012578,
        -0.016189290161892966,
        -0.01593137254901955,
        0.4583002382843526,
        0.29726944873776384,
        -0.01484583174724008,
        -0.01462865716429107,
        -0.018409425625920517,
        0.2185929648241205
    ],
    "states": [
        0.0,
        0.0008669267446900737,
        0.0008438818565400844,
        0.0008302200083022001,
        0.0008169934640522876,
        0.0011914217633042098,
        0.0015455950540958269,
        0.0015226494099733537,
        0.0015003750937734434,
        0.0014727540500736377,
        0.0017946877243359654
    ],
    "selections": [
        null,
        null,
        "_trust:Source",
        "_trust:Source",
        "_statement_novelty:Actor-Source",
        "_subject_gaps:Instance-character-object",
        "_complement_gaps:Instance-attribute-character",
        "_complement_gaps:Instance-attribute-character",
        "_subject_gaps:Instance-attribute-character",
        "_trust:Source",
        "_complement_gaps:Instance-attribute-character"
    ]
}