{
    "actions": [
        null,
        4,
        3,
        7,
        4,
        7,
        2,
        5,
        3,
        6,
        3
    ],
    "rewards": [
        0,
        0,
        -0.03958404115635705,
        -0.007136534402614303,
        -0.011527140255009005,
        -0.03512465467038939,
        -0.01099587076203179,
        -0.010882201430439165,
        -0.0327686593205192,
        -0.02158559385066583,
        -0.010991667205477285
    ],
    "states": [
        0.013056202873306185,
        0.010384007064254536,
        0.009972966101255183,
        0.009901793685577469,
        0.009787654320987655,
        0.009443866342929819,
        0.00934002280912906,
        0.009238382799555222,
        0.008935653380924053,
        0.008742771996253097,
        0.008646674356016917
    ],
    "selections": [
        null,
        null,
        "_subject_gaps:Instance-attribute-character",
        "_entity_novelty:Instance-attribute",
        "_trust:Source",
        "_subject_gaps:Instance-attribute-character",
        "_trust:Source",
        "_statement_novelty:Actor-Source",
        "_complement_gaps:Instance-attribute-character",
        "_entity_novelty:Instance-attribute",
        "_overlaps:character"
    ]
}