{
    "abstract_actions": [
        null,
        5,
        7,
        5,
        5,
        5,
        5,
        7,
        5,
        4,
        5
    ],
    "specific_actions": [
        null,
        11,
        25,
        11,
        11,
        11,
        11,
        25,
        11,
        null,
        11
    ],
    "rewards": [
        0,
        0,
        0.03881987577639756,
        0.020926756352765308,
        0.033674963396779,
        0.026912181303116123,
        0.038620689655172624,
        0.03718459495351922,
        0.017925736235595346,
        0.030188679245283012,
        0.03418803418803429
    ],
    "states": [
        11.980392156862745,
        12.627450980392156,
        13.117647058823529,
        13.392156862745098,
        13.843137254901961,
        14.215686274509803,
        14.764705882352942,
        15.313725490196079,
        15.588235294117647,
        16.058823529411764,
        16.607843137254903
    ],
    "selections": [
        null,
        null,
        "_complement_gaps:Instance-attribute-character",
        "_trust:Source",
        "_complement_gaps:Instance-attribute-character",
        "_complement_gaps:Instance-attribute-character",
        "_complement_gaps:Instance-attribute-character",
        "_complement_gaps:Instance-attribute-character",
        "_trust:Source",
        "_complement_gaps:Instance-attribute-character",
        "_subject_gaps:Instance-character-product"
    ]
}