{
    "abstract_actions": [
        null,
        4,
        4,
        7,
        4,
        5,
        5,
        7,
        6,
        3,
        7
    ],
    "specific_actions": [
        null,
        null,
        null,
        25,
        null,
        11,
        11,
        25,
        null,
        null,
        25
    ],
    "rewards": [
        0,
        0,
        -0.01789041375707967,
        -0.023749892501056635,
        -0.020430881532289447,
        -0.022735737187562943,
        -0.018142618074715067,
        -0.01817253079379555,
        -0.010224732009509019,
        -0.010739082647508225,
        -0.017488125912999974
    ],
    "states": [
        0.008032993855736048,
        0.007709295951131647,
        0.007571373456790123,
        0.007391554151106004,
        0.007240538183905255,
        0.007075919210659471,
        0.006947543510892937,
        0.0068212890625,
        0.006751543209876543,
        0.006679037829347456,
        0.006562233974810138
    ],
    "selections": [
        null,
        null,
        "_subject_gaps:Instance-character-gender",
        "_subject_gaps:Instance-character-product",
        "_trust:Source",
        "_subject_gaps:Instance-character-personality-trait",
        "_complement_gaps:Instance-attribute-character",
        "_complement_gaps:Instance-attribute-character",
        "_trust:Source",
        "_overlaps:character",
        "_entity_novelty:Instance-character"
    ]
}