{
    "abstract_actions": [
        null,
        4,
        4,
        4,
        4,
        5,
        5,
        6,
        3,
        4,
        7
    ],
    "specific_actions": [
        null,
        null,
        null,
        null,
        null,
        11,
        11,
        null,
        null,
        null,
        25
    ],
    "rewards": [
        0,
        0,
        0.33333333333333326,
        0.125,
        0.06666666666666665,
        0.04166666666666674,
        0.02857142857142847,
        0.02083333333333348,
        0.1428571428571428,
        0.0,
        0.0
    ],
    "states": [
        0.0,
        0.5,
        0.6666666666666666,
        0.75,
        0.8,
        0.8333333333333334,
        0.8571428571428571,
        0.875,
        1.0,
        1.0,
        1.0
    ],
    "selections": [
        null,
        null,
        "_subject_gaps:Instance-ability-character",
        "_subject_gaps:Instance-age-character",
        "_subject_gaps:Instance-attribute-character",
        "_subject_gaps:Instance-attribute-character",
        "_complement_gaps:Instance-attribute-character",
        "_complement_gaps:Instance-attribute-character",
        "_overlaps:character",
        "_entity_novelty:Instance-character",
        "_subject_gaps:Instance-character-designation"
    ]
}