{
    "abstract_actions": [
        null,
        4,
        7,
        4,
        4,
        4,
        7,
        4,
        4,
        4,
        4
    ],
    "specific_actions": [
        null,
        null,
        25,
        null,
        null,
        null,
        25,
        null,
        null,
        null,
        null
    ],
    "rewards": [
        0,
        0,
        0.013071895424836555,
        0.023655913978494647,
        0.011554621848739455,
        0.011422637590861928,
        0.011293634496919891,
        0.01116751269035543,
        0.036144578313252795,
        0.01065891472868219,
        0.010546500479386545
    ],
    "states": [
        16.80392156862745,
        18.0,
        18.235294117647058,
        18.666666666666668,
        18.88235294117647,
        19.098039215686274,
        19.313725490196077,
        19.529411764705884,
        20.235294117647058,
        20.45098039215686,
        20.666666666666668
    ],
    "selections": [
        null,
        null,
        "_subject_gaps:Instance-ancestry-character",
        "_trust:Source",
        "_subject_gaps:Instance-ancestry-character",
        "_subject_gaps:Instance-ancestry-character",
        "_subject_gaps:Instance-ancestry-character",
        "_trust:Source",
        "_subject_gaps:Instance-character-personality-trait",
        "_subject_gaps:Instance-ancestry-character",
        "_subject_gaps:Instance-ancestry-character"
    ]
}