{
    "abstract_actions": [
        null,
        4,
        2,
        4,
        7,
        4,
        4,
        3,
        2,
        4,
        7
    ],
    "specific_actions": [
        null,
        null,
        25,
        null,
        25,
        null,
        null,
        11,
        25,
        null,
        25
    ],
    "rewards": [
        0,
        0,
        -0.014165261382799277,
        -0.012982689747003895,
        0.09938191281717623,
        -0.016005121638924313,
        0.08880524187926953,
        0.07835178351783512,
        -0.01185050136736554,
        -0.014965579167913745,
        0.07103357999626003
    ],
    "states": [
        0.0024630541871921183,
        0.0027369141293191925,
        0.0026981450252951096,
        0.002663115845539281,
        0.0029277813923227064,
        0.002880921895006402,
        0.003136762860727729,
        0.0033825338253382535,
        0.003342449103615922,
        0.0032924274169410356,
        0.003526300323244196
    ],
    "selections": [
        null,
        null,
        "_subject_gaps:Instance-attribute-character",
        "_statement_novelty:Actor-Source",
        "_subject_gaps:Instance-attribute-character",
        "_trust:Source",
        "_subject_gaps:Instance-character-designation",
        "_subject_gaps:Instance-attribute-character",
        "_entity_novelty:Instance-attribute",
        "_statement_novelty:Actor-Source",
        "_subject_gaps:Instance-attribute-character"
    ]
}