{
    "abstract_actions": [
        null,
        3,
        6,
        5,
        5,
        5,
        4,
        5,
        5,
        5,
        5
    ],
    "specific_actions": [
        null,
        11,
        null,
        11,
        11,
        11,
        null,
        11,
        11,
        11,
        11
    ],
    "rewards": [
        0,
        0,
        -0.004572339443768669,
        -0.0038980193847450995,
        -0.004638317459193408,
        -0.004367467369017608,
        -0.0010473026419870468,
        0.00046912816794786316,
        -0.00395214588772852,
        -0.0007485544974780156,
        -0.0036473061565999165
    ],
    "states": [
        11.742296918767506,
        10.985714285714286,
        10.935483870967742,
        10.892857142857142,
        10.842332613390928,
        10.794979079497908,
        10.783673469387756,
        10.788732394366198,
        10.74609375,
        10.738049713193117,
        10.698884758364311
    ],
    "selections": [
        null,
        null,
        "_entity_novelty:Instance-attribute",
        "_overlaps:character",
        "_complement_gaps:Instance-attribute-character",
        "_complement_gaps:Instance-attribute-character",
        "_complement_gaps:Instance-attribute-character",
        "_subject_gaps:Instance-attribute-character",
        "_complement_gaps:Instance-attribute-character",
        "_complement_gaps:Instance-attribute-character",
        "_complement_gaps:Instance-attribute-character"
    ]
}