{
    "abstract_actions": [
        null,
        3,
        3,
        2,
        2,
        2,
        5,
        3,
        3,
        3,
        3
    ],
    "specific_actions": [
        null,
        null,
        11,
        25,
        25,
        25,
        11,
        null,
        11,
        null,
        11
    ],
    "rewards": [
        0,
        0,
        -0.03433476394849788,
        -0.01637692113882583,
        -0.02751724022026636,
        -0.01567804956081953,
        -0.015436454406533073,
        -0.03351533160231379,
        -0.027283245435388404,
        -0.0269963574002412,
        -0.025864714034963487
    ],
    "states": [
        0.013134665630958265,
        0.01056689342403628,
        0.01020408163265306,
        0.01003697019246096,
        0.009760780472591359,
        0.009607750472589792,
        0.009459440870470313,
        0.00914240457292402,
        0.008892970105091318,
        0.008652892305784612,
        0.008429087720720157
    ],
    "selections": [
        null,
        null,
        "_entity_novelty:Instance-character",
        "_entity_novelty:Instance-attribute",
        "_statement_novelty:Actor-Source",
        "_statement_novelty:Actor-Source",
        "_statement_novelty:Actor-Source",
        "_complement_gaps:Instance-attribute-character",
        "_entity_novelty:Instance-character",
        "_entity_novelty:Instance-attribute",
        "_entity_novelty:Instance-character"
    ]
}