{
    "abstract_actions": [
        null,
        6,
        4,
        5,
        5,
        4,
        5,
        5,
        5,
        5,
        5
    ],
    "specific_actions": [
        null,
        null,
        null,
        11,
        11,
        null,
        11,
        11,
        11,
        11,
        11
    ],
    "rewards": [
        0,
        0,
        -0.014846187535164423,
        -0.024438905170138026,
        -0.019861493849373413,
        -0.023393103298611106,
        -0.018661709808146187,
        -0.018321553188102024,
        -0.017993505470137783,
        -0.017676935530090088,
        -0.004856735316138394
    ],
    "states": [
        0.008177979772475417,
        0.007914049586776859,
        0.007796556122448979,
        0.00760601682671879,
        0.007454949970296684,
        0.007280555555555556,
        0.007144687940535691,
        0.007013786160420776,
        0.006887583560776868,
        0.006765832190214907,
        0.006732972334073624
    ],
    "selections": [
        null,
        null,
        "_overlaps:character",
        "_subject_gaps:Instance-attribute-character",
        "_complement_gaps:Instance-attribute-character",
        "_complement_gaps:Instance-attribute-character",
        "_subject_gaps:Instance-character-physical-appearance",
        "_complement_gaps:Instance-attribute-character",
        "_complement_gaps:Instance-attribute-character",
        "_complement_gaps:Instance-attribute-character",
        "_complement_gaps:Instance-attribute-character"
    ]
}