{
    "actions": [
        null,
        7,
        2,
        2,
        7,
        2,
        5,
        6,
        6,
        4,
        5
    ],
    "rewards": [
        0,
        0,
        0.001959711353656246,
        0.002756829659101623,
        0.0027046197549123185,
        0.0026538893403171837,
        0.0026045826677316697,
        0.00040547995660866754,
        0.002504764476284782,
        0.0024599491103576288,
        0.00029260167908340406
    ],
    "states": [
        12.302405498281788,
        12.243333333333334,
        12.267326732673267,
        12.30114566284779,
        12.334415584415584,
        12.367149758454106,
        12.399361022364218,
        12.404388714733543,
        12.435458786936236,
        12.466049382716049,
        12.469696969696969
    ],
    "selections": [
        null,
        null,
        "_trust:Source",
        "_statement_novelty:Actor-Source",
        "_statement_novelty:Actor-Source",
        "_trust:Source",
        "_statement_novelty:Actor-Source",
        "_complement_gaps:Instance-attribute-character",
        "_overlaps:character",
        "_overlaps:character",
        "_subject_gaps:Instance-attribute-character"
    ]
}