{
    "actions": [
        null,
        7,
        2,
        5,
        5,
        4,
        5,
        5,
        5,
        2,
        4
    ],
    "rewards": [
        0,
        0,
        0.018268812527185707,
        0.016659547202050318,
        0.02941176470588225,
        0.02857142857142847,
        0.025396825396825307,
        0.024767801857585203,
        0.02643504531722063,
        0.014348785871964642,
        0.014145810663764857
    ],
    "states": [
        2084.0,
        2299.0,
        2341.0,
        2380.0,
        2450.0,
        2520.0,
        2584.0,
        2648.0,
        2718.0,
        2757.0,
        2796.0
    ],
    "selections": [
        null,
        null,
        "_trust:Source",
        "_statement_novelty:Actor-Source",
        "_complement_gaps:Instance-attribute-character",
        "_complement_gaps:Instance-attribute-character",
        "_subject_gaps:Instance-attribute-character",
        "_complement_gaps:Instance-attribute-character",
        "_complement_gaps:Instance-attribute-character",
        "_complement_gaps:Instance-attribute-character",
        "_statement_novelty:Actor-Source"
    ]
}