{
    "abstract_actions": [
        null,
        5,
        3,
        4,
        3,
        6,
        6,
        2,
        7,
        5,
        6
    ],
    "specific_actions": [
        null,
        11,
        11,
        null,
        11,
        null,
        null,
        25,
        25,
        11,
        null
    ],
    "rewards": [
        0,
        0,
        -0.0277804074751814,
        -0.005642015409733192,
        -0.02012538597345226,
        -0.01565689757996136,
        -0.012068818198292086,
        -0.011945234798192983,
        -0.008654425885426642,
        -0.008583462157634836,
        -0.019025159134077874
    ],
    "states": [
        0.008492680207565594,
        0.008131942060346292,
        0.007906033396345305,
        0.00786142743409326,
        0.007703213172679847,
        0.007582604752998589,
        0.007491091674765144,
        0.007401608825815286,
        0.007337552150799348,
        0.00727457054958329,
        0.0071361706872453915
    ],
    "selections": [
        null,
        null,
        "_complement_gaps:Instance-attribute-character",
        "_entity_novelty:Instance-attribute",
        "_subject_gaps:Instance-attribute-character",
        "_entity_novelty:Instance-attribute",
        "_overlaps:character",
        "_overlaps:character",
        "_statement_novelty:Actor-Source",
        "_trust:Source",
        "_complement_gaps:Instance-attribute-character"
    ]
}