{
    "abstract_actions": [
        null,
        7,
        4,
        3,
        7,
        7,
        2,
        5,
        7,
        5,
        7
    ],
    "specific_actions": [
        null,
        25,
        null,
        null,
        25,
        25,
        25,
        11,
        25,
        11,
        25
    ],
    "rewards": [
        0,
        0,
        0.11111111111111116,
        -0.022222222222222143,
        0.0,
        0.09090909090909083,
        0.0,
        0.0,
        -0.02499999999999991,
        0.07692307692307687,
        -0.025974025974025983
    ],
    "states": [
        1.1428571428571428,
        1.125,
        1.25,
        1.2222222222222223,
        1.2222222222222223,
        1.3333333333333333,
        1.3333333333333333,
        1.3333333333333333,
        1.3,
        1.4,
        1.3636363636363635
    ],
    "selections": [
        null,
        null,
        "_trust:Source",
        "_subject_gaps:Instance-activity-character",
        "_entity_novelty:Instance-character",
        "_trust:Source",
        "_trust:Source",
        "_statement_novelty:Actor-Source",
        "_complement_gaps:Instance-attribute-character",
        "_trust:Source",
        "_complement_gaps:Instance-attribute-character"
    ]
}