{
    "actions": [
        null,
        7,
        2,
        7,
        2,
        2,
        4,
        4,
        7,
        7,
        5
    ],
    "rewards": [
        0,
        0,
        1.0095302927161334,
        1.0087660148347943,
        1.0086898395721926,
        1.0086149768058317,
        1.0085413929040736,
        1.0138979370249728,
        1.0124223602484472,
        1.0082504759889994,
        1.0081829626521193
    ],
    "states": [
        4326.0,
        4407.0,
        4449.0,
        4488.0,
        4527.0,
        4566.0,
        4605.0,
        4669.0,
        4727.0,
        4766.0,
        4805.0
    ],
    "selections": [
        null,
        null,
        "_trust:Source",
        "_statement_novelty:Actor-Source",
        "_trust:Source",
        "_statement_novelty:Actor-Source",
        "_statement_novelty:Actor-Source",
        "_subject_gaps:Instance-attribute-character",
        "_subject_gaps:Instance-attribute-character",
        "_trust:Source",
        "_trust:Source"
    ]
}