{
    "abstract_actions": [
        null,
        3,
        3,
        2,
        6,
        4,
        3,
        4,
        5,
        5,
        7
    ],
    "specific_actions": [
        null,
        null,
        11,
        25,
        11,
        null,
        null,
        null,
        11,
        11,
        25
    ],
    "rewards": [
        0,
        0,
        -0.019797038550576906,
        -0.009155394034476405,
        -0.019550034776945502,
        -0.00987118279154886,
        -0.020230005894462,
        -0.01624574623237718,
        -0.015993274373694244,
        -0.012538536180487725,
        -0.015561210375408807
    ],
    "states": [
        0.008741152618096614,
        0.008414674239590065,
        0.008248088609278354,
        0.008172574108029134,
        0.0080128,
        0.007933704186527878,
        0.007773205304069501,
        0.00764692378328742,
        0.007524624433106576,
        0.007430276657407487,
        0.00731465255919408
    ],
    "selections": [
        null,
        null,
        "_entity_novelty:Instance-character",
        "_entity_novelty:Instance-attribute",
        "_statement_novelty:Actor-Source",
        "_overlaps:attribute-personality-trait",
        "_subject_gaps:Instance-attribute-character",
        "_entity_novelty:Instance-character",
        "_subject_gaps:Instance-attribute-character",
        "_complement_gaps:Instance-attribute-character",
        "_complement_gaps:Instance-attribute-character"
    ]
}