{
    "abstract_actions": [
        null,
        7,
        7,
        7,
        7,
        5,
        5,
        5,
        7,
        7,
        7
    ],
    "specific_actions": [
        null,
        25,
        25,
        25,
        25,
        11,
        11,
        11,
        25,
        25,
        25
    ],
    "rewards": [
        0,
        0,
        -0.026582278481012578,
        -0.016189290161892966,
        -0.01593137254901955,
        -0.01568154402895061,
        0.46236769894159147,
        0.29772351519776175,
        0.21748420661464118,
        -0.01824151769427207,
        -0.014028776978417201
    ],
    "states": [
        0.0,
        0.0008669267446900737,
        0.0008438818565400844,
        0.0008302200083022001,
        0.0008169934640522876,
        0.0008041817450743868,
        0.0011760094080752645,
        0.0015261350629530714,
        0.0018580453363062058,
        0.0018241517694272164,
        0.0017985611510791368
    ],
    "selections": [
        null,
        null,
        "_trust:Source",
        "_trust:Source",
        "_trust:Source",
        "_trust:Source",
        "_complement_gaps:Instance-attribute-character",
        "_complement_gaps:Instance-attribute-character",
        "_complement_gaps:Instance-attribute-character",
        "_trust:Source",
        "_trust:Source"
    ]
}