{
    "abstract_actions": [
        null,
        5,
        7,
        5,
        3,
        5,
        5,
        5,
        4,
        5,
        5
    ],
    "specific_actions": [
        null,
        11,
        25,
        11,
        null,
        11,
        11,
        11,
        null,
        11,
        11
    ],
    "rewards": [
        0,
        0,
        0.4539915966386556,
        -0.024590163934426257,
        0.29614873837981404,
        0.2198678071539657,
        0.1682059046177138,
        0.13907366346390737,
        0.11403869905310815,
        0.09732958538299386,
        0.08443834781283344
    ],
    "states": [
        0.0,
        0.0008669267446900737,
        0.0012605042016806723,
        0.0012295081967213116,
        0.0015936254980079682,
        0.0019440124416796269,
        0.002271006813020439,
        0.0025868440502586844,
        0.002881844380403458,
        0.003162333099086437,
        0.003429355281207133
    ],
    "selections": [
        null,
        null,
        "_complement_gaps:Instance-attribute-character",
        "_trust:Source",
        "_complement_gaps:Instance-attribute-character",
        "_entity_novelty:Instance-character",
        "_complement_gaps:Instance-attribute-character",
        "_complement_gaps:Instance-attribute-character",
        "_complement_gaps:Instance-attribute-character",
        "_subject_gaps:Instance-character-enchantment",
        "_complement_gaps:Instance-attribute-character"
    ]
}