{
    "abstract_actions": [
        null,
        7,
        7,
        5,
        7,
        5,
        5,
        3,
        5,
        3,
        4
    ],
    "specific_actions": [
        null,
        25,
        25,
        11,
        25,
        11,
        11,
        null,
        11,
        null,
        null
    ],
    "rewards": [
        0,
        0,
        1.0,
        0.0,
        0.0,
        0.33333333333333326,
        -0.0625,
        -0.040000000000000036,
        -0.02777777777777768,
        -0.020408163265306256,
        -0.015625
    ],
    "states": [
        0.0,
        0.5,
        1.0,
        1.0,
        1.0,
        1.3333333333333333,
        1.25,
        1.2,
        1.1666666666666667,
        1.1428571428571428,
        1.125
    ],
    "selections": [
        null,
        null,
        "_trust:Source",
        "_trust:Source",
        "_complement_gaps:Instance-attribute-character",
        "_trust:Source",
        "_complement_gaps:Instance-attribute-character",
        "_complement_gaps:Instance-attribute-character",
        "_entity_novelty:Instance-character",
        "_complement_gaps:Instance-attribute-character",
        "_entity_novelty:Instance-character"
    ]
}