{
    "actions": [
        null,
        5,
        4,
        3,
        4,
        5,
        3,
        4,
        3,
        5,
        5
    ],
    "rewards": [
        0,
        0,
        0.03175293605915619,
        0.0295109612141653,
        0.026208026208026203,
        0.02314445331205106,
        0.027301092043681807,
        0.024297646165527764,
        0.023721275018532273,
        0.014120202751629174,
        0.022848982506247673
    ],
    "states": [
        2084.0,
        2299.0,
        2372.0,
        2442.0,
        2506.0,
        2564.0,
        2634.0,
        2698.0,
        2762.0,
        2801.0,
        2865.0
    ],
    "selections": [
        null,
        null,
        "_complement_gaps:Instance-attribute-character",
        "_subject_gaps:Instance-attribute-character",
        "_entity_novelty:Instance-character",
        "_subject_gaps:Instance-attribute-character",
        "_complement_gaps:Instance-attribute-character",
        "_entity_novelty:Instance-attribute",
        "_subject_gaps:Instance-attribute-character",
        "_entity_novelty:Instance-attribute",
        "_complement_gaps:Instance-attribute-character"
    ]
}