{
    "actions": [
        null,
        4,
        4,
        5,
        4,
        7,
        5,
        4,
        5,
        5,
        7
    ],
    "rewards": [
        0,
        0,
        0.06378132118451019,
        0.05781584582441113,
        0.054655870445344146,
        0.051823416506717734,
        0.01642335766423364,
        0.04129263913824066,
        0.01551724137931032,
        0.045840407470288724,
        0.03733766233766245
    ],
    "states": [
        7.0588235294117645,
        8.607843137254902,
        9.156862745098039,
        9.686274509803921,
        10.215686274509803,
        10.745098039215685,
        10.92156862745098,
        11.372549019607844,
        11.549019607843137,
        12.07843137254902,
        12.529411764705882
    ],
    "selections": [
        null,
        null,
        "_subject_gaps:Instance-attribute-character",
        "_subject_gaps:Instance-attribute-character",
        "_complement_gaps:Instance-attribute-character",
        "_subject_gaps:Instance-attribute-character",
        "_trust:Source",
        "_complement_gaps:Instance-attribute-character",
        "_subject_gaps:Instance-attribute-character",
        "_complement_gaps:Instance-attribute-character",
        "_complement_gaps:Instance-attribute-character"
    ]
}