{
    "abstract_actions": [
        null,
        7,
        4,
        7,
        7,
        2,
        5,
        7,
        7,
        7,
        2
    ],
    "specific_actions": [
        null,
        25,
        null,
        25,
        25,
        25,
        11,
        25,
        25,
        25,
        25
    ],
    "rewards": [
        0,
        0,
        0.0,
        0.0,
        0.0,
        0.0,
        0.0,
        0.0,
        0.1428571428571428,
        0.0,
        0.0
    ],
    "states": [
        1.2,
        1.0,
        1.0,
        1.0,
        1.0,
        1.0,
        1.0,
        1.0,
        1.1428571428571428,
        1.1428571428571428,
        1.1428571428571428
    ],
    "selections": [
        null,
        null,
        "_trust:Source",
        "_subject_gaps:Instance-character-gender",
        "_trust:Source",
        "_trust:Source",
        "_statement_novelty:Actor-Source",
        "_complement_gaps:Instance-attribute-character",
        "_trust:Source",
        "_trust:Source",
        "_trust:Source"
    ]
}