{
    "abstract_actions": [
        null,
        6,
        7,
        7,
        6,
        7,
        5,
        7,
        7,
        7,
        7
    ],
    "specific_actions": [
        null,
        null,
        25,
        25,
        null,
        25,
        11,
        25,
        25,
        25,
        25
    ],
    "rewards": [
        0,
        0,
        0.002194980080555853,
        0.0022682533208009392,
        0.003973831710829989,
        0.0027222312176164998,
        0.0020797993952357263,
        -0.0017927606617089697,
        0.002058544894696812,
        0.00195728795799055,
        0.001915594395101916
    ],
    "states": [
        10.731707317073171,
        10.688524590163935,
        10.711985688729875,
        10.736283185840708,
        10.778947368421052,
        10.808290155440414,
        10.830769230769231,
        10.81135225375626,
        10.833607907742998,
        10.854812398042414,
        10.875605815831987
    ],
    "selections": [
        null,
        null,
        "_overlaps:character",
        "_trust:Source",
        "_trust:Source",
        "_overlaps:character",
        "_trust:Source",
        "_complement_gaps:Instance-attribute-character",
        "_trust:Source",
        "_trust:Source",
        "_trust:Source"
    ]
}