{
    "abstract_actions": [
        null,
        5,
        3,
        4,
        3,
        6,
        5,
        7,
        6,
        4,
        4
    ],
    "specific_actions": [
        null,
        11,
        null,
        null,
        11,
        null,
        11,
        25,
        11,
        null,
        null
    ],
    "rewards": [
        0,
        0,
        -0.027748113082802672,
        -0.020209588212393936,
        -0.01981128412407973,
        -0.019808354805346817,
        -0.011817969486190294,
        -0.018836466287136533,
        -0.010828516655741582,
        -0.008630209386705778,
        -0.022202503127707995
    ],
    "states": [
        0.008338272925732627,
        0.008122469285941321,
        0.00789708608968343,
        0.007737489231733103,
        0.007584199634156232,
        0.007433969116888283,
        0.007346114696703617,
        0.007207739854877721,
        0.007129690723808925,
        0.00706816,
        0.0069112291554928595
    ],
    "selections": [
        null,
        null,
        "_complement_gaps:Instance-attribute-character",
        "_entity_novelty:Instance-character",
        "_subject_gaps:Instance-ancestry-character",
        "_entity_novelty:Instance-attribute",
        "_overlaps:character",
        "_complement_gaps:Instance-attribute-character",
        "_trust:Source",
        "_overlaps:attribute-physical-appearance",
        "_subject_gaps:Instance-attribute-character"
    ]
}