{
    "actions": [
        null,
        3,
        4,
        4,
        7,
        2,
        7,
        5,
        4,
        3,
        2,
        2,
        2,
        7,
        5,
        7,
        5,
        3,
        5,
        4,
        7,
        7,
        5,
        7,
        7,
        5
    ],
    "rewards": [
        0,
        0,
        -0.03379861454528188,
        -0.03551124426557606,
        -0.011249726153698347,
        -0.011131252788249557,
        -0.011015026891595503,
        -0.010900996614815917,
        -0.03282751889405966,
        -0.03179390457589015,
        -0.01009557654375215,
        -0.00999982308706393,
        -0.009905715989849018,
        -0.009813220236075337,
        -0.009722301324476379,
        -0.029338968672515175,
        -0.009346813385934682,
        -0.02374434785437418,
        -0.009043611594322987,
        -0.018588936660890787,
        -0.022569946671806784,
        -0.008602070078844393,
        -0.008532014347139238,
        -0.025821531077661275,
        -0.008241516983386044,
        -0.008177153688956995
    ],
    "states": [
        0.013056202873306185,
        0.010384007064254536,
        0.010033042012054313,
        0.009676756206437466,
        0.009567895349058943,
        0.00946139268727705,
        0.009357175192394748,
        0.009255172657298213,
        0.008951348302022972,
        0.008666749988282898,
        0.008579254150390625,
        0.00849346312666776,
        0.008409329293164734,
        0.008326806692773229,
        0.00824585096903542,
        0.008003926205776661,
        0.007929115001176474,
        0.0077408433364112034,
        0.0076708381558641976,
        0.007528245431248894,
        0.007358333333333333,
        0.007295036434336503,
        0.00723279507881584,
        0.007046033235909841,
        0.006987963233330588,
        0.006930821583998863
    ],
    "selections": [
        null,
        null,
        "_entity_novelty:Instance-character",
        "_subject_gaps:Instance-attribute-character",
        "_subject_gaps:Instance-attribute-character",
        "_trust:Source",
        "_statement_novelty:Actor-Source",
        "_trust:Source",
        "_complement_gaps:Instance-attribute-character",
        "_subject_gaps:Instance-attribute-character",
        "_entity_novelty:Instance-character",
        "_statement_novelty:Actor-Source",
        "_statement_novelty:Actor-Source",
        "_statement_novelty:Actor-Source",
        "_trust:Source",
        "_complement_gaps:Instance-attribute-character",
        "_trust:Source",
        "_complement_gaps:Instance-attribute-character",
        "_entity_novelty:Instance-attribute",
        "_complement_gaps:Instance-attribute-character",
        "_subject_gaps:Instance-attribute-character",
        "_trust:Source",
        "_trust:Source",
        "_complement_gaps:Instance-attribute-character",
        "_trust:Source",
        "_trust:Source"
    ]
}