{
    "abstract_actions": [
        null,
        4,
        4,
        5,
        4,
        7,
        6,
        4,
        4,
        4,
        4
    ],
    "specific_actions": [
        null,
        null,
        null,
        11,
        null,
        25,
        11,
        null,
        null,
        null,
        null
    ],
    "rewards": [
        0,
        0,
        0.03164282618118763,
        0.02941176470588225,
        0.02857142857142847,
        0.025396825396825307,
        0.023219814241486114,
        0.021936459909228434,
        0.023686158401184265,
        0.02313810556760676,
        0.013780918727915203
    ],
    "states": [
        2096.0,
        2307.0,
        2380.0,
        2450.0,
        2520.0,
        2584.0,
        2644.0,
        2702.0,
        2766.0,
        2830.0,
        2869.0
    ],
    "selections": [
        null,
        null,
        "_subject_gaps:Instance-character-object",
        "_subject_gaps:Instance-character-object",
        "_complement_gaps:Instance-attribute-character",
        "_subject_gaps:Instance-character-object",
        "_trust:Source",
        "_overlaps:attribute-object",
        "_subject_gaps:Instance-character-object",
        "_subject_gaps:Instance-character-object",
        "_subject_gaps:Instance-character-object"
    ]
}