{
    "actions": [
        null,
        3,
        4,
        7,
        4,
        6,
        5,
        3,
        7,
        6,
        5
    ],
    "rewards": [
        0,
        0,
        0.012331838565022402,
        0.02270210409745288,
        0.011099079588521965,
        0.020348058902275756,
        0.013119916032537482,
        0.019684019684019782,
        0.017272034544069115,
        0.010237203495630398,
        0.012357884330202573
    ],
    "states": [
        3467.0,
        3568.0,
        3612.0,
        3694.0,
        3735.0,
        3811.0,
        3861.0,
        3937.0,
        4005.0,
        4046.0,
        4096.0
    ],
    "selections": [
        null,
        null,
        "_entity_novelty:Instance-attribute",
        "_subject_gaps:Instance-attribute-character",
        "_trust:Source",
        "_subject_gaps:Instance-attribute-character",
        "_overlaps:attribute",
        "_complement_gaps:Instance-attribute-character",
        "_entity_novelty:Instance-attribute",
        "_trust:Source",
        "_overlaps:character"
    ]
}