{
    "actions": [
        null,
        3,
        7,
        7,
        2,
        7,
        7,
        5,
        3,
        7,
        5
    ],
    "rewards": [
        0,
        0,
        0.001971675329621503,
        0.002757153795488909,
        0.0027054384055362757,
        0.00265517476436794,
        0.002606308670505042,
        0.0025587884449151943,
        -0.0006842492342925555,
        0.0024659192767642057,
        0.002422695569155753
    ],
    "states": [
        12.264855687606111,
        12.207578253706755,
        12.231647634584013,
        12.26537216828479,
        12.298555377207062,
        12.331210191082803,
        12.363349131121643,
        12.39498432601881,
        12.386503067484663,
        12.417047184170471,
        12.44712990936556
    ],
    "selections": [
        null,
        null,
        "_entity_novelty:Instance-attribute",
        "_trust:Source",
        "_trust:Source",
        "_statement_novelty:Actor-Source",
        "_trust:Source",
        "_trust:Source",
        "_complement_gaps:Instance-attribute-character",
        "_entity_novelty:Instance-character",
        "_trust:Source"
    ]
}