{
    "abstract_actions": [
        null,
        5,
        5,
        5,
        5,
        5,
        5,
        5,
        5,
        5,
        4
    ],
    "specific_actions": [
        null,
        11,
        11,
        11,
        11,
        11,
        11,
        11,
        11,
        11,
        null
    ],
    "rewards": [
        0,
        0,
        0.4539915966386556,
        0.2952380952380953,
        0.21527777777777768,
        0.16756756756756763,
        0.13596491228070184,
        0.11600587371512483,
        0.10194174757281571,
        0.08649789029535859,
        -0.013527575442247586
    ],
    "states": [
        0.0,
        0.0008669267446900737,
        0.0012605042016806723,
        0.0016326530612244899,
        0.001984126984126984,
        0.0023166023166023165,
        0.002631578947368421,
        0.002936857562408223,
        0.003236245954692557,
        0.0035161744022503515,
        0.00346860908775581
    ],
    "selections": [
        null,
        null,
        "_complement_gaps:Instance-attribute-character",
        "_complement_gaps:Instance-attribute-character",
        "_complement_gaps:Instance-attribute-character",
        "_complement_gaps:Instance-attribute-character",
        "_complement_gaps:Instance-attribute-character",
        "_complement_gaps:Instance-attribute-character",
        "_complement_gaps:Instance-attribute-character",
        "_complement_gaps:Instance-attribute-character",
        "_complement_gaps:Instance-attribute-character"
    ]
}