{
    "abstract_actions": [
        null,
        5,
        3,
        7,
        7,
        5,
        4,
        5,
        7,
        7,
        5
    ],
    "specific_actions": [
        null,
        11,
        11,
        25,
        25,
        11,
        null,
        11,
        25,
        25,
        11
    ],
    "rewards": [
        0,
        0,
        0.057077625570776336,
        0.019438444924406273,
        0.03813559322033888,
        0.01836734693877573,
        0.05611222444889785,
        0.05313092979127143,
        0.05045045045045038,
        0.02401372212692965,
        0.015075376884422287
    ],
    "states": [
        7.0588235294117645,
        8.588235294117647,
        9.07843137254902,
        9.254901960784315,
        9.607843137254902,
        9.784313725490197,
        10.333333333333334,
        10.882352941176471,
        11.431372549019608,
        11.705882352941176,
        11.882352941176471
    ],
    "selections": [
        null,
        null,
        "_complement_gaps:Instance-attribute-character",
        "_entity_novelty:Instance-attribute",
        "_trust:Source",
        "_trust:Source",
        "_complement_gaps:Instance-attribute-character",
        "_subject_gaps:Instance-ability-character",
        "_complement_gaps:Instance-attribute-character",
        "_trust:Source",
        "_trust:Source"
    ]
}