{
    "abstract_actions": [
        null,
        3,
        5,
        3,
        7,
        4,
        5,
        7,
        2,
        5,
        7
    ],
    "specific_actions": [
        null,
        null,
        11,
        null,
        25,
        null,
        11,
        25,
        25,
        11,
        25
    ],
    "rewards": [
        0,
        0,
        -0.019561362367745305,
        -0.020756070032425633,
        -0.00886279773193055,
        -0.009743207834351342,
        -0.01636501873277363,
        -0.019662533276974203,
        -0.00933759296263259,
        -0.005413174372859708,
        -0.012415584551743186
    ],
    "states": [
        0.008629444621579812,
        0.008311166543415635,
        0.008148588802961201,
        0.007979456123101499,
        0.007908735817471636,
        0.00783167936069503,
        0.007703513781248179,
        0.007552043185174758,
        0.007481525279875373,
        0.007441026478960449,
        0.007348641785559156
    ],
    "selections": [
        null,
        null,
        "_entity_novelty:Instance-character",
        "_complement_gaps:Instance-attribute-character",
        "_entity_novelty:Instance-character",
        "_trust:Source",
        "_subject_gaps:Instance-character-gender",
        "_complement_gaps:Instance-attribute-character",
        "_trust:Source",
        "_statement_novelty:Actor-Source",
        "_complement_gaps:Instance-attribute-character"
    ]
}