{
    "abstract_actions": [
        null,
        4,
        3,
        4,
        4,
        3,
        5,
        3,
        4,
        4,
        4
    ],
    "specific_actions": [
        null,
        null,
        11,
        null,
        null,
        11,
        11,
        null,
        null,
        null,
        null
    ],
    "rewards": [
        0,
        0,
        0.011777576306545745,
        0.010076801556041293,
        0.008001359522005647,
        0.008925366033158966,
        0.008401754501695224,
        0.008773183005591711,
        0.0074107617529122205,
        0.007364259662388184,
        0.006640170508261489
    ],
    "states": [
        2.261951971799956,
        2.3403682236617795,
        2.367932089001371,
        2.39179327076042,
        2.410930868622088,
        2.432449309105182,
        2.452886151038102,
        2.474405770133041,
        2.492743001775528,
        2.5111002085122043,
        2.5277743420600562
    ],
    "selections": [
        null,
        null,
        "_subject_gaps:Instance-attribute-character",
        "_entity_novelty:Instance-attribute",
        "_subject_gaps:Instance-attribute-character",
        "_subject_gaps:Instance-attribute-character",
        "_entity_novelty:Instance-attribute",
        "_complement_gaps:Instance-attribute-character",
        "_entity_novelty:Instance-character",
        "_subject_gaps:Instance-attribute-character",
        "_subject_gaps:Instance-attribute-character"
    ]
}