{
    "abstract_actions": [
        null,
        4,
        7,
        2,
        5,
        null,
        6,
        6,
        5,
        4,
        5
    ],
    "specific_actions": [
        null,
        null,
        25,
        25,
        11,
        24,
        11,
        11,
        11,
        null,
        11
    ],
    "rewards": [
        0,
        0,
        -0.011603375527426074,
        -0.01761658031088087,
        -0.010510125608818255,
        0.0700619471049444,
        -0.018267094544556883,
        -0.010019550342130978,
        -0.009920154851197682,
        0.06605158730158744,
        0.05778225516298474
    ],
    "states": [
        0.002741979709350151,
        0.002934898612593383,
        0.0029008438818565402,
        0.002849740932642487,
        0.0028197897974878237,
        0.0030173497611264773,
        0.0029622315477659837,
        0.002932551319648094,
        0.0029034599564481006,
        0.0030952380952380953,
        0.003274087932647334
    ],
    "selections": [
        null,
        null,
        "_subject_gaps:Instance-age-character",
        "_trust:Source",
        "_statement_novelty:Actor-Source",
        "_complement_gaps:Instance-attribute-character",
        "_complement_conflict:Actor-Source-org/ancestry-org/attribute",
        "_overlaps:ancestry-attribute",
        "_overlaps:ancestry-attribute",
        "_complement_gaps:Instance-ancestry-attribute-character",
        "_subject_gaps:Instance-attribute-character"
    ]
}