{
    "actions": [
        null,
        7,
        5,
        4,
        3,
        4,
        6,
        5,
        4,
        5,
        4
    ],
    "rewards": [
        0,
        0,
        -0.01510565743796577,
        -0.03181298124628562,
        -0.029487576285604056,
        -0.011187211445422562,
        -0.022923487102833096,
        -0.011669448287790929,
        -0.03254797132932363,
        -0.02651503631892016,
        -0.0307256209152742
    ],
    "states": [
        0.013056202873306185,
        0.010384007064254536,
        0.010227149810708491,
        0.009901793685577469,
        0.009609813788909691,
        0.00950230677010202,
        0.009284480763410423,
        0.009176135995262815,
        0.008877471383975027,
        0.008642084907808755,
        0.00837655148301381
    ],
    "selections": [
        null,
        null,
        "_trust:Source",
        "_complement_gaps:Instance-attribute-character",
        "_subject_gaps:Instance-attribute-character",
        "_entity_novelty:Instance-attribute",
        "_subject_gaps:Instance-attribute-character",
        "_overlaps:character",
        "_complement_gaps:Instance-attribute-character",
        "_subject_gaps:Instance-attribute-character",
        "_complement_gaps:Instance-attribute-character"
    ]
}