{
    "actions": [
        null,
        5,
        5,
        7,
        5,
        7,
        5,
        7,
        5,
        7,
        5
    ],
    "rewards": [
        0,
        0,
        1.002018068717628,
        1.0010026060475015,
        1.0009845369919317,
        1.0024497143930458,
        1.000940357307774,
        1.0021112093215045,
        1.00090271601995,
        1.002024428377921,
        1.0008673268263926
    ],
    "states": [
        2.715011639507815,
        2.725421795542037,
        2.7309218840099625,
        2.7336599228061247,
        2.7363513121234884,
        2.7430545913172266,
        2.745634042747795,
        2.7514306509322846,
        2.7539144114586622,
        2.759489513943585,
        2.761882893226177
    ],
    "selections": [
        null,
        null,
        "_complement_gaps:Instance-attribute-character",
        "_complement_gaps:Instance-attribute-character",
        "_trust:Source",
        "_complement_gaps:Instance-attribute-character",
        "_trust:Source",
        "_complement_gaps:Instance-attribute-character",
        "_trust:Source",
        "_complement_gaps:Instance-attribute-character",
        "_trust:Source"
    ]
}