{
    "abstract_actions": [
        null,
        7,
        4,
        3,
        5,
        2,
        4,
        7,
        7,
        7,
        4
    ],
    "specific_actions": [
        null,
        25,
        null,
        null,
        11,
        25,
        null,
        25,
        25,
        25,
        null
    ],
    "rewards": [
        0,
        0,
        0.027308192457737412,
        0.029535864978903037,
        0.026229508196721207,
        0.015575079872204523,
        0.015336217066457047,
        0.0271107668474051,
        0.018853695324283493,
        0.014433752775721675,
        0.01422838380153224
    ],
    "states": [
        2096.0,
        2307.0,
        2370.0,
        2440.0,
        2504.0,
        2543.0,
        2582.0,
        2652.0,
        2702.0,
        2741.0,
        2780.0
    ],
    "selections": [
        null,
        null,
        "_trust:Source",
        "_subject_gaps:Instance-attribute-character",
        "_entity_novelty:Instance-character",
        "_complement_gaps:Instance-attribute-character",
        "_statement_novelty:Actor-Source",
        "_subject_gaps:Instance-character-object",
        "_trust:Source",
        "_trust:Source",
        "_trust:Source"
    ]
}