{
    "actions": [
        null,
        7,
        7,
        5,
        5,
        5,
        4,
        3,
        2,
        4,
        3
    ],
    "rewards": [
        0,
        0,
        0.015113350125944613,
        0.013647642679900596,
        0.01346389228886169,
        0.049516908212560384,
        0.04027617951668594,
        0.03871681415929196,
        0.011714589989350488,
        0.011578947368420911,
        0.03642039542143616
    ],
    "states": [
        14.666666666666666,
        15.568627450980392,
        15.803921568627452,
        16.019607843137255,
        16.235294117647058,
        17.03921568627451,
        17.725490196078432,
        18.41176470588235,
        18.627450980392158,
        18.84313725490196,
        19.529411764705884
    ],
    "selections": [
        null,
        null,
        "_trust:Source",
        "_trust:Source",
        "_complement_gaps:Instance-attribute-character",
        "_complement_gaps:Instance-attribute-character",
        "_complement_gaps:Instance-attribute-character",
        "_subject_gaps:Instance-attribute-character",
        "_entity_novelty:Instance-attribute",
        "_statement_novelty:Actor-Source",
        "_subject_gaps:Instance-attribute-character"
    ]
}