{
    "abstract_actions": [
        null,
        3,
        3,
        3,
        3,
        4,
        3,
        3,
        6,
        4,
        2
    ],
    "specific_actions": [
        null,
        11,
        null,
        11,
        null,
        null,
        null,
        11,
        null,
        null,
        25
    ],
    "rewards": [
        0,
        0,
        -0.034837191230522535,
        -0.030329935937336683,
        -0.02568638173870974,
        -0.015479598467134537,
        -0.03360398868947001,
        -0.027354733890484484,
        -0.02198158196716582,
        -0.028531109423664325,
        -0.013640079223201873
    ],
    "states": [
        0.013134665630958265,
        0.01056689342403628,
        0.010198772537110578,
        0.009889444419420546,
        0.009635420374879557,
        0.009486267936414374,
        0.009167491495973824,
        0.00891671720565818,
        0.008720713655523968,
        0.00847190201996577,
        0.008356344605242233
    ],
    "selections": [
        null,
        null,
        "_entity_novelty:Instance-attribute",
        "_entity_novelty:Instance-character",
        "_entity_novelty:Instance-attribute",
        "_entity_novelty:Instance-character",
        "_subject_gaps:Instance-attribute-character",
        "_entity_novelty:Instance-character",
        "_entity_novelty:Instance-attribute",
        "_overlaps:character",
        "_subject_gaps:Instance-character-personality-trait"
    ]
}