{
    "abstract_actions": [
        null,
        3,
        2,
        5,
        7,
        5,
        4,
        7,
        7,
        5,
        4
    ],
    "specific_actions": [
        null,
        11,
        25,
        11,
        25,
        11,
        null,
        25,
        25,
        11,
        null
    ],
    "rewards": [
        0,
        0,
        0.0029151520350971794,
        0.0038308820874151106,
        0.005575387096544704,
        0.0035349641465174386,
        0.005121177638705676,
        0.004867046396145103,
        0.0031256947047297867,
        0.0025771856044172203,
        0.003915526418755588
    ],
    "states": [
        2.5053668979772628,
        2.528543150954197,
        2.5359142386665323,
        2.545629027098661,
        2.5598218943289366,
        2.56887077294686,
        2.582026416506,
        2.594593258871207,
        2.602703165281388,
        2.6094108144115227,
        2.6196280313927374
    ],
    "selections": [
        null,
        null,
        "_entity_novelty:Instance-attribute",
        "_statement_novelty:Actor-Source",
        "_complement_gaps:Instance-attribute-character",
        "_trust:Source",
        "_complement_gaps:Instance-attribute-character",
        "_subject_gaps:Instance-activity-character",
        "_trust:Source",
        "_trust:Source",
        "_complement_gaps:Instance-attribute-character"
    ]
}