{
    "actions": [
        null,
        4,
        5,
        4,
        5,
        4,
        4,
        3,
        4,
        4,
        4
    ],
    "rewards": [
        0,
        0,
        0.4538364249578415,
        0.2951132951132953,
        0.2180766161213088,
        0.16739130434782612,
        0.1358024691358024,
        0.1158671586715867,
        -0.014186977082575436,
        0.09940455030216855,
        0.08413304042856606
    ],
    "states": [
        0.0,
        0.0008699434536755111,
        0.0012647554806070826,
        0.001638001638001638,
        0.0019952114924181963,
        0.002329192546583851,
        0.0026455026455026454,
        0.002952029520295203,
        0.0029101491451436886,
        0.003199431212228937,
        0.00346860908775581
    ],
    "selections": [
        null,
        null,
        "_subject_gaps:Instance-attribute-character",
        "_complement_gaps:Instance-attribute-character",
        "_subject_gaps:Instance-attribute-character",
        "_complement_gaps:Instance-attribute-character",
        "_subject_gaps:Instance-attribute-character",
        "_subject_gaps:Instance-attribute-character",
        "_entity_novelty:Instance-attribute",
        "_subject_gaps:Instance-attribute-character",
        "_subject_gaps:Instance-attribute-character"
    ]
}