{
    "abstract_actions": [
        null,
        3,
        4,
        3,
        2,
        4,
        7,
        4,
        7,
        6,
        2
    ],
    "specific_actions": [
        null,
        null,
        null,
        11,
        25,
        null,
        25,
        null,
        25,
        null,
        25
    ],
    "rewards": [
        0,
        0,
        0.02193225985563574,
        0.02064656343384952,
        0.01091296247005591,
        0.015271195365982093,
        0.02178423236514515,
        0.014720812182741128,
        0.016758379189594885,
        0.014268142681426843,
        0.01625030317729803
    ],
    "states": [
        3501.0,
        3602.0,
        3681.0,
        3757.0,
        3798.0,
        3856.0,
        3940.0,
        3998.0,
        4065.0,
        4123.0,
        4190.0
    ],
    "selections": [
        null,
        null,
        "_entity_novelty:Instance-character",
        "_subject_gaps:Instance-attribute-character",
        "_entity_novelty:Instance-attribute",
        "_statement_novelty:Actor-Source",
        "_subject_gaps:Instance-attribute-character",
        "_trust:Source",
        "_subject_gaps:Instance-attribute-character",
        "_trust:Source",
        "_overlaps:character"
    ]
}