{
    "abstract_actions": [
        null,
        3,
        6,
        2,
        2,
        6,
        7,
        6,
        2,
        6,
        6
    ],
    "specific_actions": [
        null,
        11,
        null,
        25,
        25,
        null,
        25,
        null,
        25,
        null,
        null
    ],
    "rewards": [
        0,
        0,
        0.33333333333333326,
        0.5,
        0.0,
        0.0,
        0.0,
        0.0,
        0.33333333333333326,
        0.0,
        0.0
    ],
    "states": [
        0.0,
        0.5,
        0.6666666666666666,
        1.0,
        1.0,
        1.0,
        1.0,
        1.0,
        1.3333333333333333,
        1.3333333333333333,
        1.3333333333333333
    ],
    "selections": [
        null,
        null,
        "_entity_novelty:Instance-attribute",
        "_overlaps:character",
        "_statement_novelty:Actor-Source",
        "_statement_novelty:Actor-Source",
        "_overlaps:character",
        "_trust:Source",
        "_overlaps:character",
        "_statement_novelty:Actor-Source",
        "_overlaps:character"
    ]
}