{
    "actions": [
        null,
        7,
        5,
        5,
        7,
        2,
        4,
        7,
        5,
        7,
        5,
        7,
        7,
        7,
        4,
        7,
        4,
        4,
        4,
        3,
        7,
        4,
        7,
        4,
        7,
        5
    ],
    "rewards": [
        0,
        0,
        -0.01510565743796577,
        -0.03042643574529036,
        -0.029530211900918535,
        -0.011199746728086546,
        -0.01108192833564936,
        -0.010966359242899348,
        -0.010852986011477772,
        -0.03264438998012342,
        -0.010387157758008803,
        -0.036649051416692946,
        -0.009900068959064035,
        -0.009807717580221587,
        -0.009716937572520679,
        -0.024658717662390472,
        -0.0093896602651663,
        -0.023843885964686007,
        -0.018833436339522724,
        -0.022861424781597472,
        -0.008710088908392977,
        -0.008638311911163932,
        -0.021969872055022543,
        -0.008378663280043663,
        -0.02132067838955498,
        -0.008134162176574478
    ],
    "states": [
        0.013056202873306185,
        0.010384007064254536,
        0.010227149810708491,
        0.009915974094135511,
        0.009623153277931671,
        0.00951537639849328,
        0.009409927679158448,
        0.009306735031779095,
        0.009205729166666666,
        0.008905213753698602,
        0.008812713893570145,
        0.008489736288964088,
        0.008405687314259076,
        0.008323246707013171,
        0.008242370238360436,
        0.008039123957783816,
        0.007963639314990667,
        0.007773755207300139,
        0.007627348683484418,
        0.007452976625273923,
        0.0073880605362356125,
        0.007324240164905048,
        0.007163327545581827,
        0.007103308436112735,
        0.006951861081444563,
        0.0068953135159790764
    ],
    "selections": [
        null,
        null,
        "_trust:Source",
        "_complement_gaps:Instance-attribute-character",
        "_complement_gaps:Instance-attribute-character",
        "_trust:Source",
        "_statement_novelty:Actor-Source",
        "_subject_gaps:Instance-attribute-character",
        "_trust:Source",
        "_complement_gaps:Instance-attribute-character",
        "_trust:Source",
        "_complement_gaps:Instance-attribute-character",
        "_trust:Source",
        "_trust:Source",
        "_trust:Source",
        "_subject_gaps:Instance-attribute-character",
        "_trust:Source",
        "_subject_gaps:Instance-attribute-character",
        "_subject_gaps:Instance-attribute-character",
        "_subject_gaps:Instance-attribute-character",
        "_entity_novelty:Instance-attribute",
        "_trust:Source",
        "_subject_gaps:Instance-attribute-character",
        "_trust:Source",
        "_subject_gaps:Instance-attribute-character",
        "_trust:Source"
    ]
}