{
    "abstract_actions": [
        null,
        3,
        4,
        3,
        4,
        5,
        5,
        6,
        4,
        3,
        7
    ],
    "specific_actions": [
        null,
        11,
        null,
        11,
        null,
        11,
        11,
        11,
        null,
        11,
        25
    ],
    "rewards": [
        0,
        0,
        0.4582806573957019,
        0.2983176036109969,
        0.21850000000000014,
        -0.015360378101614724,
        0.1678037562284398,
        0.13873300910337938,
        -0.02480846406421,
        0.11678125795772853,
        0.10028765690376562
    ],
    "states": [
        0.0,
        0.0008669267446900737,
        0.0012642225031605564,
        0.0016413623307345096,
        0.002,
        0.0019692792437967705,
        0.0022997316979685703,
        0.002618780396558174,
        0.002553812477198103,
        0.00285204991087344,
        0.0031380753138075313
    ],
    "selections": [
        null,
        null,
        "_entity_novelty:Instance-attribute",
        "_subject_gaps:Instance-character-institution",
        "_entity_novelty:Instance-attribute",
        "_subject_gaps:Instance-character-institution",
        "_complement_gaps:Instance-attribute-character",
        "_complement_gaps:Instance-attribute-character",
        "_overlaps:attribute-object",
        "_subject_gaps:Instance-attribute-character",
        "_entity_novelty:Instance-attribute"
    ]
}