{
    "actions": [
        null,
        5,
        7,
        7,
        5,
        7,
        2,
        4,
        3,
        5,
        5
    ],
    "rewards": [
        0,
        0,
        0.010316729194527863,
        0.005149264984127155,
        0.004994959144412281,
        0.010406536193397153,
        0.004528114969325481,
        0.004401116074940203,
        0.009115364132231463,
        0.007682939926620724,
        0.008038179042830773
    ],
    "states": [
        2.2621093381172694,
        2.347540138706822,
        2.3717590745911448,
        2.3839718905447227,
        2.395879732739421,
        2.4208125418932003,
        2.431774259402078,
        2.4424767801857583,
        2.4647408454216717,
        2.483677301271735,
        2.5036415441039717
    ],
    "selections": [
        null,
        null,
        "_complement_gaps:Instance-attribute-character",
        "_trust:Source",
        "_trust:Source",
        "_complement_gaps:Instance-attribute-character",
        "_trust:Source",
        "_statement_novelty:Actor-Source",
        "_subject_gaps:Instance-attribute-character",
        "_entity_novelty:Instance-character",
        "_complement_gaps:Instance-attribute-character"
    ]
}