{
    "abstract_actions": [
        null,
        7,
        7,
        2,
        5,
        4,
        4,
        7,
        7,
        2,
        5
    ],
    "specific_actions": [
        null,
        25,
        25,
        25,
        11,
        null,
        null,
        25,
        25,
        25,
        11
    ],
    "rewards": [
        0,
        0,
        0.12500000000000022,
        0.0,
        0.0,
        -0.0277777777777779,
        -0.022222222222222143,
        -0.0181818181818183,
        0.08333333333333348,
        0.0,
        0.0
    ],
    "states": [
        1.1666666666666667,
        1.1428571428571428,
        1.2857142857142858,
        1.2857142857142858,
        1.2857142857142858,
        1.25,
        1.2222222222222223,
        1.2,
        1.3,
        1.3,
        1.3
    ],
    "selections": [
        null,
        null,
        "_trust:Source",
        "_trust:Source",
        "_statement_novelty:Actor-Source",
        "_complement_gaps:Instance-attribute-character",
        "_subject_gaps:Instance-attribute-character",
        "_subject_gaps:Instance-character-product",
        "_trust:Source",
        "_trust:Source",
        "_statement_novelty:Actor-Source"
    ]
}