{
    "actions": [
        null,
        7,
        2,
        5,
        3,
        4,
        4,
        5,
        5,
        4,
        5
    ],
    "rewards": [
        0,
        0,
        0.018268812527185707,
        0.016659547202050318,
        0.03151260504201692,
        0.026069246435845184,
        0.02540690750297747,
        0.027100271002709952,
        0.02412363362231429,
        0.02576370997423627,
        0.022963760315751758
    ],
    "states": [
        2084.0,
        2299.0,
        2341.0,
        2380.0,
        2455.0,
        2519.0,
        2583.0,
        2653.0,
        2717.0,
        2787.0,
        2851.0
    ],
    "selections": [
        null,
        null,
        "_trust:Source",
        "_statement_novelty:Actor-Source",
        "_complement_gaps:Instance-attribute-character",
        "_entity_novelty:Instance-character",
        "_subject_gaps:Instance-attribute-character",
        "_subject_gaps:Instance-attribute-character",
        "_complement_gaps:Instance-attribute-character",
        "_complement_gaps:Instance-attribute-character",
        "_subject_gaps:Instance-attribute-character"
    ]
}