{
    "actions": [
        null,
        4,
        7,
        5,
        5,
        7,
        2,
        2,
        2,
        4,
        4
    ],
    "rewards": [
        0,
        0,
        -0.006269934139930156,
        0.002743828754756761,
        -0.002341369927408632,
        -0.004312984891792437,
        0.00260294117647053,
        0.0025320801682331417,
        0.0024640828600066556,
        0.0023987965359750785,
        -0.002390860058751887
    ],
    "states": [
        11.675070028011204,
        10.869976359338061,
        10.801822323462414,
        10.831460674157304,
        10.806100217864923,
        10.759493670886076,
        10.7875,
        10.814814814814815,
        10.841463414634147,
        10.867469879518072,
        10.841487279843443
    ],
    "selections": [
        null,
        null,
        "_subject_gaps:Instance-attribute-character",
        "_trust:Source",
        "_complement_gaps:Instance-attribute-character",
        "_complement_gaps:Instance-attribute-character",
        "_trust:Source",
        "_statement_novelty:Actor-Source",
        "_statement_novelty:Actor-Source",
        "_statement_novelty:Actor-Source",
        "_subject_gaps:Instance-attribute-character"
    ]
}