{
    "abstract_actions": [
        null,
        7,
        2,
        5,
        5,
        7,
        6,
        3,
        5,
        7,
        2
    ],
    "specific_actions": [
        null,
        25,
        25,
        11,
        11,
        25,
        null,
        null,
        11,
        25,
        25
    ],
    "rewards": [
        0,
        0,
        -0.00583078149251226,
        0.0025949367088606845,
        -0.004867278839881473,
        -0.003070234413517947,
        0.00043050339206973653,
        0.0010053045859002019,
        -0.0024681011702529787,
        -0.002348809321087053,
        0.0004532303527746695
    ],
    "states": [
        11.742296918767506,
        10.985714285714286,
        10.921658986175116,
        10.95,
        10.896703296703297,
        10.863247863247864,
        10.867924528301886,
        10.878850102669405,
        10.852,
        10.826510721247564,
        10.831417624521073
    ],
    "selections": [
        null,
        null,
        "_trust:Source",
        "_statement_novelty:Actor-Source",
        "_complement_gaps:Instance-attribute-character",
        "_complement_gaps:Instance-attribute-character",
        "_trust:Source",
        "_overlaps:character",
        "_entity_novelty:Instance-character",
        "_complement_gaps:Instance-attribute-character",
        "_trust:Source"
    ]
}