{
    "actions": [
        null,
        5,
        7,
        4,
        4,
        3,
        3,
        5,
        4,
        5,
        5
    ],
    "rewards": [
        0,
        0,
        0.03175293605915619,
        0.016441821247892063,
        0.02654500207382826,
        0.025858585858585803,
        0.02520677432059859,
        0.02458701498271232,
        0.026246719160105014,
        0.023383266350018195,
        0.02499107461620853
    ],
    "states": [
        2084.0,
        2299.0,
        2372.0,
        2411.0,
        2475.0,
        2539.0,
        2603.0,
        2667.0,
        2737.0,
        2801.0,
        2871.0
    ],
    "selections": [
        null,
        null,
        "_complement_gaps:Instance-attribute-character",
        "_trust:Source",
        "_subject_gaps:Instance-attribute-character",
        "_subject_gaps:Instance-attribute-character",
        "_entity_novelty:Instance-attribute",
        "_entity_novelty:Instance-character",
        "_complement_gaps:Instance-attribute-character",
        "_subject_gaps:Instance-attribute-character",
        "_complement_gaps:Instance-attribute-character"
    ]
}