{
    "abstract_actions": [
        null,
        7,
        7,
        7,
        5,
        3,
        7,
        4,
        3,
        7,
        5
    ],
    "specific_actions": [
        null,
        25,
        25,
        25,
        11,
        null,
        25,
        null,
        11,
        25,
        11
    ],
    "rewards": [
        0,
        0,
        0.03137789904502042,
        0.014550264550264425,
        0.014341590612777066,
        0.05398457583547556,
        0.04390243902439028,
        0.025700934579439227,
        0.04783599088838275,
        0.011956521739130421,
        0.023630504833512367
    ],
    "states": [
        13.450980392156863,
        14.372549019607844,
        14.823529411764707,
        15.03921568627451,
        15.254901960784315,
        16.07843137254902,
        16.784313725490197,
        17.215686274509803,
        18.03921568627451,
        18.254901960784313,
        18.686274509803923
    ],
    "selections": [
        null,
        null,
        "_trust:Source",
        "_trust:Source",
        "_trust:Source",
        "_complement_gaps:Instance-attribute-character",
        "_entity_novelty:Instance-character",
        "_trust:Source",
        "_subject_gaps:Instance-attribute-character",
        "_entity_novelty:Instance-attribute",
        "_trust:Source"
    ]
}