{
    "abstract_actions": [
        null,
        7,
        2,
        2,
        2,
        2,
        2,
        2,
        2,
        2,
        2
    ],
    "specific_actions": [
        null,
        25,
        25,
        25,
        25,
        25,
        25,
        25,
        25,
        25,
        25
    ],
    "rewards": [
        0,
        0,
        0.01889493272258802,
        0.01152008991289688,
        0.011388888888888893,
        0.011260642680582356,
        0.011135252580119603,
        0.011012624227773271,
        0.010892667375132836,
        0.01077529566360047,
        0.010660426417056668
    ],
    "states": [
        3380.0,
        3493.0,
        3559.0,
        3600.0,
        3641.0,
        3682.0,
        3723.0,
        3764.0,
        3805.0,
        3846.0,
        3887.0
    ],
    "selections": [
        null,
        null,
        "_trust:Source",
        "_statement_novelty:Actor-Source",
        "_statement_novelty:Actor-Source",
        "_statement_novelty:Actor-Source",
        "_statement_novelty:Actor-Source",
        "_statement_novelty:Actor-Source",
        "_statement_novelty:Actor-Source",
        "_statement_novelty:Actor-Source",
        "_statement_novelty:Actor-Source"
    ]
}