{
    "actions": [
        null,
        7,
        4,
        7,
        5,
        4,
        5,
        4,
        4,
        3,
        7
    ],
    "rewards": [
        0,
        0,
        0.02277904328018243,
        0.055679287305122394,
        0.018987341772151778,
        0.04761904761904767,
        0.045454545454545414,
        0.051039697542533125,
        0.04856115107913661,
        0.039451114922812947,
        0.037953795379537913
    ],
    "states": [
        7.0588235294117645,
        8.607843137254902,
        8.803921568627452,
        9.294117647058824,
        9.470588235294118,
        9.92156862745098,
        10.372549019607844,
        10.901960784313726,
        11.431372549019608,
        11.882352941176471,
        12.333333333333334
    ],
    "selections": [
        null,
        null,
        "_trust:Source",
        "_subject_gaps:Instance-attribute-character",
        "_trust:Source",
        "_complement_gaps:Instance-attribute-character",
        "_subject_gaps:Instance-attribute-character",
        "_complement_gaps:Instance-attribute-character",
        "_subject_gaps:Instance-attribute-character",
        "_subject_gaps:Instance-attribute-character",
        "_entity_novelty:Instance-attribute"
    ]
}