{
    "abstract_actions": [
        null,
        5,
        3,
        5,
        3,
        4,
        7,
        5,
        5,
        4,
        3
    ],
    "specific_actions": [
        null,
        11,
        11,
        11,
        11,
        null,
        25,
        11,
        11,
        null,
        null
    ],
    "rewards": [
        0,
        0,
        -0.02276560466412214,
        -0.01586896039167396,
        -0.019699160950520267,
        -0.00878890061310833,
        -0.005359013842903271,
        -0.01116425178700542,
        -0.01885592286201898,
        -0.01886530586107149,
        -0.022232331088745894
    ],
    "states": [
        0.008177979772475417,
        0.007999326656005386,
        0.007817217147775593,
        0.007693166038484428,
        0.007541617122473246,
        0.007475334599121713,
        0.007435274177524686,
        0.007352264904501381,
        0.007213631164600973,
        0.007077543806311819,
        0.006920193509114792
    ],
    "selections": [
        null,
        null,
        "_complement_gaps:Instance-attribute-character",
        "_entity_novelty:Instance-attribute",
        "_complement_gaps:Instance-attribute-character",
        "_entity_novelty:Instance-attribute",
        "_subject_gaps:Instance-character-product",
        "_trust:Source",
        "_complement_gaps:Instance-attribute-character",
        "_complement_gaps:Instance-attribute-character",
        "_subject_gaps:Instance-attribute-character"
    ]
}