{
    "abstract_actions": [
        null,
        5,
        4,
        7,
        5,
        7,
        4,
        4,
        7,
        2,
        2
    ],
    "specific_actions": [
        null,
        11,
        null,
        25,
        11,
        25,
        null,
        null,
        25,
        25,
        25
    ],
    "rewards": [
        0,
        0,
        0.03164282618118763,
        0.026890756302520913,
        0.02454991816693952,
        0.025559105431310014,
        0.01947040498442365,
        0.02444614209320095,
        0.014541387024608499,
        0.014332965821389099,
        0.01413043478260878
    ],
    "states": [
        2096.0,
        2307.0,
        2380.0,
        2444.0,
        2504.0,
        2568.0,
        2618.0,
        2682.0,
        2721.0,
        2760.0,
        2799.0
    ],
    "selections": [
        null,
        null,
        "_complement_gaps:Instance-attribute-character",
        "_subject_gaps:Instance-character-gender",
        "_trust:Source",
        "_complement_gaps:Instance-attribute-character",
        "_trust:Source",
        "_subject_gaps:Instance-character-physical-appearance",
        "_subject_gaps:Instance-attribute-character",
        "_trust:Source",
        "_statement_novelty:Actor-Source"
    ]
}