{
    "abstract_actions": [
        null,
        3,
        4,
        7,
        5,
        4,
        5,
        5,
        7,
        7,
        5
    ],
    "specific_actions": [
        null,
        null,
        null,
        25,
        11,
        null,
        11,
        11,
        25,
        25,
        11
    ],
    "rewards": [
        0,
        0,
        -0.0018529808365141953,
        0.00025752469939499534,
        -0.004545832955962559,
        -0.004652814499154889,
        -0.0025400941641602337,
        -0.004203168887734088,
        -0.0039731071452330236,
        0.000578953263700166,
        0.00047557053199454025
    ],
    "states": [
        11.742296918767506,
        10.985714285714286,
        10.965357967667437,
        10.968181818181819,
        10.918322295805739,
        10.867521367521368,
        10.83991683991684,
        10.794354838709678,
        10.75146771037182,
        10.757692307692308,
        10.76280834914611
    ],
    "selections": [
        null,
        null,
        "_entity_novelty:Instance-character",
        "_subject_gaps:Instance-attribute-character",
        "_trust:Source",
        "_complement_gaps:Instance-attribute-character",
        "_subject_gaps:Instance-attribute-character",
        "_complement_gaps:Instance-attribute-character",
        "_complement_gaps:Instance-attribute-character",
        "_trust:Source",
        "_trust:Source"
    ]
}