{
    "actions": [
        null,
        3,
        3,
        5,
        5,
        7,
        5,
        3,
        3,
        6,
        7
    ],
    "rewards": [
        0,
        0,
        1.0153318077803204,
        1.008789722785666,
        1.0142984807864164,
        1.0154185022026432,
        1.0084598698481562,
        1.0150570015057,
        1.0135621953803773,
        1.0121262805770437,
        1.0095021689733525
    ],
    "states": [
        4289.0,
        4370.0,
        4437.0,
        4476.0,
        4540.0,
        4610.0,
        4649.0,
        4719.0,
        4783.0,
        4841.0,
        4887.0
    ],
    "selections": [
        null,
        null,
        "_entity_novelty:Instance-character",
        "_entity_novelty:Instance-attribute",
        "_complement_gaps:Instance-attribute-character",
        "_complement_gaps:Instance-attribute-character",
        "_trust:Source",
        "_complement_gaps:Instance-attribute-character",
        "_entity_novelty:Instance-character",
        "_entity_novelty:Instance-attribute",
        "_overlaps:character"
    ]
}