{
    "abstract_actions": [
        null,
        7,
        7,
        4,
        6,
        2,
        4,
        7,
        4,
        2,
        7
    ],
    "specific_actions": [
        null,
        25,
        25,
        null,
        null,
        25,
        null,
        25,
        null,
        25,
        25
    ],
    "rewards": [
        0,
        0,
        -0.017803157541148806,
        -0.012931034482758674,
        0.09050150052427974,
        -0.01821086261980842,
        -0.012306721363205986,
        0.07622723062673664,
        -0.015202189115232634,
        -0.01171875,
        -0.014801657785671996
    ],
    "states": [
        0.0028198801550934085,
        0.0030779753761969904,
        0.0030231776956667787,
        0.0029840848806366046,
        0.0032541490400260333,
        0.003194888178913738,
        0.003155569580309246,
        0.0033961099104661933,
        0.0033444816053511705,
        0.0033052884615384615,
        0.003256364712847839
    ],
    "selections": [
        null,
        null,
        "_trust:Source",
        "_trust:Source",
        "_subject_gaps:Instance-attribute-character",
        "_overlaps:character",
        "_statement_novelty:Actor-Source",
        "_subject_gaps:Instance-attribute-character",
        "_trust:Source",
        "_subject_gaps:Instance-attribute-character",
        "_statement_novelty:Actor-Source"
    ]
}