{
    "abstract_actions": [
        null,
        7,
        7,
        2,
        5,
        7,
        7,
        7,
        7,
        7,
        7
    ],
    "specific_actions": [
        null,
        25,
        25,
        25,
        11,
        25,
        25,
        25,
        25,
        25,
        25
    ],
    "rewards": [
        0,
        0,
        -0.018781006378455034,
        -0.013631597343585988,
        -0.013448275862068981,
        0.3045434098065676,
        -0.01658925016589241,
        -0.012774320340648626,
        -0.012613195342820016,
        -0.012456084318109295,
        -0.012302839116719144
    ],
    "states": [
        0.0007457121551081282,
        0.0010834236186348862,
        0.0010630758327427356,
        0.0010485844110450892,
        0.0010344827586206897,
        0.001349527665317139,
        0.0013271400132714001,
        0.0013101867016049786,
        0.00129366106080207,
        0.0012775471095496647,
        0.0012618296529968455
    ],
    "selections": [
        null,
        null,
        "_trust:Source",
        "_trust:Source",
        "_statement_novelty:Actor-Source",
        "_complement_gaps:Instance-attribute-character",
        "_trust:Source",
        "_trust:Source",
        "_trust:Source",
        "_trust:Source",
        "_trust:Source"
    ]
}