{
    "abstract_actions": [
        null,
        7,
        7,
        7,
        7,
        5,
        5,
        4,
        4,
        5,
        2
    ],
    "specific_actions": [
        null,
        25,
        25,
        25,
        25,
        11,
        11,
        null,
        null,
        11,
        25
    ],
    "rewards": [
        0,
        0,
        -0.036344473076596606,
        -0.011869156059600594,
        -0.01615282841520227,
        -0.015896533156616766,
        -0.03447660252557261,
        -0.03333927242528101,
        -0.03227400730879282,
        -0.026292436147922205,
        -0.013793837328205605
    ],
    "states": [
        0.013134665630958265,
        0.01056689342403628,
        0.010182845250483128,
        0.010061983471074381,
        0.009899453978549515,
        0.009742086980147101,
        0.009406212919563013,
        0.009092616624547504,
        0.008799161449150807,
        0.00856781005859375,
        0.008449627080386544
    ],
    "selections": [
        null,
        null,
        "_trust:Source",
        "_trust:Source",
        "_trust:Source",
        "_trust:Source",
        "_complement_gaps:Instance-attribute-character",
        "_complement_gaps:Instance-attribute-character",
        "_subject_gaps:Instance-ability-character",
        "_subject_gaps:Instance-attribute-character",
        "_complement_gaps:Instance-attribute-character"
    ]
}