{
    "abstract_actions": [
        null,
        4,
        5,
        4,
        3,
        4,
        7,
        7,
        4,
        4,
        4
    ],
    "specific_actions": [
        null,
        null,
        11,
        null,
        null,
        null,
        25,
        25,
        null,
        null,
        null
    ],
    "rewards": [
        0,
        0,
        0.010534907521621006,
        0.011310498858051021,
        0.009068000676256682,
        0.008851728625051791,
        0.00561013808659272,
        0.00806445182117832,
        0.00514556932790855,
        0.00731606885767766,
        0.006920198846029235
    ],
    "states": [
        2.261951971799956,
        2.3403682236617795,
        2.365023786464597,
        2.391773385300668,
        2.413461987976027,
        2.434825298540469,
        2.44848500468201,
        2.4682306940371457,
        2.4809311461905854,
        2.499081809287273,
        2.5163759523400353
    ],
    "selections": [
        null,
        null,
        "_subject_gaps:Instance-age-character",
        "_complement_gaps:Instance-attribute-character",
        "_subject_gaps:Instance-attribute-character",
        "_entity_novelty:Instance-character",
        "_subject_gaps:Instance-attribute-character",
        "_trust:Source",
        "_trust:Source",
        "_subject_gaps:Instance-attribute-character",
        "_subject_gaps:Instance-attribute-character"
    ]
}