{
    "abstract_actions": [
        null,
        3,
        7,
        2,
        2,
        5,
        3,
        2,
        5,
        5,
        3
    ],
    "specific_actions": [
        null,
        11,
        25,
        25,
        25,
        11,
        11,
        25,
        11,
        11,
        11
    ],
    "rewards": [
        0,
        0,
        0.02860858257477239,
        0.025284450063211228,
        0.01602959309494456,
        0.01577669902912615,
        0.02787733970529671,
        0.015110422316931382,
        0.01908396946564883,
        0.02397003745318349,
        0.023408924652523755
    ],
    "states": [
        2096.0,
        2307.0,
        2373.0,
        2433.0,
        2472.0,
        2511.0,
        2581.0,
        2620.0,
        2670.0,
        2734.0,
        2798.0
    ],
    "selections": [
        null,
        null,
        "_entity_novelty:Instance-attribute",
        "_trust:Source",
        "_statement_novelty:Actor-Source",
        "_statement_novelty:Actor-Source",
        "_complement_gaps:Instance-attribute-character",
        "_entity_novelty:Instance-attribute",
        "_statement_novelty:Actor-Source",
        "_complement_gaps:Instance-attribute-character",
        "_complement_gaps:Instance-attribute-character"
    ]
}