{
    "abstract_actions": [
        null,
        5,
        4,
        7,
        2,
        5,
        4,
        4,
        7,
        5,
        3
    ],
    "specific_actions": [
        null,
        11,
        null,
        25,
        25,
        11,
        null,
        null,
        25,
        11,
        null
    ],
    "rewards": [
        0,
        0,
        0.0068401991611950486,
        0.008880999468131368,
        0.009883133271977096,
        0.006165457097456972,
        0.0098652330714879,
        0.008283754741159832,
        0.0052912313899571295,
        0.005906740545305267,
        0.008001319475062774
    ],
    "states": [
        2.261951971799956,
        2.3403682236617795,
        2.3563768084221586,
        2.377303789604473,
        2.4007989997851102,
        2.415601023017903,
        2.439431490117699,
        2.459639142289696,
        2.4726536621273465,
        2.487258985767932,
        2.507160339530282
    ],
    "selections": [
        null,
        null,
        "_complement_gaps:Instance-attribute-character",
        "_subject_gaps:Instance-ancestry-character",
        "_trust:Source",
        "_statement_novelty:Actor-Source",
        "_complement_gaps:Instance-attribute-character",
        "_subject_gaps:Instance-character-gender",
        "_subject_gaps:Instance-character-gender",
        "_trust:Source",
        "_complement_gaps:Instance-attribute-character"
    ]
}