{
    "actions": [
        null,
        3,
        7,
        5,
        4,
        5,
        2,
        5,
        4,
        3,
        2
    ],
    "rewards": [
        0,
        0,
        0.0019433183937043186,
        0.002214417933906754,
        0.0050264443973471185,
        0.0048208790508794674,
        0.0020084041772905348,
        0.0019734024726147936,
        0.004474400146440294,
        0.004301474246319215,
        0.0017981249367780006
    ],
    "states": [
        2.4530660786106577,
        2.4772558500510886,
        2.4820699469104044,
        2.487566287114054,
        2.500069900740948,
        2.512122435351164,
        2.5171677925441887,
        2.522135177689982,
        2.5334202196983804,
        2.5443176615285172,
        2.548892662562796
    ],
    "selections": [
        null,
        null,
        "_entity_novelty:Instance-attribute",
        "_trust:Source",
        "_complement_gaps:Instance-attribute-character",
        "_subject_gaps:Instance-attribute-character",
        "_complement_gaps:Instance-attribute-character",
        "_statement_novelty:Actor-Source",
        "_complement_gaps:Instance-attribute-character",
        "_subject_gaps:Instance-attribute-character",
        "_entity_novelty:Instance-attribute"
    ]
}