{
    "actions": [
        null,
        3,
        5,
        4,
        5,
        3,
        2,
        2,
        4,
        4,
        4
    ],
    "rewards": [
        0,
        0,
        0.005152446263997135,
        0.011486449057567238,
        0.0034697903527849405,
        0.010400124507547792,
        0.004525286728243705,
        0.004398582919036054,
        0.004277155168655122,
        0.007974949551299071,
        0.0075249878633194545
    ],
    "states": [
        2.2621093381172694,
        2.347540138706822,
        2.359635713124085,
        2.3867395485373013,
        2.3950210343974265,
        2.4199295513533556,
        2.4308804264353796,
        2.4415728555573173,
        2.452015841516112,
        2.4715705441511893,
        2.490169082499265
    ],
    "selections": [
        null,
        null,
        "_entity_novelty:Instance-attribute",
        "_complement_gaps:Instance-attribute-character",
        "_subject_gaps:Instance-attribute-character",
        "_complement_gaps:Instance-attribute-character",
        "_entity_novelty:Instance-attribute",
        "_statement_novelty:Actor-Source",
        "_statement_novelty:Actor-Source",
        "_subject_gaps:Instance-attribute-character",
        "_subject_gaps:Instance-attribute-character"
    ]
}