{
    "abstract_actions": [
        null,
        7,
        4,
        3,
        7,
        2,
        5,
        5,
        5,
        7,
        7
    ],
    "specific_actions": [
        null,
        25,
        null,
        11,
        25,
        25,
        11,
        11,
        11,
        25,
        25
    ],
    "rewards": [
        0,
        0,
        0.003425413503014507,
        0.0049163236531588606,
        0.0029743202589853635,
        0.0034493918972453574,
        0.0028276200863193157,
        0.004863900233571972,
        0.0041257241810070955,
        0.003957224717302532,
        0.002891005190507334
    ],
    "states": [
        2.514447947706005,
        2.5397116644823066,
        2.548411227111588,
        2.5609400415054124,
        2.568557097352909,
        2.5774170573921302,
        2.5847050136344345,
        2.5972767609539655,
        2.607992408491401,
        2.6183128205128203,
        2.6258823764672945
    ],
    "selections": [
        null,
        null,
        "_trust:Source",
        "_subject_gaps:Instance-attribute-character",
        "_entity_novelty:Instance-attribute",
        "_trust:Source",
        "_statement_novelty:Actor-Source",
        "_complement_gaps:Instance-attribute-character",
        "_complement_gaps:Instance-attribute-character",
        "_complement_gaps:Instance-attribute-character",
        "_trust:Source"
    ]
}