{
    "abstract_actions": [
        null,
        3,
        7,
        5,
        5,
        7,
        5,
        3,
        5,
        4,
        4
    ],
    "specific_actions": [
        null,
        11,
        25,
        11,
        11,
        25,
        11,
        null,
        11,
        null,
        null
    ],
    "rewards": [
        0,
        0,
        0.02860858257477239,
        0.025284450063211228,
        0.02630497328401149,
        0.028033640368442025,
        0.019477989871445223,
        0.024073366450133804,
        0.01455223880597023,
        0.025744759102611203,
        0.022947292936536412
    ],
    "states": [
        2096.0,
        2307.0,
        2373.0,
        2433.0,
        2497.0,
        2567.0,
        2617.0,
        2680.0,
        2719.0,
        2789.0,
        2853.0
    ],
    "selections": [
        null,
        null,
        "_entity_novelty:Instance-attribute",
        "_trust:Source",
        "_complement_gaps:Instance-attribute-character",
        "_complement_gaps:Instance-attribute-character",
        "_trust:Source",
        "_complement_gaps:Instance-attribute-character",
        "_entity_novelty:Instance-character",
        "_complement_gaps:Instance-attribute-character",
        "_subject_gaps:Instance-attribute-character"
    ]
}