{
    "actions": [
        null,
        4,
        4,
        5,
        7,
        4,
        4,
        5,
        5,
        5,
        4
    ],
    "rewards": [
        0,
        0,
        1.005371311623629,
        1.005474567218149,
        1.005219569722497,
        1.0021445413296517,
        1.0042707845458807,
        1.0052903637329054,
        1.0050242180691134,
        1.0047777151019124,
        1.0017531493729097
    ],
    "states": [
        2.4752606712284133,
        2.502476104463009,
        2.515917683450765,
        2.529691243924146,
        2.5428951437481984,
        2.548348487480937,
        2.559231934818789,
        2.5727712026308476,
        2.5856973661948,
        2.5980510915502437,
        2.6026058631921822
    ],
    "selections": [
        null,
        null,
        "_subject_gaps:Instance-attribute-character",
        "_subject_gaps:Instance-attribute-character",
        "_complement_gaps:Instance-attribute-character",
        "_trust:Source",
        "_subject_gaps:Instance-attribute-character",
        "_subject_gaps:Instance-attribute-character",
        "_complement_gaps:Instance-attribute-character",
        "_complement_gaps:Instance-attribute-character",
        "_complement_gaps:Instance-attribute-character"
    ]
}