{
    "actions": [
        null,
        7,
        7,
        4,
        3,
        7,
        2,
        5,
        5,
        6,
        6
    ],
    "rewards": [
        0,
        0,
        -0.01510565743796577,
        -0.011902572447349491,
        -0.03007116217913497,
        -0.029195649133277435,
        -0.01108192833564936,
        -0.010966359242899348,
        -0.03299838528049426,
        -0.026871145507279204,
        -0.01100888708668657
    ],
    "states": [
        0.013056202873306185,
        0.010384007064254536,
        0.010227149810708491,
        0.010105420419156637,
        0.009801538682843836,
        0.00951537639849328,
        0.009409927679158448,
        0.009306735031779095,
        0.008999627803496975,
        0.008757797495277853,
        0.008661383891524273
    ],
    "selections": [
        null,
        null,
        "_trust:Source",
        "_trust:Source",
        "_subject_gaps:Instance-attribute-character",
        "_entity_novelty:Instance-attribute",
        "_trust:Source",
        "_statement_novelty:Actor-Source",
        "_complement_gaps:Instance-attribute-character",
        "_complement_gaps:Instance-attribute-character",
        "_overlaps:character"
    ]
}