{
    "abstract_actions": [
        null,
        7,
        4,
        7,
        4,
        3,
        5,
        3,
        5,
        4,
        5
    ],
    "specific_actions": [
        null,
        25,
        null,
        25,
        null,
        null,
        11,
        11,
        11,
        null,
        11
    ],
    "rewards": [
        0,
        0,
        -0.0035347786784072355,
        -0.0029308811564586756,
        0.0003557658446731171,
        -0.004633912358241621,
        -0.0025308410790689795,
        -0.004187874492623034,
        0.0004464285714287364,
        -0.0022165022165023807,
        -0.00211265562363816
    ],
    "states": [
        11.742296918767506,
        10.985714285714286,
        10.946882217090069,
        10.914798206278027,
        10.918681318681319,
        10.86808510638298,
        10.840579710144928,
        10.795180722891565,
        10.8,
        10.776061776061775,
        10.753295668549907
    ],
    "selections": [
        null,
        null,
        "_trust:Source",
        "_subject_gaps:Instance-character-institution",
        "_trust:Source",
        "_subject_gaps:Instance-attribute-character",
        "_entity_novelty:Instance-character",
        "_complement_gaps:Instance-attribute-character",
        "_entity_novelty:Instance-attribute",
        "_complement_gaps:Instance-attribute-character",
        "_subject_gaps:Instance-ancestry-character"
    ]
}