{
    "abstract_actions": [
        null,
        3,
        3,
        5,
        3,
        6,
        3,
        3,
        3,
        4,
        3
    ],
    "specific_actions": [
        null,
        null,
        11,
        11,
        11,
        null,
        null,
        11,
        null,
        null,
        11
    ],
    "rewards": [
        0,
        0,
        0.4576663858466723,
        -0.0161624533775383,
        0.2957443952208352,
        0.21906912804399048,
        -0.02564102564102555,
        0.16869176295191934,
        0.13990046127700895,
        0.11682765632943592,
        0.09994780793319413
    ],
    "states": [
        0.0,
        0.0008669267446900737,
        0.0012636899747262005,
        0.0012432656444260257,
        0.0016109544905356424,
        0.0019638648860958365,
        0.0019135093761959434,
        0.0022363026462914647,
        0.0025491624180626364,
        0.0028469750889679717,
        0.003131524008350731
    ],
    "selections": [
        null,
        null,
        "_entity_novelty:Instance-character",
        "_entity_novelty:Instance-attribute",
        "_complement_gaps:Instance-attribute-character",
        "_entity_novelty:Instance-attribute",
        "_overlaps:character",
        "_entity_novelty:Instance-character",
        "_entity_novelty:Instance-attribute",
        "_entity_novelty:Instance-character",
        "_subject_gaps:Instance-character-personality-trait"
    ]
}