{
    "abstract_actions": [
        null,
        4,
        7,
        4,
        4,
        4,
        4,
        4,
        4,
        4,
        7
    ],
    "specific_actions": [
        null,
        null,
        25,
        null,
        null,
        null,
        null,
        null,
        null,
        null,
        25
    ],
    "rewards": [
        0,
        0,
        -0.01899367807479324,
        -0.009723512637246912,
        -0.008706365253286608,
        -0.008631916067459167,
        -0.019648161267196373,
        -0.012555596625678622,
        -0.012409822202220644,
        -0.01541209565918411,
        -0.008068075158952026
    ],
    "states": [
        0.008369593181284326,
        0.008069668310972864,
        0.007916395628903885,
        0.007839420455964792,
        0.0077711675981010754,
        0.0077040875316481084,
        0.0075527163774096896,
        0.007457887517146777,
        0.007365336459054825,
        0.007251821188985795,
        0.007193312950593777
    ],
    "selections": [
        null,
        null,
        "_subject_gaps:Instance-activity-character",
        "_trust:Source",
        "_subject_gaps:Instance-activity-character",
        "_subject_gaps:Instance-activity-character",
        "_subject_gaps:Instance-activity-character",
        "_subject_gaps:Instance-activity-character",
        "_subject_gaps:Instance-character-gender",
        "_subject_gaps:Instance-activity-character",
        "_subject_gaps:Instance-activity-character"
    ]
}