{
    "actions": [
        null,
        5,
        4,
        5,
        7,
        4,
        6,
        5,
        3,
        4,
        7
    ],
    "rewards": [
        0,
        0,
        0.012500000000000178,
        0.0,
        0.010101010101009944,
        0.0,
        0.008333333333333304,
        0.0,
        0.006993006993007089,
        0.0,
        0.0
    ],
    "states": [
        0.875,
        0.8888888888888888,
        0.9,
        0.9,
        0.9090909090909091,
        0.9090909090909091,
        0.9166666666666666,
        0.9166666666666666,
        0.9230769230769231,
        0.9230769230769231,
        0.9230769230769231
    ],
    "selections": [
        null,
        null,
        "_complement_gaps:Instance-attribute-character",
        "_subject_gaps:Instance-attribute-character",
        "_complement_gaps:Instance-attribute-character",
        "_trust:Source",
        "_subject_gaps:Instance-attribute-character",
        "_overlaps:character",
        "_complement_gaps:Instance-attribute-character",
        "_entity_novelty:Instance-attribute",
        "_subject_gaps:Instance-attribute-character"
    ]
}