{
    "abstract_actions": [
        null,
        3,
        3,
        5,
        3,
        3,
        5,
        5,
        3,
        3,
        2
    ],
    "specific_actions": [
        null,
        null,
        11,
        11,
        null,
        11,
        11,
        11,
        null,
        11,
        25
    ],
    "rewards": [
        0,
        0,
        -0.004152858760854028,
        0.0002941923750685582,
        -0.004839466050123198,
        -0.0026577314222855364,
        0.0024871365693384107,
        -0.0025499854195984994,
        -0.004193705690386129,
        -0.0022571819425444284,
        0.0004368035867343689
    ],
    "states": [
        11.742296918767506,
        10.985714285714286,
        10.940092165898617,
        10.943310657596372,
        10.890350877192983,
        10.861407249466952,
        10.888421052631578,
        10.860655737704919,
        10.815109343936381,
        10.790697674418604,
        10.795411089866157
    ],
    "selections": [
        null,
        null,
        "_entity_novelty:Instance-character",
        "_entity_novelty:Instance-attribute",
        "_complement_gaps:Instance-attribute-character",
        "_entity_novelty:Instance-character",
        "_entity_novelty:Instance-attribute",
        "_complement_gaps:Instance-attribute-character",
        "_complement_gaps:Instance-attribute-character",
        "_entity_novelty:Instance-character",
        "_entity_novelty:Instance-attribute"
    ]
}