{
    "actions": [
        null,
        4,
        4,
        4,
        5,
        4,
        4,
        5,
        5,
        4,
        4
    ],
    "rewards": [
        0,
        0,
        0.010316729194527863,
        0.011094734518455551,
        0.010298537082328973,
        0.009585572567421652,
        0.007169553037916998,
        0.00766340922288733,
        0.0072405527793393265,
        0.006116098538401227,
        0.006539281636656069
    ],
    "states": [
        2.2621093381172694,
        2.347540138706822,
        2.3717590745911448,
        2.3980731118654712,
        2.4227697567341537,
        2.4459933920514834,
        2.4635300714061907,
        2.482409110476265,
        2.500383124660581,
        2.515675714234761,
        2.532126426236638
    ],
    "selections": [
        null,
        null,
        "_subject_gaps:Instance-attribute-character",
        "_subject_gaps:Instance-attribute-character",
        "_subject_gaps:Instance-attribute-character",
        "_complement_gaps:Instance-attribute-character",
        "_subject_gaps:Instance-attribute-character",
        "_subject_gaps:Instance-attribute-character",
        "_complement_gaps:Instance-attribute-character",
        "_complement_gaps:Instance-attribute-character",
        "_subject_gaps:Instance-attribute-character"
    ]
}