{
    "abstract_actions": [
        null,
        7,
        4,
        4,
        5,
        7,
        5,
        7,
        6,
        4,
        4
    ],
    "specific_actions": [
        null,
        25,
        null,
        null,
        11,
        25,
        11,
        25,
        null,
        null,
        null
    ],
    "rewards": [
        0,
        0,
        -0.026582278481012578,
        0.4569672131147542,
        0.29925452609158665,
        0.21600621600621595,
        -0.019054878048780477,
        0.17186453293636017,
        -0.01826817683595161,
        -0.016528925619834767,
        0.1404402294813254
    ],
    "states": [
        0.0,
        0.0008669267446900737,
        0.0008438818565400844,
        0.0012295081967213116,
        0.001597444089456869,
        0.0019425019425019425,
        0.0019054878048780487,
        0.002232973576479345,
        0.0021921812203142127,
        0.0021559468199784403,
        0.0024587284861257463
    ],
    "selections": [
        null,
        null,
        "_trust:Source",
        "_subject_gaps:Instance-attribute-character",
        "_subject_gaps:Instance-attribute-character",
        "_complement_gaps:Instance-attribute-character",
        "_trust:Source",
        "_complement_gaps:Instance-attribute-character",
        "_trust:Source",
        "_overlaps:character",
        "_subject_gaps:Instance-attribute-character"
    ]
}