{
    "abstract_actions": [
        null,
        3,
        4,
        3,
        2,
        2,
        7,
        5,
        3,
        4,
        7
    ],
    "specific_actions": [
        null,
        null,
        null,
        11,
        25,
        25,
        25,
        11,
        11,
        null,
        25
    ],
    "rewards": [
        0,
        0,
        0.05720823798626995,
        0.06060606060606055,
        0.01836734693877573,
        0.03607214428857697,
        0.01740812379110257,
        0.017110266159695797,
        0.04485981308411224,
        0.01610017889087656,
        0.04929577464788726
    ],
    "states": [
        7.0588235294117645,
        8.568627450980392,
        9.058823529411764,
        9.607843137254902,
        9.784313725490197,
        10.137254901960784,
        10.313725490196079,
        10.490196078431373,
        10.96078431372549,
        11.137254901960784,
        11.686274509803921
    ],
    "selections": [
        null,
        null,
        "_entity_novelty:Instance-character",
        "_subject_gaps:Instance-attribute-character",
        "_entity_novelty:Instance-attribute",
        "_statement_novelty:Actor-Source",
        "_statement_novelty:Actor-Source",
        "_trust:Source",
        "_complement_gaps:Instance-attribute-character",
        "_entity_novelty:Instance-attribute",
        "_subject_gaps:Instance-ability-character"
    ]
}