{
    "abstract_actions": [
        null,
        4,
        7,
        2,
        2,
        5,
        3,
        4,
        4,
        5,
        4
    ],
    "specific_actions": [
        null,
        null,
        25,
        25,
        25,
        11,
        null,
        null,
        null,
        11,
        null
    ],
    "rewards": [
        0,
        0,
        0.04409672830725464,
        0.024523160762942586,
        0.013297872340425565,
        0.013123359580052396,
        0.045336787564767,
        0.037174721189590976,
        0.011947431302270273,
        0.03423848878394331,
        0.0399543378995435
    ],
    "states": [
        13.098039215686274,
        13.784313725490197,
        14.392156862745098,
        14.745098039215685,
        14.941176470588236,
        15.137254901960784,
        15.823529411764707,
        16.41176470588235,
        16.607843137254903,
        17.176470588235293,
        17.862745098039216
    ],
    "selections": [
        null,
        null,
        "_subject_gaps:Instance-age-character",
        "_trust:Source",
        "_statement_novelty:Actor-Source",
        "_statement_novelty:Actor-Source",
        "_complement_gaps:Instance-attribute-character",
        "_entity_novelty:Instance-character",
        "_subject_gaps:Instance-attribute-character",
        "_subject_gaps:Instance-character-object",
        "_complement_gaps:Instance-attribute-character"
    ]
}