{
    "abstract_actions": [
        null,
        5,
        4,
        5,
        5,
        5,
        5,
        5,
        5,
        5,
        5
    ],
    "specific_actions": [
        null,
        11,
        null,
        11,
        11,
        11,
        11,
        11,
        11,
        11,
        11
    ],
    "rewards": [
        0,
        0,
        0.0039148413494813905,
        0.004678453074637101,
        0.0028255236865679656,
        0.004394087076654785,
        0.0036969688793067057,
        0.004089842613225869,
        0.00393858032980865,
        0.004263049384900741,
        0.003643983317403121
    ],
    "states": [
        2.479289584587598,
        2.498498779284193,
        2.5082800056169634,
        2.520014875921293,
        2.527135237643712,
        2.5382396899324013,
        2.5476234830743025,
        2.558042862157835,
        2.568117919457537,
        2.579065932974433,
        2.5884640062086746
    ],
    "selections": [
        null,
        null,
        "_complement_gaps:Instance-attribute-character",
        "_subject_gaps:Instance-attribute-character",
        "_complement_gaps:Instance-attribute-character",
        "_complement_gaps:Instance-attribute-character",
        "_complement_gaps:Instance-attribute-character",
        "_complement_gaps:Instance-attribute-character",
        "_complement_gaps:Instance-attribute-character",
        "_complement_gaps:Instance-attribute-character",
        "_complement_gaps:Instance-attribute-character"
    ]
}