{
    "abstract_actions": [
        null,
        4,
        7,
        2,
        2,
        2,
        2,
        5,
        3,
        5,
        4
    ],
    "specific_actions": [
        null,
        null,
        25,
        25,
        25,
        25,
        25,
        11,
        null,
        11,
        null
    ],
    "rewards": [
        0,
        0,
        0.03164282618118763,
        0.025210084033613356,
        0.015983606557377072,
        0.01573215006050832,
        0.015488482922954683,
        0.015252248728979234,
        0.026964560862865916,
        0.021380345086271513,
        0.02570694087403602
    ],
    "states": [
        2096.0,
        2307.0,
        2380.0,
        2440.0,
        2479.0,
        2518.0,
        2557.0,
        2596.0,
        2666.0,
        2723.0,
        2793.0
    ],
    "selections": [
        null,
        null,
        "_subject_gaps:Instance-attribute-character",
        "_trust:Source",
        "_statement_novelty:Actor-Source",
        "_statement_novelty:Actor-Source",
        "_statement_novelty:Actor-Source",
        "_statement_novelty:Actor-Source",
        "_complement_gaps:Instance-attribute-character",
        "_entity_novelty:Instance-character",
        "_complement_gaps:Instance-attribute-character"
    ]
}