{
    "abstract_actions": [
        null,
        7,
        4,
        3,
        2,
        4,
        3,
        4,
        5,
        3,
        4
    ],
    "specific_actions": [
        null,
        25,
        null,
        11,
        25,
        null,
        11,
        null,
        11,
        11,
        null
    ],
    "rewards": [
        0,
        0,
        0.04337899543378998,
        0.06126914660831506,
        0.01855670103092777,
        0.028340080971660075,
        0.04724409448818889,
        0.016917293233082553,
        0.044362292051756125,
        0.0424778761061948,
        0.015280135823429575
    ],
    "states": [
        7.0588235294117645,
        8.588235294117647,
        8.96078431372549,
        9.509803921568627,
        9.686274509803921,
        9.96078431372549,
        10.431372549019608,
        10.607843137254902,
        11.07843137254902,
        11.549019607843137,
        11.72549019607843
    ],
    "selections": [
        null,
        null,
        "_trust:Source",
        "_subject_gaps:Instance-character-enchantment",
        "_entity_novelty:Instance-attribute",
        "_statement_novelty:Actor-Source",
        "_subject_gaps:Instance-attribute-character",
        "_entity_novelty:Instance-attribute",
        "_subject_gaps:Instance-character-enchantment",
        "_complement_gaps:Instance-attribute-character",
        "_entity_novelty:Instance-attribute"
    ]
}