{
    "actions": [
        null,
        5,
        5,
        4,
        5,
        7,
        2,
        7,
        4,
        4,
        2
    ],
    "rewards": [
        0,
        0,
        0.0546697038724373,
        0.05831533477321815,
        0.055102040816326525,
        0.044487427466150864,
        0.01666666666666683,
        0.016393442622950838,
        0.016129032258064502,
        0.040564373897707284,
        0.015254237288135464
    ],
    "states": [
        7.0588235294117645,
        8.607843137254902,
        9.07843137254902,
        9.607843137254902,
        10.137254901960784,
        10.588235294117647,
        10.764705882352942,
        10.941176470588236,
        11.117647058823529,
        11.568627450980392,
        11.745098039215685
    ],
    "selections": [
        null,
        null,
        "_complement_gaps:Instance-attribute-character",
        "_complement_gaps:Instance-attribute-character",
        "_subject_gaps:Instance-attribute-character",
        "_complement_gaps:Instance-attribute-character",
        "_trust:Source",
        "_statement_novelty:Actor-Source",
        "_trust:Source",
        "_subject_gaps:Instance-attribute-character",
        "_subject_gaps:Instance-attribute-character"
    ]
}