{
    "abstract_actions": [
        null,
        3,
        2,
        7,
        4,
        4,
        3,
        5,
        3,
        2,
        2
    ],
    "specific_actions": [
        null,
        11,
        25,
        25,
        null,
        null,
        null,
        11,
        11,
        25,
        25
    ],
    "rewards": [
        0,
        0,
        0.012394366197183038,
        0.016138007790762465,
        0.011226725082146727,
        0.020579474681830412,
        0.022287078800742988,
        0.010641058915131119,
        0.02157164869029282,
        0.010306686777274976,
        0.01443145060960438
    ],
    "states": [
        3449.0,
        3550.0,
        3594.0,
        3652.0,
        3693.0,
        3769.0,
        3853.0,
        3894.0,
        3978.0,
        4019.0,
        4077.0
    ],
    "selections": [
        null,
        null,
        "_entity_novelty:Instance-attribute",
        "_statement_novelty:Actor-Source",
        "_trust:Source",
        "_subject_gaps:Instance-age-character",
        "_subject_gaps:Instance-character-personality-trait",
        "_entity_novelty:Instance-character",
        "_complement_gaps:Instance-attribute-character",
        "_entity_novelty:Instance-attribute",
        "_statement_novelty:Actor-Source"
    ]
}