{
    "abstract_actions": [
        null,
        5,
        3,
        7,
        5,
        6,
        6,
        4,
        3,
        3,
        3
    ],
    "specific_actions": [
        null,
        11,
        11,
        25,
        11,
        null,
        null,
        null,
        11,
        null,
        11
    ],
    "rewards": [
        0,
        0,
        0.005025407989890818,
        0.003235539902627149,
        0.0037622303817503866,
        0.0030682107332191677,
        0.0026059316604616356,
        0.0029309868873870215,
        0.004504745898008533,
        0.004316394632391196,
        0.004131357070484176
    ],
    "states": [
        2.4995433789954338,
        2.5233430715472305,
        2.53602389998022,
        2.544229306502622,
        2.553801283297686,
        2.561636883805609,
        2.5683123344637244,
        2.575840024238752,
        2.5874435290218676,
        2.598611956382153,
        2.6093477502615974
    ],
    "selections": [
        null,
        null,
        "_complement_gaps:Instance-attribute-character",
        "_entity_novelty:Instance-attribute",
        "_trust:Source",
        "_complement_gaps:Instance-attribute-character",
        "_overlaps:character",
        "_overlaps:character",
        "_subject_gaps:Instance-attribute-character",
        "_entity_novelty:Instance-attribute",
        "_entity_novelty:Instance-character"
    ]
}