{
    "actions": [
        null,
        5,
        6,
        7,
        4,
        4,
        5,
        7,
        2,
        5,
        7
    ],
    "rewards": [
        0,
        0,
        -0.01579652105556506,
        -0.006225414648693528,
        -0.005873645730455124,
        -0.005849020560086848,
        -0.016886324531093955,
        -0.020275729559765088,
        -0.005624577876954584,
        -0.005601162060669407,
        -0.012551910274474443
    ],
    "states": [
        0.00865051903114187,
        0.008363925048421242,
        0.008231804130286688,
        0.008180557736268825,
        0.008132508038248448,
        0.008084940831527661,
        0.007948415896831793,
        0.007787255965679094,
        0.007743455938052353,
        0.007700083586433669,
        0.0076034328281508
    ],
    "selections": [
        null,
        null,
        "_complement_gaps:Instance-attribute-character",
        "_overlaps:character",
        "_trust:Source",
        "_subject_gaps:Instance-attribute-character",
        "_subject_gaps:Instance-attribute-character",
        "_complement_gaps:Instance-attribute-character",
        "_trust:Source",
        "_statement_novelty:Actor-Source",
        "_complement_gaps:Instance-attribute-character"
    ]
}