{
    "abstract_actions": [
        null,
        7,
        7,
        5,
        4,
        7,
        7,
        7,
        7,
        7,
        4
    ],
    "specific_actions": [
        null,
        25,
        25,
        11,
        null,
        25,
        25,
        25,
        25,
        25,
        null
    ],
    "rewards": [
        0,
        0,
        0.125,
        0.0,
        -0.012345679012345623,
        -0.010000000000000009,
        0.09090909090909083,
        0.0,
        0.0,
        0.0,
        0.0
    ],
    "states": [
        1.1428571428571428,
        1.0,
        1.125,
        1.125,
        1.1111111111111112,
        1.1,
        1.2,
        1.2,
        1.2,
        1.2,
        1.2
    ],
    "selections": [
        null,
        null,
        "_trust:Source",
        "_trust:Source",
        "_complement_gaps:Instance-attribute-character",
        "_subject_gaps:Instance-attribute-character",
        "_trust:Source",
        "_trust:Source",
        "_trust:Source",
        "_trust:Source",
        "_trust:Source"
    ]
}