{
    "abstract_actions": [
        null,
        5,
        5,
        7,
        5,
        4,
        5,
        5,
        null,
        5,
        5
    ],
    "specific_actions": [
        null,
        11,
        11,
        25,
        11,
        null,
        11,
        11,
        24,
        24,
        11
    ],
    "rewards": [
        0,
        0,
        0.004440017203976243,
        0.004603700950792211,
        0.004428794174845985,
        0.004222086270416092,
        0.002598850805578312,
        0.002545169922822943,
        0.003864462253993839,
        0.0017386581033524973,
        0.0023480746371631334
    ],
    "states": [
        2.5303764166216944,
        2.5518100162449513,
        2.5631400966183575,
        2.574940027118173,
        2.5863439065108516,
        2.5972636736091053,
        2.6040135743995636,
        2.6106412314277483,
        2.6207299559253205,
        2.6252865092998885,
        2.631450877967662
    ],
    "selections": [
        null,
        null,
        "_complement_gaps:Instance-attribute-character",
        "_complement_gaps:Instance-attribute-character",
        "_trust:Source",
        "_complement_gaps:Instance-attribute-character",
        "_subject_gaps:Instance-ancestry-character",
        "_complement_gaps:Instance-attribute-character",
        "_complement_gaps:Instance-attribute-character",
        "_complement_conflict:Actor-Source-org/ancestry-org/attribute",
        "_complement_gaps:Instance-character-org-ancestry-org-attribute"
    ]
}