{
    "abstract_actions": [
        null,
        5,
        7,
        2,
        7,
        2,
        7,
        7,
        2,
        7,
        7
    ],
    "specific_actions": [
        null,
        11,
        25,
        25,
        25,
        25,
        25,
        25,
        25,
        25,
        25
    ],
    "rewards": [
        0,
        0,
        0.047775947281713416,
        0.022012578616352085,
        0.013846153846153841,
        0.01365705614567525,
        0.013473053892215647,
        0.013293943870014813,
        0.013119533527696792,
        0.012949640287769792,
        0.012784090909090828
    ],
    "states": [
        11.254901960784315,
        11.901960784313726,
        12.470588235294118,
        12.745098039215685,
        12.92156862745098,
        13.098039215686274,
        13.27450980392157,
        13.450980392156863,
        13.627450980392156,
        13.803921568627452,
        13.980392156862745
    ],
    "selections": [
        null,
        null,
        "_complement_gaps:Instance-attribute-character",
        "_trust:Source",
        "_statement_novelty:Actor-Source",
        "_trust:Source",
        "_statement_novelty:Actor-Source",
        "_trust:Source",
        "_trust:Source",
        "_statement_novelty:Actor-Source",
        "_trust:Source"
    ]
}