{
    "abstract_actions": [
        null,
        3,
        4,
        5,
        7,
        2,
        2,
        4,
        7,
        2,
        4
    ],
    "specific_actions": [
        null,
        null,
        null,
        11,
        25,
        25,
        25,
        null,
        25,
        25,
        null
    ],
    "rewards": [
        0,
        0,
        -0.03433476394849788,
        -0.025990870518208475,
        -0.03513761240559565,
        -0.030429422992378052,
        -0.014948249005666825,
        -0.01472839344097443,
        -0.032035272230304224,
        -0.01694171094247121,
        -0.013822711611847671
    ],
    "states": [
        0.013134665630958265,
        0.01056689342403628,
        0.01020408163265306,
        0.009938868668181545,
        0.009589640553168863,
        0.009297833324431626,
        0.009158846996684835,
        0.009023951894651975,
        0.008734867139113629,
        0.008586883544921875,
        0.0084681895300359
    ],
    "selections": [
        null,
        null,
        "_entity_novelty:Instance-character",
        "_subject_gaps:Instance-attribute-character",
        "_complement_gaps:Instance-attribute-character",
        "_trust:Source",
        "_statement_novelty:Actor-Source",
        "_statement_novelty:Actor-Source",
        "_subject_gaps:Instance-character-object",
        "_trust:Source",
        "_statement_novelty:Actor-Source"
    ]
}