{
    "abstract_actions": [
        null,
        3,
        5,
        4,
        5,
        5,
        4,
        2,
        5,
        5,
        7
    ],
    "specific_actions": [
        null,
        null,
        11,
        null,
        11,
        11,
        null,
        25,
        11,
        11,
        25
    ],
    "rewards": [
        0,
        0,
        0.0015545577770248453,
        -0.0015727755005582322,
        -1.1142570301214683e-05,
        -1.06954960197303e-05,
        -0.0014409398983661337,
        0.002134671894677753,
        0.002178332849259279,
        -6.363168483602966e-05,
        0.0010062053852328834
    ],
    "states": [
        10.74671669793621,
        10.672694394213382,
        10.689285714285715,
        10.67247386759582,
        10.672354948805461,
        10.672240802675585,
        10.656862745098039,
        10.679611650485437,
        10.702875399361023,
        10.702194357366771,
        10.712962962962964
    ],
    "selections": [
        null,
        null,
        "_entity_novelty:Instance-character",
        "_complement_gaps:Instance-attribute-character",
        "_subject_gaps:Instance-attribute-character",
        "_complement_gaps:Instance-attribute-character",
        "_complement_gaps:Instance-attribute-character",
        "_subject_gaps:Instance-character-product",
        "_statement_novelty:Actor-Source",
        "_complement_gaps:Instance-attribute-character",
        "_complement_gaps:Instance-attribute-character"
    ]
}