{
    "actions": [
        null,
        5,
        6,
        5,
        3,
        3,
        5,
        7,
        5,
        3,
        4,
        6,
        6,
        6,
        2,
        6,
        5,
        5,
        7,
        5,
        4,
        7,
        4,
        5,
        7,
        5
    ],
    "rewards": [
        0,
        0,
        0.33333333333333326,
        0.0,
        0.125,
        0.06666666666666665,
        0.0,
        0.04166666666666674,
        0.0,
        0.02857142857142847,
        0.02083333333333348,
        0.015873015873015817,
        0.0,
        0.0,
        0.0,
        0.0,
        0.0,
        0.012500000000000178,
        0.010101010101009944,
        0.0,
        0.008333333333333304,
        0.006993006993007089,
        0.0,
        0.005952380952380931,
        0.0,
        0.0
    ],
    "states": [
        0.0,
        0.5,
        0.6666666666666666,
        0.6666666666666666,
        0.75,
        0.8,
        0.8,
        0.8333333333333334,
        0.8333333333333334,
        0.8571428571428571,
        0.875,
        0.8888888888888888,
        0.8888888888888888,
        0.8888888888888888,
        0.8888888888888888,
        0.8888888888888888,
        0.8888888888888888,
        0.9,
        0.9090909090909091,
        0.9090909090909091,
        0.9166666666666666,
        0.9230769230769231,
        0.9230769230769231,
        0.9285714285714286,
        0.9285714285714286,
        0.9285714285714286
    ],
    "selections": [
        null,
        null,
        "_complement_gaps:Instance-attribute-character",
        "_overlaps:character",
        "_complement_gaps:Instance-attribute-character",
        "_entity_novelty:Instance-character",
        "_entity_novelty:Instance-attribute",
        "_complement_gaps:Instance-attribute-character",
        "_trust:Source",
        "_complement_gaps:Instance-attribute-character",
        "_entity_novelty:Instance-character",
        "_subject_gaps:Instance-attribute-character",
        "_overlaps:character",
        "_overlaps:character",
        "_overlaps:character",
        "_statement_novelty:Actor-Source",
        "_overlaps:character",
        "_complement_gaps:Instance-attribute-character",
        "_complement_gaps:Instance-attribute-character",
        "_trust:Source",
        "_complement_gaps:Instance-attribute-character",
        "_subject_gaps:Instance-attribute-character",
        "_trust:Source",
        "_subject_gaps:Instance-attribute-character",
        "_complement_gaps:Instance-attribute-character",
        "_trust:Source"
    ]
}