{
    "actions": [
        null,
        7,
        2,
        5,
        7,
        5,
        7,
        4,
        5,
        6,
        5
    ],
    "rewards": [
        0,
        0,
        0.0021034883713726416,
        0.0023694497824366945,
        0.006078623568212871,
        0.002216013095149183,
        0.005676395400806333,
        0.0020772843889955706,
        0.005312689141943938,
        0.00392539335687081,
        0.001561095385939737
    ],
    "states": [
        2.4309282448817333,
        2.45665776216003,
        2.461825313195176,
        2.4676584846479237,
        2.482658451671005,
        2.4881600553106904,
        2.5022838356051262,
        2.5074817907536646,
        2.5208032620370235,
        2.530698406415802,
        2.5346490680212628
    ],
    "selections": [
        null,
        null,
        "_trust:Source",
        "_statement_novelty:Actor-Source",
        "_complement_gaps:Instance-attribute-character",
        "_trust:Source",
        "_complement_gaps:Instance-attribute-character",
        "_trust:Source",
        "_subject_gaps:Instance-attribute-character",
        "_complement_gaps:Instance-attribute-character",
        "_overlaps:character"
    ]
}