{
    "abstract_actions": [
        null,
        4,
        3,
        4,
        5,
        4,
        7,
        4,
        4,
        5,
        7
    ],
    "specific_actions": [
        null,
        null,
        11,
        null,
        11,
        null,
        25,
        null,
        null,
        11,
        25
    ],
    "rewards": [
        0,
        0,
        0.08425312729948509,
        -0.012749264465511612,
        -0.012588766946417085,
        0.07637397346809838,
        0.06731093381278797,
        -0.015216068167985375,
        -0.0117293233082707,
        0.06507490636704127,
        0.05722898291838785
    ],
    "states": [
        0.002797202797202797,
        0.003053953172718018,
        0.0033112582781456954,
        0.0032690421706440013,
        0.0032278889606197547,
        0.003474415666456096,
        0.003708281829419036,
        0.0036518563603164943,
        0.0036090225563909775,
        0.00384387936132466,
        0.0040638606676342524
    ],
    "selections": [
        null,
        null,
        "_subject_gaps:Instance-character-object",
        "_entity_novelty:Instance-attribute",
        "_subject_gaps:Instance-character-physical-appearance",
        "_complement_gaps:Instance-attribute-character",
        "_subject_gaps:Instance-character-enchantment",
        "_trust:Source",
        "_subject_gaps:Instance-attribute-character",
        "_subject_gaps:Instance-character-designation",
        "_complement_gaps:Instance-attribute-character"
    ]
}