{
    "abstract_actions": [
        null,
        4,
        7,
        5,
        5,
        3,
        7,
        7,
        5,
        4,
        4
    ],
    "specific_actions": [
        null,
        null,
        25,
        11,
        11,
        11,
        25,
        25,
        11,
        null,
        null
    ],
    "rewards": [
        0,
        0,
        0.006175417291809149,
        0.004095328944279775,
        0.0053131907170793635,
        0.005062832538004214,
        0.004231811755103676,
        0.0034997509216061484,
        0.0028662002268160514,
        0.004756442621528967,
        0.004210927903538497
    ],
    "states": [
        2.485804391217565,
        2.5020486790606653,
        2.5174998737382848,
        2.527809863838426,
        2.541240599741514,
        2.554106475336783,
        2.5649149731428995,
        2.573891536683998,
        2.581268825190241,
        2.593546482248,
        2.6044677194992225
    ],
    "selections": [
        null,
        null,
        "_subject_gaps:Instance-activity-character",
        "_trust:Source",
        "_complement_gaps:Instance-attribute-character",
        "_complement_gaps:Instance-attribute-character",
        "_entity_novelty:Instance-attribute",
        "_trust:Source",
        "_trust:Source",
        "_complement_gaps:Instance-attribute-character",
        "_subject_gaps:Instance-character-physical-appearance"
    ]
}