{
    "abstract_actions": [
        null,
        7,
        5,
        3,
        2,
        4,
        3,
        6,
        2,
        4,
        7
    ],
    "specific_actions": [
        null,
        25,
        11,
        11,
        25,
        null,
        11,
        null,
        25,
        null,
        25
    ],
    "rewards": [
        0,
        0,
        -0.036344473076596606,
        -0.035984607450932016,
        -0.011437729293678367,
        -0.018792731866825174,
        -0.033728196876374295,
        -0.02790101722376892,
        -0.018147422638879585,
        -0.014129822873369391,
        -0.0307714645928987
    ],
    "states": [
        0.013134665630958265,
        0.01056689342403628,
        0.010182845250483128,
        0.009816419561410905,
        0.009704142011834319,
        0.009521774673008323,
        0.009200622382224624,
        0.008943915658668781,
        0.008781606641164426,
        0.008657524094781169,
        0.008391119398636442
    ],
    "selections": [
        null,
        null,
        "_trust:Source",
        "_complement_gaps:Instance-attribute-character",
        "_entity_novelty:Instance-attribute",
        "_statement_novelty:Actor-Source",
        "_subject_gaps:Instance-activity-character",
        "_entity_novelty:Instance-attribute",
        "_overlaps:character",
        "_statement_novelty:Actor-Source",
        "_subject_gaps:Instance-activity-character"
    ]
}