{
    "abstract_actions": [
        null,
        3,
        7,
        2,
        2,
        7,
        2,
        7,
        7,
        7,
        2
    ],
    "specific_actions": [
        null,
        null,
        25,
        25,
        25,
        25,
        25,
        25,
        25,
        25,
        25
    ],
    "rewards": [
        0,
        0,
        -0.02287866458200505,
        -0.011767192503978285,
        -0.009051900088948184,
        -0.008974850608620688,
        -0.00889899064321853,
        -0.008824297497555644,
        -0.008750748771183536,
        -0.005371163115169941,
        -0.008639661096387141
    ],
    "states": [
        0.008352730269340311,
        0.008038900302768166,
        0.007854980999132954,
        0.007762549925601065,
        0.0076922840992390525,
        0.0076232469986093135,
        0.007555407794897746,
        0.007488736628800217,
        0.007423204575948026,
        0.007383333333333334,
        0.007319543835571676
    ],
    "selections": [
        null,
        null,
        "_entity_novelty:Instance-character",
        "_trust:Source",
        "_statement_novelty:Actor-Source",
        "_statement_novelty:Actor-Source",
        "_trust:Source",
        "_statement_novelty:Actor-Source",
        "_trust:Source",
        "_trust:Source",
        "_trust:Source"
    ]
}