{
    "abstract_actions": [
        null,
        7,
        5,
        4,
        3,
        7,
        2,
        4,
        7,
        4,
        5
    ],
    "specific_actions": [
        null,
        25,
        11,
        null,
        11,
        25,
        25,
        null,
        25,
        null,
        11
    ],
    "rewards": [
        0,
        0,
        0.0016096096096096524,
        -0.0001279222232883903,
        -0.0001226354355090553,
        0.0021711493057277043,
        0.0021930471290652065,
        0.0020676087689184275,
        -0.0016878173485024295,
        0.0020557719526030915,
        0.0019472571492156199
    ],
    "states": [
        10.776515151515152,
        10.714285714285714,
        10.731531531531532,
        10.73015873015873,
        10.728842832469775,
        10.752136752136753,
        10.775716694772344,
        10.797996661101836,
        10.779771615008157,
        10.801932367149758,
        10.822966507177034
    ],
    "selections": [
        null,
        null,
        "_trust:Source",
        "_complement_gaps:Instance-attribute-character",
        "_subject_gaps:Instance-activity-character",
        "_entity_novelty:Instance-attribute",
        "_trust:Source",
        "_statement_novelty:Actor-Source",
        "_subject_gaps:Instance-character-object",
        "_trust:Source",
        "_subject_gaps:Instance-character-object"
    ]
}