{
    "abstract_actions": [
        null,
        4,
        4,
        4,
        4,
        7,
        4,
        4,
        2,
        4,
        5
    ],
    "specific_actions": [
        null,
        null,
        null,
        null,
        null,
        25,
        null,
        null,
        25,
        null,
        11
    ],
    "rewards": [
        0,
        0,
        0.030627871362940207,
        0.03566121842496295,
        0.03443328550932567,
        0.03883495145631066,
        0.01869158878504673,
        0.02490170380078638,
        0.011508951406649537,
        0.011378002528444897,
        0.030000000000000027
    ],
    "states": [
        12.156862745098039,
        12.803921568627452,
        13.196078431372548,
        13.666666666666666,
        14.137254901960784,
        14.686274509803921,
        14.96078431372549,
        15.333333333333334,
        15.509803921568627,
        15.686274509803921,
        16.15686274509804
    ],
    "selections": [
        null,
        null,
        "_subject_gaps:Instance-character-institution",
        "_subject_gaps:Instance-character-object",
        "_subject_gaps:Instance-character-gender",
        "_subject_gaps:Instance-character-product",
        "_trust:Source",
        "_subject_gaps:Instance-character-gender",
        "_subject_gaps:Instance-attribute-character",
        "_statement_novelty:Actor-Source",
        "_subject_gaps:Instance-character-designation"
    ]
}