{
    "abstract_actions": [
        null,
        3,
        6,
        5,
        3,
        5,
        4,
        5,
        4,
        4,
        4
    ],
    "specific_actions": [
        null,
        11,
        11,
        11,
        null,
        11,
        null,
        11,
        null,
        null,
        null
    ],
    "rewards": [
        0,
        0,
        0.0015404598836337158,
        0.003228187161921525,
        -0.0016143240212189713,
        0.0010813426555835726,
        -0.00040486453201971084,
        0.003711538211973009,
        -0.0004557214816077737,
        0.001986194443922118,
        -0.00018246710118174914
    ],
    "states": [
        10.730983302411873,
        10.67504488330341,
        10.691489361702128,
        10.726003490401396,
        10.708688245315162,
        10.720268006700168,
        10.71592775041051,
        10.7557003257329,
        10.750798722044728,
        10.772151898734178,
        10.770186335403727
    ],
    "selections": [
        null,
        null,
        "_entity_novelty:Instance-attribute",
        "_overlaps:attribute-physical-appearance",
        "_complement_gaps:Instance-attribute-character-physical-appearance",
        "_entity_novelty:Instance-character",
        "_complement_gaps:Instance-attribute-character",
        "_subject_gaps:Instance-character-personality-trait",
        "_complement_gaps:Instance-attribute-character",
        "_subject_gaps:Instance-attribute-character",
        "_subject_gaps:Instance-character-object"
    ]
}