{
    "abstract_actions": [
        null,
        5,
        4,
        4,
        4,
        2,
        5,
        4,
        4,
        3,
        5
    ],
    "specific_actions": [
        null,
        11,
        null,
        null,
        null,
        25,
        11,
        null,
        null,
        null,
        11
    ],
    "rewards": [
        0,
        0,
        -0.010000000000000009,
        -0.00826446280991755,
        0.0,
        0.0,
        0.08333333333333348,
        -0.012820512820512775,
        -0.010989010989011172,
        -0.00952380952380949,
        -0.008333333333333304
    ],
    "states": [
        1.1111111111111112,
        1.1111111111111112,
        1.1,
        1.0909090909090908,
        1.0909090909090908,
        1.0909090909090908,
        1.1818181818181819,
        1.1666666666666667,
        1.1538461538461537,
        1.1428571428571428,
        1.1333333333333333
    ],
    "selections": [
        null,
        null,
        "_complement_gaps:Instance-attribute-character",
        "_subject_gaps:Instance-attribute-character",
        "_subject_gaps:Instance-age-character",
        "_subject_gaps:Instance-attribute-character",
        "_statement_novelty:Actor-Source",
        "_complement_gaps:Instance-attribute-character",
        "_subject_gaps:Instance-attribute-character",
        "_subject_gaps:Instance-attribute-character",
        "_entity_novelty:Instance-character"
    ]
}