{
    "actions": [
        null,
        5,
        4,
        4,
        6,
        3,
        5,
        7,
        5,
        3,
        7
    ],
    "rewards": [
        0,
        0,
        1.0022599395489422,
        0.9981680023103026,
        1.0006937486584273,
        1.0031300171075141,
        1.0027225723057036,
        0.9993761284041175,
        1.0026430158929327,
        0.998181386178535,
        1.0005589623700004
    ],
    "states": [
        11.082489146164978,
        11.029619181946403,
        11.054545454545455,
        11.034293552812072,
        11.041948579161028,
        11.076510067114095,
        11.106666666666667,
        11.0997375328084,
        11.129074315514993,
        11.108834827144687,
        11.11504424778761
    ],
    "selections": [
        null,
        null,
        "_complement_gaps:Instance-attribute-character",
        "_subject_gaps:Instance-attribute-character",
        "_subject_gaps:Instance-attribute-character",
        "_overlaps:character",
        "_entity_novelty:Instance-character",
        "_complement_gaps:Instance-attribute-character",
        "_trust:Source",
        "_complement_gaps:Instance-attribute-character",
        "_entity_novelty:Instance-attribute"
    ]
}