{
    "actions": [
        null,
        5,
        7,
        2,
        5,
        7,
        5,
        3,
        6,
        5,
        5,
        4,
        7,
        4,
        5,
        5,
        3,
        7,
        7,
        5,
        3,
        5,
        5,
        5,
        2,
        6
    ],
    "rewards": [
        0,
        0,
        0.4538364249578415,
        -0.016175860638738992,
        -0.015918367346938855,
        0.29372937293729384,
        -0.015210608424336969,
        0.2167805618830676,
        0.17153446997776123,
        -0.016763848396501357,
        0.14007597340930666,
        0.11506006155068005,
        0.09828697421981003,
        -0.013056578506863037,
        0.08780363450963247,
        0.07739967897271272,
        0.06693306693306678,
        -0.012096774193548376,
        -0.01195219123505975,
        -0.011811023622047223,
        0.0627351950881363,
        -0.011453744493391982,
        0.05705479300175176,
        -0.011117445838084383,
        -0.010995207217366798,
        -0.010875627440044666
    ],
    "states": [
        0.0,
        0.0008699434536755111,
        0.0012647554806070826,
        0.001244296972210701,
        0.0012244897959183673,
        0.0015841584158415843,
        0.0015600624024961,
        0.0018982536066818527,
        0.002223869532987398,
        0.002186588921282799,
        0.002492877492877493,
        0.002779708130646282,
        0.0030529172320217096,
        0.003013056578506863,
        0.0032776138970829235,
        0.003531300160513644,
        0.0037676609105180532,
        0.0037220843672456576,
        0.003677597303095311,
        0.0036341611144760752,
        0.0038621509209744503,
        0.0038179148311306903,
        0.00403574517151917,
        0.003990877993158495,
        0.0039469974626444885,
        0.0039040713887339654
    ],
    "selections": [
        null,
        null,
        "_complement_gaps:Instance-attribute-character",
        "_trust:Source",
        "_statement_novelty:Actor-Source",
        "_complement_gaps:Instance-attribute-character",
        "_trust:Source",
        "_complement_gaps:Instance-attribute-character",
        "_entity_novelty:Instance-attribute",
        "_overlaps:character",
        "_complement_gaps:Instance-attribute-character",
        "_complement_gaps:Instance-attribute-character",
        "_subject_gaps:Instance-attribute-character",
        "_trust:Source",
        "_subject_gaps:Instance-attribute-character",
        "_complement_gaps:Instance-attribute-character",
        "_complement_gaps:Instance-attribute-character",
        "_entity_novelty:Instance-attribute",
        "_trust:Source",
        "_trust:Source",
        "_complement_gaps:Instance-attribute-character",
        "_entity_novelty:Instance-attribute",
        "_complement_gaps:Instance-attribute-character",
        "_complement_gaps:Instance-attribute-character",
        "_complement_gaps:Instance-attribute-character",
        "_statement_novelty:Actor-Source"
    ]
}