{
    "abstract_actions": [
        null,
        3,
        7,
        7,
        7,
        5,
        6,
        6,
        3,
        3,
        4
    ],
    "specific_actions": [
        null,
        null,
        25,
        25,
        25,
        11,
        null,
        null,
        null,
        null,
        null
    ],
    "rewards": [
        0,
        0,
        -0.0010075835931803168,
        0.0023415458981590476,
        0.002204474385724131,
        0.0021530724501022114,
        -0.0006229772233450337,
        0.002614551567753587,
        0.002529108382930856,
        -0.0018423783319367892,
        -0.00033303192653155733
    ],
    "states": [
        10.829457364341085,
        10.764044943820224,
        10.753199268738575,
        10.778378378378378,
        10.802139037433156,
        10.825396825396826,
        10.818652849740932,
        10.846938775510203,
        10.874371859296483,
        10.854337152209492,
        10.850722311396469
    ],
    "selections": [
        null,
        null,
        "_entity_novelty:Instance-character",
        "_trust:Source",
        "_trust:Source",
        "_trust:Source",
        "_complement_gaps:Instance-attribute-character",
        "_overlaps:character",
        "_overlaps:character",
        "_entity_novelty:Instance-character",
        "_entity_novelty:Instance-character"
    ]
}