{
    "abstract_actions": [
        null,
        4,
        3,
        2,
        5,
        2,
        5,
        3,
        4,
        4,
        7
    ],
    "specific_actions": [
        null,
        null,
        11,
        25,
        11,
        25,
        11,
        11,
        null,
        null,
        25
    ],
    "rewards": [
        0,
        0,
        0.023716814159292054,
        0.013485477178423189,
        0.017059024223814445,
        0.01308285810130827,
        0.01655629139072845,
        0.02084690553745938,
        0.012444160816847516,
        0.02017018594390163,
        0.02162496138399761
    ],
    "states": [
        2738.0,
        2825.0,
        2892.0,
        2931.0,
        2981.0,
        3020.0,
        3070.0,
        3134.0,
        3173.0,
        3237.0,
        3307.0
    ],
    "selections": [
        null,
        null,
        "_subject_gaps:Instance-attribute-character",
        "_entity_novelty:Instance-attribute",
        "_statement_novelty:Actor-Source",
        "_complement_gaps:Instance-attribute-character",
        "_statement_novelty:Actor-Source",
        "_complement_gaps:Instance-attribute-character",
        "_entity_novelty:Instance-attribute",
        "_subject_gaps:Instance-attribute-character",
        "_subject_gaps:Instance-character-product"
    ]
}