{
    "abstract_actions": [
        null,
        4,
        6,
        6,
        4,
        7,
        5,
        5,
        5,
        5,
        6
    ],
    "specific_actions": [
        null,
        null,
        null,
        null,
        null,
        25,
        11,
        11,
        11,
        11,
        11
    ],
    "rewards": [
        0,
        0,
        0.0007506689428886659,
        0.003121469990210235,
        0.0010848690093971936,
        0.0005979839398599918,
        0.0022072618916233466,
        0.0005281805071719603,
        0.0005092698558022413,
        0.0004913570840991976,
        0.00047437318778786874
    ],
    "states": [
        12.266891891891891,
        12.20983606557377,
        12.219001610305957,
        12.257142857142858,
        12.270440251572326,
        12.277777777777779,
        12.304878048780488,
        12.311377245508982,
        12.31764705882353,
        12.323699421965317,
        12.329545454545455
    ],
    "selections": [
        null,
        null,
        "_subject_gaps:Instance-character-gender",
        "_overlaps:character",
        "_overlaps:character",
        "_subject_gaps:Instance-attribute-character",
        "_trust:Source",
        "_complement_gaps:Instance-attribute-character",
        "_complement_gaps:Instance-attribute-character",
        "_complement_gaps:Instance-attribute-character",
        "_complement_gaps:Instance-attribute-character"
    ]
}