{
    "actions": [
        null,
        5,
        5,
        7,
        5,
        4,
        3,
        6,
        3,
        6,
        4
    ],
    "rewards": [
        0,
        0,
        0.011533907175554026,
        0.010995044451151292,
        0.004760065990016882,
        0.00890641991709984,
        0.008377294114754852,
        0.007894209561362109,
        0.003504547494364907,
        0.007248427664693358,
        0.0032091874776118967
    ],
    "states": [
        2.2621093381172694,
        2.347540138706822,
        2.374616448757554,
        2.4007254621660783,
        2.4121530737899026,
        2.4336367219693984,
        2.454024012557804,
        2.47339659238155,
        2.4820647282119515,
        2.5000557948534827,
        2.5080789426036576
    ],
    "selections": [
        null,
        null,
        "_complement_gaps:Instance-attribute-character",
        "_complement_gaps:Instance-attribute-character",
        "_trust:Source",
        "_complement_gaps:Instance-attribute-character",
        "_subject_gaps:Instance-attribute-character",
        "_entity_novelty:Instance-attribute",
        "_overlaps:character",
        "_entity_novelty:Instance-character",
        "_overlaps:character"
    ]
}