{
    "abstract_actions": [
        null,
        7,
        4,
        3,
        6,
        2,
        7,
        4,
        5,
        3,
        2
    ],
    "specific_actions": [
        null,
        25,
        null,
        11,
        null,
        25,
        25,
        null,
        11,
        11,
        25
    ],
    "rewards": [
        0,
        0,
        0.04337899543378998,
        0.052516411378555894,
        0.047817047817047875,
        0.03571428571428559,
        0.017241379310344973,
        0.016949152542372836,
        0.051851851851851816,
        0.04929577464788726,
        0.015100671140939603
    ],
    "states": [
        7.0588235294117645,
        8.588235294117647,
        8.96078431372549,
        9.431372549019608,
        9.882352941176471,
        10.235294117647058,
        10.411764705882353,
        10.588235294117647,
        11.137254901960784,
        11.686274509803921,
        11.862745098039216
    ],
    "selections": [
        null,
        null,
        "_trust:Source",
        "_subject_gaps:Instance-attribute-character",
        "_entity_novelty:Instance-attribute",
        "_overlaps:character",
        "_statement_novelty:Actor-Source",
        "_trust:Source",
        "_subject_gaps:Instance-character-product",
        "_complement_gaps:Instance-attribute-character",
        "_entity_novelty:Instance-attribute"
    ]
}