{
    "abstract_actions": [
        null,
        5,
        3,
        2,
        2,
        2,
        7,
        2,
        5,
        3,
        5
    ],
    "specific_actions": [
        null,
        11,
        11,
        25,
        25,
        25,
        25,
        25,
        11,
        11,
        11
    ],
    "rewards": [
        0,
        0,
        0.025303292894280682,
        0.013184584178498993,
        0.016683350016683418,
        0.01279947489333777,
        0.012637718729747283,
        0.012480000000000047,
        0.012326169405815435,
        0.019981267561660854,
        0.011937557392102782
    ],
    "states": [
        2798.0,
        2885.0,
        2958.0,
        2997.0,
        3047.0,
        3086.0,
        3125.0,
        3164.0,
        3203.0,
        3267.0,
        3306.0
    ],
    "selections": [
        null,
        null,
        "_complement_gaps:Instance-attribute-character",
        "_entity_novelty:Instance-attribute",
        "_statement_novelty:Actor-Source",
        "_statement_novelty:Actor-Source",
        "_statement_novelty:Actor-Source",
        "_trust:Source",
        "_statement_novelty:Actor-Source",
        "_complement_gaps:Instance-attribute-character",
        "_entity_novelty:Instance-attribute"
    ]
}