{
    "actions": [
        null,
        5,
        5,
        4,
        7,
        2,
        4,
        4,
        7,
        4,
        3
    ],
    "rewards": [
        0,
        0,
        -0.02360556450367357,
        -0.017085224511739994,
        -0.01680760548355187,
        -0.0056946402610448255,
        -0.005671329418261095,
        -0.016370447983548475,
        -0.005563767817275189,
        -0.005540868323056003,
        -0.019461220381124633
    ],
    "states": [
        0.008683533125681452,
        0.00839488736671139,
        0.00819672131147541,
        0.008056678487608689,
        0.007921265014081143,
        0.00787615625941355,
        0.007831487982716717,
        0.007703283016061868,
        0.00766042373792974,
        0.007617978338699059,
        0.007469723183391003
    ],
    "selections": [
        null,
        null,
        "_complement_gaps:Instance-attribute-character",
        "_complement_gaps:Instance-attribute-character",
        "_subject_gaps:Instance-attribute-character",
        "_trust:Source",
        "_statement_novelty:Actor-Source",
        "_subject_gaps:Instance-attribute-character",
        "_subject_gaps:Instance-attribute-character",
        "_trust:Source",
        "_subject_gaps:Instance-attribute-character"
    ]
}