{
    "actions": [
        null,
        4,
        4,
        4,
        3,
        2,
        4,
        4,
        7,
        2,
        2
    ],
    "rewards": [
        0,
        0,
        -0.035193573923053556,
        -0.0354579898895393,
        -0.034254095379429916,
        -0.010848341768702752,
        -0.010738307618129217,
        -0.03242588344558617,
        -0.03141596809896352,
        -0.009955115244052681,
        -0.009862456886010396
    ],
    "states": [
        0.013056202873306185,
        0.010384007064254536,
        0.010018556744021185,
        0.009663318860283905,
        0.009332310614361896,
        0.009231070519325606,
        0.009131944444444444,
        0.00883583307825732,
        0.008558246828143021,
        0.00847304849468181,
        0.008389483419209936
    ],
    "selections": [
        null,
        null,
        "_subject_gaps:Instance-attribute-character",
        "_subject_gaps:Instance-attribute-character",
        "_subject_gaps:Instance-attribute-character",
        "_entity_novelty:Instance-attribute",
        "_statement_novelty:Actor-Source",
        "_subject_gaps:Instance-attribute-character",
        "_subject_gaps:Instance-attribute-character",
        "_trust:Source",
        "_statement_novelty:Actor-Source"
    ]
}