{
    "abstract_actions": [
        null,
        5,
        5,
        5,
        4,
        7,
        5,
        7,
        4,
        7,
        5
    ],
    "specific_actions": [
        null,
        11,
        11,
        11,
        null,
        25,
        11,
        25,
        null,
        25,
        11
    ],
    "rewards": [
        0,
        0,
        0.13750998516489799,
        0.11611023546830945,
        0.09927311336164668,
        0.0907989451927873,
        -0.015782828282828287,
        0.07855153203342624,
        -0.01523925632429135,
        0.07003668976763144,
        -0.014727540500736436
    ],
    "states": [
        0.0018109380659181455,
        0.002106741573033708,
        0.002396439575487847,
        0.0026746907388833165,
        0.0029402156158118264,
        0.003207184092366902,
        0.0031565656565656565,
        0.0034045187248529867,
        0.0033526363913441025,
        0.003587443946188341,
        0.0035346097201767305
    ],
    "selections": [
        null,
        null,
        "_complement_gaps:Instance-attribute-character",
        "_complement_gaps:Instance-attribute-character",
        "_complement_gaps:Instance-attribute-character",
        "_subject_gaps:Instance-attribute-character",
        "_trust:Source",
        "_complement_gaps:Instance-attribute-character",
        "_trust:Source",
        "_subject_gaps:Instance-attribute-character",
        "_trust:Source"
    ]
}