{
    "actions": [
        null,
        7,
        4,
        4,
        5,
        7,
        5,
        4,
        7,
        4,
        6
    ],
    "rewards": [
        0,
        0,
        1.0,
        1.0030959752321982,
        1.0027777777777778,
        1.0025062656641603,
        1.0,
        1.0022727272727274,
        1.0020703933747412,
        1.0,
        1.0018939393939394
    ],
    "states": [
        0.9411764705882353,
        0.9444444444444444,
        0.9444444444444444,
        0.9473684210526315,
        0.95,
        0.9523809523809523,
        0.9523809523809523,
        0.9545454545454546,
        0.9565217391304348,
        0.9565217391304348,
        0.9583333333333334
    ],
    "selections": [
        null,
        null,
        "_trust:Source",
        "_subject_gaps:Instance-attribute-character",
        "_subject_gaps:Instance-attribute-character",
        "_complement_gaps:Instance-attribute-character",
        "_trust:Source",
        "_complement_gaps:Instance-attribute-character",
        "_subject_gaps:Instance-attribute-character",
        "_trust:Source",
        "_subject_gaps:Instance-attribute-character"
    ]
}