{
    "actions": [
        null,
        5,
        3,
        4,
        5,
        3,
        5,
        5,
        3,
        5,
        4
    ],
    "rewards": [
        0,
        0,
        0.02379649890590807,
        0.020304568527918843,
        0.01990049751243772,
        0.021566110397946092,
        0.01910027645136969,
        0.01874229346485823,
        0.020334059549745875,
        0.009727164887307183,
        0.019736842105263053
    ],
    "states": [
        3571.0,
        3656.0,
        3743.0,
        3819.0,
        3895.0,
        3979.0,
        4055.0,
        4131.0,
        4215.0,
        4256.0,
        4340.0
    ],
    "selections": [
        null,
        null,
        "_complement_gaps:Instance-attribute-character",
        "_entity_novelty:Instance-character",
        "_subject_gaps:Instance-attribute-character",
        "_complement_gaps:Instance-attribute-character",
        "_entity_novelty:Instance-attribute",
        "_complement_gaps:Instance-attribute-character",
        "_complement_gaps:Instance-attribute-character",
        "_entity_novelty:Instance-attribute",
        "_complement_gaps:Instance-attribute-character"
    ]
}