{
    "abstract_actions": [
        null,
        7,
        2,
        6,
        4,
        5,
        7,
        2,
        4,
        4,
        7
    ],
    "specific_actions": [
        null,
        25,
        25,
        null,
        null,
        11,
        25,
        25,
        null,
        null,
        25
    ],
    "rewards": [
        0,
        0,
        0.01848622253226373,
        0.013356164383561575,
        0.019263264616424358,
        0.023209549071617985,
        0.02268308489954629,
        0.01584283903675532,
        0.01216469120399255,
        0.01972265023112474,
        0.021154427319431957
    ],
    "states": [
        2793.0,
        2867.0,
        2920.0,
        2959.0,
        3016.0,
        3086.0,
        3156.0,
        3206.0,
        3245.0,
        3309.0,
        3379.0
    ],
    "selections": [
        null,
        null,
        "_trust:Source",
        "_statement_novelty:Actor-Source",
        "_overlaps:character",
        "_subject_gaps:Instance-character-product",
        "_complement_gaps:Instance-attribute-character",
        "_trust:Source",
        "_statement_novelty:Actor-Source",
        "_subject_gaps:Instance-attribute-character",
        "_subject_gaps:Instance-character-institution"
    ]
}