{
    "abstract_actions": [
        null,
        7,
        7,
        7,
        7,
        5,
        4,
        3,
        7,
        7,
        7
    ],
    "specific_actions": [
        null,
        25,
        25,
        25,
        25,
        11,
        null,
        null,
        25,
        25,
        25
    ],
    "rewards": [
        0,
        0,
        0.003422058738530298,
        0.0030434823316389803,
        0.002979827108015032,
        0.0029181567057618985,
        0.004551027116153072,
        0.004923740932636367,
        0.003658875665959016,
        0.0030411267964647326,
        0.002508278899599148
    ],
    "states": [
        2.4628631691177323,
        2.487970066489004,
        2.4964840461962345,
        2.5040820512820514,
        2.5115437828591554,
        2.5188728611909204,
        2.5303363198843423,
        2.542795040395893,
        2.552098811292719,
        2.5598600673749674,
        2.5662809103678903
    ],
    "selections": [
        null,
        null,
        "_trust:Source",
        "_trust:Source",
        "_trust:Source",
        "_trust:Source",
        "_complement_gaps:Instance-attribute-character",
        "_subject_gaps:Instance-attribute-character",
        "_entity_novelty:Instance-character",
        "_trust:Source",
        "_trust:Source"
    ]
}