{
    "abstract_actions": [
        null,
        4,
        5,
        3,
        5,
        5,
        5,
        7,
        2,
        2,
        7
    ],
    "specific_actions": [
        null,
        null,
        11,
        null,
        11,
        11,
        11,
        25,
        25,
        25,
        25
    ],
    "rewards": [
        0,
        0,
        0.010184460965036335,
        0.011301660411673575,
        0.009426881902096618,
        0.009835262879889672,
        0.009169733234633437,
        0.008569904370652415,
        0.007277601347565721,
        0.004696999913491817,
        0.00455880357588323
    ],
    "states": [
        2.261951971799956,
        2.3403682236617795,
        2.3642036124794745,
        2.3909230388517693,
        2.413461987976027,
        2.4371990210783925,
        2.459547485941391,
        2.4806255726909874,
        2.4986785767016095,
        2.5104148697602207,
        2.521859358045434
    ],
    "selections": [
        null,
        null,
        "_subject_gaps:Instance-attribute-character",
        "_complement_gaps:Instance-attribute-character",
        "_entity_novelty:Instance-character",
        "_complement_gaps:Instance-attribute-character",
        "_complement_gaps:Instance-attribute-character",
        "_complement_gaps:Instance-attribute-character",
        "_trust:Source",
        "_statement_novelty:Actor-Source",
        "_statement_novelty:Actor-Source"
    ]
}