{
    "abstract_actions": [
        null,
        7,
        4,
        7,
        5,
        7,
        4,
        5,
        4,
        2,
        2
    ],
    "specific_actions": [
        null,
        25,
        null,
        25,
        11,
        25,
        null,
        11,
        null,
        25,
        25
    ],
    "rewards": [
        0,
        0,
        0.003650632765662243,
        0.004538135577526248,
        0.0037377481227673925,
        0.005467614396379439,
        0.0034630572698117756,
        0.0044847382964412486,
        0.004836022102863824,
        0.0026202360644855816,
        0.003031899805386873
    ],
    "states": [
        2.4719714148285576,
        2.497208024533606,
        2.506324413970643,
        2.5176984539625056,
        2.527108976632498,
        2.540926234054354,
        2.5497256071212515,
        2.561160459196925,
        2.573546287786582,
        2.580289586583463,
        2.5881127660788676
    ],
    "selections": [
        null,
        null,
        "_trust:Source",
        "_subject_gaps:Instance-attribute-character",
        "_trust:Source",
        "_complement_gaps:Instance-attribute-character",
        "_trust:Source",
        "_subject_gaps:Instance-character-object",
        "_complement_gaps:Instance-attribute-character",
        "_subject_gaps:Instance-attribute-character",
        "_statement_novelty:Actor-Source"
    ]
}