{
    "abstract_actions": [
        null,
        7,
        2,
        2,
        5,
        5,
        3,
        4,
        3,
        4,
        6
    ],
    "specific_actions": [
        null,
        25,
        25,
        25,
        11,
        11,
        11,
        null,
        11,
        null,
        null
    ],
    "rewards": [
        0,
        0,
        0.010580382047204795,
        0.005190884222965986,
        0.006543356212113549,
        0.00946001423470788,
        0.0098652330714879,
        0.005586161542858736,
        0.007988033406353567,
        0.007542180471304283,
        0.00486634083651305
    ],
    "states": [
        2.261951971799956,
        2.3403682236617795,
        2.3651302135992593,
        2.377407330710292,
        2.3929635537364193,
        2.415601023017903,
        2.439431490117699,
        2.453058548494233,
        2.4726536621273465,
        2.4913028622901425,
        2.5034263911450267
    ],
    "selections": [
        null,
        null,
        "_trust:Source",
        "_statement_novelty:Actor-Source",
        "_statement_novelty:Actor-Source",
        "_complement_gaps:Instance-attribute-character",
        "_complement_gaps:Instance-attribute-character",
        "_entity_novelty:Instance-attribute",
        "_subject_gaps:Instance-character-gender",
        "_entity_novelty:Instance-attribute",
        "_subject_gaps:Instance-character-gender"
    ]
}