{
    "abstract_actions": [
        null,
        7,
        5,
        7,
        2,
        5,
        7,
        4,
        5,
        3,
        7
    ],
    "specific_actions": [
        null,
        25,
        11,
        25,
        25,
        11,
        25,
        null,
        11,
        11,
        25
    ],
    "rewards": [
        0,
        0,
        -0.026582278481012578,
        0.4569672131147542,
        -0.02008032128514059,
        -0.01542111506524324,
        0.2974220854174683,
        -0.01887504718761801,
        0.21781905112173594,
        0.1724038807042758,
        -0.013819985825655579
    ],
    "states": [
        0.0,
        0.0008669267446900737,
        0.0008438818565400844,
        0.0012295081967213116,
        0.0012048192771084338,
        0.0011862396204033216,
        0.0015390534821085034,
        0.0015100037750094375,
        0.0018389113644722325,
        0.0021559468199784403,
        0.002126151665485471
    ],
    "selections": [
        null,
        null,
        "_trust:Source",
        "_complement_gaps:Instance-attribute-character",
        "_trust:Source",
        "_statement_novelty:Actor-Source",
        "_complement_gaps:Instance-attribute-character",
        "_trust:Source",
        "_subject_gaps:Instance-ancestry-character",
        "_complement_gaps:Instance-attribute-character",
        "_entity_novelty:Instance-attribute"
    ]
}