{
    "abstract_actions": [
        null,
        7,
        2,
        4,
        5,
        5,
        7,
        7,
        5,
        3,
        7
    ],
    "specific_actions": [
        null,
        25,
        25,
        null,
        11,
        11,
        25,
        25,
        11,
        11,
        25
    ],
    "rewards": [
        0,
        0,
        -0.036344473076596606,
        -0.016345394219171472,
        -0.03117492679489209,
        -0.028906955736224038,
        -0.03340023308747597,
        -0.01765605206984644,
        -0.014394773592839138,
        -0.03133395492572011,
        -0.013753677294424338
    ],
    "states": [
        0.013134665630958265,
        0.01056689342403628,
        0.010182845250483128,
        0.010016402630591163,
        0.009704142011834319,
        0.009423624808240192,
        0.009108873543116049,
        0.008948046797541145,
        0.008819241689792411,
        0.008542899968205423,
        0.008425403678884178
    ],
    "selections": [
        null,
        null,
        "_trust:Source",
        "_statement_novelty:Actor-Source",
        "_subject_gaps:Instance-character-product",
        "_complement_gaps:Instance-attribute-character",
        "_complement_gaps:Instance-attribute-character",
        "_trust:Source",
        "_trust:Source",
        "_complement_gaps:Instance-attribute-character",
        "_entity_novelty:Instance-attribute"
    ]
}