{
    "abstract_actions": [
        null,
        3,
        2,
        7,
        2,
        7,
        5,
        7,
        5,
        3,
        6
    ],
    "specific_actions": [
        null,
        11,
        25,
        25,
        25,
        25,
        11,
        25,
        11,
        11,
        null
    ],
    "rewards": [
        0,
        0,
        0.0,
        0.11111111111111116,
        0.0,
        0.0,
        0.0,
        -0.03749999999999998,
        0.09090909090909083,
        -0.03703703703703709,
        -0.03076923076923077
    ],
    "states": [
        1.3333333333333333,
        1.2857142857142858,
        1.2857142857142858,
        1.4285714285714286,
        1.4285714285714286,
        1.4285714285714286,
        1.4285714285714286,
        1.375,
        1.5,
        1.4444444444444444,
        1.4
    ],
    "selections": [
        null,
        null,
        "_entity_novelty:Instance-attribute",
        "_statement_novelty:Actor-Source",
        "_trust:Source",
        "_statement_novelty:Actor-Source",
        "_trust:Source",
        "_complement_gaps:Instance-attribute-character",
        "_trust:Source",
        "_complement_gaps:Instance-attribute-character",
        "_entity_novelty:Instance-attribute"
    ]
}