{
    "actions": [
        null,
        5,
        4,
        3,
        7,
        2,
        5,
        5,
        4,
        4,
        5
    ],
    "rewards": [
        0,
        0,
        0.03175293605915619,
        0.026981450252951067,
        0.016009852216748666,
        0.01575757575757586,
        0.015513126491646823,
        0.027418723070896878,
        0.0243995425085779,
        0.02381838481577958,
        0.02108324245728821
    ],
    "states": [
        2084.0,
        2299.0,
        2372.0,
        2436.0,
        2475.0,
        2514.0,
        2553.0,
        2623.0,
        2687.0,
        2751.0,
        2809.0
    ],
    "selections": [
        null,
        null,
        "_complement_gaps:Instance-attribute-character",
        "_subject_gaps:Instance-attribute-character",
        "_entity_novelty:Instance-attribute",
        "_trust:Source",
        "_statement_novelty:Actor-Source",
        "_complement_gaps:Instance-attribute-character",
        "_complement_gaps:Instance-attribute-character",
        "_subject_gaps:Instance-attribute-character",
        "_subject_gaps:Instance-attribute-character"
    ]
}