{
    "abstract_actions": [
        null,
        7,
        2,
        7,
        7,
        4,
        7,
        7,
        4,
        4,
        3
    ],
    "specific_actions": [
        null,
        25,
        25,
        25,
        25,
        null,
        25,
        25,
        null,
        null,
        11
    ],
    "rewards": [
        0,
        0,
        -0.01897381079636562,
        -0.0108379592915675,
        -0.010721757322175618,
        -0.010608020698576914,
        0.0896839493642334,
        -0.01450362590647658,
        -0.010148514851485158,
        0.0796890184645287,
        0.07113115891741839
    ],
    "states": [
        0.0022358859698155395,
        0.002451648052301825,
        0.002405130946018172,
        0.0023790642347343376,
        0.0023535564853556486,
        0.002328589909443726,
        0.002537427048972342,
        0.002500625156289072,
        0.0024752475247524753,
        0.002672497570456754,
        0.0028625954198473282
    ],
    "selections": [
        null,
        null,
        "_trust:Source",
        "_statement_novelty:Actor-Source",
        "_trust:Source",
        "_trust:Source",
        "_subject_gaps:Instance-attribute-character",
        "_trust:Source",
        "_trust:Source",
        "_subject_gaps:Instance-age-character",
        "_subject_gaps:Instance-ancestry-character"
    ]
}