{
    "abstract_actions": [
        null,
        7,
        5,
        7,
        7,
        4,
        5,
        4,
        5,
        6,
        2
    ],
    "specific_actions": [
        null,
        25,
        11,
        25,
        25,
        null,
        11,
        null,
        11,
        null,
        25
    ],
    "rewards": [
        0,
        0,
        -0.012840455969432951,
        -0.014991736033131642,
        -0.010237275998246753,
        -0.009162184339553847,
        -0.01737079044581824,
        -0.020480976190784372,
        -0.01644172377947395,
        -0.016477267660530703,
        -0.008791219089281377
    ],
    "states": [
        0.008915742077118288,
        0.008575920009784006,
        0.008465801286500995,
        0.008338884228304826,
        0.008253516768942242,
        0.008177896526855594,
        0.00803584,
        0.007871258152287048,
        0.007741841099950212,
        0.007614276711961035,
        0.0075473379371797725
    ],
    "selections": [
        null,
        null,
        "_trust:Source",
        "_complement_gaps:Instance-attribute-character",
        "_trust:Source",
        "_trust:Source",
        "_subject_gaps:Instance-ability-character",
        "_complement_gaps:Instance-attribute-character",
        "_subject_gaps:Instance-character-designation",
        "_complement_gaps:Instance-attribute-character",
        "_overlaps:character"
    ]
}