{
    "abstract_actions": [
        null,
        5,
        5,
        4,
        3,
        6,
        4,
        3,
        3,
        4,
        7
    ],
    "specific_actions": [
        null,
        11,
        11,
        null,
        11,
        null,
        null,
        null,
        11,
        null,
        25
    ],
    "rewards": [
        0,
        0,
        -0.006215626155736564,
        0.0003262704630384583,
        -0.0006141853186086843,
        -0.0011909309484754438,
        -0.0035580708661415716,
        -0.0042659041508293916,
        -0.0022949946908487062,
        0.0004427552838417448,
        -0.0021664486592544163
    ],
    "states": [
        11.742296918767506,
        10.985714285714286,
        10.917431192660551,
        10.920993227990971,
        10.914285714285715,
        10.901287553648068,
        10.8625,
        10.816161616161617,
        10.791338582677165,
        10.79611650485437,
        10.772727272727273
    ],
    "selections": [
        null,
        null,
        "_complement_gaps:Instance-attribute-character",
        "_complement_gaps:Instance-attribute-character",
        "_subject_gaps:Instance-attribute-character",
        "_entity_novelty:Instance-attribute",
        "_overlaps:character",
        "_subject_gaps:Instance-character-gender",
        "_entity_novelty:Instance-character",
        "_entity_novelty:Instance-attribute",
        "_subject_gaps:Instance-attribute-character"
    ]
}