{
    "abstract_actions": [
        null,
        5,
        3,
        4,
        5,
        4,
        5,
        4,
        7,
        4,
        3
    ],
    "specific_actions": [
        null,
        11,
        11,
        null,
        11,
        null,
        11,
        null,
        25,
        null,
        11
    ],
    "rewards": [
        0,
        0,
        -0.04018678793601638,
        -0.030658252884827042,
        -0.025059279355789554,
        -0.01540054224762133,
        -0.028133849143538003,
        -0.02781309640985752,
        -0.03166545319576397,
        -0.027511230525749997,
        -0.0251232556420784
    ],
    "states": [
        0.013134665630958265,
        0.01056689342403628,
        0.01014224391886205,
        0.009831300439977977,
        0.009584935135821872,
        0.009437321937321937,
        0.00917181374561832,
        0.00891671720565818,
        0.008634365314322549,
        0.008396823299716681,
        0.00818586776137654
    ],
    "selections": [
        null,
        null,
        "_complement_gaps:Instance-attribute-character",
        "_entity_novelty:Instance-attribute",
        "_subject_gaps:Instance-attribute-character",
        "_complement_gaps:Instance-attribute-character",
        "_subject_gaps:Instance-ancestry-character",
        "_complement_gaps:Instance-attribute-character",
        "_subject_gaps:Instance-character-personality-trait",
        "_trust:Source",
        "_subject_gaps:Instance-character-enchantment"
    ]
}