{
    "abstract_actions": [
        null,
        7,
        5,
        5,
        5,
        5,
        5,
        5,
        5,
        7,
        2
    ],
    "specific_actions": [
        null,
        25,
        11,
        11,
        11,
        11,
        11,
        11,
        11,
        25,
        25
    ],
    "rewards": [
        0,
        0,
        -0.00583078149251226,
        -0.0026371308016878148,
        -0.002709718715550591,
        -0.003117538254582164,
        -0.0024188613823521443,
        -0.002298892351866866,
        -0.0021876351059230137,
        -0.0037478901020138178,
        0.0006191414397136441
    ],
    "states": [
        11.742296918767506,
        10.985714285714286,
        10.921658986175116,
        10.892857142857142,
        10.863340563991324,
        10.829473684210527,
        10.80327868852459,
        10.778443113772456,
        10.754863813229573,
        10.714555765595463,
        10.721189591078067
    ],
    "selections": [
        null,
        null,
        "_trust:Source",
        "_complement_gaps:Instance-attribute-character",
        "_complement_gaps:Instance-attribute-character",
        "_complement_gaps:Instance-attribute-character",
        "_complement_gaps:Instance-attribute-character",
        "_complement_gaps:Instance-attribute-character",
        "_complement_gaps:Instance-attribute-character",
        "_complement_gaps:Instance-attribute-character",
        "_trust:Source"
    ]
}