{
    "abstract_actions": [
        null,
        3,
        7,
        7,
        2,
        4,
        7,
        7,
        2,
        7,
        4
    ],
    "specific_actions": [
        null,
        null,
        25,
        25,
        25,
        null,
        25,
        25,
        25,
        25,
        null
    ],
    "rewards": [
        0,
        0,
        0.06830698805521784,
        -0.017521257407884572,
        -0.010453850076491578,
        -0.010345697703759815,
        0.06084754138868309,
        -0.014129110840438552,
        -0.009889049686444773,
        -0.00979221399570096,
        -0.009697256385998054
    ],
    "states": [
        0.00249100470523111,
        0.0029459025174076057,
        0.003147128245476003,
        0.003091986601391394,
        0.0030596634370219276,
        0.003028009084027252,
        0.0032122559920929085,
        0.003166869671132765,
        0.003135552339604438,
        0.0031048483401003107,
        0.0030747398297067173
    ],
    "selections": [
        null,
        null,
        "_entity_novelty:Instance-character",
        "_trust:Source",
        "_trust:Source",
        "_statement_novelty:Actor-Source",
        "_subject_gaps:Instance-attribute-character",
        "_trust:Source",
        "_trust:Source",
        "_statement_novelty:Actor-Source",
        "_trust:Source"
    ]
}