{
    "abstract_actions": [
        null,
        4,
        4,
        7,
        5,
        4,
        4,
        3,
        2,
        4,
        4
    ],
    "specific_actions": [
        null,
        null,
        null,
        25,
        11,
        null,
        null,
        11,
        25,
        null,
        null
    ],
    "rewards": [
        0,
        0,
        0.011777576306545745,
        0.010068403739294629,
        0.009472470610130124,
        0.009837592951798424,
        0.008262942721034117,
        0.007789703194319042,
        0.0050091820929376585,
        0.0055865444956968435,
        0.006824743481460782
    ],
    "states": [
        2.261951971799956,
        2.3403682236617795,
        2.367932089001371,
        2.391773385300668,
        2.4144293883990198,
        2.438181561932949,
        2.458328116522683,
        2.477477762904644,
        2.489887900150237,
        2.5037977696937235,
        2.5208855472013365
    ],
    "selections": [
        null,
        null,
        "_subject_gaps:Instance-attribute-character",
        "_subject_gaps:Instance-attribute-character",
        "_trust:Source",
        "_complement_gaps:Instance-attribute-character",
        "_subject_gaps:Instance-attribute-character",
        "_subject_gaps:Instance-character-institution",
        "_entity_novelty:Instance-attribute",
        "_statement_novelty:Actor-Source",
        "_subject_gaps:Instance-character-physical-appearance"
    ]
}