{
    "abstract_actions": [
        null,
        4,
        6,
        6,
        5,
        7,
        4,
        7,
        6,
        6,
        2
    ],
    "specific_actions": [
        null,
        null,
        11,
        11,
        11,
        25,
        null,
        25,
        null,
        null,
        25
    ],
    "rewards": [
        0,
        0,
        0.039682539682539764,
        0.021374045801526576,
        0.0284005979073243,
        0.04069767441860472,
        0.019553072625698276,
        0.02602739726027381,
        0.01869158878504673,
        0.017038007863695803,
        0.01675257731958779
    ],
    "states": [
        11.882352941176471,
        12.352941176470589,
        12.843137254901961,
        13.117647058823529,
        13.490196078431373,
        14.03921568627451,
        14.313725490196079,
        14.686274509803921,
        14.96078431372549,
        15.215686274509803,
        15.470588235294118
    ],
    "selections": [
        null,
        null,
        "_subject_gaps:Instance-attribute-character",
        "_overlaps:attribute-physical-appearance",
        "_overlaps:attribute-physical-appearance",
        "_complement_gaps:Instance-attribute-character-physical-appearance",
        "_trust:Source",
        "_subject_gaps:Instance-attribute-character",
        "_trust:Source",
        "_overlaps:character",
        "_overlaps:character"
    ]
}