{
    "abstract_actions": [
        null,
        7,
        7,
        2,
        7,
        5,
        5,
        7,
        5,
        4,
        5
    ],
    "specific_actions": [
        null,
        25,
        25,
        25,
        25,
        11,
        11,
        25,
        11,
        null,
        11
    ],
    "rewards": [
        0,
        0,
        0.04337899543378998,
        0.01969365426695835,
        0.0193133047210301,
        0.0189473684210526,
        0.05785123966942152,
        0.0546875,
        0.025925925925925908,
        0.04332129963898912,
        0.04844290657439454
    ],
    "states": [
        7.0588235294117645,
        8.588235294117647,
        8.96078431372549,
        9.137254901960784,
        9.313725490196079,
        9.490196078431373,
        10.03921568627451,
        10.588235294117647,
        10.862745098039216,
        11.333333333333334,
        11.882352941176471
    ],
    "selections": [
        null,
        null,
        "_trust:Source",
        "_trust:Source",
        "_statement_novelty:Actor-Source",
        "_trust:Source",
        "_complement_gaps:Instance-attribute-character",
        "_complement_gaps:Instance-attribute-character",
        "_trust:Source",
        "_complement_gaps:Instance-attribute-character",
        "_subject_gaps:Instance-character-personality-trait"
    ]
}