{
    "actions": [
        null,
        4,
        7,
        5,
        5,
        7,
        2,
        2,
        7,
        7,
        2
    ],
    "rewards": [
        0,
        0,
        -0.017941050832977368,
        -0.01638655462184868,
        0.4571428571428571,
        0.2962962962962963,
        -0.015240328253223856,
        -0.015011547344111031,
        -0.014789533560864654,
        -0.01457399103139001,
        -0.01436464088397793
    ],
    "states": [
        0.0,
        0.0008699434536755111,
        0.0008543357539513029,
        0.0008403361344537816,
        0.0012244897959183673,
        0.0015873015873015873,
        0.0015631105900742479,
        0.001539645881447267,
        0.0015168752370117557,
        0.0014947683109118087,
        0.0014732965009208103
    ],
    "selections": [
        null,
        null,
        "_subject_gaps:Instance-attribute-character",
        "_trust:Source",
        "_complement_gaps:Instance-attribute-character",
        "_complement_gaps:Instance-attribute-character",
        "_trust:Source",
        "_statement_novelty:Actor-Source",
        "_statement_novelty:Actor-Source",
        "_trust:Source",
        "_trust:Source"
    ]
}