{
    "abstract_actions": [
        null,
        3,
        5,
        7,
        2,
        2,
        5,
        3,
        7,
        7,
        5
    ],
    "specific_actions": [
        null,
        11,
        11,
        25,
        25,
        25,
        11,
        11,
        25,
        25,
        11
    ],
    "rewards": [
        0,
        0,
        0.02860858257477239,
        0.029498525073746285,
        0.024559967253376946,
        0.01558130243707545,
        0.01534225019669555,
        0.0271212708252615,
        0.014711429649189034,
        0.018587360594795488,
        0.014233576642335821
    ],
    "states": [
        2096.0,
        2307.0,
        2373.0,
        2443.0,
        2503.0,
        2542.0,
        2581.0,
        2651.0,
        2690.0,
        2740.0,
        2779.0
    ],
    "selections": [
        null,
        null,
        "_entity_novelty:Instance-attribute",
        "_complement_gaps:Instance-attribute-character",
        "_trust:Source",
        "_statement_novelty:Actor-Source",
        "_statement_novelty:Actor-Source",
        "_complement_gaps:Instance-attribute-character",
        "_entity_novelty:Instance-attribute",
        "_trust:Source",
        "_trust:Source"
    ]
}