{
    "actions": [
        null,
        7,
        7,
        4,
        7,
        7,
        4,
        2,
        7,
        4,
        2
    ],
    "rewards": [
        0,
        0,
        1.0,
        1.0,
        1.003921568627451,
        1.0,
        1.0,
        1.0,
        1.0,
        1.0,
        1.0
    ],
    "states": [
        0.9333333333333333,
        0.9375,
        0.9375,
        0.9375,
        0.9411764705882353,
        0.9411764705882353,
        0.9411764705882353,
        0.9411764705882353,
        0.9411764705882353,
        0.9411764705882353,
        0.9411764705882353
    ],
    "selections": [
        null,
        null,
        "_trust:Source",
        "_trust:Source",
        "_subject_gaps:Instance-attribute-character",
        "_trust:Source",
        "_trust:Source",
        "_subject_gaps:Instance-attribute-character",
        "_statement_novelty:Actor-Source",
        "_trust:Source",
        "_subject_gaps:Instance-attribute-character"
    ]
}