{
    "abstract_actions": [
        null,
        3,
        4,
        4,
        3,
        4,
        3,
        4,
        5,
        7,
        7
    ],
    "specific_actions": [
        null,
        null,
        null,
        null,
        11,
        null,
        11,
        null,
        11,
        25,
        25
    ],
    "rewards": [
        0,
        0,
        -0.03433476394849788,
        -0.030343978499466906,
        -0.034997128813024636,
        -0.015343798634586236,
        -0.028034010279847643,
        -0.014695664211042847,
        -0.031966845028768676,
        -0.030985799182726925,
        -0.026939685618242892
    ],
    "states": [
        0.013134665630958265,
        0.01056689342403628,
        0.01020408163265306,
        0.009894449198985031,
        0.009548171885834223,
        0.009401666659089565,
        0.009138100239320948,
        0.009003809786677038,
        0.008715986394557822,
        0.008445914590456674,
        0.00821838430663124
    ],
    "selections": [
        null,
        null,
        "_entity_novelty:Instance-character",
        "_subject_gaps:Instance-character-object",
        "_subject_gaps:Instance-attribute-character",
        "_entity_novelty:Instance-attribute",
        "_subject_gaps:Instance-attribute-character",
        "_entity_novelty:Instance-attribute",
        "_subject_gaps:Instance-attribute-character",
        "_complement_gaps:Instance-attribute-character",
        "_trust:Source"
    ]
}