{
    "abstract_actions": [
        null,
        4,
        7,
        5,
        3,
        7,
        4,
        5,
        4,
        5,
        3
    ],
    "specific_actions": [
        null,
        null,
        25,
        11,
        null,
        25,
        null,
        11,
        null,
        11,
        11
    ],
    "rewards": [
        0,
        0,
        0.4539915966386556,
        -0.024590163934426257,
        0.29614873837981404,
        0.2189199689199688,
        -0.019054878048780477,
        0.17142857142857149,
        0.13953488372093048,
        0.11450845398400311,
        0.10005197505197505
    ],
    "states": [
        0.0,
        0.0008669267446900737,
        0.0012605042016806723,
        0.0012295081967213116,
        0.0015936254980079682,
        0.0019425019425019425,
        0.0019054878048780487,
        0.002232142857142857,
        0.002543604651162791,
        0.002834868887313962,
        0.0031185031185031187
    ],
    "selections": [
        null,
        null,
        "_subject_gaps:Instance-activity-character",
        "_trust:Source",
        "_complement_gaps:Instance-attribute-character",
        "_entity_novelty:Instance-character",
        "_trust:Source",
        "_subject_gaps:Instance-age-character",
        "_complement_gaps:Instance-attribute-character",
        "_subject_gaps:Instance-character-personality-trait",
        "_complement_gaps:Instance-attribute-character"
    ]
}