{
    "abstract_actions": [
        null,
        7,
        5,
        3,
        5,
        4,
        3,
        3,
        4,
        3,
        5
    ],
    "specific_actions": [
        null,
        25,
        11,
        11,
        11,
        null,
        null,
        11,
        null,
        11,
        11
    ],
    "rewards": [
        0,
        0,
        0.04337899543378998,
        0.052516411378555894,
        0.018711018711018657,
        0.048979591836734615,
        0.054474708171206254,
        0.04428044280442811,
        0.01590106007067149,
        0.04869565217391303,
        0.014925373134328401
    ],
    "states": [
        7.0588235294117645,
        8.588235294117647,
        8.96078431372549,
        9.431372549019608,
        9.607843137254902,
        10.07843137254902,
        10.627450980392156,
        11.098039215686274,
        11.27450980392157,
        11.823529411764707,
        12.0
    ],
    "selections": [
        null,
        null,
        "_trust:Source",
        "_complement_gaps:Instance-attribute-character",
        "_entity_novelty:Instance-attribute",
        "_complement_gaps:Instance-attribute-character",
        "_subject_gaps:Instance-attribute-character",
        "_entity_novelty:Instance-character",
        "_entity_novelty:Instance-attribute",
        "_subject_gaps:Instance-attribute-character",
        "_entity_novelty:Instance-attribute"
    ]
}