{
    "abstract_actions": [
        null,
        7,
        7,
        2,
        2,
        4,
        3,
        7,
        7,
        7,
        7
    ],
    "specific_actions": [
        null,
        25,
        25,
        25,
        25,
        null,
        11,
        25,
        25,
        25,
        25
    ],
    "rewards": [
        0,
        0,
        -0.012240457821230066,
        -0.008939484682763066,
        -0.008861019788006241,
        -0.008783904750904403,
        -0.016366298622582542,
        -0.012820097227674077,
        -0.009398446936369376,
        -0.008386297704718326,
        -0.008317023365565501
    ],
    "states": [
        0.00839204397195357,
        0.008151284432723295,
        0.008051508979435696,
        0.007979532638240902,
        0.007908825841634408,
        0.00783935546875,
        0.007711054236139862,
        0.007612197771104681,
        0.007540654934283805,
        0.007477416757116348,
        0.00741522690723334
    ],
    "selections": [
        null,
        null,
        "_trust:Source",
        "_trust:Source",
        "_statement_novelty:Actor-Source",
        "_statement_novelty:Actor-Source",
        "_subject_gaps:Instance-ancestry-character",
        "_entity_novelty:Instance-attribute",
        "_trust:Source",
        "_trust:Source",
        "_trust:Source"
    ]
}