{
    "abstract_actions": [
        null,
        7,
        7,
        7,
        7,
        7,
        7,
        4,
        5,
        3,
        5
    ],
    "specific_actions": [
        null,
        25,
        25,
        25,
        25,
        25,
        25,
        null,
        11,
        null,
        11
    ],
    "rewards": [
        0,
        0,
        0.010580382047204795,
        0.006737703466092926,
        0.004996835577125713,
        0.006311860584794715,
        0.006092537180807822,
        0.00588454060824084,
        0.00843941525168268,
        0.008812490666114225,
        0.007439630573543354
    ],
    "states": [
        2.261951971799956,
        2.3403682236617795,
        2.3651302135992593,
        2.3810657596371883,
        2.3929635537364193,
        2.4080676060720987,
        2.422738847495992,
        2.4369955526272444,
        2.45756237006237,
        2.479219615509938,
        2.4976640935600143
    ],
    "selections": [
        null,
        null,
        "_trust:Source",
        "_trust:Source",
        "_trust:Source",
        "_trust:Source",
        "_trust:Source",
        "_trust:Source",
        "_subject_gaps:Instance-character-physical-appearance",
        "_complement_gaps:Instance-attribute-character",
        "_entity_novelty:Instance-character"
    ]
}