{
    "actions": [
        null,
        4,
        5,
        3,
        5,
        4,
        7,
        5,
        5,
        5,
        5,
        3,
        5,
        5,
        3,
        4,
        5,
        7,
        7,
        4,
        5,
        5,
        4,
        5,
        5,
        7
    ],
    "rewards": [
        0,
        0,
        0.03364485981308407,
        0.03164556962025311,
        0.009640666082384008,
        0.00954861111111116,
        0.02493551160791041,
        0.009228187919463116,
        0.024106400665004024,
        0.03327922077922074,
        0.027494108405341722,
        0.02675840978593258,
        0.00819061801935983,
        0.008124076809453484,
        0.030036630036630152,
        0.024893314366998487,
        0.024288688410825765,
        0.02371273712737132,
        0.007279947054930513,
        0.007227332457292901,
        0.022831050228310446,
        0.018494897959183687,
        0.025673137132122825,
        0.006715506715506692,
        0.006670709520921747,
        0.013253012048192625
    ],
    "states": [
        20.15686274509804,
        20.980392156862745,
        21.686274509803923,
        22.372549019607842,
        22.58823529411765,
        22.80392156862745,
        23.372549019607842,
        23.58823529411765,
        24.15686274509804,
        24.96078431372549,
        25.647058823529413,
        26.333333333333332,
        26.54901960784314,
        26.764705882352942,
        27.568627450980394,
        28.254901960784313,
        28.941176470588236,
        29.627450980392158,
        29.84313725490196,
        30.058823529411764,
        30.745098039215687,
        31.313725490196077,
        32.11764705882353,
        32.333333333333336,
        32.549019607843135,
        32.98039215686274
    ],
    "selections": [
        null,
        null,
        "_subject_gaps:Instance-attribute-character",
        "_complement_gaps:Instance-attribute-character",
        "_entity_novelty:Instance-attribute",
        "_complement_gaps:Instance-attribute-character",
        "_subject_gaps:Instance-attribute-character",
        "_trust:Source",
        "_complement_gaps:Instance-attribute-character",
        "_complement_gaps:Instance-attribute-character",
        "_complement_gaps:Instance-attribute-character",
        "_complement_gaps:Instance-attribute-character",
        "_entity_novelty:Instance-attribute",
        "_complement_gaps:Instance-attribute-character",
        "_complement_gaps:Instance-attribute-character",
        "_entity_novelty:Instance-character",
        "_subject_gaps:Instance-attribute-character",
        "_complement_gaps:Instance-attribute-character",
        "_trust:Source",
        "_trust:Source",
        "_subject_gaps:Instance-attribute-character",
        "_complement_gaps:Instance-attribute-character",
        "_complement_gaps:Instance-attribute-character",
        "_subject_gaps:Instance-attribute-character",
        "_complement_gaps:Instance-attribute-character",
        "_complement_gaps:Instance-attribute-character"
    ]
}