{
    "abstract_actions": [
        null,
        3,
        7,
        2,
        2,
        2,
        5,
        3,
        4,
        4,
        4
    ],
    "specific_actions": [
        null,
        null,
        25,
        25,
        25,
        25,
        11,
        11,
        null,
        null,
        null
    ],
    "rewards": [
        0,
        0,
        0.029042045947117456,
        0.02527379949452402,
        0.0160230073952341,
        0.015770319450060688,
        0.015525477707006408,
        0.027440219521756237,
        0.014879816863792472,
        0.026315789473684292,
        0.02344322344322336
    ],
    "states": [
        2096.0,
        2307.0,
        2374.0,
        2434.0,
        2473.0,
        2512.0,
        2551.0,
        2621.0,
        2660.0,
        2730.0,
        2794.0
    ],
    "selections": [
        null,
        null,
        "_entity_novelty:Instance-character",
        "_trust:Source",
        "_statement_novelty:Actor-Source",
        "_statement_novelty:Actor-Source",
        "_statement_novelty:Actor-Source",
        "_complement_gaps:Instance-attribute-character",
        "_entity_novelty:Instance-attribute",
        "_subject_gaps:Instance-attribute-character",
        "_subject_gaps:Instance-character-gender"
    ]
}