{
    "actions": [
        null,
        5,
        4,
        3,
        2,
        7,
        5,
        5,
        4,
        7,
        2
    ],
    "rewards": [
        0,
        0,
        0.012748844623595268,
        0.008313555778740378,
        0.004795543242717137,
        0.0046573390794288905,
        0.004525057914818609,
        0.009387498806500805,
        0.0079016005339696,
        0.007458701069657847,
        0.0037004737472687843
    ],
    "states": [
        2.2621093381172694,
        2.347540138706822,
        2.3774685631828487,
        2.397233780695071,
        2.408729818953297,
        2.4199480904708937,
        2.430898495731129,
        2.4537185524585294,
        2.473106856282847,
        2.491553021037182,
        2.500772947581458
    ],
    "selections": [
        null,
        null,
        "_complement_gaps:Instance-attribute-character",
        "_subject_gaps:Instance-attribute-character",
        "_entity_novelty:Instance-attribute",
        "_statement_novelty:Actor-Source",
        "_trust:Source",
        "_complement_gaps:Instance-attribute-character",
        "_complement_gaps:Instance-attribute-character",
        "_subject_gaps:Instance-attribute-character",
        "_trust:Source"
    ]
}