{
    "abstract_actions": [
        null,
        5,
        4,
        5,
        4,
        5,
        3,
        4,
        5,
        7,
        5
    ],
    "specific_actions": [
        null,
        11,
        null,
        11,
        null,
        11,
        11,
        null,
        11,
        25,
        11
    ],
    "rewards": [
        0,
        0,
        -0.04018678793601638,
        -0.030169180358532888,
        -0.034805367397552134,
        -0.028303250030217053,
        -0.027526314567596244,
        -0.010454559288577525,
        -0.014282730419310607,
        -0.03109714620920956,
        -0.027031485259963683
    ],
    "states": [
        0.013134665630958265,
        0.01056689342403628,
        0.01014224391886205,
        0.009836260732833666,
        0.009493906064209275,
        0.009225197667110566,
        0.008971261974177426,
        0.008877471383975027,
        0.008750676853392567,
        0.008478555775853073,
        0.008249367820372321
    ],
    "selections": [
        null,
        null,
        "_complement_gaps:Instance-attribute-character",
        "_subject_gaps:Instance-character-physical-appearance",
        "_complement_gaps:Instance-attribute-character",
        "_subject_gaps:Instance-ability-character",
        "_complement_gaps:Instance-attribute-character",
        "_entity_novelty:Instance-attribute",
        "_subject_gaps:Instance-attribute-character",
        "_complement_gaps:Instance-attribute-character",
        "_trust:Source"
    ]
}