{
    "abstract_actions": [
        null,
        3,
        7,
        4,
        7,
        5,
        4,
        7,
        2,
        7,
        4
    ],
    "specific_actions": [
        null,
        11,
        25,
        null,
        25,
        11,
        null,
        25,
        25,
        25,
        null
    ],
    "rewards": [
        0,
        0,
        -0.017879948914431676,
        -0.02490660024906599,
        0.46118075212292764,
        -0.019817677368212494,
        0.2973389895873506,
        0.21989085434700795,
        -0.018470631695603923,
        -0.014202476329206126,
        -0.014003590664272814
    ],
    "states": [
        0.0,
        0.0008669267446900737,
        0.0008514261387824606,
        0.0008302200083022001,
        0.001213101496158512,
        0.0011890606420927466,
        0.0015426147319706903,
        0.001881821603312006,
        0.001847063169560399,
        0.001820830298616169,
        0.0017953321364452424
    ],
    "selections": [
        null,
        null,
        "_entity_novelty:Instance-attribute",
        "_trust:Source",
        "_subject_gaps:Instance-character-designation",
        "_trust:Source",
        "_complement_gaps:Instance-attribute-character",
        "_subject_gaps:Instance-attribute-character",
        "_trust:Source",
        "_statement_novelty:Actor-Source",
        "_trust:Source"
    ]
}