{
    "abstract_actions": [
        null,
        7,
        2,
        7,
        7,
        4,
        4,
        5,
        5,
        4,
        7
    ],
    "specific_actions": [
        null,
        25,
        25,
        25,
        25,
        null,
        null,
        11,
        11,
        null,
        25
    ],
    "rewards": [
        0,
        0,
        0.027308192457737412,
        0.016455696202531733,
        0.016189290161892966,
        0.01593137254901955,
        0.025733815842380325,
        0.02508820070560569,
        0.026768642447418722,
        0.023836126629422694,
        0.025463805020007335
    ],
    "states": [
        2096.0,
        2307.0,
        2370.0,
        2409.0,
        2448.0,
        2487.0,
        2551.0,
        2615.0,
        2685.0,
        2749.0,
        2819.0
    ],
    "selections": [
        null,
        null,
        "_trust:Source",
        "_statement_novelty:Actor-Source",
        "_trust:Source",
        "_trust:Source",
        "_subject_gaps:Instance-attribute-character",
        "_subject_gaps:Instance-character-designation",
        "_complement_gaps:Instance-attribute-character",
        "_complement_gaps:Instance-attribute-character",
        "_subject_gaps:Instance-attribute-character"
    ]
}