{
    "abstract_actions": [
        null,
        4,
        5,
        4,
        4,
        4,
        3,
        7,
        4,
        4,
        4
    ],
    "specific_actions": [
        null,
        null,
        11,
        null,
        null,
        null,
        null,
        25,
        null,
        null,
        null
    ],
    "rewards": [
        0,
        0,
        0.0068401991611950486,
        0.01161978169244704,
        0.009676891509336594,
        0.006075244787793865,
        0.008746982323422081,
        0.008573570578750855,
        0.00778760289362479,
        0.007326470797470064,
        0.006922635023389967
    ],
    "states": [
        2.261951971799956,
        2.3403682236617795,
        2.3563768084221586,
        2.383757392521169,
        2.4068247541931753,
        2.4214468037362207,
        2.4426271561256083,
        2.463569192446225,
        2.482754491017964,
        2.5009443192936947,
        2.5182574440299854
    ],
    "selections": [
        null,
        null,
        "_subject_gaps:Instance-attribute-character",
        "_complement_gaps:Instance-attribute-character",
        "_subject_gaps:Instance-attribute-character",
        "_subject_gaps:Instance-attribute-character",
        "_subject_gaps:Instance-attribute-character",
        "_entity_novelty:Instance-character",
        "_trust:Source",
        "_subject_gaps:Instance-attribute-character",
        "_subject_gaps:Instance-attribute-character"
    ]
}