{
    "actions": [
        null,
        5,
        5,
        3,
        3,
        5,
        5,
        7,
        6,
        7,
        6
    ],
    "rewards": [
        0,
        0,
        0.960415958843643,
        0.9702987163688006,
        0.971153764885383,
        0.9890745995030066,
        0.9670092067415972,
        0.9731489727250612,
        0.9898275300077262,
        0.989145342854486,
        0.9900233965724846
    ],
    "states": [
        0.013056202873306185,
        0.010384007064254536,
        0.009972966101255183,
        0.009676756206437466,
        0.00939761822175974,
        0.009294945478969172,
        0.008988297854324374,
        0.008746952823482637,
        0.008657974708361925,
        0.008563995361328125,
        0.008478555775853073
    ],
    "selections": [
        null,
        null,
        "_complement_gaps:Instance-attribute-character",
        "_complement_gaps:Instance-attribute-character",
        "_entity_novelty:Instance-character",
        "_entity_novelty:Instance-attribute",
        "_complement_gaps:Instance-attribute-character",
        "_complement_gaps:Instance-attribute-character",
        "_trust:Source",
        "_overlaps:character",
        "_trust:Source"
    ]
}