{
    "abstract_actions": [
        null,
        4,
        4,
        4,
        4,
        4,
        5,
        5,
        2,
        5,
        4
    ],
    "specific_actions": [
        null,
        null,
        null,
        null,
        null,
        null,
        11,
        11,
        25,
        11,
        null
    ],
    "rewards": [
        0,
        0,
        0.010534907521621006,
        0.011310498858051021,
        0.009768417090227688,
        0.009847724563067928,
        0.00917897251562283,
        0.008576464971059128,
        0.004945076044501784,
        0.007038105626709035,
        0.006636239423025492
    ],
    "states": [
        2.261951971799956,
        2.3403682236617795,
        2.365023786464597,
        2.391773385300668,
        2.4151372253135905,
        2.438920831490491,
        2.4613076187705225,
        2.4824169373459086,
        2.4946926778752436,
        2.5122505884483073,
        2.528922484843887
    ],
    "selections": [
        null,
        null,
        "_subject_gaps:Instance-ancestry-character",
        "_subject_gaps:Instance-activity-character",
        "_subject_gaps:Instance-attribute-character",
        "_subject_gaps:Instance-character-product",
        "_subject_gaps:Instance-activity-character",
        "_complement_gaps:Instance-attribute-character",
        "_complement_gaps:Instance-attribute-character",
        "_statement_novelty:Actor-Source",
        "_complement_gaps:Instance-attribute-character"
    ]
}