{
    "abstract_actions": [
        null,
        7,
        4,
        4,
        7,
        6,
        4,
        5,
        7,
        4,
        2
    ],
    "specific_actions": [
        null,
        25,
        null,
        null,
        25,
        null,
        null,
        11,
        25,
        null,
        25
    ],
    "rewards": [
        0,
        0,
        0.003338093377112994,
        0.004156338578633845,
        0.004604321557205804,
        0.0033067071725680908,
        0.002389164220853779,
        0.0042066258789912325,
        0.004048788059770825,
        0.0029363345137838337,
        0.002426852935780266
    ],
    "states": [
        2.472434881341832,
        2.4953482498053,
        2.5036779552715656,
        2.5140840885455358,
        2.525659740111054,
        2.5340113572891454,
        2.540065526559218,
        2.5507506319375755,
        2.561078080639617,
        2.5685982626002946,
        2.574831872834726
    ],
    "selections": [
        null,
        null,
        "_trust:Source",
        "_subject_gaps:Instance-attribute-character",
        "_subject_gaps:Instance-ancestry-character",
        "_trust:Source",
        "_overlaps:character",
        "_subject_gaps:Instance-character-designation",
        "_complement_gaps:Instance-attribute-character",
        "_trust:Source",
        "_subject_gaps:Instance-attribute-character"
    ]
}