{
    "abstract_actions": [
        null,
        3,
        6,
        4,
        7,
        7,
        4,
        3,
        4,
        7,
        4
    ],
    "specific_actions": [
        null,
        null,
        11,
        null,
        25,
        25,
        null,
        11,
        null,
        25,
        null
    ],
    "rewards": [
        0,
        0,
        0.33333333333333326,
        0.5,
        0.0,
        0.25,
        0.0,
        -0.040000000000000036,
        0.0,
        -0.02777777777777768,
        0.1428571428571428
    ],
    "states": [
        0.0,
        0.5,
        0.6666666666666666,
        1.0,
        1.0,
        1.25,
        1.25,
        1.2,
        1.2,
        1.1666666666666667,
        1.3333333333333333
    ],
    "selections": [
        null,
        null,
        "_entity_novelty:Instance-character",
        "_overlaps:attribute-physical-appearance",
        "_subject_gaps:Instance-character-enchantment",
        "_trust:Source",
        "_trust:Source",
        "_subject_gaps:Instance-ability-character",
        "_entity_novelty:Instance-attribute",
        "_subject_gaps:Instance-attribute-character",
        "_trust:Source"
    ]
}