{
    "abstract_actions": [
        null,
        3,
        5,
        7,
        4,
        7,
        4,
        5,
        7,
        4,
        7
    ],
    "specific_actions": [
        null,
        null,
        11,
        25,
        null,
        25,
        null,
        11,
        25,
        null,
        25
    ],
    "rewards": [
        0,
        0,
        0.029042045947117456,
        0.02864363942712722,
        0.024570024570024662,
        0.027977617905675434,
        0.019440124416796323,
        0.026697177726926036,
        0.026002971768201988,
        0.018102824040550303,
        0.022759601706970223
    ],
    "states": [
        2096.0,
        2307.0,
        2374.0,
        2442.0,
        2502.0,
        2572.0,
        2622.0,
        2692.0,
        2762.0,
        2812.0,
        2876.0
    ],
    "selections": [
        null,
        null,
        "_entity_novelty:Instance-character",
        "_complement_gaps:Instance-attribute-character",
        "_trust:Source",
        "_subject_gaps:Instance-character-enchantment",
        "_trust:Source",
        "_subject_gaps:Instance-attribute-character",
        "_complement_gaps:Instance-attribute-character",
        "_trust:Source",
        "_subject_gaps:Instance-attribute-character"
    ]
}