{
    "actions": [
        null,
        5,
        3,
        5,
        5,
        5,
        5,
        5,
        5,
        5,
        6
    ],
    "rewards": [
        0,
        0,
        -0.005850815596758263,
        0.00273698770297659,
        -0.00452184733017158,
        -0.004255499692399023,
        -0.0022194767722075737,
        -0.0038507007667191173,
        -0.0019581943903107524,
        -0.0035040990766032065,
        -0.0017365096091646048
    ],
    "states": [
        11.675070028011204,
        10.869976359338061,
        10.806378132118452,
        10.835955056179776,
        10.78695652173913,
        10.741052631578947,
        10.717213114754099,
        10.675944333996023,
        10.655038759689923,
        10.617702448210922,
        10.599264705882353
    ],
    "selections": [
        null,
        null,
        "_complement_gaps:Instance-attribute-character",
        "_entity_novelty:Instance-character",
        "_complement_gaps:Instance-attribute-character",
        "_complement_gaps:Instance-attribute-character",
        "_complement_gaps:Instance-attribute-character",
        "_complement_gaps:Instance-attribute-character",
        "_complement_gaps:Instance-attribute-character",
        "_complement_gaps:Instance-attribute-character",
        "_complement_gaps:Instance-attribute-character"
    ]
}