{
    "actions": [
        null,
        4,
        5,
        7,
        7,
        2,
        2,
        2,
        7,
        4,
        7
    ],
    "rewards": [
        0,
        0,
        0.0546697038724373,
        0.05831533477321815,
        0.01836734693877573,
        0.018036072144288484,
        0.017716535433070835,
        0.01740812379110257,
        0.017110266159695797,
        0.016822429906542036,
        0.049632352941176405
    ],
    "states": [
        7.0588235294117645,
        8.607843137254902,
        9.07843137254902,
        9.607843137254902,
        9.784313725490197,
        9.96078431372549,
        10.137254901960784,
        10.313725490196079,
        10.490196078431373,
        10.666666666666666,
        11.196078431372548
    ],
    "selections": [
        null,
        null,
        "_subject_gaps:Instance-attribute-character",
        "_complement_gaps:Instance-attribute-character",
        "_trust:Source",
        "_trust:Source",
        "_statement_novelty:Actor-Source",
        "_statement_novelty:Actor-Source",
        "_statement_novelty:Actor-Source",
        "_trust:Source",
        "_subject_gaps:Instance-attribute-character"
    ]
}