{
    "abstract_actions": [
        null,
        3,
        7,
        2,
        7,
        5,
        7,
        5,
        4,
        5,
        3
    ],
    "specific_actions": [
        null,
        11,
        25,
        25,
        25,
        11,
        25,
        11,
        null,
        11,
        null
    ],
    "rewards": [
        0,
        0,
        0.0068401991611950486,
        0.008924940278212778,
        0.006543356212113549,
        0.00489078262392284,
        0.010194177991710518,
        0.006657019881519455,
        0.00817378712110406,
        0.007705833512519522,
        0.008058740064938785
    ],
    "states": [
        2.261951971799956,
        2.3403682236617795,
        2.3563768084221586,
        2.377407330710292,
        2.3929635537364193,
        2.404667018304714,
        2.429180621900108,
        2.4453517255958985,
        2.465339510037144,
        2.4843370058533263,
        2.5043576320172063
    ],
    "selections": [
        null,
        null,
        "_entity_novelty:Instance-attribute",
        "_trust:Source",
        "_statement_novelty:Actor-Source",
        "_trust:Source",
        "_complement_gaps:Instance-attribute-character",
        "_trust:Source",
        "_complement_gaps:Instance-attribute-character",
        "_subject_gaps:Instance-ancestry-character",
        "_complement_gaps:Instance-attribute-character"
    ]
}