{
    "abstract_actions": [
        null,
        7,
        4,
        3,
        5,
        7,
        2,
        4,
        6,
        2,
        6
    ],
    "specific_actions": [
        null,
        25,
        null,
        11,
        11,
        25,
        25,
        null,
        null,
        25,
        null
    ],
    "rewards": [
        0,
        0,
        0.003576867730725297,
        0.005120560439978439,
        0.004893541589005013,
        0.005251979896007564,
        0.003349076343292179,
        0.0027501612813376486,
        0.003691419212114244,
        0.0022235213390515707,
        0.002552087006811643
    ],
    "states": [
        2.5052329329914684,
        2.5285869298890407,
        2.5376313508828945,
        2.5506254455894743,
        2.563107037285441,
        2.5765684239165796,
        2.585197548271992,
        2.592307258473859,
        2.6018765512914928,
        2.6076618793248674,
        2.6143168593252506
    ],
    "selections": [
        null,
        null,
        "_trust:Source",
        "_subject_gaps:Instance-age-character",
        "_entity_novelty:Instance-attribute",
        "_complement_gaps:Instance-attribute-character",
        "_trust:Source",
        "_statement_novelty:Actor-Source",
        "_subject_gaps:Instance-character-gender",
        "_overlaps:character",
        "_statement_novelty:Actor-Source"
    ]
}