{
    "actions": [
        null,
        6,
        4,
        3,
        7,
        5,
        3,
        5,
        4,
        5,
        5
    ],
    "rewards": [
        0,
        0,
        0.9881642512077294,
        1.0261282660332542,
        1.0260684760567773,
        0.9909575701367956,
        1.024793237377199,
        0.9911684782608696,
        1.022257279056209,
        1.0224501424501424,
        1.020021645021645
    ],
    "states": [
        0.005486284289276808,
        0.005622097286726962,
        0.005555555555555556,
        0.005700712589073635,
        0.00584932147870847,
        0.005796429399489914,
        0.005940141649531642,
        0.00588768115942029,
        0.0060187249219794915,
        0.006153846153846154,
        0.006277056277056277
    ],
    "selections": [
        null,
        null,
        "_overlaps:attribute",
        "_subject_gaps:Instance-attribute-character",
        "_entity_novelty:Instance-character",
        "_trust:Source",
        "_complement_gaps:Instance-attribute-character",
        "_entity_novelty:Instance-attribute",
        "_complement_gaps:Instance-attribute-character",
        "_subject_gaps:Instance-attribute-character",
        "_complement_gaps:Instance-attribute-character"
    ]
}