{
    "abstract_actions": [
        null,
        7,
        4,
        4,
        3,
        5,
        7,
        7,
        7,
        4,
        7
    ],
    "specific_actions": [
        null,
        25,
        null,
        null,
        null,
        11,
        25,
        25,
        25,
        null,
        25
    ],
    "rewards": [
        0,
        0,
        -0.014501993959638249,
        -0.02084293200398124,
        -0.024516350579472324,
        -0.01954563651579211,
        -0.01917259801991078,
        -0.011013183620342093,
        -0.008474334809890571,
        -0.00840659145602396,
        -0.0183105119723731
    ],
    "states": [
        0.00846447704010603,
        0.00810612657948995,
        0.007988571580798125,
        0.007822066326530612,
        0.0076302978062135025,
        0.007481158778786008,
        0.007337725528797217,
        0.007256913810192901,
        0.007195416292878808,
        0.007134927367748557,
        0.007004283194759385
    ],
    "selections": [
        null,
        null,
        "_trust:Source",
        "_subject_gaps:Instance-character-designation",
        "_subject_gaps:Instance-attribute-character",
        "_entity_novelty:Instance-character",
        "_complement_gaps:Instance-attribute-character",
        "_trust:Source",
        "_trust:Source",
        "_trust:Source",
        "_subject_gaps:Instance-attribute-character"
    ]
}