{
    "abstract_actions": [
        null,
        5,
        5,
        5,
        5,
        7,
        7,
        5,
        4,
        5,
        5
    ],
    "specific_actions": [
        null,
        11,
        11,
        11,
        11,
        25,
        25,
        11,
        null,
        11,
        11
    ],
    "rewards": [
        0,
        0,
        0.03164282618118763,
        0.026890756302520913,
        0.02864157119476274,
        0.027844073190135266,
        0.023219814241486114,
        0.014750378214825943,
        0.02609019754006714,
        0.02288412640755544,
        0.024857954545454586
    ],
    "states": [
        2096.0,
        2307.0,
        2380.0,
        2444.0,
        2514.0,
        2584.0,
        2644.0,
        2683.0,
        2753.0,
        2816.0,
        2886.0
    ],
    "selections": [
        null,
        null,
        "_complement_gaps:Instance-attribute-character",
        "_complement_gaps:Instance-attribute-character",
        "_complement_gaps:Instance-attribute-character",
        "_complement_gaps:Instance-attribute-character",
        "_trust:Source",
        "_trust:Source",
        "_complement_gaps:Instance-attribute-character",
        "_subject_gaps:Instance-character-personality-trait",
        "_complement_gaps:Instance-attribute-character"
    ]
}