{
    "actions": [
        null,
        4,
        4,
        7,
        4,
        4,
        4,
        5,
        5,
        5,
        5
    ],
    "rewards": [
        0,
        0,
        -0.03379861454528188,
        -0.02987216423103689,
        -0.01131986870565016,
        -0.028685165511860955,
        -0.024765622228956397,
        -0.010612463553082652,
        -0.032028914936893416,
        -0.03104361333102512,
        -0.030116715213359235
    ],
    "states": [
        0.013056202873306185,
        0.010384007064254536,
        0.010033042012054313,
        0.009733333333333333,
        0.009623153277931671,
        0.009347111533408194,
        0.009115624500239885,
        0.009018885267467502,
        0.008730020158410184,
        0.008459008788240444,
        0.008204251229577703
    ],
    "selections": [
        null,
        null,
        "_subject_gaps:Instance-attribute-character",
        "_subject_gaps:Instance-attribute-character",
        "_trust:Source",
        "_subject_gaps:Instance-attribute-character",
        "_subject_gaps:Instance-attribute-character",
        "_subject_gaps:Instance-attribute-character",
        "_complement_gaps:Instance-attribute-character",
        "_complement_gaps:Instance-attribute-character",
        "_complement_gaps:Instance-attribute-character"
    ]
}