{
    "actions": [
        null,
        5,
        5,
        7,
        4,
        4,
        3,
        7,
        5,
        5,
        4
    ],
    "rewards": [
        0,
        0,
        0.03175293605915619,
        0.0295109612141653,
        0.01597051597051591,
        0.028214429665457397,
        0.02508820070560569,
        0.024474187380497225,
        0.014557670772676445,
        0.021339220014716664,
        0.023054755043227626
    ],
    "states": [
        2084.0,
        2299.0,
        2372.0,
        2442.0,
        2481.0,
        2551.0,
        2615.0,
        2679.0,
        2718.0,
        2776.0,
        2840.0
    ],
    "selections": [
        null,
        null,
        "_complement_gaps:Instance-attribute-character",
        "_complement_gaps:Instance-attribute-character",
        "_trust:Source",
        "_subject_gaps:Instance-attribute-character",
        "_subject_gaps:Instance-attribute-character",
        "_entity_novelty:Instance-attribute",
        "_trust:Source",
        "_complement_gaps:Instance-attribute-character",
        "_complement_gaps:Instance-attribute-character"
    ]
}