{
    "abstract_actions": [
        null,
        4,
        4,
        4,
        4,
        4,
        6,
        4,
        4,
        5,
        7
    ],
    "specific_actions": [
        null,
        null,
        null,
        null,
        null,
        null,
        20,
        null,
        null,
        11,
        25
    ],
    "rewards": [
        0,
        0,
        -0.03433476394849788,
        -0.01637692113882583,
        -0.011706430665876066,
        -0.035069994089153456,
        -0.028520033680305645,
        -0.029905232154902706,
        -0.026927360293793057,
        -0.02622331136840561,
        -0.030396499499136476
    ],
    "states": [
        0.013134665630958265,
        0.01056689342403628,
        0.01020408163265306,
        0.01003697019246096,
        0.00991947309680745,
        0.009571597233934897,
        0.009298614958448753,
        0.009020537719397292,
        0.00877763845018333,
        0.008547459704024884,
        0.008287646849412602
    ],
    "selections": [
        null,
        null,
        "_subject_gaps:Instance-attribute-character",
        "_subject_gaps:Instance-attribute-character",
        "_subject_gaps:Instance-character-designation",
        "_subject_gaps:Instance-attribute-character",
        "_subject_gaps:Instance-attribute-character",
        "_overlaps:attribute-object",
        "_subject_gaps:Instance-age-character",
        "_subject_gaps:Instance-attribute-character",
        "_complement_gaps:Instance-attribute-character"
    ]
}