{
    "actions": [
        null,
        3,
        4,
        3,
        5,
        5,
        7,
        7,
        7,
        5,
        5
    ],
    "rewards": [
        0,
        0,
        0.0016923434860454112,
        -0.0028088939630475096,
        0.004874517374517495,
        -0.004683749686277161,
        0.002521487346764273,
        0.002451604923001005,
        0.002384596134596073,
        0.0023203051283191556,
        -0.004446632943880036
    ],
    "states": [
        11.675070028011204,
        10.869976359338061,
        10.888372093023255,
        10.857787810383748,
        10.910714285714286,
        10.859611231101512,
        10.886993603411513,
        10.913684210526316,
        10.93970893970894,
        10.965092402464066,
        10.91633466135458
    ],
    "selections": [
        null,
        null,
        "_entity_novelty:Instance-attribute",
        "_subject_gaps:Instance-attribute-character",
        "_entity_novelty:Instance-attribute",
        "_complement_gaps:Instance-attribute-character",
        "_complement_gaps:Instance-attribute-character",
        "_trust:Source",
        "_trust:Source",
        "_trust:Source",
        "_complement_gaps:Instance-attribute-character"
    ]
}