{
    "actions": [
        null,
        7,
        7,
        7,
        5,
        4,
        7,
        7,
        5,
        5,
        3,
        2,
        7,
        7,
        2,
        7,
        7,
        2,
        7,
        7,
        7,
        2,
        7,
        7,
        4,
        5
    ],
    "rewards": [
        0,
        0,
        0.0010432996663376493,
        0.0013867874947930403,
        0.0013659331224231686,
        0.0030918700973536772,
        0.0033207451491139572,
        0.0012478651896605797,
        0.0012300805360099254,
        0.0012126726456027637,
        0.0027381608496122034,
        0.0011563522559707717,
        0.0011404875191283192,
        0.0011249464363731754,
        0.001109720281533555,
        0.0010948006198880922,
        0.0010801792965919876,
        0.0010658484256327316,
        0.0010518003792916453,
        0.001038027778081485,
        0.0010245234811381287,
        0.0010112805770419175,
        0.000998292375046228,
        0.0009855523966968427,
        0.0009730543678150294,
        0.002185207022220137
    ],
    "states": [
        2.646618508451912,
        2.662962000975152,
        2.665740268342239,
        2.6694370836107426,
        2.673083356141471,
        2.6813481826380587,
        2.6902522566086398,
        2.6936093287510676,
        2.696922685157979,
        2.700193169525576,
        2.707586732748761,
        2.7107176567754117,
        2.713809196430845,
        2.7168620864153668,
        2.719877043374791,
        2.722854766447897,
        2.7257959377942407,
        2.7287012231031347,
        2.7315712720845684,
        2.7344067189428016,
        2.7372081828333403,
        2.73997626830396,
        2.7427115657204153,
        2.745414651677459,
        2.748086089395737,
        2.75409122641595
    ],
    "selections": [
        null,
        null,
        "_trust:Source",
        "_trust:Source",
        "_trust:Source",
        "_complement_gaps:Instance-attribute-character",
        "_subject_gaps:Instance-attribute-character",
        "_trust:Source",
        "_trust:Source",
        "_complement_gaps:Instance-attribute-character",
        "_complement_gaps:Instance-attribute-character",
        "_entity_novelty:Instance-attribute",
        "_statement_novelty:Actor-Source",
        "_trust:Source",
        "_trust:Source",
        "_statement_novelty:Actor-Source",
        "_trust:Source",
        "_trust:Source",
        "_statement_novelty:Actor-Source",
        "_trust:Source",
        "_trust:Source",
        "_trust:Source",
        "_statement_novelty:Actor-Source",
        "_trust:Source",
        "_trust:Source",
        "_subject_gaps:Instance-attribute-character"
    ]
}