{
    "actions": [
        null,
        7,
        2,
        7,
        7,
        4,
        3,
        7,
        4,
        3,
        7
    ],
    "rewards": [
        0,
        0,
        0.018268812527185707,
        0.016659547202050318,
        0.01638655462184868,
        0.016122364613476714,
        0.028478437754271724,
        0.015427215189873333,
        0.015192832099727216,
        0.024558710667689887,
        0.014606741573033766
    ],
    "states": [
        2084.0,
        2299.0,
        2341.0,
        2380.0,
        2419.0,
        2458.0,
        2528.0,
        2567.0,
        2606.0,
        2670.0,
        2709.0
    ],
    "selections": [
        null,
        null,
        "_trust:Source",
        "_statement_novelty:Actor-Source",
        "_trust:Source",
        "_trust:Source",
        "_subject_gaps:Instance-attribute-character",
        "_entity_novelty:Instance-attribute",
        "_trust:Source",
        "_subject_gaps:Instance-attribute-character",
        "_entity_novelty:Instance-attribute"
    ]
}