{
    "actions": [
        null,
        3,
        4,
        4,
        4,
        7,
        7,
        2,
        4,
        4,
        3
    ],
    "rewards": [
        0,
        0,
        0.07704701531959857,
        0.06944117508591874,
        -0.010504739943633101,
        0.06264136717768287,
        -0.010199004975124493,
        -0.010096035459246422,
        -0.009995124329595262,
        0.05936174137612982,
        0.05225085795033979
    ],
    "states": [
        0.0024958402662229617,
        0.002697599136768276,
        0.0029054410987849975,
        0.0031071983428275505,
        0.0030745580322828594,
        0.003267152550892184,
        0.003233830845771144,
        0.0032011819748830337,
        0.0031691857630424185,
        0.003357314148681055,
        0.003532736693358455
    ],
    "selections": [
        null,
        null,
        "_entity_novelty:Instance-attribute",
        "_subject_gaps:Instance-attribute-character",
        "_subject_gaps:Instance-attribute-character",
        "_subject_gaps:Instance-attribute-character",
        "_trust:Source",
        "_trust:Source",
        "_statement_novelty:Actor-Source",
        "_subject_gaps:Instance-attribute-character",
        "_subject_gaps:Instance-attribute-character"
    ]
}