{
    "actions": [
        null,
        4,
        5,
        4,
        5,
        4,
        4,
        7,
        7,
        5,
        7
    ],
    "rewards": [
        0,
        0,
        0.11825613079019082,
        0.1021756540309664,
        -0.010826511750726242,
        0.08700020092425165,
        0.07881935647327065,
        0.07030031862246622,
        -0.010088582677165281,
        -0.009987819732034109,
        0.0636410747030216
    ],
    "states": [
        0.0017191977077363897,
        0.001949317738791423,
        0.0021798365122615805,
        0.002402562733582488,
        0.0023765513599155004,
        0.0025833118057349523,
        0.002786926779832784,
        0.002982848620432513,
        0.002952755905511811,
        0.00292326431181486,
        0.0031093039942597465
    ],
    "selections": [
        null,
        null,
        "_subject_gaps:Instance-attribute-character",
        "_complement_gaps:Instance-attribute-character",
        "_subject_gaps:Instance-attribute-character",
        "_complement_gaps:Instance-attribute-character",
        "_subject_gaps:Instance-attribute-character",
        "_subject_gaps:Instance-attribute-character",
        "_trust:Source",
        "_trust:Source",
        "_complement_gaps:Instance-attribute-character"
    ]
}