{
    "actions": [
        null,
        4,
        5,
        6,
        2,
        6,
        6,
        5,
        3,
        7,
        2,
        7,
        5,
        5,
        7,
        5,
        5,
        5,
        5,
        6,
        4,
        5,
        5,
        6,
        5,
        5
    ],
    "rewards": [
        0,
        0,
        0.02324007883976109,
        0.02392170060014598,
        -0.00894941634241253,
        -0.007530411276308158,
        -0.008803827751196147,
        -0.007408814589665691,
        0.02205653929791862,
        -0.007266629401900482,
        -0.00721420643729187,
        -0.007162534435261714,
        -0.007111597374179546,
        0.021413121845710092,
        -0.006980490424198904,
        -0.006932100959829324,
        0.020647428992573325,
        0.02084420668058451,
        0.018957642495150973,
        0.019240404850185522,
        -0.007775524002704648,
        0.018585298196948763,
        0.016883809944425954,
        -0.006417640283034376,
        -0.007512657194185701,
        -0.006329113924050667
    ],
    "states": [
        0.0053126277073968125,
        0.0054336888710002015,
        0.005559968228752979,
        0.005692972124067531,
        0.005642023346303502,
        0.005599536590075304,
        0.005550239234449761,
        0.0055091185410334345,
        0.00563063063063063,
        0.005589714924538848,
        0.005549389567147614,
        0.005509641873278237,
        0.005470459518599562,
        0.0055875991348233595,
        0.005548594952568463,
        0.005510131532172059,
        0.00562390158172232,
        0.005741127348643006,
        0.005849965588437715,
        0.00596252129471891,
        0.005916159567275186,
        0.006026113157013726,
        0.006127856906260351,
        0.006088530524930064,
        0.0060427894822799285,
        0.006004543979227524
    ],
    "selections": [
        null,
        null,
        "_subject_gaps:Instance-attribute-character",
        "_complement_gaps:Instance-attribute-character",
        "_overlaps:character",
        "_statement_novelty:Actor-Source",
        "_overlaps:character",
        "_overlaps:character",
        "_complement_gaps:Instance-attribute-character",
        "_entity_novelty:Instance-attribute",
        "_trust:Source",
        "_statement_novelty:Actor-Source",
        "_trust:Source",
        "_complement_gaps:Instance-attribute-character",
        "_complement_gaps:Instance-attribute-character",
        "_trust:Source",
        "_complement_gaps:Instance-attribute-character",
        "_complement_gaps:Instance-attribute-character",
        "_complement_gaps:Instance-attribute-character",
        "_complement_gaps:Instance-attribute-character",
        "_overlaps:character",
        "_subject_gaps:Instance-attribute-character",
        "_complement_gaps:Instance-attribute-character",
        "_complement_gaps:Instance-attribute-character",
        "_overlaps:attribute",
        "_complement_gaps:Instance-attribute-character"
    ]
}