{
    "actions": [
        null,
        7,
        4,
        4,
        6,
        4,
        3,
        5,
        4,
        3,
        7
    ],
    "rewards": [
        0,
        0,
        0.9875813128326434,
        1.0904752692332493,
        1.0817922374429223,
        0.9887133182844243,
        1.071558153598065,
        0.9893062791335344,
        1.06293157564344,
        1.0586942811222102,
        0.9897905759162304
    ],
    "states": [
        0.00245474071801166,
        0.002694610778443114,
        0.0026611472501478417,
        0.002901915264074289,
        0.003139269406392694,
        0.0031038374717832955,
        0.0033259423503325942,
        0.003290375651220181,
        0.003497444175410277,
        0.0037027241470510446,
        0.0036649214659685864
    ],
    "selections": [
        null,
        null,
        "_trust:Source",
        "_subject_gaps:Instance-attribute-character",
        "_subject_gaps:Instance-attribute-character",
        "_overlaps:character",
        "_subject_gaps:Instance-attribute-character",
        "_entity_novelty:Instance-attribute",
        "_complement_gaps:Instance-attribute-character",
        "_subject_gaps:Instance-attribute-character",
        "_entity_novelty:Instance-attribute"
    ]
}