{
    "abstract_actions": [
        null,
        7,
        2,
        2,
        4,
        5,
        7,
        2,
        4,
        4,
        4
    ],
    "specific_actions": [
        null,
        25,
        25,
        25,
        null,
        11,
        25,
        25,
        null,
        null,
        null
    ],
    "rewards": [
        0,
        0,
        0.04337899543378998,
        0.01969365426695835,
        0.0193133047210301,
        0.05052631578947375,
        0.05611222444889785,
        0.026565464895635493,
        0.016635859519408713,
        0.041818181818181754,
        0.041884816753926746
    ],
    "states": [
        7.0588235294117645,
        8.588235294117647,
        8.96078431372549,
        9.137254901960784,
        9.313725490196079,
        9.784313725490197,
        10.333333333333334,
        10.607843137254902,
        10.784313725490197,
        11.235294117647058,
        11.705882352941176
    ],
    "selections": [
        null,
        null,
        "_trust:Source",
        "_statement_novelty:Actor-Source",
        "_statement_novelty:Actor-Source",
        "_subject_gaps:Instance-attribute-character",
        "_complement_gaps:Instance-attribute-character",
        "_trust:Source",
        "_statement_novelty:Actor-Source",
        "_subject_gaps:Instance-character-enchantment",
        "_subject_gaps:Instance-attribute-character"
    ]
}