{
    "abstract_actions": [
        null,
        7,
        7,
        2,
        5,
        5,
        4,
        3,
        7,
        7,
        4
    ],
    "specific_actions": [
        null,
        25,
        25,
        25,
        11,
        11,
        null,
        11,
        25,
        25,
        null
    ],
    "rewards": [
        0,
        0,
        -0.036344473076596606,
        -0.016345394219171472,
        -0.011675713961864398,
        -0.03501173133853397,
        -0.030699796867655116,
        -0.027622875964663396,
        -0.014483111268041582,
        -0.017207929144578804,
        -0.014033945344334886
    ],
    "states": [
        0.013134665630958265,
        0.01056689342403628,
        0.010182845250483128,
        0.010016402630591163,
        0.009899453978549515,
        0.009552856955454358,
        0.009259586187416144,
        0.009003809786677038,
        0.008873406607700312,
        0.008720713655523968,
        0.00859832763671875
    ],
    "selections": [
        null,
        null,
        "_trust:Source",
        "_trust:Source",
        "_statement_novelty:Actor-Source",
        "_complement_gaps:Instance-attribute-character",
        "_complement_gaps:Instance-attribute-character",
        "_subject_gaps:Instance-character-physical-appearance",
        "_entity_novelty:Instance-attribute",
        "_trust:Source",
        "_trust:Source"
    ]
}