{
    "abstract_actions": [
        null,
        5,
        7,
        2,
        7,
        4,
        4,
        4,
        4,
        7,
        6
    ],
    "specific_actions": [
        null,
        11,
        25,
        25,
        25,
        null,
        null,
        null,
        null,
        25,
        null
    ],
    "rewards": [
        0,
        0,
        0.005969529913503191,
        0.003922834238788031,
        0.003191876650937564,
        0.0031228901324413805,
        0.004888639380599802,
        0.005284433856749704,
        0.0044755125841478005,
        0.004304620028353634,
        0.003107090401110346
    ],
    "states": [
        2.435794273019645,
        2.4614745811669554,
        2.4761684273105593,
        2.4858820255982192,
        2.493816654392712,
        2.5016045698148326,
        2.513834012429518,
        2.5271182019950493,
        2.5384283513097072,
        2.5493553208312956,
        2.55727639827767
    ],
    "selections": [
        null,
        null,
        "_complement_gaps:Instance-attribute-character",
        "_trust:Source",
        "_statement_novelty:Actor-Source",
        "_trust:Source",
        "_subject_gaps:Instance-character-physical-appearance",
        "_subject_gaps:Instance-ability-character",
        "_subject_gaps:Instance-attribute-character",
        "_subject_gaps:Instance-attribute-character",
        "_trust:Source"
    ]
}