{
    "abstract_actions": [
        null,
        3,
        5,
        5,
        5,
        7,
        5,
        4,
        4,
        4,
        5
    ],
    "specific_actions": [
        null,
        11,
        11,
        11,
        11,
        25,
        11,
        null,
        null,
        null,
        11
    ],
    "rewards": [
        0,
        0,
        -0.0008264161491436939,
        -0.005069156751780435,
        -0.0047612514464276945,
        -0.004480602600703154,
        -0.0039294863444920836,
        -0.0040125933699611815,
        -0.003794528959499055,
        -0.0019479126913055644,
        -0.0005903884756169875
    ],
    "states": [
        11.742296918767506,
        10.985714285714286,
        10.976635514018692,
        10.920993227990971,
        10.868995633187772,
        10.82029598308668,
        10.777777777777779,
        10.734530938123752,
        10.693798449612403,
        10.67296786389414,
        10.666666666666666
    ],
    "selections": [
        null,
        null,
        "_entity_novelty:Instance-attribute",
        "_complement_gaps:Instance-attribute-character",
        "_complement_gaps:Instance-attribute-character",
        "_complement_gaps:Instance-attribute-character",
        "_trust:Source",
        "_complement_gaps:Instance-attribute-character",
        "_subject_gaps:Instance-character-enchantment",
        "_subject_gaps:Instance-attribute-character",
        "_subject_gaps:Instance-character-gender"
    ]
}