{
    "actions": [
        null,
        5,
        5,
        5,
        5,
        2,
        4,
        3,
        2,
        7,
        5
    ],
    "rewards": [
        0,
        0,
        0.03175293605915619,
        0.0295109612141653,
        0.028665028665028736,
        0.015525477707006408,
        0.015288122304978335,
        0.024710424710424617,
        0.014694800301431776,
        0.014481990345339701,
        0.014275256222547661
    ],
    "states": [
        2084.0,
        2299.0,
        2372.0,
        2442.0,
        2512.0,
        2551.0,
        2590.0,
        2654.0,
        2693.0,
        2732.0,
        2771.0
    ],
    "selections": [
        null,
        null,
        "_complement_gaps:Instance-attribute-character",
        "_complement_gaps:Instance-attribute-character",
        "_complement_gaps:Instance-attribute-character",
        "_complement_gaps:Instance-attribute-character",
        "_statement_novelty:Actor-Source",
        "_subject_gaps:Instance-attribute-character",
        "_entity_novelty:Instance-attribute",
        "_statement_novelty:Actor-Source",
        "_trust:Source"
    ]
}