{
    "abstract_actions": [
        null,
        5,
        4,
        4,
        5,
        5,
        4,
        7,
        2,
        5,
        3
    ],
    "specific_actions": [
        null,
        11,
        null,
        null,
        11,
        11,
        null,
        25,
        25,
        11,
        11
    ],
    "rewards": [
        0,
        0,
        0.005340936177044009,
        0.004823026582531531,
        0.004607088414990912,
        0.004952599017850279,
        0.0026859175974196514,
        0.004597800089130466,
        0.003929025961795896,
        0.0024297794678962426,
        0.003669780373834808
    ],
    "states": [
        2.516304347826087,
        2.5388030616549813,
        2.5523626467733647,
        2.564672759667013,
        2.576488433826318,
        2.5892487479131887,
        2.5962032566893054,
        2.608140080254312,
        2.6183875303416317,
        2.6247496346018515,
        2.6343818892971433
    ],
    "selections": [
        null,
        null,
        "_complement_gaps:Instance-attribute-character",
        "_subject_gaps:Instance-character-personality-trait",
        "_subject_gaps:Instance-attribute-character",
        "_complement_gaps:Instance-attribute-character",
        "_complement_gaps:Instance-attribute-character",
        "_subject_gaps:Instance-character-product",
        "_trust:Source",
        "_statement_novelty:Actor-Source",
        "_complement_gaps:Instance-attribute-character"
    ]
}