{
    "abstract_actions": [
        null,
        7,
        2,
        4,
        7,
        5,
        4,
        4,
        7,
        5,
        4
    ],
    "specific_actions": [
        null,
        25,
        25,
        null,
        25,
        11,
        null,
        null,
        25,
        11,
        null
    ],
    "rewards": [
        0,
        0,
        0.0016020787271204817,
        0.0022690358130099675,
        -0.00020841425174544792,
        0.0022382872872597215,
        -0.0005585459737317278,
        -0.00022642172209597078,
        -0.0002175625873682696,
        0.0020604132043557932,
        -0.0016519385399251796
    ],
    "states": [
        10.790786948176583,
        10.730983302411873,
        10.748175182481752,
        10.772563176895307,
        10.770318021201414,
        10.794425087108014,
        10.788395904436861,
        10.785953177257525,
        10.783606557377048,
        10.805825242718447,
        10.787974683544304
    ],
    "selections": [
        null,
        null,
        "_trust:Source",
        "_statement_novelty:Actor-Source",
        "_subject_gaps:Instance-activity-character",
        "_trust:Source",
        "_complement_gaps:Instance-attribute-character",
        "_subject_gaps:Instance-character-institution",
        "_subject_gaps:Instance-character-object",
        "_trust:Source",
        "_complement_gaps:Instance-attribute-character"
    ]
}