{
    "abstract_actions": [
        null,
        4,
        6,
        6,
        6,
        4,
        7,
        7,
        7,
        2,
        2
    ],
    "specific_actions": [
        null,
        null,
        null,
        null,
        null,
        null,
        25,
        25,
        25,
        25,
        25
    ],
    "rewards": [
        0,
        0,
        0.04235294117647048,
        0.012415349887133331,
        0.03121516164994409,
        0.01189189189189177,
        0.044871794871794934,
        0.02249488752556239,
        0.010999999999999899,
        0.010880316518298683,
        0.010763209393346296
    ],
    "states": [
        15.745098039215685,
        16.666666666666668,
        17.372549019607842,
        17.58823529411765,
        18.137254901960784,
        18.352941176470587,
        19.176470588235293,
        19.607843137254903,
        19.823529411764707,
        20.03921568627451,
        20.254901960784313
    ],
    "selections": [
        null,
        null,
        "_subject_gaps:Instance-attribute-character",
        "_overlaps:character",
        "_overlaps:character",
        "_overlaps:character",
        "_subject_gaps:Instance-attribute-character",
        "_trust:Source",
        "_trust:Source",
        "_trust:Source",
        "_statement_novelty:Actor-Source"
    ]
}