{
    "actions": [
        null,
        4,
        4,
        5,
        5,
        6,
        7,
        6,
        4,
        5,
        3
    ],
    "rewards": [
        0,
        0,
        -0.003827153980986542,
        -0.004581871498141155,
        -0.0024189134311493055,
        -0.0022928870292886483,
        0.0032487897454043235,
        0.002539972376337074,
        0.002472365335842941,
        -0.00401814778645837,
        -0.0021312890638488513
    ],
    "states": [
        11.675070028011204,
        10.869976359338061,
        10.82837528604119,
        10.778761061946902,
        10.75268817204301,
        10.728033472803347,
        10.762886597938145,
        10.790224032586558,
        10.816901408450704,
        10.7734375,
        10.75047619047619
    ],
    "selections": [
        null,
        null,
        "_subject_gaps:Instance-attribute-character",
        "_subject_gaps:Instance-attribute-character",
        "_complement_gaps:Instance-attribute-character",
        "_complement_gaps:Instance-attribute-character",
        "_overlaps:character",
        "_trust:Source",
        "_overlaps:character",
        "_subject_gaps:Instance-attribute-character",
        "_complement_gaps:Instance-attribute-character"
    ]
}