{
    "actions": [
        null,
        6,
        5,
        2,
        6,
        5,
        5,
        3,
        5,
        7,
        5
    ],
    "rewards": [
        0,
        0,
        -0.014850098066685247,
        -0.011357340720221654,
        -0.011229800054779582,
        -0.013509862199405531,
        0.17336856010568025,
        0.14133712414922028,
        -0.010485933503836309,
        0.12106659020858701,
        -0.010181276384405136
    ],
    "states": [
        0.0014459224985540775,
        0.001422070534698521,
        0.0014009526478005044,
        0.0013850415512465374,
        0.001369487811558477,
        0.0013509862199405566,
        0.001585204755614267,
        0.001809253036960455,
        0.0017902813299232737,
        0.002007024586051179,
        0.0019865905140302956
    ],
    "selections": [
        null,
        null,
        "_overlaps:character",
        "_complement_gaps:Instance-attribute-character",
        "_statement_novelty:Actor-Source",
        "_overlaps:character",
        "_complement_gaps:Instance-attribute-character",
        "_complement_gaps:Instance-attribute-character",
        "_entity_novelty:Instance-character",
        "_complement_gaps:Instance-attribute-character",
        "_trust:Source"
    ]
}