{
    "actions": [
        null,
        7,
        4,
        7,
        4,
        7,
        2,
        7,
        5,
        7,
        7
    ],
    "rewards": [
        0,
        0,
        0.0016923434860454112,
        -0.004814037984343433,
        0.0026568913176028275,
        -0.00453709380748013,
        0.0025675948345438293,
        0.0024967258065307085,
        0.002428759567117744,
        -0.004312759003026967,
        0.0023547312248772823
    ],
    "states": [
        11.675070028011204,
        10.869976359338061,
        10.888372093023255,
        10.835955056179776,
        10.864745011086475,
        10.815450643776824,
        10.84322033898305,
        10.870292887029288,
        10.896694214876034,
        10.849699398797595,
        10.875247524752476
    ],
    "selections": [
        null,
        null,
        "_trust:Source",
        "_subject_gaps:Instance-attribute-character",
        "_trust:Source",
        "_subject_gaps:Instance-attribute-character",
        "_trust:Source",
        "_statement_novelty:Actor-Source",
        "_trust:Source",
        "_complement_gaps:Instance-attribute-character",
        "_trust:Source"
    ]
}