{
    "abstract_actions": [
        null,
        5,
        5,
        6,
        7,
        4,
        5,
        7,
        5,
        5,
        4
    ],
    "specific_actions": [
        null,
        11,
        11,
        null,
        25,
        null,
        11,
        25,
        11,
        11,
        null
    ],
    "rewards": [
        0,
        0,
        0.011777576306545745,
        0.010076801556041293,
        0.009086975363136851,
        0.005932452663303556,
        0.009467295611965687,
        0.008837114528862156,
        0.005849341382373918,
        0.0079259928198665,
        0.006727926516854943
    ],
    "states": [
        2.261951971799956,
        2.3403682236617795,
        2.367932089001371,
        2.39179327076042,
        2.4135274372855364,
        2.427845574558817,
        2.450830706313368,
        2.4724889779559116,
        2.4869514100521326,
        2.506662969071563,
        2.523527613329998
    ],
    "selections": [
        null,
        null,
        "_complement_gaps:Instance-attribute-character",
        "_complement_gaps:Instance-attribute-character",
        "_overlaps:character",
        "_trust:Source",
        "_subject_gaps:Instance-age-character",
        "_complement_gaps:Instance-attribute-character",
        "_trust:Source",
        "_complement_gaps:Instance-attribute-character",
        "_complement_gaps:Instance-attribute-character"
    ]
}