{
    "actions": [
        null,
        7,
        5,
        4,
        3,
        6,
        4,
        4,
        5,
        5,
        5
    ],
    "rewards": [
        0,
        0,
        0.0016923434860454112,
        -0.004814037984343433,
        -0.0025927381597082855,
        -0.004717791018002626,
        0.0032347353249475574,
        -0.004095004095004073,
        0.0025100175588672613,
        -0.0021790748266758975,
        -0.0020760922490954403
    ],
    "states": [
        11.675070028011204,
        10.869976359338061,
        10.888372093023255,
        10.835955056179776,
        10.807860262008735,
        10.756871035940803,
        10.791666666666666,
        10.747474747474747,
        10.774451097804391,
        10.750972762645915,
        10.72865275142315
    ],
    "selections": [
        null,
        null,
        "_trust:Source",
        "_complement_gaps:Instance-attribute-character",
        "_subject_gaps:Instance-attribute-character",
        "_entity_novelty:Instance-attribute",
        "_overlaps:character",
        "_subject_gaps:Instance-attribute-character",
        "_subject_gaps:Instance-attribute-character",
        "_complement_gaps:Instance-attribute-character",
        "_complement_gaps:Instance-attribute-character"
    ]
}