{
    "actions": [
        null,
        4,
        7,
        6,
        5,
        4,
        3,
        2,
        7,
        7,
        7
    ],
    "rewards": [
        0,
        0,
        1.0107444359171143,
        1.0098709187547457,
        1.011528822055138,
        1.0158572844400398,
        1.0170731707317073,
        1.0093525179856115,
        1.0092658588738417,
        1.009180790960452,
        1.0090972708187544
    ],
    "states": [
        3828.0,
        3909.0,
        3951.0,
        3990.0,
        4036.0,
        4100.0,
        4170.0,
        4209.0,
        4248.0,
        4287.0,
        4326.0
    ],
    "selections": [
        null,
        null,
        "_subject_gaps:Instance-attribute-character",
        "_trust:Source",
        "_overlaps:character",
        "_complement_gaps:Instance-attribute-character",
        "_subject_gaps:Instance-attribute-character",
        "_entity_novelty:Instance-attribute",
        "_statement_novelty:Actor-Source",
        "_trust:Source",
        "_trust:Source"
    ]
}