{
    "actions": [
        null,
        4,
        7,
        4,
        7,
        2,
        2,
        2,
        7,
        7,
        2
    ],
    "rewards": [
        0,
        0,
        -0.003827153980986542,
        0.002716245379902338,
        -0.0004642343103881119,
        0.0025750982464556316,
        0.002502484554778084,
        0.0024329082591882933,
        0.002366201822241676,
        0.0023022091310751502,
        0.0022407845727601128
    ],
    "states": [
        11.675070028011204,
        10.869976359338061,
        10.82837528604119,
        10.857787810383748,
        10.852747252747253,
        10.880694143167029,
        10.907922912205567,
        10.93446088794926,
        10.960334029227557,
        10.985567010309278,
        11.010183299389002
    ],
    "selections": [
        null,
        null,
        "_subject_gaps:Instance-attribute-character",
        "_trust:Source",
        "_subject_gaps:Instance-attribute-character",
        "_trust:Source",
        "_statement_novelty:Actor-Source",
        "_statement_novelty:Actor-Source",
        "_statement_novelty:Actor-Source",
        "_trust:Source",
        "_trust:Source"
    ]
}