{
    "abstract_actions": [
        null,
        7,
        5,
        5,
        4,
        3,
        5,
        5,
        4,
        5,
        3
    ],
    "specific_actions": [
        null,
        25,
        11,
        11,
        null,
        null,
        11,
        11,
        null,
        11,
        null
    ],
    "rewards": [
        0,
        0,
        0.014721345951629772,
        0.021761658031087983,
        0.021636240703177823,
        0.023163467902051593,
        0.02069857697283317,
        0.020278833967046994,
        0.019565217391304346,
        0.017362168748096263,
        0.020958083832335328
    ],
    "states": [
        2797.0,
        2853.0,
        2895.0,
        2958.0,
        3022.0,
        3092.0,
        3156.0,
        3220.0,
        3283.0,
        3340.0,
        3410.0
    ],
    "selections": [
        null,
        null,
        "_trust:Source",
        "_complement_gaps:Instance-attribute-character",
        "_complement_gaps:Instance-attribute-character",
        "_subject_gaps:Instance-attribute-character",
        "_entity_novelty:Instance-character",
        "_complement_gaps:Instance-attribute-character",
        "_complement_gaps:Instance-attribute-character",
        "_subject_gaps:Instance-attribute-character",
        "_complement_gaps:Instance-attribute-character"
    ]
}