{
    "actions": [
        null,
        5,
        5,
        5,
        5,
        5,
        7,
        5,
        5,
        6,
        6
    ],
    "rewards": [
        0,
        0,
        0.03175293605915619,
        0.0295109612141653,
        0.028665028665028736,
        0.023089171974522316,
        0.027237354085603016,
        0.014772727272727382,
        0.014557670772676445,
        0.023546725533480473,
        0.016534867002156783
    ],
    "states": [
        2084.0,
        2299.0,
        2372.0,
        2442.0,
        2512.0,
        2570.0,
        2640.0,
        2679.0,
        2718.0,
        2782.0,
        2828.0
    ],
    "selections": [
        null,
        null,
        "_complement_gaps:Instance-attribute-character",
        "_complement_gaps:Instance-attribute-character",
        "_complement_gaps:Instance-attribute-character",
        "_complement_gaps:Instance-attribute-character",
        "_complement_gaps:Instance-attribute-character",
        "_trust:Source",
        "_complement_gaps:Instance-attribute-character",
        "_complement_gaps:Instance-attribute-character",
        "_overlaps:attribute"
    ]
}