{
    "abstract_actions": [
        null,
        7,
        5,
        6,
        6,
        2,
        5,
        4,
        4,
        5,
        7
    ],
    "specific_actions": [
        null,
        25,
        11,
        null,
        null,
        25,
        11,
        null,
        null,
        11,
        25
    ],
    "rewards": [
        0,
        0,
        -0.017215342796738198,
        0.12184998517640078,
        -0.01403098509207834,
        -0.011557353366079104,
        -0.01142530705512712,
        0.10325630252100848,
        0.08974358974358987,
        0.0792452830188679,
        0.07070707070707072
    ],
    "states": [
        0.001893939393939394,
        0.0021511985248924403,
        0.0021141649048625794,
        0.0023717758671805513,
        0.00233849751534639,
        0.0023114706732158337,
        0.0022850614110254213,
        0.0025210084033613447,
        0.0027472527472527475,
        0.0029649595687331535,
        0.0031746031746031746
    ],
    "selections": [
        null,
        null,
        "_trust:Source",
        "_complement_gaps:Instance-attribute-character",
        "_overlaps:character",
        "_overlaps:character",
        "_statement_novelty:Actor-Source",
        "_complement_gaps:Instance-attribute-character",
        "_subject_gaps:Instance-attribute-character",
        "_subject_gaps:Instance-character-institution",
        "_complement_gaps:Instance-attribute-character"
    ]
}