{
    "abstract_actions": [
        null,
        5,
        5,
        5,
        7,
        5,
        5,
        4,
        5,
        5,
        5
    ],
    "specific_actions": [
        null,
        11,
        11,
        11,
        25,
        11,
        11,
        null,
        11,
        11,
        11
    ],
    "rewards": [
        0,
        0,
        -0.023529718811866163,
        -0.01702269573202042,
        -0.020460019725772494,
        -0.009676214406413863,
        -0.0162720306784917,
        -0.01631169796438192,
        -0.01605516794603512,
        -0.01895240330913428,
        -0.015239447657417915
    ],
    "states": [
        0.008753500326646036,
        0.008369465433232116,
        0.008172534264982531,
        0.008033415700830222,
        0.007869051857125905,
        0.007792909224181166,
        0.007666102766210589,
        0.0075410556133242495,
        0.007419982698961938,
        0.007279356194304413,
        0.00716842282660161
    ],
    "selections": [
        null,
        null,
        "_complement_gaps:Instance-attribute-character",
        "_complement_gaps:Instance-attribute-character",
        "_complement_gaps:Instance-attribute-character",
        "_trust:Source",
        "_complement_gaps:Instance-attribute-character",
        "_complement_gaps:Instance-attribute-character",
        "_subject_gaps:Instance-character-gender",
        "_complement_gaps:Instance-attribute-character",
        "_complement_gaps:Instance-attribute-character"
    ]
}