{
    "abstract_actions": [
        null,
        5,
        7,
        2,
        4,
        7,
        5,
        5,
        5,
        7,
        6
    ],
    "specific_actions": [
        null,
        11,
        25,
        25,
        null,
        25,
        11,
        11,
        11,
        25,
        null
    ],
    "rewards": [
        0,
        0,
        0.33333333333333326,
        0.5,
        0.0,
        0.0,
        0.25,
        -0.040000000000000036,
        -0.02777777777777768,
        -0.020408163265306256,
        0.12500000000000022
    ],
    "states": [
        0.0,
        0.5,
        0.6666666666666666,
        1.0,
        1.0,
        1.0,
        1.25,
        1.2,
        1.1666666666666667,
        1.1428571428571428,
        1.2857142857142858
    ],
    "selections": [
        null,
        null,
        "_complement_gaps:Instance-attribute-character",
        "_trust:Source",
        "_statement_novelty:Actor-Source",
        "_subject_gaps:Instance-character-object",
        "_trust:Source",
        "_complement_gaps:Instance-attribute-character",
        "_complement_gaps:Instance-attribute-character",
        "_complement_gaps:Instance-attribute-character",
        "_trust:Source"
    ]
}