{
    "actions": [
        null,
        7,
        2,
        4,
        7,
        6,
        2,
        4,
        6,
        7,
        6
    ],
    "rewards": [
        0,
        0,
        1.008888888888889,
        1.0079295154185022,
        1.0166083916083917,
        1.0077386070507308,
        1.0110921501706485,
        1.0075949367088608,
        1.0075376884422111,
        1.0074812967581046,
        1.0074257425742574
    ],
    "states": [
        21.50980392156863,
        22.058823529411764,
        22.254901960784313,
        22.431372549019606,
        22.80392156862745,
        22.980392156862745,
        23.235294117647058,
        23.41176470588235,
        23.58823529411765,
        23.764705882352942,
        23.941176470588236
    ],
    "selections": [
        null,
        null,
        "_trust:Source",
        "_statement_novelty:Actor-Source",
        "_subject_gaps:Instance-attribute-character",
        "_trust:Source",
        "_overlaps:character",
        "_statement_novelty:Actor-Source",
        "_subject_gaps:Instance-attribute-character",
        "_overlaps:character",
        "_trust:Source"
    ]
}