{
    "abstract_actions": [
        null,
        3,
        3,
        5,
        5,
        3,
        7,
        6,
        4,
        5,
        7
    ],
    "specific_actions": [
        null,
        null,
        11,
        11,
        11,
        11,
        25,
        null,
        null,
        11,
        25
    ],
    "rewards": [
        0,
        0,
        0.057077625570776336,
        0.019438444924406273,
        0.05932203389830515,
        0.04800000000000004,
        0.043893129770992134,
        0.03290676416819016,
        0.031858407079646156,
        0.015437392795883298,
        0.038851351351351315
    ],
    "states": [
        7.0588235294117645,
        8.588235294117647,
        9.07843137254902,
        9.254901960784315,
        9.803921568627452,
        10.27450980392157,
        10.72549019607843,
        11.07843137254902,
        11.431372549019608,
        11.607843137254902,
        12.058823529411764
    ],
    "selections": [
        null,
        null,
        "_entity_novelty:Instance-character",
        "_entity_novelty:Instance-attribute",
        "_complement_gaps:Instance-attribute-character",
        "_complement_gaps:Instance-attribute-character",
        "_entity_novelty:Instance-attribute",
        "_trust:Source",
        "_overlaps:character",
        "_subject_gaps:Instance-character-physical-appearance",
        "_complement_gaps:Instance-attribute-character"
    ]
}