{
    "abstract_actions": [
        null,
        6,
        2,
        4,
        6,
        6,
        6,
        2,
        6,
        2,
        6
    ],
    "specific_actions": [
        null,
        null,
        25,
        null,
        20,
        20,
        20,
        25,
        20,
        25,
        20
    ],
    "rewards": [
        0,
        0,
        0.002062202076037911,
        0.00222232572799852,
        -0.00037447462688044997,
        0.002970833333333367,
        0.0029168106230277324,
        0.0019945389624027587,
        0.0019494554006647125,
        0.0036156243868075144,
        0.0018464693744022487
    ],
    "states": [
        10.875739644970414,
        10.807619047619047,
        10.829906542056074,
        10.853974121996304,
        10.849909584086799,
        10.882142857142858,
        10.913884007029877,
        10.935652173913043,
        10.95697074010327,
        10.996587030716723,
        11.016891891891891
    ],
    "selections": [
        null,
        null,
        "_overlaps:character",
        "_statement_novelty:Actor-Source",
        "_subject_gaps:Instance-character-gender",
        "_overlaps:attribute-object",
        "_overlaps:attribute-object",
        "_overlaps:attribute-object",
        "_statement_novelty:Actor-Source",
        "_overlaps:attribute-object",
        "_statement_novelty:Actor-Source"
    ]
}