{
    "actions": [
        null,
        4,
        7,
        2,
        4,
        7,
        4,
        4,
        2,
        7,
        7,
        5,
        4,
        3,
        7,
        4,
        3,
        4,
        4,
        3,
        7,
        2,
        4,
        3,
        6,
        6
    ],
    "rewards": [
        0,
        0,
        -0.005850815596758263,
        0.00273698770297659,
        0.0026568913176028275,
        -0.00453709380748013,
        0.0025675948345438293,
        0.0024967258065307085,
        0.002428759567117744,
        0.0023635392723642124,
        0.002300918559236198,
        0.002240760714049772,
        -0.004333419018441864,
        -0.002421294564113663,
        0.0021589593583331013,
        0.002106611431676342,
        -0.002350968635526862,
        0.002038439138031478,
        0.001991238550378416,
        -0.002283317800559237,
        -0.002188202420419838,
        0.001914501094737675,
        0.0018729417702352258,
        -0.002129828734817263,
        0.0018188960240470564,
        0.002219257028922783
    ],
    "states": [
        11.675070028011204,
        10.869976359338061,
        10.806378132118452,
        10.835955056179776,
        10.864745011086475,
        10.815450643776824,
        10.84322033898305,
        10.870292887029288,
        10.896694214876034,
        10.922448979591836,
        10.94758064516129,
        10.97211155378486,
        10.924564796905223,
        10.89811320754717,
        10.921641791044776,
        10.944649446494465,
        10.91891891891892,
        10.941176470588236,
        10.962962962962964,
        10.937931034482759,
        10.913996627318719,
        10.934891485809683,
        10.955371900826446,
        10.932038834951456,
        10.951923076923077,
        10.97622820919176
    ],
    "selections": [
        null,
        null,
        "_subject_gaps:Instance-attribute-character",
        "_trust:Source",
        "_statement_novelty:Actor-Source",
        "_subject_gaps:Instance-attribute-character",
        "_trust:Source",
        "_subject_gaps:Instance-attribute-character",
        "_subject_gaps:Instance-attribute-character",
        "_statement_novelty:Actor-Source",
        "_trust:Source",
        "_trust:Source",
        "_complement_gaps:Instance-attribute-character",
        "_subject_gaps:Instance-attribute-character",
        "_entity_novelty:Instance-attribute",
        "_trust:Source",
        "_subject_gaps:Instance-attribute-character",
        "_entity_novelty:Instance-attribute",
        "_subject_gaps:Instance-attribute-character",
        "_subject_gaps:Instance-attribute-character",
        "_entity_novelty:Instance-character",
        "_trust:Source",
        "_statement_novelty:Actor-Source",
        "_subject_gaps:Instance-attribute-character",
        "_entity_novelty:Instance-character",
        "_overlaps:character"
    ]
}