{
    "actions": [
        null,
        7,
        7,
        4,
        5,
        3,
        5,
        7,
        7,
        5,
        4
    ],
    "rewards": [
        0,
        0,
        -0.01510565743796577,
        -0.011902572447349491,
        -0.03007116217913497,
        -0.029195649133277435,
        -0.01108192833564936,
        -0.033359844296804386,
        -0.01059652655513399,
        -0.010490883829849751,
        -0.02659356905560739
    ],
    "states": [
        0.013056202873306185,
        0.010384007064254536,
        0.010227149810708491,
        0.010105420419156637,
        0.009801538682843836,
        0.00951537639849328,
        0.009409927679158448,
        0.009096013956937533,
        0.008999627803496975,
        0.008905213753698602,
        0.008668392336784674
    ],
    "selections": [
        null,
        null,
        "_trust:Source",
        "_trust:Source",
        "_subject_gaps:Instance-attribute-character",
        "_complement_gaps:Instance-attribute-character",
        "_entity_novelty:Instance-attribute",
        "_complement_gaps:Instance-attribute-character",
        "_trust:Source",
        "_trust:Source",
        "_complement_gaps:Instance-attribute-character"
    ]
}