{
    "abstract_actions": [
        null,
        4,
        7,
        4,
        3,
        4,
        4,
        4,
        6,
        4,
        2
    ],
    "specific_actions": [
        null,
        null,
        25,
        null,
        11,
        null,
        null,
        null,
        11,
        null,
        25
    ],
    "rewards": [
        0,
        0,
        0.029042045947117456,
        0.02527379949452402,
        0.02629416598192269,
        0.015612489991993606,
        0.025226645644461865,
        0.024605920799692482,
        0.014634146341463428,
        0.017381656804733803,
        0.014176663031624903
    ],
    "states": [
        2096.0,
        2307.0,
        2374.0,
        2434.0,
        2498.0,
        2537.0,
        2601.0,
        2665.0,
        2704.0,
        2751.0,
        2790.0
    ],
    "selections": [
        null,
        null,
        "_subject_gaps:Instance-character-object",
        "_trust:Source",
        "_subject_gaps:Instance-character-object",
        "_entity_novelty:Instance-attribute",
        "_subject_gaps:Instance-character-object",
        "_subject_gaps:Instance-character-object",
        "_subject_gaps:Instance-character-object",
        "_overlaps:attribute-object",
        "_subject_gaps:Instance-character-object"
    ]
}