{
    "abstract_actions": [
        null,
        4,
        4,
        4,
        5,
        4,
        7,
        7,
        4,
        7,
        4
    ],
    "specific_actions": [
        null,
        null,
        null,
        null,
        11,
        null,
        25,
        25,
        null,
        25,
        null
    ],
    "rewards": [
        0,
        0,
        0.004804190997578672,
        0.005532805725278145,
        0.004682357363982259,
        0.0028264955853114504,
        0.0027696142686375325,
        0.003219566023136,
        0.00264785429194192,
        0.004089442679169331,
        0.002964502750826714
    ],
    "states": [
        2.4602630074328187,
        2.4840801529451304,
        2.496014148453173,
        2.50982410982411,
        2.521576003227045,
        2.5287032266681932,
        2.5357067592059233,
        2.543870634532499,
        2.550606433310291,
        2.561036992116434,
        2.568629193324532
    ],
    "selections": [
        null,
        null,
        "_subject_gaps:Instance-attribute-character",
        "_subject_gaps:Instance-attribute-character",
        "_subject_gaps:Instance-attribute-character",
        "_complement_gaps:Instance-attribute-character",
        "_subject_gaps:Instance-attribute-character",
        "_trust:Source",
        "_trust:Source",
        "_subject_gaps:Instance-attribute-character",
        "_trust:Source"
    ]
}