{
    "abstract_actions": [
        null,
        4,
        5,
        3,
        3,
        3,
        7,
        7,
        7,
        4,
        4
    ],
    "specific_actions": [
        null,
        null,
        11,
        null,
        11,
        null,
        25,
        25,
        25,
        null,
        null
    ],
    "rewards": [
        0,
        0,
        0.0068401991611950486,
        0.01161978169244704,
        0.008215131121568575,
        0.009156461326593979,
        0.008597037802676954,
        0.008127968720848866,
        0.005181710213342461,
        0.005020286532787743,
        0.007120931774831529
    ],
    "states": [
        2.261951971799956,
        2.3403682236617795,
        2.3563768084221586,
        2.383757392521169,
        2.403340272062739,
        2.425346364318527,
        2.4461971586971587,
        2.4660797726880785,
        2.4788582834331336,
        2.4913028622901425,
        2.509043260002953
    ],
    "selections": [
        null,
        null,
        "_subject_gaps:Instance-attribute-character",
        "_complement_gaps:Instance-attribute-character",
        "_entity_novelty:Instance-character",
        "_entity_novelty:Instance-attribute",
        "_entity_novelty:Instance-character",
        "_trust:Source",
        "_trust:Source",
        "_trust:Source",
        "_subject_gaps:Instance-attribute-character"
    ]
}