{
    "actions": [
        null,
        4,
        5,
        4,
        4,
        7,
        6,
        5,
        2,
        2,
        5
    ],
    "rewards": [
        0,
        0,
        -0.0015423538754383292,
        -0.004657631299282428,
        -0.0011260182929208051,
        -0.0005270038815862188,
        0.0025674882629107554,
        0.0030978860785033646,
        0.0024170265581067163,
        0.002353213890467387,
        0.0022919025996017695
    ],
    "states": [
        11.675070028011204,
        10.869976359338061,
        10.853211009174313,
        10.802660753880266,
        10.79049676025918,
        10.784810126582279,
        10.8125,
        10.845995893223819,
        10.872210953346856,
        10.897795591182364,
        10.922772277227724
    ],
    "selections": [
        null,
        null,
        "_subject_gaps:Instance-attribute-character",
        "_complement_gaps:Instance-attribute-character",
        "_subject_gaps:Instance-attribute-character",
        "_subject_gaps:Instance-attribute-character",
        "_trust:Source",
        "_overlaps:character",
        "_complement_gaps:Instance-attribute-character",
        "_statement_novelty:Actor-Source",
        "_statement_novelty:Actor-Source"
    ]
}