{
    "abstract_actions": [
        null,
        4,
        3,
        4,
        7,
        2,
        2,
        4,
        4,
        7,
        2
    ],
    "specific_actions": [
        null,
        null,
        11,
        null,
        25,
        25,
        25,
        null,
        null,
        25,
        25
    ],
    "rewards": [
        0,
        0,
        0.05006765899864685,
        0.014175257731958935,
        0.05336721728081306,
        0.026537997587454898,
        0.01292596944770863,
        0.012761020881670415,
        0.04123711340206193,
        0.03850385038503856,
        0.02330508474576254
    ],
    "states": [
        13.568627450980392,
        14.490196078431373,
        15.215686274509803,
        15.431372549019608,
        16.254901960784313,
        16.686274509803923,
        16.901960784313726,
        17.11764705882353,
        17.823529411764707,
        18.50980392156863,
        18.941176470588236
    ],
    "selections": [
        null,
        null,
        "_subject_gaps:Instance-character-designation",
        "_entity_novelty:Instance-attribute",
        "_subject_gaps:Instance-ability-character",
        "_trust:Source",
        "_statement_novelty:Actor-Source",
        "_statement_novelty:Actor-Source",
        "_subject_gaps:Instance-character-gender",
        "_subject_gaps:Instance-character-personality-trait",
        "_trust:Source"
    ]
}