{
    "actions": [
        null,
        4,
        5,
        5,
        5,
        7,
        2,
        4,
        6,
        6,
        7
    ],
    "rewards": [
        0,
        0,
        0.998825513489405,
        0.999567171573546,
        0.9995827780430911,
        0.999597555398495,
        1.0031867664051572,
        1.0031299278444115,
        1.0030746121529326,
        1.003020764876114,
        1.002968333994222
    ],
    "states": [
        10.92962356792144,
        10.933977455716587,
        10.921135646687697,
        10.91640866873065,
        10.911854103343465,
        10.907462686567165,
        10.942222222222222,
        10.976470588235294,
        11.01021897810219,
        11.043478260869565,
        11.076258992805755
    ],
    "selections": [
        null,
        null,
        "_subject_gaps:Instance-attribute-character",
        "_complement_gaps:Instance-attribute-character",
        "_complement_gaps:Instance-attribute-character",
        "_complement_gaps:Instance-attribute-character",
        "_trust:Source",
        "_statement_novelty:Actor-Source",
        "_subject_gaps:Instance-attribute-character",
        "_overlaps:character",
        "_overlaps:character"
    ]
}