{
    "abstract_actions": [
        null,
        5,
        3,
        5,
        5,
        4,
        7,
        5,
        3,
        7,
        2
    ],
    "specific_actions": [
        null,
        11,
        null,
        11,
        11,
        null,
        25,
        11,
        11,
        25,
        25
    ],
    "rewards": [
        0,
        0,
        0.049180327868852514,
        0.0390625,
        0.03759398496240607,
        0.04227053140096615,
        0.03476245654692933,
        0.02015677491601342,
        0.03293084522502743,
        0.01062699256110533,
        0.018927444794952564
    ],
    "states": [
        13.666666666666666,
        14.352941176470589,
        15.058823529411764,
        15.647058823529411,
        16.235294117647058,
        16.92156862745098,
        17.50980392156863,
        17.862745098039216,
        18.45098039215686,
        18.647058823529413,
        19.0
    ],
    "selections": [
        null,
        null,
        "_complement_gaps:Instance-attribute-character",
        "_entity_novelty:Instance-character",
        "_complement_gaps:Instance-attribute-character",
        "_complement_gaps:Instance-attribute-character",
        "_subject_gaps:Instance-activity-character",
        "_trust:Source",
        "_complement_gaps:Instance-attribute-character",
        "_entity_novelty:Instance-attribute",
        "_trust:Source"
    ]
}