{
    "abstract_actions": [
        null,
        7,
        4,
        7,
        7,
        7,
        4,
        5,
        7,
        7,
        7
    ],
    "specific_actions": [
        null,
        25,
        null,
        25,
        25,
        25,
        null,
        11,
        25,
        25,
        25
    ],
    "rewards": [
        0,
        0,
        -0.00583078149251226,
        0.0025949367088606845,
        0.00027581134504006677,
        0.00026723244363813237,
        0.00025904769879292466,
        0.0002512333272428613,
        -0.004612981729686494,
        0.0003355394085249319,
        0.0002933240783242752
    ],
    "states": [
        11.742296918767506,
        10.985714285714286,
        10.921658986175116,
        10.95,
        10.953020134228188,
        10.955947136563877,
        10.958785249457701,
        10.961538461538462,
        10.910973084886129,
        10.914634146341463,
        10.917835671342685
    ],
    "selections": [
        null,
        null,
        "_trust:Source",
        "_subject_gaps:Instance-character-object",
        "_trust:Source",
        "_trust:Source",
        "_trust:Source",
        "_subject_gaps:Instance-attribute-character",
        "_complement_gaps:Instance-attribute-character",
        "_trust:Source",
        "_trust:Source"
    ]
}