{
    "abstract_actions": [
        null,
        3,
        4,
        3,
        5,
        7,
        7,
        2,
        5,
        5,
        5
    ],
    "specific_actions": [
        null,
        null,
        null,
        null,
        11,
        25,
        25,
        25,
        11,
        11,
        11
    ],
    "rewards": [
        0,
        0,
        0.0,
        0.0,
        0.0,
        0.0,
        0.07692307692307687,
        0.0,
        0.0,
        -0.005102040816326481,
        -0.004444444444444473
    ],
    "states": [
        1.0,
        1.0,
        1.0,
        1.0,
        1.0,
        1.0,
        1.0769230769230769,
        1.0769230769230769,
        1.0769230769230769,
        1.0714285714285714,
        1.0666666666666667
    ],
    "selections": [
        null,
        null,
        "_entity_novelty:Instance-character",
        "_subject_gaps:Instance-attribute-character",
        "_entity_novelty:Instance-character",
        "_complement_gaps:Instance-attribute-character",
        "_trust:Source",
        "_trust:Source",
        "_statement_novelty:Actor-Source",
        "_complement_gaps:Instance-attribute-character",
        "_complement_gaps:Instance-attribute-character"
    ]
}