{
    "abstract_actions": [
        null,
        7,
        7,
        4,
        5,
        5,
        5,
        3,
        6,
        4,
        7
    ],
    "specific_actions": [
        null,
        25,
        25,
        null,
        11,
        11,
        11,
        11,
        null,
        null,
        25
    ],
    "rewards": [
        0,
        0,
        0.027308192457737412,
        0.016455696202531733,
        0.02656704026567036,
        0.02830570157703205,
        0.024773889107353453,
        0.026861089792785897,
        0.02130044843049328,
        0.020856201975850697,
        0.02508960573476693
    ],
    "states": [
        2096.0,
        2307.0,
        2370.0,
        2409.0,
        2473.0,
        2543.0,
        2606.0,
        2676.0,
        2733.0,
        2790.0,
        2860.0
    ],
    "selections": [
        null,
        null,
        "_trust:Source",
        "_trust:Source",
        "_subject_gaps:Instance-character-institution",
        "_complement_gaps:Instance-attribute-character",
        "_complement_gaps:Instance-attribute-character",
        "_complement_gaps:Instance-attribute-character",
        "_entity_novelty:Instance-attribute",
        "_overlaps:character",
        "_subject_gaps:Instance-character-institution"
    ]
}