{
    "actions": [
        null,
        4,
        5,
        2,
        7,
        4,
        7,
        4,
        7,
        5,
        7
    ],
    "rewards": [
        0,
        0,
        0.01505646173149322,
        0.013597033374536327,
        0.013414634146341475,
        0.013237063778580138,
        0.041567695961995055,
        0.012542759407069504,
        0.0394144144144144,
        0.011917659804983716,
        0.01177730192719495
    ],
    "states": [
        14.843137254901961,
        15.627450980392156,
        15.862745098039216,
        16.07843137254902,
        16.294117647058822,
        16.50980392156863,
        17.19607843137255,
        17.41176470588235,
        18.098039215686274,
        18.313725490196077,
        18.529411764705884
    ],
    "selections": [
        null,
        null,
        "_subject_gaps:Instance-attribute-character",
        "_complement_gaps:Instance-attribute-character",
        "_statement_novelty:Actor-Source",
        "_trust:Source",
        "_subject_gaps:Instance-attribute-character",
        "_trust:Source",
        "_subject_gaps:Instance-attribute-character",
        "_trust:Source",
        "_complement_gaps:Instance-attribute-character"
    ]
}