{
    "abstract_actions": [
        null,
        4,
        7,
        2,
        4,
        3,
        4,
        5,
        4,
        4,
        3
    ],
    "specific_actions": [
        null,
        null,
        25,
        25,
        null,
        11,
        null,
        11,
        null,
        null,
        11
    ],
    "rewards": [
        0,
        0,
        -0.03433476394849788,
        -0.03230585208874459,
        -0.015859273295900866,
        -0.0289482713510264,
        -0.015167886460098146,
        -0.027722047758465984,
        -0.032079011433893245,
        -0.031091057397249378,
        -0.02534901613152918
    ],
    "states": [
        0.013134665630958265,
        0.01056689342403628,
        0.01020408163265306,
        0.009874430080727095,
        0.00971782879543558,
        0.009436514450522493,
        0.009293382470757892,
        0.009035750878065851,
        0.008745892922334566,
        0.008473973863496066,
        0.008259166963332147
    ],
    "selections": [
        null,
        null,
        "_subject_gaps:Instance-attribute-character",
        "_trust:Source",
        "_statement_novelty:Actor-Source",
        "_subject_gaps:Instance-attribute-character",
        "_entity_novelty:Instance-attribute",
        "_subject_gaps:Instance-character-institution",
        "_complement_gaps:Instance-attribute-character",
        "_subject_gaps:Instance-attribute-character",
        "_subject_gaps:Instance-attribute-character"
    ]
}