,condition,Average degree,Sparseness,Shortest path,Total triples,Average population,Ratio claims to triples,Ratio perspectives to claims
0,Average population,10.772,0.763,2.571,3138,14.23,0.0032330276873570045,1.1965097402597402
1,Ratio claims to triples,10.779,0.766,2.569,3122,14.04,0.003090412520420905,1.192498126873127
2,Ratio perspectives to claims,10.796,0.771,2.566,3114,13.97,0.0030301175985842778,1.1473079004329005
3,Sparseness,10.755,0.761,2.571,3133,14.2,0.0032325558935660764,1.1101078897953898
4,Total triples,10.784,0.768,2.568,3124,14.08,0.0030672895575662973,1.1722553658215422
