{
    "actions": [
        null,
        7,
        7,
        7,
        4,
        7,
        4,
        7,
        5,
        7,
        2
    ],
    "rewards": [
        0,
        0,
        0.0016923434860454112,
        0.00497380528018776,
        0.002558166123592276,
        -0.0053088488065968775,
        0.002484653610055565,
        -0.0027350925790931013,
        0.0023903308349468855,
        -0.004430884337053853,
        0.0023196104471006063
    ],
    "states": [
        11.675070028011204,
        10.869976359338061,
        10.888372093023255,
        10.942528735632184,
        10.970521541950113,
        10.912280701754385,
        10.93939393939394,
        10.909473684210527,
        10.935550935550935,
        10.887096774193548,
        10.912350597609562
    ],
    "selections": [
        null,
        null,
        "_trust:Source",
        "_trust:Source",
        "_trust:Source",
        "_subject_gaps:Instance-attribute-character",
        "_trust:Source",
        "_subject_gaps:Instance-attribute-character",
        "_trust:Source",
        "_complement_gaps:Instance-attribute-character",
        "_trust:Source"
    ]
}