{
    "actions": [
        null,
        7,
        5,
        5,
        5,
        3,
        5,
        5,
        5,
        7,
        4
    ],
    "rewards": [
        0,
        0,
        0.9820589491670226,
        1.4564496059726255,
        1.29571409377939,
        1.2156997255978048,
        1.1706309751434034,
        1.1387955704864998,
        1.1161918650070308,
        1.099349839686498,
        0.9862965565706255
    ],
    "states": [
        0.0,
        0.0008699434536755111,
        0.0008543357539513029,
        0.001244296972210701,
        0.0016122531237404273,
        0.001960015680125441,
        0.002294455066921606,
        0.0026129152668906306,
        0.002916514764855997,
        0.003206270039187745,
        0.003162333099086437
    ],
    "selections": [
        null,
        null,
        "_trust:Source",
        "_complement_gaps:Instance-attribute-character",
        "_complement_gaps:Instance-attribute-character",
        "_complement_gaps:Instance-attribute-character",
        "_entity_novelty:Instance-attribute",
        "_complement_gaps:Instance-attribute-character",
        "_complement_gaps:Instance-attribute-character",
        "_complement_gaps:Instance-attribute-character",
        "_trust:Source"
    ]
}