{
    "actions": [
        null,
        5,
        3,
        7,
        4,
        5,
        3,
        7,
        5,
        4,
        7,
        7,
        7,
        4,
        7,
        4,
        3,
        4,
        7,
        7,
        7,
        5,
        3,
        2,
        7,
        4
    ],
    "rewards": [
        0,
        0,
        0.06378132118451019,
        0.01927194860813719,
        0.018907563025210017,
        0.04742268041237119,
        0.053149606299212504,
        0.016822429906542036,
        0.016544117647058876,
        0.0488245931283906,
        0.039655172413793016,
        0.014925373134328401,
        0.014705882352941124,
        0.01449275362318847,
        0.04285714285714293,
        0.013698630136986356,
        0.03453453453453448,
        0.013062409288824295,
        0.03295128939828085,
        0.012482662968099856,
        0.012328767123287676,
        0.012178619756427533,
        0.03609625668449201,
        0.011612903225806548,
        0.011479591836734748,
        0.01134930643127352
    ],
    "states": [
        7.0588235294117645,
        8.607843137254902,
        9.156862745098039,
        9.333333333333334,
        9.509803921568627,
        9.96078431372549,
        10.490196078431373,
        10.666666666666666,
        10.843137254901961,
        11.372549019607844,
        11.823529411764707,
        12.0,
        12.176470588235293,
        12.352941176470589,
        12.882352941176471,
        13.058823529411764,
        13.509803921568627,
        13.686274509803921,
        14.137254901960784,
        14.313725490196079,
        14.490196078431373,
        14.666666666666666,
        15.196078431372548,
        15.372549019607844,
        15.549019607843137,
        15.72549019607843
    ],
    "selections": [
        null,
        null,
        "_complement_gaps:Instance-attribute-character",
        "_entity_novelty:Instance-attribute",
        "_trust:Source",
        "_subject_gaps:Instance-attribute-character",
        "_complement_gaps:Instance-attribute-character",
        "_entity_novelty:Instance-character",
        "_trust:Source",
        "_complement_gaps:Instance-attribute-character",
        "_subject_gaps:Instance-attribute-character",
        "_trust:Source",
        "_trust:Source",
        "_trust:Source",
        "_subject_gaps:Instance-attribute-character",
        "_trust:Source",
        "_subject_gaps:Instance-attribute-character",
        "_entity_novelty:Instance-attribute",
        "_subject_gaps:Instance-attribute-character",
        "_trust:Source",
        "_trust:Source",
        "_trust:Source",
        "_complement_gaps:Instance-attribute-character",
        "_entity_novelty:Instance-attribute",
        "_statement_novelty:Actor-Source",
        "_trust:Source"
    ]
}