{
    "abstract_actions": [
        null,
        7,
        5,
        7,
        5,
        5,
        2,
        2,
        6,
        7,
        4
    ],
    "specific_actions": [
        null,
        25,
        11,
        25,
        11,
        11,
        25,
        25,
        null,
        25,
        null
    ],
    "rewards": [
        0,
        0,
        -0.017785234899328928,
        0.10170883996056523,
        -0.016165535079211035,
        0.08652123511434273,
        -0.012179887570268555,
        -0.012033323048441735,
        -0.01189024390243898,
        -0.011750527267249122,
        -0.011614055985705751
    ],
    "states": [
        0.0024587284861257463,
        0.0027331738981892723,
        0.0026845637583892616,
        0.0029576076240552087,
        0.002909796314258002,
        0.003161555485298767,
        0.003123048094940662,
        0.0030854674483184203,
        0.003048780487804878,
        0.0030129557095510697,
        0.0029779630732578916
    ],
    "selections": [
        null,
        null,
        "_trust:Source",
        "_complement_gaps:Instance-attribute-character",
        "_trust:Source",
        "_complement_gaps:Instance-attribute-character",
        "_complement_gaps:Instance-attribute-character",
        "_statement_novelty:Actor-Source",
        "_statement_novelty:Actor-Source",
        "_overlaps:character",
        "_trust:Source"
    ]
}