{
    "abstract_actions": [
        null,
        4,
        7,
        4,
        7,
        2,
        2,
        5,
        6,
        2,
        2
    ],
    "specific_actions": [
        null,
        null,
        25,
        null,
        25,
        25,
        25,
        11,
        null,
        25,
        25
    ],
    "rewards": [
        0,
        0,
        0.040322580645161255,
        0.02170542635658923,
        0.036418816388467334,
        0.020497803806734938,
        0.012912482065997155,
        0.012747875354107707,
        0.032167832167832255,
        0.017615176151761558,
        0.011984021304926928
    ],
    "states": [
        11.509803921568627,
        12.156862745098039,
        12.647058823529411,
        12.92156862745098,
        13.392156862745098,
        13.666666666666666,
        13.843137254901961,
        14.019607843137255,
        14.470588235294118,
        14.72549019607843,
        14.901960784313726
    ],
    "selections": [
        null,
        null,
        "_subject_gaps:Instance-activity-character",
        "_trust:Source",
        "_subject_gaps:Instance-attribute-character",
        "_trust:Source",
        "_statement_novelty:Actor-Source",
        "_statement_novelty:Actor-Source",
        "_complement_gaps:Instance-attribute-character",
        "_overlaps:character",
        "_statement_novelty:Actor-Source"
    ]
}