{
    "actions": [
        null,
        5,
        3,
        5,
        7,
        4,
        3,
        2,
        5,
        3,
        5
    ],
    "rewards": [
        0,
        0,
        1.0971987136086663,
        0.9869695957233544,
        0.9871372031662269,
        0.9873005535656139,
        1.08842814105972,
        0.9877126654064272,
        0.9878618113912232,
        1.076545842217484,
        1.0719708307256945
    ],
    "states": [
        0.0025,
        0.0027768136063866713,
        0.003046716316858497,
        0.003007016371533578,
        0.002968337730870712,
        0.002930641484858352,
        0.003189792663476874,
        0.00315059861373661,
        0.003112356053532524,
        0.003350593968930856,
        0.0035917390002993114
    ],
    "selections": [
        null,
        null,
        "_complement_gaps:Instance-attribute-character",
        "_entity_novelty:Instance-attribute",
        "_complement_gaps:Instance-attribute-character",
        "_trust:Source",
        "_subject_gaps:Instance-attribute-character",
        "_entity_novelty:Instance-attribute",
        "_statement_novelty:Actor-Source",
        "_complement_gaps:Instance-attribute-character",
        "_entity_novelty:Instance-character"
    ]
}