{
    "abstract_actions": [
        null,
        4,
        4,
        4,
        7,
        2,
        4,
        5,
        3,
        3,
        3
    ],
    "specific_actions": [
        null,
        null,
        null,
        null,
        25,
        25,
        null,
        11,
        null,
        11,
        null
    ],
    "rewards": [
        0,
        0,
        0.4539915966386556,
        0.298417894162575,
        0.21519490851233103,
        -0.02331002331002341,
        -0.01492537313432829,
        -0.014705882352941235,
        0.17215469613259682,
        0.13979848866498723,
        0.11752287121745253
    ],
    "states": [
        0.0,
        0.0008669267446900737,
        0.0012605042016806723,
        0.0016366612111292963,
        0.001988862370723946,
        0.0019425019425019425,
        0.0019135093761959434,
        0.001885369532428356,
        0.0022099447513812156,
        0.0025188916876574307,
        0.0028149190710767065
    ],
    "selections": [
        null,
        null,
        "_subject_gaps:Instance-ability-character",
        "_subject_gaps:Instance-age-character",
        "_subject_gaps:Instance-attribute-character",
        "_trust:Source",
        "_statement_novelty:Actor-Source",
        "_subject_gaps:Instance-attribute-character",
        "_complement_gaps:Instance-attribute-character",
        "_entity_novelty:Instance-character",
        "_entity_novelty:Instance-attribute"
    ]
}