{
    "abstract_actions": [
        null,
        4,
        4,
        3,
        4,
        4,
        2,
        2,
        2,
        4,
        3
    ],
    "specific_actions": [
        null,
        null,
        null,
        null,
        null,
        null,
        25,
        25,
        25,
        null,
        11
    ],
    "rewards": [
        0,
        0,
        0.011805741883552434,
        0.022275258552108212,
        0.019714656290531707,
        0.01042991605189525,
        0.010322255790533807,
        0.0144530276601047,
        0.0100712355686563,
        0.009970817120622533,
        0.020226342403082187
    ],
    "states": [
        3614.0,
        3727.0,
        3771.0,
        3855.0,
        3931.0,
        3972.0,
        4013.0,
        4071.0,
        4112.0,
        4153.0,
        4237.0
    ],
    "selections": [
        null,
        null,
        "_subject_gaps:Instance-character-object",
        "_subject_gaps:Instance-attribute-character",
        "_entity_novelty:Instance-character",
        "_subject_gaps:Instance-attribute-character",
        "_subject_gaps:Instance-character-physical-appearance",
        "_statement_novelty:Actor-Source",
        "_statement_novelty:Actor-Source",
        "_statement_novelty:Actor-Source",
        "_subject_gaps:Instance-activity-character"
    ]
}