{
    "abstract_actions": [
        null,
        3,
        4,
        4,
        3,
        2,
        7,
        2,
        7,
        5,
        4
    ],
    "specific_actions": [
        null,
        null,
        null,
        null,
        11,
        25,
        25,
        25,
        25,
        11,
        null
    ],
    "rewards": [
        0,
        0,
        0.03858024691358031,
        0.0416047548291234,
        0.0342368045649073,
        0.012413793103448256,
        0.019073569482288777,
        0.012032085561497485,
        0.011889035667106862,
        0.011749347258485532,
        0.03612903225806452
    ],
    "states": [
        12.058823529411764,
        12.705882352941176,
        13.196078431372548,
        13.745098039215685,
        14.215686274509803,
        14.392156862745098,
        14.666666666666666,
        14.843137254901961,
        15.019607843137255,
        15.196078431372548,
        15.745098039215685
    ],
    "selections": [
        null,
        null,
        "_entity_novelty:Instance-character",
        "_subject_gaps:Instance-character-enchantment",
        "_subject_gaps:Instance-ability-character",
        "_entity_novelty:Instance-attribute",
        "_statement_novelty:Actor-Source",
        "_trust:Source",
        "_statement_novelty:Actor-Source",
        "_trust:Source",
        "_complement_gaps:Instance-attribute-character"
    ]
}