{
    "actions": [
        null,
        4,
        3,
        5,
        5,
        7,
        5,
        4,
        4,
        2,
        6
    ],
    "rewards": [
        0,
        0,
        -0.0002496525747438527,
        0.0028003311407689413,
        -0.0006041277316427562,
        0.0005459937918799174,
        0.0026330503398741545,
        0.00047036082474227747,
        -0.0006276998048874161,
        0.0024842620832645768,
        0.0024407849481731247
    ],
    "states": [
        12.327464788732394,
        12.293609671848014,
        12.29054054054054,
        12.324958123953099,
        12.317512274959084,
        12.324237560192616,
        12.356687898089172,
        12.3625,
        12.35474006116208,
        12.385432473444613,
        12.41566265060241
    ],
    "selections": [
        null,
        null,
        "_subject_gaps:Instance-attribute-character",
        "_entity_novelty:Instance-attribute",
        "_complement_gaps:Instance-attribute-character",
        "_complement_gaps:Instance-attribute-character",
        "_trust:Source",
        "_complement_gaps:Instance-attribute-character",
        "_subject_gaps:Instance-attribute-character",
        "_subject_gaps:Instance-attribute-character",
        "_statement_novelty:Actor-Source"
    ]
}