{
    "abstract_actions": [
        null,
        5,
        4,
        4,
        4,
        7,
        5,
        7,
        2,
        6,
        5
    ],
    "specific_actions": [
        null,
        11,
        null,
        null,
        null,
        25,
        11,
        25,
        25,
        null,
        11
    ],
    "rewards": [
        0,
        0,
        0.03846153846153855,
        0.04320987654321007,
        0.035502958579881616,
        0.0128571428571429,
        0.019746121297602226,
        0.03181189488243441,
        0.018766756032171594,
        0.011842105263157876,
        0.023407022106632036
    ],
    "states": [
        11.588235294117647,
        12.235294117647058,
        12.705882352941176,
        13.254901960784315,
        13.72549019607843,
        13.901960784313726,
        14.176470588235293,
        14.627450980392156,
        14.901960784313726,
        15.07843137254902,
        15.431372549019608
    ],
    "selections": [
        null,
        null,
        "_complement_gaps:Instance-attribute-character",
        "_subject_gaps:Instance-attribute-character",
        "_subject_gaps:Instance-attribute-character",
        "_subject_gaps:Instance-character-designation",
        "_trust:Source",
        "_complement_gaps:Instance-attribute-character",
        "_trust:Source",
        "_statement_novelty:Actor-Source",
        "_overlaps:character"
    ]
}