{
    "abstract_actions": [
        null,
        4,
        7,
        5,
        5,
        7,
        5,
        4,
        5,
        7,
        5
    ],
    "specific_actions": [
        null,
        null,
        25,
        11,
        11,
        25,
        11,
        null,
        11,
        25,
        11
    ],
    "rewards": [
        0,
        0,
        -0.0018529808365141953,
        -0.004610862822580941,
        -0.0047144840714604674,
        -0.004438276908207417,
        0.000507854116101436,
        -0.0027220161132335274,
        -0.0022278754632909514,
        -0.0024765456558474286,
        0.0005827202769319584
    ],
    "states": [
        11.742296918767506,
        10.985714285714286,
        10.965357967667437,
        10.914798206278027,
        10.863340563991324,
        10.815126050420169,
        10.820618556701032,
        10.791164658634537,
        10.767123287671232,
        10.740458015267176,
        10.74671669793621
    ],
    "selections": [
        null,
        null,
        "_subject_gaps:Instance-attribute-character",
        "_trust:Source",
        "_complement_gaps:Instance-attribute-character",
        "_complement_gaps:Instance-attribute-character",
        "_trust:Source",
        "_complement_gaps:Instance-attribute-character",
        "_subject_gaps:Instance-attribute-character",
        "_complement_gaps:Instance-attribute-character",
        "_trust:Source"
    ]
}