{
    "actions": [
        null,
        5,
        4,
        4,
        5,
        5,
        7,
        4,
        4,
        4,
        6
    ],
    "rewards": [
        0,
        0,
        0.4538364249578415,
        0.29830322933771214,
        0.21799999999999997,
        0.17004680187207488,
        0.1356618577575297,
        -0.014590347923681302,
        -0.014380530973451267,
        -0.014176663031624792,
        0.11925952296190823
    ],
    "states": [
        0.0,
        0.0008699434536755111,
        0.0012647554806070826,
        0.0016420361247947454,
        0.002,
        0.00234009360374415,
        0.0026575550493545936,
        0.002618780396558174,
        0.0025811209439528023,
        0.002544529262086514,
        0.002847988608045568
    ],
    "selections": [
        null,
        null,
        "_complement_gaps:Instance-attribute-character",
        "_subject_gaps:Instance-attribute-character",
        "_subject_gaps:Instance-attribute-character",
        "_complement_gaps:Instance-attribute-character",
        "_complement_gaps:Instance-attribute-character",
        "_trust:Source",
        "_subject_gaps:Instance-attribute-character",
        "_subject_gaps:Instance-attribute-character",
        "_subject_gaps:Instance-attribute-character"
    ]
}