{
    "actions": [
        null,
        5,
        2,
        5,
        5,
        6,
        4,
        7,
        4,
        5,
        7
    ],
    "rewards": [
        0,
        0,
        1.0114285714285713,
        1.0101694915254238,
        1.0257270693512304,
        1.0098146128680479,
        1.0140388768898487,
        1.0244941427050054,
        1.0093555093555093,
        1.0092687950566426,
        1.0234693877551022
    ],
    "states": [
        16.686274509803923,
        17.15686274509804,
        17.352941176470587,
        17.529411764705884,
        17.980392156862745,
        18.15686274509804,
        18.41176470588235,
        18.862745098039216,
        19.03921568627451,
        19.215686274509803,
        19.666666666666668
    ],
    "selections": [
        null,
        null,
        "_complement_gaps:Instance-attribute-character",
        "_statement_novelty:Actor-Source",
        "_complement_gaps:Instance-attribute-character",
        "_complement_gaps:Instance-attribute-character",
        "_overlaps:character",
        "_subject_gaps:Instance-attribute-character",
        "_trust:Source",
        "_subject_gaps:Instance-attribute-character",
        "_complement_gaps:Instance-attribute-character"
    ]
}