,condition,Average degree,Sparseness,Shortest path,Total triples,Average population,Ratio claims to triples,Ratio perspectives to claims
0,Average population,10.809,0.774,2.565,3111,13.91,0.0028872361078814313,1.229985986235986
1,Ratio claims to triples,10.744,0.758,2.573,3141,14.3,0.0031961700040252813,1.163845413845414
2,Ratio perspectives to claims,10.794,0.77,2.567,3113,13.94,0.0029444666882586907,1.2255755818255818
3,Sparseness,10.754,0.76,2.572,3139,14.28,0.003284826884360308,1.131688443636973
4,Total triples,10.842,0.783,2.56,3086,13.63,0.0027000175931941946,1.2230061605061604
