{
    "abstract_actions": [
        null,
        7,
        5,
        5,
        5,
        3,
        3,
        4,
        7,
        7,
        7
    ],
    "specific_actions": [
        null,
        25,
        11,
        11,
        11,
        null,
        11,
        null,
        25,
        25,
        25
    ],
    "rewards": [
        0,
        0,
        -0.00583078149251226,
        -0.0048584289513499135,
        -0.0024165279892364167,
        -0.004367467369017608,
        -0.0023271602014557358,
        0.0004868186816859854,
        -0.0021932687727980182,
        0.000578953263700166,
        0.00047557053199454025
    ],
    "states": [
        11.742296918767506,
        10.985714285714286,
        10.921658986175116,
        10.868596881959911,
        10.842332613390928,
        10.794979079497908,
        10.769857433808554,
        10.775100401606426,
        10.75146771037182,
        10.757692307692308,
        10.76280834914611
    ],
    "selections": [
        null,
        null,
        "_trust:Source",
        "_complement_gaps:Instance-attribute-character",
        "_complement_gaps:Instance-attribute-character",
        "_complement_gaps:Instance-attribute-character",
        "_entity_novelty:Instance-character",
        "_entity_novelty:Instance-attribute",
        "_subject_gaps:Instance-character-object",
        "_trust:Source",
        "_trust:Source"
    ]
}