{
    "actions": [
        null,
        4,
        4,
        3,
        4,
        5,
        4,
        5,
        7,
        4,
        3
    ],
    "rewards": [
        0,
        0,
        0.010316729194527863,
        0.009966486300485577,
        0.004839049906042225,
        0.010068646519179714,
        0.009378104161875012,
        0.007894209561362109,
        0.008258081853609989,
        0.0036718729498959046,
        0.006809949571455309
    ],
    "states": [
        2.2621093381172694,
        2.347540138706822,
        2.3717590745911448,
        2.39539717891611,
        2.406988625409678,
        2.4312237430546144,
        2.454024012557804,
        2.47339659238155,
        2.493822103897877,
        2.5029791018230325,
        2.5200242632848537
    ],
    "selections": [
        null,
        null,
        "_subject_gaps:Instance-attribute-character",
        "_subject_gaps:Instance-attribute-character",
        "_entity_novelty:Instance-attribute",
        "_subject_gaps:Instance-attribute-character",
        "_complement_gaps:Instance-attribute-character",
        "_subject_gaps:Instance-attribute-character",
        "_complement_gaps:Instance-attribute-character",
        "_trust:Source",
        "_subject_gaps:Instance-attribute-character"
    ]
}