{
    "actions": [
        null,
        7,
        5,
        4,
        7,
        2,
        4,
        4,
        3,
        2,
        5
    ],
    "rewards": [
        0,
        0,
        0.0,
        0.33333333333333326,
        0.0,
        0.0,
        0.0,
        0.125,
        0.06666666666666665,
        0.0,
        0.0
    ],
    "states": [
        0.0,
        0.5,
        0.5,
        0.6666666666666666,
        0.6666666666666666,
        0.6666666666666666,
        0.6666666666666666,
        0.75,
        0.8,
        0.8,
        0.8
    ],
    "selections": [
        null,
        null,
        "_trust:Source",
        "_complement_gaps:Instance-attribute-character",
        "_subject_gaps:Instance-attribute-character",
        "_trust:Source",
        "_statement_novelty:Actor-Source",
        "_subject_gaps:Instance-attribute-character",
        "_subject_gaps:Instance-attribute-character",
        "_entity_novelty:Instance-character",
        "_statement_novelty:Actor-Source"
    ]
}