{
    "abstract_actions": [
        null,
        7,
        4,
        3,
        5,
        4,
        3,
        4,
        5,
        4,
        5
    ],
    "specific_actions": [
        null,
        25,
        null,
        11,
        11,
        null,
        11,
        null,
        11,
        null,
        11
    ],
    "rewards": [
        0,
        0,
        0.0016619203969339136,
        0.0003900521879953711,
        0.0016282901038273678,
        -0.0009166712939826516,
        0.00034908804080324707,
        0.0015351737296307455,
        0.0015043029914827422,
        -0.000914072666525545,
        0.0011921804340200293
    ],
    "states": [
        11.496428571428572,
        11.424137931034483,
        11.443123938879456,
        11.447587354409318,
        11.466227347611202,
        11.455716586151368,
        11.459715639810426,
        11.477308294209703,
        11.494573643410853,
        11.484066767830045,
        11.497757847533633
    ],
    "selections": [
        null,
        null,
        "_trust:Source",
        "_subject_gaps:Instance-character-institution",
        "_entity_novelty:Instance-attribute",
        "_complement_gaps:Instance-attribute-character",
        "_subject_gaps:Instance-character-personality-trait",
        "_entity_novelty:Instance-attribute",
        "_subject_gaps:Instance-attribute-character",
        "_complement_gaps:Instance-attribute-character",
        "_subject_gaps:Instance-character-institution"
    ]
}