{
    "actions": [
        null,
        3,
        4,
        5,
        7,
        2,
        4,
        3,
        3,
        7,
        4
    ],
    "rewards": [
        0,
        0,
        -0.012005457025920818,
        -0.01106314085267146,
        0.10006596306068594,
        -0.010702166536152302,
        -0.01058884297520668,
        0.087518256375688,
        0.07926587301587307,
        -0.010066290203781025,
        -0.009965969859017987
    ],
    "states": [
        0.001984126984126984,
        0.0022093344380005524,
        0.00218281036834925,
        0.0021586616297895305,
        0.00237467018469657,
        0.0023492560689115116,
        0.0023243801652892563,
        0.0025278058645096056,
        0.002728174603174603,
        0.0027007120058924624,
        0.00267379679144385
    ],
    "selections": [
        null,
        null,
        "_entity_novelty:Instance-attribute",
        "_subject_gaps:Instance-attribute-character",
        "_complement_gaps:Instance-attribute-character",
        "_trust:Source",
        "_statement_novelty:Actor-Source",
        "_subject_gaps:Instance-attribute-character",
        "_entity_novelty:Instance-attribute",
        "_entity_novelty:Instance-character",
        "_trust:Source"
    ]
}