{
    "abstract_actions": [
        null,
        7,
        4,
        3,
        4,
        7,
        4,
        7,
        7,
        7,
        7
    ],
    "specific_actions": [
        null,
        25,
        null,
        null,
        null,
        25,
        null,
        25,
        25,
        25,
        25
    ],
    "rewards": [
        0,
        0,
        -0.00583078149251226,
        -0.0026371308016878148,
        -0.002709718715550591,
        0.0003848543185602793,
        0.0003733675517934021,
        -0.004331399484658327,
        0.0004775765709397195,
        0.0004000842590614617,
        0.0003890101434218529
    ],
    "states": [
        11.742296918767506,
        10.985714285714286,
        10.921658986175116,
        10.892857142857142,
        10.863340563991324,
        10.867521367521368,
        10.871578947368421,
        10.824489795918367,
        10.829659318637274,
        10.83399209486166,
        10.838206627680313
    ],
    "selections": [
        null,
        null,
        "_trust:Source",
        "_subject_gaps:Instance-attribute-character",
        "_entity_novelty:Instance-character",
        "_subject_gaps:Instance-attribute-character",
        "_trust:Source",
        "_subject_gaps:Instance-character-object",
        "_trust:Source",
        "_trust:Source",
        "_trust:Source"
    ]
}