{
    "actions": [
        null,
        5,
        5,
        7,
        5,
        7,
        2,
        4,
        3,
        2,
        5
    ],
    "rewards": [
        0,
        0,
        0.001979448195166711,
        0.0006695058351344763,
        0.0027127792653900418,
        -0.0005095168422714069,
        0.0026097510909697252,
        0.0025627889132184833,
        -0.0005870047572316128,
        0.0024701095447867694,
        0.002427356126737834
    ],
    "states": [
        12.292598967297762,
        12.21963394342762,
        12.243822075782537,
        12.252019386106623,
        12.28525641025641,
        12.278996865203762,
        12.311041990668741,
        12.342592592592593,
        12.33534743202417,
        12.365817091454273,
        12.395833333333334
    ],
    "selections": [
        null,
        null,
        "_complement_gaps:Instance-attribute-character",
        "_complement_gaps:Instance-attribute-character",
        "_trust:Source",
        "_complement_gaps:Instance-attribute-character",
        "_trust:Source",
        "_statement_novelty:Actor-Source",
        "_subject_gaps:Instance-attribute-character",
        "_entity_novelty:Instance-character",
        "_statement_novelty:Actor-Source"
    ]
}