{
    "actions": [
        null,
        7,
        4,
        4,
        4,
        5,
        4,
        7,
        5,
        4,
        4
    ],
    "rewards": [
        0,
        0,
        1.0051524462639971,
        1.0114864490575672,
        1.0106477999529424,
        1.0089064199170998,
        1.0083772941147549,
        1.007894209561362,
        1.0038998992807882,
        1.008029065602924,
        1.00753472309198
    ],
    "states": [
        2.2621093381172694,
        2.347540138706822,
        2.359635713124085,
        2.3867395485373013,
        2.4121530737899026,
        2.4336367219693984,
        2.454024012557804,
        2.47339659238155,
        2.483042589973283,
        2.5029791018230325,
        2.521838356260282
    ],
    "selections": [
        null,
        null,
        "_trust:Source",
        "_subject_gaps:Instance-attribute-character",
        "_subject_gaps:Instance-attribute-character",
        "_subject_gaps:Instance-attribute-character",
        "_complement_gaps:Instance-attribute-character",
        "_subject_gaps:Instance-attribute-character",
        "_trust:Source",
        "_complement_gaps:Instance-attribute-character",
        "_subject_gaps:Instance-attribute-character"
    ]
}