{
    "abstract_actions": [
        null,
        5,
        2,
        5,
        7,
        5,
        6,
        6,
        7,
        2,
        2
    ],
    "specific_actions": [
        null,
        11,
        25,
        11,
        25,
        11,
        null,
        null,
        25,
        25,
        25
    ],
    "rewards": [
        0,
        0,
        0.014527845036319542,
        0.017047391749062335,
        0.023466309084813952,
        0.01637733377006234,
        0.01836932001289071,
        0.0180379746835444,
        0.012123096052222504,
        0.011977886977887042,
        0.01183611532625184
    ],
    "states": [
        2804.0,
        2891.0,
        2933.0,
        2983.0,
        3053.0,
        3103.0,
        3160.0,
        3217.0,
        3256.0,
        3295.0,
        3334.0
    ],
    "selections": [
        null,
        null,
        "_complement_gaps:Instance-attribute-character",
        "_statement_novelty:Actor-Source",
        "_complement_gaps:Instance-attribute-character",
        "_trust:Source",
        "_complement_gaps:Instance-attribute-character",
        "_overlaps:character",
        "_overlaps:character",
        "_trust:Source",
        "_statement_novelty:Actor-Source"
    ]
}