{
    "actions": [
        null,
        4,
        4,
        7,
        2,
        4,
        4,
        4,
        3,
        7,
        2
    ],
    "rewards": [
        0,
        0,
        0.45444959932517914,
        0.2950976375802268,
        -0.015725806451612923,
        -0.015482334259626862,
        0.2190282617111885,
        -0.014874141876430214,
        0.17140729709605362,
        0.1395151515151516,
        -0.013983506633201914
    ],
    "states": [
        0.0,
        0.0008699434536755111,
        0.0012652889076339097,
        0.0016386726751331422,
        0.0016129032258064516,
        0.0015879317189360857,
        0.0019357336430507162,
        0.0019069412662090007,
        0.0022338049143708115,
        0.0025454545454545456,
        0.002509860164933668
    ],
    "selections": [
        null,
        null,
        "_subject_gaps:Instance-attribute-character",
        "_subject_gaps:Instance-attribute-character",
        "_trust:Source",
        "_statement_novelty:Actor-Source",
        "_subject_gaps:Instance-attribute-character",
        "_subject_gaps:Instance-attribute-character",
        "_subject_gaps:Instance-attribute-character",
        "_entity_novelty:Instance-character",
        "_trust:Source"
    ]
}