{
    "abstract_actions": [
        null,
        7,
        7,
        7,
        7,
        6,
        7,
        4,
        7,
        7,
        7
    ],
    "specific_actions": [
        null,
        25,
        25,
        25,
        25,
        null,
        25,
        null,
        25,
        25,
        25
    ],
    "rewards": [
        0,
        0,
        0.0034016536596026548,
        0.0030793561587498797,
        0.003009295557111713,
        0.002941605494256372,
        0.002488130422077628,
        0.0028134747764343437,
        0.004837688581200039,
        0.0031093714664334193,
        0.0017199763261848133
    ],
    "states": [
        2.5181181821412073,
        2.5404916703229494,
        2.5491335431104933,
        2.556983233185947,
        2.5646779514691826,
        2.5722222222222224,
        2.578622246585678,
        2.585877135234399,
        2.598386803523909,
        2.6064661533095435,
        2.610949213388238
    ],
    "selections": [
        null,
        null,
        "_trust:Source",
        "_trust:Source",
        "_trust:Source",
        "_trust:Source",
        "_overlaps:character",
        "_trust:Source",
        "_subject_gaps:Instance-attribute-character",
        "_trust:Source",
        "_trust:Source"
    ]
}