{
    "actions": [
        null,
        5,
        4,
        7,
        4,
        7,
        5,
        7,
        4,
        3,
        4
    ],
    "rewards": [
        0,
        0,
        0.011533907175554026,
        0.009878084993553582,
        0.004799282794528903,
        0.008981474330390427,
        0.004394427957618463,
        0.009102447542294057,
        0.004010281721393394,
        0.007460965848779866,
        0.00705368634985204
    ],
    "states": [
        2.2621093381172694,
        2.347540138706822,
        2.374616448757554,
        2.3980731118654712,
        2.4095821428912694,
        2.4312237430546144,
        2.4419075806423196,
        2.4641349162982467,
        2.474016791512125,
        2.492475346302905,
        2.5100564856304644
    ],
    "selections": [
        null,
        null,
        "_complement_gaps:Instance-attribute-character",
        "_subject_gaps:Instance-attribute-character",
        "_trust:Source",
        "_subject_gaps:Instance-attribute-character",
        "_trust:Source",
        "_complement_gaps:Instance-attribute-character",
        "_trust:Source",
        "_subject_gaps:Instance-attribute-character",
        "_entity_novelty:Instance-character"
    ]
}