{
    "abstract_actions": [
        null,
        4,
        4,
        4,
        5,
        4,
        4,
        4,
        4,
        4,
        4
    ],
    "specific_actions": [
        null,
        null,
        null,
        null,
        11,
        null,
        null,
        null,
        null,
        null,
        null
    ],
    "rewards": [
        0,
        0,
        -0.006215626155736564,
        -0.000615246098439326,
        -0.0027514369601414623,
        -0.0044814576548322105,
        -0.004226582756490349,
        -0.0022478780031649492,
        -0.0021396415672447766,
        0.0005025353630905283,
        -0.0020236098845305417
    ],
    "states": [
        11.742296918767506,
        10.985714285714286,
        10.917431192660551,
        10.910714285714286,
        10.880694143167029,
        10.831932773109244,
        10.786150712830958,
        10.761904761904763,
        10.738878143133462,
        10.744274809160306,
        10.722532588454376
    ],
    "selections": [
        null,
        null,
        "_subject_gaps:Instance-attribute-character",
        "_subject_gaps:Instance-attribute-character",
        "_subject_gaps:Instance-attribute-character",
        "_complement_gaps:Instance-attribute-character",
        "_subject_gaps:Instance-attribute-character",
        "_subject_gaps:Instance-attribute-character",
        "_subject_gaps:Instance-ability-character",
        "_subject_gaps:Instance-attribute-character",
        "_subject_gaps:Instance-character-institution"
    ]
}