{
    "actions": [
        null,
        4,
        4,
        3,
        3,
        6,
        3,
        4,
        4,
        5,
        4
    ],
    "rewards": [
        0,
        0,
        0.011533907175554026,
        0.012110322246266625,
        0.007710735323016138,
        0.007659988860626132,
        0.0038728059218877675,
        0.007951230771813034,
        0.008318851541421424,
        0.007044384915652291,
        0.006672104677708068
    ],
    "states": [
        2.2621093381172694,
        2.347540138706822,
        2.374616448757554,
        2.403373819163293,
        2.4219055985651274,
        2.440457368471624,
        2.4499087862203557,
        2.4693885763494863,
        2.4899310533142196,
        2.5074710860672003,
        2.524201195629767
    ],
    "selections": [
        null,
        null,
        "_subject_gaps:Instance-attribute-character",
        "_subject_gaps:Instance-attribute-character",
        "_entity_novelty:Instance-attribute",
        "_entity_novelty:Instance-character",
        "_overlaps:character",
        "_entity_novelty:Instance-character",
        "_subject_gaps:Instance-attribute-character",
        "_subject_gaps:Instance-attribute-character",
        "_complement_gaps:Instance-attribute-character"
    ]
}