{
    "abstract_actions": [
        null,
        4,
        4,
        3,
        4,
        2,
        4,
        4,
        3,
        2,
        7
    ],
    "specific_actions": [
        null,
        null,
        null,
        null,
        null,
        25,
        null,
        null,
        11,
        25,
        25
    ],
    "rewards": [
        0,
        0,
        0.004897805049024484,
        0.005634965299667005,
        0.0029794607099660197,
        0.0029175893786432816,
        0.0033967851161404994,
        0.004975585852663,
        0.004223523300109777,
        0.0025810124944458668,
        0.002992327322897559
    ],
    "states": [
        2.4525824192705934,
        2.4805025040319157,
        2.492651521720281,
        2.506697526549337,
        2.51416613334146,
        2.521501437748242,
        2.5300664363023118,
        2.5426549990690748,
        2.553393961701784,
        2.559984303420179,
        2.567644614397492
    ],
    "selections": [
        null,
        null,
        "_subject_gaps:Instance-attribute-character",
        "_subject_gaps:Instance-attribute-character",
        "_entity_novelty:Instance-character",
        "_subject_gaps:Instance-attribute-character",
        "_statement_novelty:Actor-Source",
        "_subject_gaps:Instance-attribute-character",
        "_subject_gaps:Instance-attribute-character",
        "_entity_novelty:Instance-attribute",
        "_statement_novelty:Actor-Source"
    ]
}