{
    "abstract_actions": [
        null,
        5,
        7,
        7,
        5,
        5,
        3,
        5,
        5,
        3,
        5
    ],
    "specific_actions": [
        null,
        11,
        25,
        25,
        11,
        11,
        11,
        11,
        11,
        null,
        11
    ],
    "rewards": [
        0,
        0,
        0.06636155606407312,
        0.0386266094420602,
        0.018595041322313932,
        0.05679513184584173,
        0.053742802303263115,
        0.016393442622950838,
        0.05017921146953408,
        0.04778156996587035,
        0.039087947882736174
    ],
    "states": [
        7.0588235294117645,
        8.568627450980392,
        9.137254901960784,
        9.490196078431373,
        9.666666666666666,
        10.215686274509803,
        10.764705882352942,
        10.941176470588236,
        11.490196078431373,
        12.03921568627451,
        12.509803921568627
    ],
    "selections": [
        null,
        null,
        "_complement_gaps:Instance-attribute-character",
        "_trust:Source",
        "_trust:Source",
        "_complement_gaps:Instance-attribute-character",
        "_complement_gaps:Instance-attribute-character",
        "_entity_novelty:Instance-attribute",
        "_complement_gaps:Instance-attribute-character",
        "_complement_gaps:Instance-attribute-character",
        "_entity_novelty:Instance-character"
    ]
}