{
    "actions": [
        null,
        5,
        5,
        5,
        7,
        7,
        7,
        5,
        3,
        4,
        5
    ],
    "rewards": [
        0,
        0,
        -0.03958404115635705,
        -0.03531246783455588,
        -0.03411772237265642,
        -0.01079494554699656,
        -0.01068623915794209,
        -0.010579487310127145,
        -0.03196603021742839,
        -0.026040339240053,
        -0.025380661093255874
    ],
    "states": [
        0.013056202873306185,
        0.010384007064254536,
        0.009972966101255183,
        0.009620796056589493,
        0.009292556407726825,
        0.00919224376731302,
        0.00909401325201741,
        0.008997803254219564,
        0.008710179203504706,
        0.00848336318220379,
        0.00826804981634527
    ],
    "selections": [
        null,
        null,
        "_complement_gaps:Instance-attribute-character",
        "_complement_gaps:Instance-attribute-character",
        "_complement_gaps:Instance-attribute-character",
        "_trust:Source",
        "_trust:Source",
        "_trust:Source",
        "_complement_gaps:Instance-attribute-character",
        "_entity_novelty:Instance-character",
        "_subject_gaps:Instance-attribute-character"
    ]
}