{
    "actions": [
        null,
        4,
        5,
        7,
        5,
        3,
        2,
        2,
        7,
        7,
        7,
        7,
        7,
        4,
        3,
        4,
        3,
        5,
        4,
        7,
        6,
        7,
        6,
        7,
        4,
        7
    ],
    "rewards": [
        0,
        0,
        0.03175293605915619,
        0.0295109612141653,
        0.01597051597051591,
        0.025796049979846858,
        0.015324165029469539,
        0.015092879256966008,
        0.014868471216164636,
        0.014650638617580869,
        0.01443909663087739,
        0.014233576642335821,
        0.014033825116948506,
        0.013839602555003605,
        0.024501225061253074,
        0.013324222753672732,
        0.023600809170600145,
        0.012845849802371578,
        0.02276422764227637,
        0.018441971383147848,
        0.012176084920387131,
        0.014188772362738966,
        0.011861313868613221,
        0.011722272317403082,
        0.01158645276292325,
        0.018795888399412597
    ],
    "states": [
        2084.0,
        2299.0,
        2372.0,
        2442.0,
        2481.0,
        2545.0,
        2584.0,
        2623.0,
        2662.0,
        2701.0,
        2740.0,
        2779.0,
        2818.0,
        2857.0,
        2927.0,
        2966.0,
        3036.0,
        3075.0,
        3145.0,
        3203.0,
        3242.0,
        3288.0,
        3327.0,
        3366.0,
        3405.0,
        3469.0
    ],
    "selections": [
        null,
        null,
        "_subject_gaps:Instance-attribute-character",
        "_complement_gaps:Instance-attribute-character",
        "_trust:Source",
        "_complement_gaps:Instance-attribute-character",
        "_entity_novelty:Instance-attribute",
        "_statement_novelty:Actor-Source",
        "_statement_novelty:Actor-Source",
        "_trust:Source",
        "_trust:Source",
        "_trust:Source",
        "_trust:Source",
        "_trust:Source",
        "_subject_gaps:Instance-attribute-character",
        "_entity_novelty:Instance-character",
        "_subject_gaps:Instance-attribute-character",
        "_entity_novelty:Instance-character",
        "_complement_gaps:Instance-attribute-character",
        "_subject_gaps:Instance-attribute-character",
        "_trust:Source",
        "_overlaps:character",
        "_trust:Source",
        "_overlaps:character",
        "_trust:Source",
        "_subject_gaps:Instance-attribute-character"
    ]
}