{
    "abstract_actions": [
        null,
        3,
        5,
        5,
        7,
        2,
        7,
        4,
        5,
        5,
        4
    ],
    "specific_actions": [
        null,
        null,
        11,
        11,
        25,
        25,
        25,
        null,
        11,
        11,
        null
    ],
    "rewards": [
        0,
        0,
        0.022831050228310668,
        0.0625,
        0.05882352941176472,
        0.03571428571428559,
        0.017241379310344973,
        0.016949152542372836,
        0.04444444444444451,
        0.049645390070921946,
        0.04729729729729737
    ],
    "states": [
        7.0588235294117645,
        8.588235294117647,
        8.784313725490197,
        9.333333333333334,
        9.882352941176471,
        10.235294117647058,
        10.411764705882353,
        10.588235294117647,
        11.058823529411764,
        11.607843137254902,
        12.156862745098039
    ],
    "selections": [
        null,
        null,
        "_entity_novelty:Instance-character",
        "_complement_gaps:Instance-attribute-character",
        "_complement_gaps:Instance-attribute-character",
        "_trust:Source",
        "_statement_novelty:Actor-Source",
        "_trust:Source",
        "_subject_gaps:Instance-attribute-character",
        "_complement_gaps:Instance-attribute-character",
        "_complement_gaps:Instance-attribute-character"
    ]
}