{
    "abstract_actions": [
        null,
        7,
        7,
        2,
        5,
        3,
        5,
        7,
        7,
        4,
        3
    ],
    "specific_actions": [
        null,
        25,
        25,
        25,
        11,
        null,
        11,
        25,
        25,
        null,
        null
    ],
    "rewards": [
        0,
        0,
        0.04337899543378998,
        0.01969365426695835,
        0.0193133047210301,
        0.05894736842105264,
        0.04771371769383692,
        0.05313092979127143,
        0.02522522522522519,
        0.01581722319859402,
        0.04844290657439454
    ],
    "states": [
        7.0588235294117645,
        8.588235294117647,
        8.96078431372549,
        9.137254901960784,
        9.313725490196079,
        9.862745098039216,
        10.333333333333334,
        10.882352941176471,
        11.156862745098039,
        11.333333333333334,
        11.882352941176471
    ],
    "selections": [
        null,
        null,
        "_trust:Source",
        "_trust:Source",
        "_statement_novelty:Actor-Source",
        "_complement_gaps:Instance-attribute-character",
        "_entity_novelty:Instance-character",
        "_complement_gaps:Instance-attribute-character",
        "_trust:Source",
        "_trust:Source",
        "_subject_gaps:Instance-attribute-character"
    ]
}