{
    "abstract_actions": [
        null,
        3,
        6,
        5,
        3,
        6,
        2,
        2,
        6,
        2,
        2
    ],
    "specific_actions": [
        null,
        11,
        null,
        11,
        11,
        null,
        25,
        25,
        null,
        25,
        25
    ],
    "rewards": [
        0,
        0,
        0.0547945205479452,
        0.04761904761904767,
        0.05785123966942152,
        0.044921875,
        0.03364485981308407,
        0.016274864376130127,
        0.016014234875444844,
        0.015761821366024664,
        0.01551724137931032
    ],
    "states": [
        7.0588235294117645,
        8.588235294117647,
        9.058823529411764,
        9.490196078431373,
        10.03921568627451,
        10.490196078431373,
        10.843137254901961,
        11.019607843137255,
        11.196078431372548,
        11.372549019607844,
        11.549019607843137
    ],
    "selections": [
        null,
        null,
        "_entity_novelty:Instance-attribute",
        "_overlaps:character",
        "_complement_gaps:Instance-attribute-character",
        "_entity_novelty:Instance-attribute",
        "_overlaps:character",
        "_statement_novelty:Actor-Source",
        "_statement_novelty:Actor-Source",
        "_overlaps:character",
        "_statement_novelty:Actor-Source"
    ]
}