{
    "abstract_actions": [
        null,
        5,
        5,
        5,
        5,
        5,
        5,
        5,
        3,
        5,
        5
    ],
    "specific_actions": [
        null,
        11,
        11,
        11,
        11,
        11,
        11,
        11,
        11,
        11,
        11
    ],
    "rewards": [
        0,
        0,
        0.011777576306545745,
        0.010068403739294629,
        0.009068000676256682,
        0.009835262879889672,
        0.009169733234633437,
        0.008569904370652415,
        0.007247841704897784,
        0.006865026430240562,
        0.006501215464544741
    ],
    "states": [
        2.261951971799956,
        2.3403682236617795,
        2.367932089001371,
        2.391773385300668,
        2.413461987976027,
        2.4371990210783925,
        2.459547485941391,
        2.4806255726909874,
        2.498604754170973,
        2.5157577418470813,
        2.532113224983426
    ],
    "selections": [
        null,
        null,
        "_complement_gaps:Instance-attribute-character",
        "_complement_gaps:Instance-attribute-character",
        "_complement_gaps:Instance-attribute-character",
        "_complement_gaps:Instance-attribute-character",
        "_complement_gaps:Instance-attribute-character",
        "_complement_gaps:Instance-attribute-character",
        "_complement_gaps:Instance-attribute-character",
        "_entity_novelty:Instance-attribute",
        "_complement_gaps:Instance-attribute-character"
    ]
}