{
    "actions": [
        null,
        5,
        5,
        7,
        4,
        3,
        4,
        7,
        2,
        4,
        7
    ],
    "rewards": [
        0,
        0,
        0.4538364249578415,
        0.2951132951132953,
        -0.01571946795646917,
        0.21856581532416497,
        0.1732616212063005,
        0.13867016622922135,
        -0.014412416851441234,
        -0.014207650273224015,
        0.1192090107537842
    ],
    "states": [
        0.0,
        0.0008699434536755111,
        0.0012647554806070826,
        0.001638001638001638,
        0.0016122531237404273,
        0.0019646365422396855,
        0.002305032654629274,
        0.0026246719160104987,
        0.0025868440502586844,
        0.0025500910746812386,
        0.0028540849090260435
    ],
    "selections": [
        null,
        null,
        "_complement_gaps:Instance-attribute-character",
        "_complement_gaps:Instance-attribute-character",
        "_trust:Source",
        "_subject_gaps:Instance-attribute-character",
        "_entity_novelty:Instance-attribute",
        "_subject_gaps:Instance-attribute-character",
        "_trust:Source",
        "_statement_novelty:Actor-Source",
        "_subject_gaps:Instance-attribute-character"
    ]
}