{
    "actions": [
        null,
        4,
        5,
        5,
        7,
        2,
        5,
        7,
        7,
        2,
        7
    ],
    "rewards": [
        0,
        0,
        5.296757123507412e-05,
        -0.0002199361218494511,
        0.0008204528048068038,
        0.0026503311218353254,
        0.0026038138432278313,
        0.0006825547852815639,
        0.0025070781277958254,
        0.0024646172565974123,
        0.002423233745411757
    ],
    "states": [
        12.17607973421927,
        12.12258064516129,
        12.123222748815166,
        12.120556414219475,
        12.130500758725342,
        12.162650602409638,
        12.194319880418535,
        12.202643171806168,
        12.2332361516035,
        12.263386396526773,
        12.293103448275861
    ],
    "selections": [
        null,
        null,
        "_subject_gaps:Instance-attribute-character",
        "_complement_gaps:Instance-attribute-character",
        "_complement_gaps:Instance-attribute-character",
        "_trust:Source",
        "_statement_novelty:Actor-Source",
        "_complement_gaps:Instance-attribute-character",
        "_trust:Source",
        "_trust:Source",
        "_statement_novelty:Actor-Source"
    ]
}