{
    "abstract_actions": [
        null,
        5,
        5,
        4,
        6,
        7,
        5,
        2,
        6,
        7,
        4
    ],
    "specific_actions": [
        null,
        11,
        11,
        null,
        null,
        25,
        11,
        25,
        null,
        25,
        null
    ],
    "rewards": [
        0,
        0,
        0.039432176656151396,
        0.036418816388467334,
        0.027818448023426035,
        0.02564102564102555,
        0.012500000000000178,
        0.012345679012345734,
        0.01897018970189701,
        0.01196808510638303,
        0.01182654402102501
    ],
    "states": [
        11.862745098039216,
        12.431372549019608,
        12.92156862745098,
        13.392156862745098,
        13.764705882352942,
        14.117647058823529,
        14.294117647058824,
        14.470588235294118,
        14.745098039215685,
        14.92156862745098,
        15.098039215686274
    ],
    "selections": [
        null,
        null,
        "_complement_gaps:Instance-attribute-character",
        "_complement_gaps:Instance-attribute-character",
        "_subject_gaps:Instance-character-gender",
        "_overlaps:character",
        "_trust:Source",
        "_complement_gaps:Instance-attribute-character",
        "_statement_novelty:Actor-Source",
        "_overlaps:character",
        "_trust:Source"
    ]
}