{
    "actions": [
        null,
        3,
        5,
        2,
        4,
        5,
        4,
        3,
        3,
        4,
        4,
        3,
        3,
        4,
        5,
        7,
        4,
        2,
        4,
        4,
        5,
        3,
        6,
        4,
        4,
        4
    ],
    "rewards": [
        0,
        0,
        0.016625783592259413,
        0.010455764075067098,
        0.010347572300344998,
        0.010241596638655537,
        0.015076683129711554,
        0.016389244558258742,
        0.016124968505920823,
        0.009670220679395047,
        0.015717092337917515,
        0.016924564796905184,
        0.015216357584403317,
        0.00913348946135839,
        0.013460199582269627,
        0.008930615983512746,
        0.00885156604630044,
        0.008773903262092153,
        0.008697591436217733,
        0.014149900508511948,
        0.008502289077828573,
        0.013834846519671373,
        0.008315565031983052,
        0.009727215056037242,
        0.013403141361256532,
        0.008059516429014257
    ],
    "states": [
        3582.0,
        3669.0,
        3730.0,
        3769.0,
        3808.0,
        3847.0,
        3905.0,
        3969.0,
        4033.0,
        4072.0,
        4136.0,
        4206.0,
        4270.0,
        4309.0,
        4367.0,
        4406.0,
        4445.0,
        4484.0,
        4523.0,
        4587.0,
        4626.0,
        4690.0,
        4729.0,
        4775.0,
        4839.0,
        4878.0
    ],
    "selections": [
        null,
        null,
        "_entity_novelty:Instance-character",
        "_complement_gaps:Instance-attribute-character",
        "_statement_novelty:Actor-Source",
        "_subject_gaps:Instance-attribute-character",
        "_complement_gaps:Instance-attribute-character",
        "_subject_gaps:Instance-attribute-character",
        "_entity_novelty:Instance-attribute",
        "_entity_novelty:Instance-character",
        "_subject_gaps:Instance-attribute-character",
        "_subject_gaps:Instance-attribute-character",
        "_entity_novelty:Instance-character",
        "_entity_novelty:Instance-attribute",
        "_subject_gaps:Instance-attribute-character",
        "_complement_gaps:Instance-attribute-character",
        "_trust:Source",
        "_subject_gaps:Instance-attribute-character",
        "_statement_novelty:Actor-Source",
        "_subject_gaps:Instance-attribute-character",
        "_subject_gaps:Instance-attribute-character",
        "_complement_gaps:Instance-attribute-character",
        "_entity_novelty:Instance-attribute",
        "_overlaps:attribute",
        "_subject_gaps:Instance-attribute-character",
        "_subject_gaps:Instance-attribute-character"
    ]
}