{
    "actions": [
        null,
        5,
        7,
        7,
        7,
        5,
        3,
        5,
        3,
        7,
        7
    ],
    "rewards": [
        0,
        0,
        0.03175293605915619,
        0.016441821247892063,
        0.016175860638739215,
        0.015918367346938744,
        0.02812374447569299,
        0.015240328253223856,
        0.02886836027713624,
        0.023943135054246056,
        0.01424917793204239
    ],
    "states": [
        2084.0,
        2299.0,
        2372.0,
        2411.0,
        2450.0,
        2489.0,
        2559.0,
        2598.0,
        2673.0,
        2737.0,
        2776.0
    ],
    "selections": [
        null,
        null,
        "_complement_gaps:Instance-attribute-character",
        "_trust:Source",
        "_trust:Source",
        "_trust:Source",
        "_complement_gaps:Instance-attribute-character",
        "_entity_novelty:Instance-character",
        "_complement_gaps:Instance-attribute-character",
        "_entity_novelty:Instance-attribute",
        "_trust:Source"
    ]
}