{
    "actions": [
        null,
        4,
        7,
        2,
        2,
        7,
        5,
        5,
        7,
        7,
        4
    ],
    "rewards": [
        0,
        0,
        1.0197116799058548,
        1.0112521638776688,
        1.011126961483595,
        1.0110045146726863,
        1.010884733463578,
        1.0176697956929872,
        1.0173629951166576,
        1.0104,
        1.0102929532858274
    ],
    "states": [
        3318.0,
        3399.0,
        3466.0,
        3505.0,
        3544.0,
        3583.0,
        3622.0,
        3686.0,
        3750.0,
        3789.0,
        3828.0
    ],
    "selections": [
        null,
        null,
        "_subject_gaps:Instance-attribute-character",
        "_trust:Source",
        "_statement_novelty:Actor-Source",
        "_statement_novelty:Actor-Source",
        "_trust:Source",
        "_complement_gaps:Instance-attribute-character",
        "_complement_gaps:Instance-attribute-character",
        "_trust:Source",
        "_trust:Source"
    ]
}