{
    "actions": [
        null,
        7,
        2,
        4,
        4,
        5,
        4,
        3,
        4,
        3,
        7
    ],
    "rewards": [
        0,
        0,
        -0.017941050832977368,
        -0.01638655462184868,
        0.4571428571428571,
        0.29939008220631136,
        0.2161377708978327,
        0.17099697885196385,
        0.14166050751416592,
        0.11645177926766359,
        0.09959421312632344
    ],
    "states": [
        0.0,
        0.0008699434536755111,
        0.0008543357539513029,
        0.0008403361344537816,
        0.0012244897959183673,
        0.0015910898965791568,
        0.001934984520123839,
        0.0022658610271903325,
        0.0025868440502586844,
        0.002888086642599278,
        0.003175723359209598
    ],
    "selections": [
        null,
        null,
        "_trust:Source",
        "_statement_novelty:Actor-Source",
        "_subject_gaps:Instance-attribute-character",
        "_subject_gaps:Instance-attribute-character",
        "_complement_gaps:Instance-attribute-character",
        "_subject_gaps:Instance-attribute-character",
        "_entity_novelty:Instance-attribute",
        "_subject_gaps:Instance-attribute-character",
        "_entity_novelty:Instance-attribute"
    ]
}