{
    "actions": [
        null,
        5,
        3,
        5,
        7,
        4,
        3,
        4,
        4,
        7,
        4
    ],
    "rewards": [
        0,
        0,
        -0.005850815596758263,
        0.00273698770297659,
        -0.00452184733017158,
        0.0026415348926520643,
        -0.002432316002253354,
        0.002535029204302486,
        -0.00411361036980562,
        0.0024525596297824137,
        0.0023892180636895244
    ],
    "states": [
        11.675070028011204,
        10.869976359338061,
        10.806378132118452,
        10.835955056179776,
        10.78695652173913,
        10.815450643776824,
        10.789144050104385,
        10.816494845360825,
        10.772,
        10.798418972332016,
        10.82421875
    ],
    "selections": [
        null,
        null,
        "_complement_gaps:Instance-attribute-character",
        "_entity_novelty:Instance-attribute",
        "_complement_gaps:Instance-attribute-character",
        "_trust:Source",
        "_subject_gaps:Instance-attribute-character",
        "_entity_novelty:Instance-attribute",
        "_subject_gaps:Instance-attribute-character",
        "_subject_gaps:Instance-attribute-character",
        "_trust:Source"
    ]
}