{
    "abstract_actions": [
        null,
        5,
        7,
        7,
        7,
        7,
        7,
        2,
        7,
        7,
        4
    ],
    "specific_actions": [
        null,
        11,
        25,
        25,
        25,
        25,
        25,
        25,
        25,
        25,
        null
    ],
    "rewards": [
        0,
        0,
        -0.006215626155736564,
        -0.004473058711235045,
        0.0003873669830312121,
        0.00037550848291956207,
        0.002497159047607944,
        0.0024280097976656645,
        0.00028211292189084247,
        0.0002739587820086431,
        0.0022868928628090313
    ],
    "states": [
        11.742296918767506,
        10.985714285714286,
        10.917431192660551,
        10.868596881959911,
        10.87280701754386,
        10.876889848812095,
        10.90405117270789,
        10.930526315789473,
        10.933609958506224,
        10.936605316973415,
        10.961616161616162
    ],
    "selections": [
        null,
        null,
        "_complement_gaps:Instance-attribute-character",
        "_trust:Source",
        "_trust:Source",
        "_trust:Source",
        "_trust:Source",
        "_trust:Source",
        "_statement_novelty:Actor-Source",
        "_trust:Source",
        "_trust:Source"
    ]
}