{
    "actions": [
        null,
        3,
        4,
        5,
        4,
        4,
        4,
        5,
        3,
        6,
        2
    ],
    "rewards": [
        0,
        0,
        -0.01248226950354614,
        0.22090606816292602,
        0.17525101763907713,
        0.1430913764069841,
        0.12022041029077779,
        0.10314975721952457,
        0.08994178435141076,
        0.07943419434194343,
        -0.012150668286755817
    ],
    "states": [
        0.0008875739644970414,
        0.0011490950876185005,
        0.0011347517730496454,
        0.0013854253255749516,
        0.0016282225237449117,
        0.0018612071257644244,
        0.0020849622100599426,
        0.002300025555839509,
        0.00250689395838556,
        0.002706027060270603,
        0.0026731470230862697
    ],
    "selections": [
        null,
        null,
        "_entity_novelty:Instance-attribute",
        "_subject_gaps:Instance-attribute-character",
        "_complement_gaps:Instance-attribute-character",
        "_subject_gaps:Instance-attribute-character",
        "_subject_gaps:Instance-attribute-character",
        "_subject_gaps:Instance-attribute-character",
        "_complement_gaps:Instance-attribute-character",
        "_entity_novelty:Instance-attribute",
        "_overlaps:character"
    ]
}