{
    "abstract_actions": [
        null,
        3,
        3,
        3,
        7,
        5,
        3,
        4,
        6,
        3,
        3
    ],
    "specific_actions": [
        null,
        null,
        11,
        null,
        25,
        11,
        null,
        null,
        11,
        11,
        null
    ],
    "rewards": [
        0,
        0,
        0.0237672933664419,
        0.021829521829521914,
        0.021702271956595354,
        0.016594756057086046,
        0.022853411687887792,
        0.020427705075007907,
        0.020018767594619957,
        0.017785955228457606,
        0.02109068996685748
    ],
    "states": [
        2732.0,
        2819.0,
        2886.0,
        2949.0,
        3013.0,
        3063.0,
        3133.0,
        3197.0,
        3261.0,
        3319.0,
        3389.0
    ],
    "selections": [
        null,
        null,
        "_entity_novelty:Instance-character",
        "_entity_novelty:Instance-attribute",
        "_entity_novelty:Instance-character",
        "_trust:Source",
        "_complement_gaps:Instance-attribute-character",
        "_entity_novelty:Instance-character",
        "_subject_gaps:Instance-character-enchantment",
        "_overlaps:attribute-object",
        "_entity_novelty:Instance-attribute-object"
    ]
}