{
    "abstract_actions": [
        null,
        3,
        7,
        7,
        7,
        5,
        5,
        5,
        5,
        5,
        4
    ],
    "specific_actions": [
        null,
        null,
        25,
        25,
        25,
        11,
        11,
        11,
        11,
        11,
        null
    ],
    "rewards": [
        0,
        0,
        -0.013125763125762968,
        -0.016216216216216273,
        -0.011869436201780492,
        -0.011730205278592254,
        0.11986863711001638,
        0.10064661231374772,
        0.08756803033082616,
        0.07717596335219601,
        0.0707124137433579
    ],
    "states": [
        0.001911436763300414,
        0.0021651716671821837,
        0.002136752136752137,
        0.002102102102102102,
        0.0020771513353115725,
        0.0020527859237536657,
        0.0022988505747126436,
        0.002530222097272983,
        0.00275178866263071,
        0.0029641606036108865,
        0.003173763554615181
    ],
    "selections": [
        null,
        null,
        "_entity_novelty:Instance-character",
        "_trust:Source",
        "_trust:Source",
        "_trust:Source",
        "_complement_gaps:Instance-attribute-character",
        "_complement_gaps:Instance-attribute-character",
        "_complement_gaps:Instance-attribute-character",
        "_complement_gaps:Instance-attribute-character",
        "_complement_gaps:Instance-attribute-character"
    ]
}