{
    "actions": [
        null,
        5,
        5,
        5,
        4,
        5,
        3,
        5,
        5,
        5,
        5
    ],
    "rewards": [
        0,
        0,
        0.01154276869783799,
        0.010994378194061794,
        0.0088142171662553,
        0.008624280913360094,
        0.009012877161087118,
        0.006770025784428313,
        0.007238702006472586,
        0.0061147415581832565,
        0.006538686767880053
    ],
    "states": [
        2.2621093381172694,
        2.347540138706822,
        2.3746372515368055,
        2.400744911553909,
        2.4219055985651274,
        2.4427927927927926,
        2.464809384164223,
        2.4814962072487154,
        2.4994590188231807,
        2.5147425647585546,
        2.531185678691366
    ],
    "selections": [
        null,
        null,
        "_complement_gaps:Instance-attribute-character",
        "_complement_gaps:Instance-attribute-character",
        "_complement_gaps:Instance-attribute-character",
        "_subject_gaps:Instance-attribute-character",
        "_complement_gaps:Instance-attribute-character",
        "_entity_novelty:Instance-character",
        "_complement_gaps:Instance-attribute-character",
        "_complement_gaps:Instance-attribute-character",
        "_complement_gaps:Instance-attribute-character"
    ]
}