{
    "abstract_actions": [
        null,
        7,
        4,
        5,
        4,
        3,
        5,
        4,
        7,
        5,
        3
    ],
    "specific_actions": [
        null,
        25,
        null,
        11,
        null,
        11,
        11,
        null,
        25,
        11,
        11
    ],
    "rewards": [
        0,
        0,
        0.01702008928571419,
        0.020850480109739333,
        0.01101854340231112,
        0.02020202020202011,
        0.019541427826993196,
        0.010477894198824389,
        0.02124430955993928,
        0.014363546310054431,
        0.0185546875
    ],
    "states": [
        3483.0,
        3584.0,
        3645.0,
        3721.0,
        3762.0,
        3838.0,
        3913.0,
        3954.0,
        4038.0,
        4096.0,
        4172.0
    ],
    "selections": [
        null,
        null,
        "_trust:Source",
        "_subject_gaps:Instance-attribute-character",
        "_complement_gaps:Instance-attribute-character",
        "_subject_gaps:Instance-attribute-character",
        "_entity_novelty:Instance-attribute",
        "_complement_gaps:Instance-attribute-character",
        "_subject_gaps:Instance-attribute-character",
        "_trust:Source",
        "_complement_gaps:Instance-attribute-character"
    ]
}