{
    "abstract_actions": [
        null,
        3,
        7,
        4,
        3,
        2,
        4,
        3,
        5,
        3,
        3
    ],
    "specific_actions": [
        null,
        11,
        25,
        null,
        11,
        25,
        null,
        11,
        11,
        null,
        11
    ],
    "rewards": [
        0,
        0,
        0.0003197353914001777,
        0.002429480564155595,
        0.0006261350860503612,
        0.0010845495341977873,
        0.0022681445413239576,
        0.0005248490662521643,
        0.0010016905454282021,
        -0.0005749160398589304,
        0.0004827815111922984
    ],
    "states": [
        12.31064572425829,
        12.236087689713322,
        12.24,
        12.269736842105264,
        12.27741935483871,
        12.29073482428115,
        12.318611987381704,
        12.325077399380804,
        12.337423312883436,
        12.33033033033033,
        12.336283185840708
    ],
    "selections": [
        null,
        null,
        "_entity_novelty:Instance-attribute",
        "_trust:Source",
        "_subject_gaps:Instance-character-personality-trait",
        "_entity_novelty:Instance-attribute",
        "_statement_novelty:Actor-Source",
        "_subject_gaps:Instance-character-object",
        "_entity_novelty:Instance-attribute",
        "_complement_gaps:Instance-attribute-character",
        "_entity_novelty:Instance-character"
    ]
}