{
    "actions": [
        null,
        5,
        4,
        7,
        4,
        4,
        4,
        6,
        4,
        5,
        5
    ],
    "rewards": [
        0,
        0,
        0.06833712984054663,
        0.05756929637526653,
        0.01814516129032273,
        0.045544554455445585,
        0.043560606060605966,
        0.0344827586206895,
        0.02280701754385972,
        0.046312178387650116,
        0.03770491803278686
    ],
    "states": [
        7.0588235294117645,
        8.607843137254902,
        9.196078431372548,
        9.72549019607843,
        9.901960784313726,
        10.352941176470589,
        10.803921568627452,
        11.176470588235293,
        11.431372549019608,
        11.96078431372549,
        12.411764705882353
    ],
    "selections": [
        null,
        null,
        "_complement_gaps:Instance-attribute-character",
        "_subject_gaps:Instance-attribute-character",
        "_trust:Source",
        "_subject_gaps:Instance-attribute-character",
        "_subject_gaps:Instance-attribute-character",
        "_subject_gaps:Instance-attribute-character",
        "_overlaps:character",
        "_subject_gaps:Instance-attribute-character",
        "_complement_gaps:Instance-attribute-character"
    ]
}