{
    "actions": [
        null,
        7,
        4,
        6,
        7,
        2,
        2,
        4,
        7,
        4,
        4
    ],
    "rewards": [
        0,
        0,
        0.0020741697996491393,
        0.00470627529359624,
        0.0019272455178613868,
        0.002217978051477054,
        0.0021795817593448508,
        0.0021421751248129617,
        0.004860985688406094,
        0.002022456822975416,
        0.004586768825679988
    ],
    "states": [
        2.445011205956915,
        2.46011564782232,
        2.4652183454026773,
        2.476820341594966,
        2.481593782496853,
        2.4870979030391127,
        2.4925187362622814,
        2.4978581478972326,
        2.5100002006058295,
        2.5150765676372147,
        2.5266126424318514
    ],
    "selections": [
        null,
        null,
        "_trust:Source",
        "_subject_gaps:Instance-attribute-character",
        "_overlaps:character",
        "_trust:Source",
        "_statement_novelty:Actor-Source",
        "_statement_novelty:Actor-Source",
        "_subject_gaps:Instance-attribute-character",
        "_trust:Source",
        "_subject_gaps:Instance-attribute-character"
    ]
}