{
    "actions": [
        null,
        3,
        4,
        5,
        5,
        7,
        5,
        5,
        5,
        7,
        7,
        2,
        7,
        4,
        2,
        5,
        6,
        5,
        7,
        7,
        2,
        4,
        2,
        2,
        5,
        2
    ],
    "rewards": [
        0,
        0,
        0.0,
        0.003472222222222321,
        0.0,
        0.0,
        0.0,
        0.003095975232198178,
        0.002777777777777768,
        0.0025062656641603454,
        0.0,
        0.0,
        0.0,
        0.0,
        0.0,
        0.0,
        0.002272727272727426,
        0.0,
        0.0,
        0.0,
        0.0,
        0.0,
        0.0,
        0.0,
        0.0,
        0.0
    ],
    "states": [
        0.9375,
        0.9411764705882353,
        0.9411764705882353,
        0.9444444444444444,
        0.9444444444444444,
        0.9444444444444444,
        0.9444444444444444,
        0.9473684210526315,
        0.95,
        0.9523809523809523,
        0.9523809523809523,
        0.9523809523809523,
        0.9523809523809523,
        0.9523809523809523,
        0.9523809523809523,
        0.9523809523809523,
        0.9545454545454546,
        0.9545454545454546,
        0.9545454545454546,
        0.9545454545454546,
        0.9545454545454546,
        0.9545454545454546,
        0.9545454545454546,
        0.9545454545454546,
        0.9545454545454546,
        0.9545454545454546
    ],
    "selections": [
        null,
        null,
        "_entity_novelty:Instance-attribute",
        "_subject_gaps:Instance-attribute-character",
        "_complement_gaps:Instance-attribute-character",
        "_complement_gaps:Instance-attribute-character",
        "_trust:Source",
        "_complement_gaps:Instance-attribute-character",
        "_complement_gaps:Instance-attribute-character",
        "_complement_gaps:Instance-attribute-character",
        "_trust:Source",
        "_trust:Source",
        "_statement_novelty:Actor-Source",
        "_trust:Source",
        "_subject_gaps:Instance-attribute-character",
        "_statement_novelty:Actor-Source",
        "_complement_gaps:Instance-attribute-character",
        "_overlaps:character",
        "_complement_gaps:Instance-attribute-character",
        "_trust:Source",
        "_trust:Source",
        "_statement_novelty:Actor-Source",
        "_subject_gaps:Instance-attribute-character",
        "_statement_novelty:Actor-Source",
        "_statement_novelty:Actor-Source",
        "_complement_gaps:Instance-attribute-character"
    ]
}