{
    "actions": [
        null,
        3,
        4,
        5,
        4,
        3,
        5,
        5,
        7,
        5,
        7
    ],
    "rewards": [
        0,
        0,
        -0.01510565743796577,
        -0.036159494361660105,
        -0.034908878780718355,
        -0.0337412910266095,
        -0.01068623915794209,
        -0.02715609628935256,
        -0.03145753832328979,
        -0.009964767293450527,
        -0.025380661093255874
    ],
    "states": [
        0.013056202873306185,
        0.010384007064254536,
        0.010227149810708491,
        0.009857341244792324,
        0.009513232514177693,
        0.00919224376731302,
        0.00909401325201741,
        0.008847055352488977,
        0.008568748769689789,
        0.00848336318220379,
        0.00826804981634527
    ],
    "selections": [
        null,
        null,
        "_entity_novelty:Instance-character",
        "_subject_gaps:Instance-attribute-character",
        "_complement_gaps:Instance-attribute-character",
        "_subject_gaps:Instance-attribute-character",
        "_entity_novelty:Instance-attribute",
        "_complement_gaps:Instance-attribute-character",
        "_complement_gaps:Instance-attribute-character",
        "_trust:Source",
        "_complement_gaps:Instance-attribute-character"
    ]
}