{
    "abstract_actions": [
        null,
        5,
        4,
        5,
        5,
        5,
        5,
        5,
        4,
        4,
        7
    ],
    "specific_actions": [
        null,
        11,
        null,
        11,
        11,
        11,
        11,
        11,
        null,
        null,
        25
    ],
    "rewards": [
        0,
        0,
        0.011777576306545745,
        0.011207861845931921,
        0.009352262632610131,
        0.009757830611476281,
        0.00819945968968483,
        0.008572297149678443,
        0.004941966087115723,
        0.007006647130022525,
        0.0045612641572070345
    ],
    "states": [
        2.261951971799956,
        2.3403682236617795,
        2.367932089001371,
        2.394471544715447,
        2.416865271467938,
        2.440448633397682,
        2.4604589935919727,
        2.481550779209642,
        2.493814519003952,
        2.5112877973463394,
        2.5227424443648068
    ],
    "selections": [
        null,
        null,
        "_complement_gaps:Instance-attribute-character",
        "_subject_gaps:Instance-character-product",
        "_complement_gaps:Instance-attribute-character",
        "_complement_gaps:Instance-attribute-character",
        "_complement_gaps:Instance-attribute-character",
        "_complement_gaps:Instance-attribute-character",
        "_complement_gaps:Instance-attribute-character",
        "_subject_gaps:Instance-character-enchantment",
        "_subject_gaps:Instance-character-physical-appearance"
    ]
}