{
    "abstract_actions": [
        null,
        3,
        7,
        7,
        4,
        5,
        3,
        4,
        3,
        5,
        7
    ],
    "specific_actions": [
        null,
        11,
        25,
        25,
        null,
        11,
        11,
        null,
        11,
        11,
        25
    ],
    "rewards": [
        0,
        0,
        -0.017879948914431676,
        -0.02490660024906599,
        -0.01593137254901955,
        0.4583002382843526,
        0.29726944873776384,
        -0.01484583174724008,
        0.2175565443084908,
        0.1751633986928105,
        0.13774787535410749
    ],
    "states": [
        0.0,
        0.0008669267446900737,
        0.0008514261387824606,
        0.0008302200083022001,
        0.0008169934640522876,
        0.0011914217633042098,
        0.0015455950540958269,
        0.0015226494099733537,
        0.0018539117538005192,
        0.002178649237472767,
        0.002478753541076487
    ],
    "selections": [
        null,
        null,
        "_entity_novelty:Instance-attribute",
        "_trust:Source",
        "_trust:Source",
        "_subject_gaps:Instance-attribute-character",
        "_complement_gaps:Instance-attribute-character",
        "_entity_novelty:Instance-attribute",
        "_subject_gaps:Instance-ability-character",
        "_entity_novelty:Instance-attribute",
        "_complement_gaps:Instance-attribute-character"
    ]
}