{
    "actions": [
        null,
        7,
        2,
        7,
        4,
        5,
        3,
        4,
        7,
        2,
        7
    ],
    "rewards": [
        0,
        0,
        0.02277904328018243,
        0.020044543429843964,
        0.01965065502183405,
        0.04925053533190571,
        0.0469387755102042,
        0.04483430799220267,
        0.050373134328358216,
        0.015985790408525657,
        0.01573426573426584
    ],
    "states": [
        7.0588235294117645,
        8.607843137254902,
        8.803921568627452,
        8.980392156862745,
        9.156862745098039,
        9.607843137254902,
        10.058823529411764,
        10.509803921568627,
        11.03921568627451,
        11.215686274509803,
        11.392156862745098
    ],
    "selections": [
        null,
        null,
        "_trust:Source",
        "_statement_novelty:Actor-Source",
        "_trust:Source",
        "_subject_gaps:Instance-attribute-character",
        "_complement_gaps:Instance-attribute-character",
        "_entity_novelty:Instance-attribute",
        "_subject_gaps:Instance-attribute-character",
        "_trust:Source",
        "_statement_novelty:Actor-Source"
    ]
}