{
    "abstract_actions": [
        null,
        5,
        3,
        3,
        3,
        5,
        5,
        2,
        4,
        7,
        4
    ],
    "specific_actions": [
        null,
        11,
        11,
        null,
        11,
        11,
        11,
        25,
        null,
        25,
        null
    ],
    "rewards": [
        0,
        0,
        -0.04018678793601638,
        -0.030658252884827042,
        -0.025059279355789554,
        -0.029024724747803154,
        -0.03299838528049426,
        -0.014476817810260112,
        -0.028233854195155672,
        -0.025769199590730985,
        -0.01629374647185633
    ],
    "states": [
        0.013134665630958265,
        0.01056689342403628,
        0.01014224391886205,
        0.009831300439977977,
        0.009584935135821872,
        0.009306735031779095,
        0.008999627803496975,
        0.008869341831425598,
        0.008618926127350133,
        0.008396823299716681,
        0.008260007589702122
    ],
    "selections": [
        null,
        null,
        "_complement_gaps:Instance-attribute-character",
        "_entity_novelty:Instance-attribute",
        "_entity_novelty:Instance-character",
        "_entity_novelty:Instance-attribute",
        "_complement_gaps:Instance-attribute-character",
        "_complement_gaps:Instance-attribute-character",
        "_statement_novelty:Actor-Source",
        "_subject_gaps:Instance-activity-character",
        "_trust:Source"
    ]
}