{
    "actions": [
        null,
        7,
        4,
        7,
        7,
        2,
        4,
        3,
        5,
        4,
        4
    ],
    "rewards": [
        0,
        0,
        -0.017941050832977368,
        0.4600831600831601,
        -0.015957446808510745,
        -0.015706806282722585,
        -0.015463917525773252,
        0.2973251028806585,
        -0.014823261117445807,
        0.21760459089226214,
        0.17222423146473775
    ],
    "states": [
        0.0,
        0.0008699434536755111,
        0.0008543357539513029,
        0.0012474012474012475,
        0.0012274959083469722,
        0.0012082158679017317,
        0.0011895321173671688,
        0.0015432098765432098,
        0.0015203344735841885,
        0.0018511662347278786,
        0.00216998191681736
    ],
    "selections": [
        null,
        null,
        "_trust:Source",
        "_subject_gaps:Instance-attribute-character",
        "_trust:Source",
        "_trust:Source",
        "_statement_novelty:Actor-Source",
        "_subject_gaps:Instance-attribute-character",
        "_entity_novelty:Instance-attribute",
        "_complement_gaps:Instance-attribute-character",
        "_subject_gaps:Instance-attribute-character"
    ]
}