{
    "abstract_actions": [
        null,
        3,
        7,
        4,
        2,
        7,
        2,
        2,
        2,
        4,
        5
    ],
    "specific_actions": [
        null,
        null,
        25,
        null,
        25,
        25,
        25,
        25,
        25,
        null,
        11
    ],
    "rewards": [
        0,
        0,
        -0.008259950109299141,
        -0.010148205823940715,
        -0.009084502569996267,
        -0.00900348184824773,
        -0.008923877210413322,
        -0.00572144832995769,
        -0.005698022743844011,
        -0.005674543448072944,
        -0.019977979236339705
    ],
    "states": [
        0.008716871638601902,
        0.008336036509658728,
        0.00826718126397965,
        0.008183284206928959,
        0.008108943140520103,
        0.008035934418145957,
        0.007964222726127488,
        0.007918655837311675,
        0.00787353515625,
        0.00782885643891593,
        0.007672451707534983
    ],
    "selections": [
        null,
        null,
        "_entity_novelty:Instance-character",
        "_trust:Source",
        "_subject_gaps:Instance-attribute-character",
        "_statement_novelty:Actor-Source",
        "_trust:Source",
        "_statement_novelty:Actor-Source",
        "_statement_novelty:Actor-Source",
        "_statement_novelty:Actor-Source",
        "_subject_gaps:Instance-character-gender"
    ]
}