{
    "abstract_actions": [
        null,
        4,
        4,
        4,
        4,
        5,
        4,
        4,
        2,
        4,
        4
    ],
    "specific_actions": [
        null,
        null,
        null,
        null,
        null,
        11,
        null,
        null,
        25,
        null,
        null
    ],
    "rewards": [
        0,
        0,
        0.023541813070976803,
        0.02197047717130096,
        0.021498152502519297,
        0.012824728707661937,
        0.022727272727272707,
        0.022222222222222143,
        0.012111801242236098,
        0.015342129487572853,
        0.01934119069205198
    ],
    "states": [
        2772.0,
        2846.0,
        2913.0,
        2977.0,
        3041.0,
        3080.0,
        3150.0,
        3220.0,
        3259.0,
        3309.0,
        3373.0
    ],
    "selections": [
        null,
        null,
        "_subject_gaps:Instance-character-physical-appearance",
        "_subject_gaps:Instance-character-object",
        "_subject_gaps:Instance-character-object",
        "_subject_gaps:Instance-character-object",
        "_complement_gaps:Instance-attribute-character",
        "_subject_gaps:Instance-character-object",
        "_subject_gaps:Instance-attribute-character",
        "_statement_novelty:Actor-Source",
        "_subject_gaps:Instance-attribute-character"
    ]
}