{
    "abstract_actions": [
        null,
        7,
        7,
        7,
        7,
        7,
        5,
        3,
        7,
        7,
        2
    ],
    "specific_actions": [
        null,
        25,
        25,
        25,
        25,
        25,
        11,
        11,
        25,
        25,
        25
    ],
    "rewards": [
        0,
        0,
        0.026315789473684292,
        0.012263099219620877,
        0.012114537444933848,
        0.01196953210010876,
        0.011827956989247213,
        0.04463336875664181,
        0.011190233977619535,
        0.02213279678068414,
        0.010826771653543288
    ],
    "states": [
        16.215686274509803,
        17.137254901960784,
        17.58823529411765,
        17.80392156862745,
        18.019607843137255,
        18.235294117647058,
        18.45098039215686,
        19.274509803921568,
        19.49019607843137,
        19.92156862745098,
        20.137254901960784
    ],
    "selections": [
        null,
        null,
        "_trust:Source",
        "_trust:Source",
        "_trust:Source",
        "_trust:Source",
        "_trust:Source",
        "_complement_gaps:Instance-attribute-character",
        "_entity_novelty:Instance-attribute",
        "_trust:Source",
        "_trust:Source"
    ]
}