{
    "abstract_actions": [
        null,
        4,
        5,
        4,
        3,
        3,
        2,
        5,
        4,
        3,
        2
    ],
    "specific_actions": [
        null,
        null,
        11,
        null,
        11,
        null,
        25,
        11,
        null,
        11,
        25
    ],
    "rewards": [
        0,
        0,
        0.029042045947117456,
        0.02948609941027791,
        0.02864157119476274,
        0.02505966587112174,
        0.015133876600698537,
        0.022935779816513735,
        0.023542600896860888,
        0.025556772544724327,
        0.013883944464222253
    ],
    "states": [
        2096.0,
        2307.0,
        2374.0,
        2444.0,
        2514.0,
        2577.0,
        2616.0,
        2676.0,
        2739.0,
        2809.0,
        2848.0
    ],
    "selections": [
        null,
        null,
        "_subject_gaps:Instance-ability-character",
        "_complement_gaps:Instance-attribute-character",
        "_subject_gaps:Instance-attribute-character",
        "_entity_novelty:Instance-attribute",
        "_entity_novelty:Instance-character",
        "_statement_novelty:Actor-Source",
        "_complement_gaps:Instance-attribute-character",
        "_subject_gaps:Instance-ability-character",
        "_entity_novelty:Instance-attribute"
    ]
}