{
    "abstract_actions": [
        null,
        4,
        4,
        7,
        4,
        7,
        4,
        4,
        7,
        7,
        7
    ],
    "specific_actions": [
        null,
        null,
        null,
        25,
        null,
        25,
        null,
        null,
        25,
        25,
        25
    ],
    "rewards": [
        0,
        0,
        -0.03576878128939076,
        -0.03029826969647753,
        -0.03131536396855206,
        -0.033902353670949625,
        -0.017918230425294723,
        -0.02710511321642939,
        -0.014215216190177626,
        -0.016893516403362896,
        -0.00998548176981151
    ],
    "states": [
        0.013134665630958265,
        0.01056689342403628,
        0.010188928524243626,
        0.00988022161989796,
        0.009570818883780897,
        0.009246345597062354,
        0.009080667446062281,
        0.008834534926856019,
        0.008708950102931086,
        0.00856182531151115,
        0.008476331360946745
    ],
    "selections": [
        null,
        null,
        "_subject_gaps:Instance-character-designation",
        "_subject_gaps:Instance-character-designation",
        "_trust:Source",
        "_subject_gaps:Instance-attribute-character",
        "_trust:Source",
        "_subject_gaps:Instance-character-designation",
        "_subject_gaps:Instance-character-designation",
        "_trust:Source",
        "_trust:Source"
    ]
}