{
    "abstract_actions": [
        null,
        5,
        7,
        2,
        5,
        3,
        7,
        7,
        7,
        2,
        2
    ],
    "specific_actions": [
        null,
        11,
        25,
        25,
        11,
        null,
        25,
        25,
        25,
        25,
        25
    ],
    "rewards": [
        0,
        0,
        0.013437849944008873,
        0.026519337016574385,
        0.011840688912809538,
        0.04468085106382991,
        0.03665987780040747,
        0.0216110019646365,
        0.010576923076923261,
        0.010466222645099776,
        0.010357815442561202
    ],
    "states": [
        16.313725490196077,
        17.50980392156863,
        17.745098039215687,
        18.215686274509803,
        18.431372549019606,
        19.254901960784313,
        19.96078431372549,
        20.392156862745097,
        20.607843137254903,
        20.823529411764707,
        21.03921568627451
    ],
    "selections": [
        null,
        null,
        "_complement_gaps:Instance-attribute-character",
        "_trust:Source",
        "_statement_novelty:Actor-Source",
        "_complement_gaps:Instance-attribute-character",
        "_entity_novelty:Instance-character",
        "_trust:Source",
        "_trust:Source",
        "_trust:Source",
        "_statement_novelty:Actor-Source"
    ]
}