{
    "abstract_actions": [
        null,
        5,
        5,
        5,
        5,
        5,
        3,
        5,
        7,
        2,
        2
    ],
    "specific_actions": [
        null,
        11,
        11,
        11,
        11,
        11,
        null,
        11,
        25,
        25,
        25
    ],
    "rewards": [
        0,
        0,
        0.0057949892707740425,
        0.005187216312365406,
        0.0021268242820282612,
        0.0048617561743264925,
        0.005217010758703289,
        0.0044121800639262965,
        0.004230153817060378,
        0.00307158400211871,
        0.0025361727496073794
    ],
    "states": [
        2.4966618400970533,
        2.520777078802563,
        2.535384954928237,
        2.5485365451245667,
        2.553956834532374,
        2.566373549941625,
        2.579762348362522,
        2.591144724365635,
        2.602105665111966,
        2.610098251244746,
        2.616717911303351
    ],
    "selections": [
        null,
        null,
        "_complement_gaps:Instance-attribute-character",
        "_complement_gaps:Instance-attribute-character",
        "_complement_gaps:Instance-attribute-character",
        "_complement_gaps:Instance-attribute-character",
        "_complement_gaps:Instance-attribute-character",
        "_entity_novelty:Instance-character",
        "_complement_gaps:Instance-attribute-character",
        "_trust:Source",
        "_statement_novelty:Actor-Source"
    ]
}