{
    "actions": [
        null,
        5,
        7,
        4,
        4,
        7,
        4,
        2,
        4,
        4,
        7
    ],
    "rewards": [
        0,
        0,
        -0.001296552537864204,
        0.002761286221584447,
        -0.0004807966146558318,
        0.0006191890713933557,
        0.002599275661733458,
        0.0025528349995485033,
        0.0025076365327498795,
        0.00044185269864094323,
        -0.0006076620467413418
    ],
    "states": [
        12.307426597582038,
        12.247906197654942,
        12.232026143790849,
        12.26580226904376,
        12.259904912836767,
        12.267496111975117,
        12.299382716049383,
        12.330781010719756,
        12.361702127659575,
        12.367164179104478,
        12.359649122807017
    ],
    "selections": [
        null,
        null,
        "_complement_gaps:Instance-attribute-character",
        "_trust:Source",
        "_subject_gaps:Instance-attribute-character",
        "_subject_gaps:Instance-attribute-character",
        "_trust:Source",
        "_subject_gaps:Instance-attribute-character",
        "_statement_novelty:Actor-Source",
        "_subject_gaps:Instance-attribute-character",
        "_subject_gaps:Instance-attribute-character"
    ]
}