{
    "abstract_actions": [
        null,
        7,
        5,
        7,
        2,
        4,
        3,
        4,
        4,
        2,
        4
    ],
    "specific_actions": [
        null,
        25,
        11,
        25,
        25,
        null,
        11,
        null,
        null,
        25,
        null
    ],
    "rewards": [
        0,
        0,
        0.0015740896857869835,
        -0.00021759556896294718,
        0.0022826366958295097,
        0.0021551524042078274,
        -0.0002939955339610334,
        0.003778992940612458,
        0.0037009563249796873,
        0.001941403029006361,
        0.0019171513816922392
    ],
    "states": [
        10.838206627680313,
        10.757973733583489,
        10.77490774907749,
        10.772563176895307,
        10.797153024911031,
        10.820422535211268,
        10.817241379310344,
        10.858119658119659,
        10.898305084745763,
        10.919463087248323,
        10.940397350993377
    ],
    "selections": [
        null,
        null,
        "_trust:Source",
        "_complement_gaps:Instance-attribute-character",
        "_trust:Source",
        "_statement_novelty:Actor-Source",
        "_subject_gaps:Instance-character-physical-appearance",
        "_entity_novelty:Instance-attribute",
        "_subject_gaps:Instance-attribute-character",
        "_subject_gaps:Instance-attribute-character",
        "_statement_novelty:Actor-Source"
    ]
}