{
    "abstract_actions": [
        null,
        4,
        3,
        7,
        4,
        7,
        7,
        5,
        3,
        4,
        7
    ],
    "specific_actions": [
        null,
        null,
        11,
        25,
        null,
        25,
        25,
        11,
        null,
        null,
        25
    ],
    "rewards": [
        0,
        0,
        -0.0007591000931107539,
        -0.00029681227052802406,
        0.0023683208627185426,
        -1.4920068397650255e-05,
        0.0022539664708316476,
        0.002105595276553407,
        -0.001501707014728737,
        -6.714902046367488e-05,
        -6.467782359120822e-05
    ],
    "states": [
        10.721495327102804,
        10.660649819494585,
        10.652557319223986,
        10.649395509499136,
        10.674616695059624,
        10.674457429048415,
        10.69851729818781,
        10.721044045676999,
        10.70494417862839,
        10.704225352112676,
        10.703533026113671
    ],
    "selections": [
        null,
        null,
        "_subject_gaps:Instance-attribute-character",
        "_entity_novelty:Instance-attribute",
        "_trust:Source",
        "_subject_gaps:Instance-character-designation",
        "_trust:Source",
        "_trust:Source",
        "_complement_gaps:Instance-attribute-character",
        "_entity_novelty:Instance-character",
        "_subject_gaps:Instance-ancestry-character"
    ]
}