{
    "actions": [
        null,
        4,
        3,
        5,
        5,
        4,
        3,
        6,
        6,
        2,
        6
    ],
    "rewards": [
        0,
        0,
        0.0546697038724373,
        0.049676025917926525,
        0.0473251028806585,
        0.05304518664047153,
        0.050373134328358216,
        0.04085257548845478,
        0.022184300341296925,
        0.015025041736227207,
        0.014802631578947345
    ],
    "states": [
        7.0588235294117645,
        8.607843137254902,
        9.07843137254902,
        9.529411764705882,
        9.980392156862745,
        10.509803921568627,
        11.03921568627451,
        11.490196078431373,
        11.745098039215685,
        11.92156862745098,
        12.098039215686274
    ],
    "selections": [
        null,
        null,
        "_subject_gaps:Instance-attribute-character",
        "_entity_novelty:Instance-attribute",
        "_complement_gaps:Instance-attribute-character",
        "_complement_gaps:Instance-attribute-character",
        "_subject_gaps:Instance-attribute-character",
        "_entity_novelty:Instance-attribute",
        "_overlaps:character",
        "_overlaps:character",
        "_statement_novelty:Actor-Source"
    ]
}