{
    "actions": [
        null,
        4,
        3,
        7,
        4,
        7,
        7,
        7,
        5,
        3,
        5
    ],
    "rewards": [
        0,
        0,
        0.45752324598478444,
        0.2982167352537721,
        -0.015795868772782384,
        0.21841689696012634,
        -0.015163297045100999,
        -0.014936805821524346,
        -0.014716981132075535,
        0.1691176470588236,
        0.13984674329501923
    ],
    "states": [
        0.0,
        0.0008699434536755111,
        0.001267962806424345,
        0.0016460905349794238,
        0.0016200891049007696,
        0.0019739439399921043,
        0.0019440124416796269,
        0.0019149751053236309,
        0.0018867924528301887,
        0.0022058823529411764,
        0.002514367816091954
    ],
    "selections": [
        null,
        null,
        "_subject_gaps:Instance-attribute-character",
        "_entity_novelty:Instance-attribute",
        "_trust:Source",
        "_subject_gaps:Instance-attribute-character",
        "_trust:Source",
        "_trust:Source",
        "_trust:Source",
        "_complement_gaps:Instance-attribute-character",
        "_entity_novelty:Instance-character"
    ]
}