{
    "abstract_actions": [
        null,
        7,
        6,
        5,
        4,
        7,
        4,
        3,
        5,
        3,
        6
    ],
    "specific_actions": [
        null,
        25,
        null,
        11,
        null,
        25,
        null,
        null,
        11,
        11,
        null
    ],
    "rewards": [
        0,
        0,
        0.003578309923882639,
        0.00344172268968701,
        0.004963748353816078,
        0.004738006506339598,
        0.003413267673893605,
        0.004398475125565904,
        0.004209484613602488,
        0.004036440058631907,
        0.0034083166554375044
    ],
    "states": [
        2.504260546813738,
        2.5276189147719346,
        2.5366635186184565,
        2.545394011006587,
        2.5580287063385345,
        2.57014866299257,
        2.5789212683410634,
        2.5902645893906544,
        2.601168268324854,
        2.6116677281223626,
        2.6205691187385907
    ],
    "selections": [
        null,
        null,
        "_trust:Source",
        "_overlaps:character",
        "_complement_gaps:Instance-attribute-character",
        "_subject_gaps:Instance-attribute-character",
        "_trust:Source",
        "_subject_gaps:Instance-character-designation",
        "_entity_novelty:Instance-character",
        "_complement_gaps:Instance-attribute-character",
        "_entity_novelty:Instance-attribute"
    ]
}