{
    "abstract_actions": [
        null,
        4,
        4,
        4,
        5,
        4,
        7,
        4,
        4,
        5,
        4
    ],
    "specific_actions": [
        null,
        null,
        null,
        null,
        11,
        null,
        25,
        null,
        null,
        11,
        null
    ],
    "rewards": [
        0,
        0,
        0.04230118443316422,
        0.01461038961038974,
        0.014399999999999968,
        0.0362776025236593,
        0.013698630136986356,
        0.021021021021021102,
        0.013235294117647012,
        0.013062409288824295,
        0.034383954154727725
    ],
    "states": [
        10.941176470588236,
        11.588235294117647,
        12.07843137254902,
        12.254901960784315,
        12.431372549019608,
        12.882352941176471,
        13.058823529411764,
        13.333333333333334,
        13.509803921568627,
        13.686274509803921,
        14.156862745098039
    ],
    "selections": [
        null,
        null,
        "_subject_gaps:Instance-ancestry-character",
        "_subject_gaps:Instance-attribute-character",
        "_subject_gaps:Instance-ancestry-character",
        "_complement_gaps:Instance-attribute-character",
        "_subject_gaps:Instance-ancestry-character",
        "_trust:Source",
        "_subject_gaps:Instance-ancestry-character",
        "_subject_gaps:Instance-ancestry-character",
        "_complement_gaps:Instance-attribute-character"
    ]
}