{
    "abstract_actions": [
        null,
        5,
        7,
        4,
        4,
        4,
        7,
        4,
        7,
        5,
        4
    ],
    "specific_actions": [
        null,
        11,
        25,
        null,
        null,
        null,
        25,
        null,
        25,
        11,
        null
    ],
    "rewards": [
        0,
        0,
        0.4539915966386556,
        -0.024590163934426257,
        0.29925452609158665,
        -0.015336217066456936,
        -0.01510457010069699,
        -0.014879816863792472,
        -0.014661654135338376,
        -0.0184501845018451,
        0.2185251798561152
    ],
    "states": [
        0.0,
        0.0008669267446900737,
        0.0012605042016806723,
        0.0012295081967213116,
        0.001597444089456869,
        0.0015729453401494297,
        0.001549186676994578,
        0.0015261350629530714,
        0.0015037593984962407,
        0.0014760147601476014,
        0.0017985611510791368
    ],
    "selections": [
        null,
        null,
        "_complement_gaps:Instance-attribute-character",
        "_trust:Source",
        "_subject_gaps:Instance-character-object",
        "_subject_gaps:Instance-character-designation",
        "_subject_gaps:Instance-character-designation",
        "_trust:Source",
        "_subject_gaps:Instance-attribute-character",
        "_trust:Source",
        "_complement_gaps:Instance-attribute-character"
    ]
}