{
    "abstract_actions": [
        null,
        7,
        2,
        4,
        4,
        4,
        4,
        7,
        4,
        4,
        4
    ],
    "specific_actions": [
        null,
        25,
        25,
        null,
        null,
        null,
        null,
        25,
        null,
        null,
        null
    ],
    "rewards": [
        0,
        0,
        0.010580382047204795,
        0.006737703466092926,
        0.009395511995031525,
        0.009146268331735152,
        0.008595167164372253,
        0.008092695535634187,
        0.006824618241640712,
        0.0072643026078111905,
        0.007603931883628734
    ],
    "states": [
        2.261951971799956,
        2.3403682236617795,
        2.3651302135992593,
        2.3810657596371883,
        2.4034370915428185,
        2.4254195721005143,
        2.4462664587664587,
        2.4660633484162897,
        2.482893289328933,
        2.5009297775255224,
        2.5199466771995653
    ],
    "selections": [
        null,
        null,
        "_trust:Source",
        "_statement_novelty:Actor-Source",
        "_subject_gaps:Instance-attribute-character",
        "_subject_gaps:Instance-attribute-character",
        "_subject_gaps:Instance-attribute-character",
        "_subject_gaps:Instance-attribute-character",
        "_trust:Source",
        "_subject_gaps:Instance-attribute-character",
        "_subject_gaps:Instance-attribute-character"
    ]
}