{
    "abstract_actions": [
        null,
        4,
        4,
        4,
        3,
        7,
        7,
        7,
        4,
        4,
        4
    ],
    "specific_actions": [
        null,
        null,
        null,
        null,
        11,
        25,
        25,
        25,
        null,
        null,
        null
    ],
    "rewards": [
        0,
        0,
        0.001937663763164732,
        0.005198050084288086,
        0.0049717590710876,
        0.002994114938739134,
        0.003481190874838669,
        0.002851542858629985,
        0.0019031359648149504,
        0.002748225418888195,
        0.004751878211666893
    ],
    "states": [
        2.475869353266168,
        2.5007936208004233,
        2.505639317978602,
        2.518663756646616,
        2.5311859460257438,
        2.538764607679466,
        2.547602531865083,
        2.5548671296714507,
        2.559729389191252,
        2.5667641025641026,
        2.578961052977566
    ],
    "selections": [
        null,
        null,
        "_subject_gaps:Instance-attribute-character",
        "_subject_gaps:Instance-ancestry-character",
        "_subject_gaps:Instance-character-product",
        "_entity_novelty:Instance-attribute",
        "_trust:Source",
        "_trust:Source",
        "_trust:Source",
        "_subject_gaps:Instance-character-product",
        "_subject_gaps:Instance-character-product"
    ]
}