{
    "abstract_actions": [
        null,
        4,
        4,
        5,
        7,
        4,
        7,
        7,
        4,
        4,
        4
    ],
    "specific_actions": [
        null,
        null,
        null,
        11,
        25,
        null,
        25,
        25,
        null,
        null,
        null
    ],
    "rewards": [
        0,
        0,
        0.06621004566210043,
        0.05995717344753748,
        0.048484848484848575,
        0.034682080924855585,
        0.05214152700186214,
        0.024778761061946986,
        0.015544041450777035,
        0.04081632653061229,
        0.014705882352941124
    ],
    "states": [
        7.0588235294117645,
        8.588235294117647,
        9.156862745098039,
        9.705882352941176,
        10.176470588235293,
        10.529411764705882,
        11.07843137254902,
        11.352941176470589,
        11.529411764705882,
        12.0,
        12.176470588235293
    ],
    "selections": [
        null,
        null,
        "_subject_gaps:Instance-ancestry-character",
        "_subject_gaps:Instance-ancestry-character",
        "_complement_gaps:Instance-attribute-character",
        "_trust:Source",
        "_subject_gaps:Instance-attribute-character",
        "_trust:Source",
        "_trust:Source",
        "_subject_gaps:Instance-ancestry-character",
        "_subject_gaps:Instance-ancestry-character"
    ]
}