{
    "actions": [
        null,
        5,
        7,
        5,
        7,
        5,
        5,
        5,
        4,
        3,
        4
    ],
    "rewards": [
        0,
        0,
        -0.0035810686004039693,
        0.002706120960758396,
        -0.004594952871235569,
        0.0026134103054178404,
        -0.00434027777777779,
        -0.004095004095004073,
        0.0025100175588672613,
        -0.0021790748266758975,
        0.002413764303015098
    ],
    "states": [
        11.675070028011204,
        10.869976359338061,
        10.831050228310502,
        10.86036036036036,
        10.81045751633987,
        10.838709677419354,
        10.791666666666666,
        10.747474747474747,
        10.774451097804391,
        10.750972762645915,
        10.776923076923078
    ],
    "selections": [
        null,
        null,
        "_complement_gaps:Instance-attribute-character",
        "_trust:Source",
        "_complement_gaps:Instance-attribute-character",
        "_trust:Source",
        "_complement_gaps:Instance-attribute-character",
        "_complement_gaps:Instance-attribute-character",
        "_complement_gaps:Instance-attribute-character",
        "_subject_gaps:Instance-attribute-character",
        "_entity_novelty:Instance-attribute"
    ]
}