{
    "abstract_actions": [
        null,
        3,
        4,
        3,
        2,
        7,
        2,
        7,
        4,
        3,
        7
    ],
    "specific_actions": [
        null,
        11,
        null,
        11,
        25,
        25,
        25,
        25,
        null,
        11,
        25
    ],
    "rewards": [
        0,
        0,
        -0.011644029105044584,
        -0.020194285778800336,
        -0.009011829812238803,
        -0.011492794737230416,
        -0.008840076826194143,
        -0.008766354559191614,
        -0.005375577403080922,
        -0.018980946733854864,
        -0.008493965741341647
    ],
    "states": [
        0.008287646849412602,
        0.007981911662848314,
        0.007888970051132213,
        0.0077296579354192525,
        0.007659999573598433,
        0.007571964770811794,
        0.0075050280205125825,
        0.007439236283908101,
        0.007399246093444145,
        0.007258801397473797,
        0.007197145387080452
    ],
    "selections": [
        null,
        null,
        "_entity_novelty:Instance-attribute",
        "_subject_gaps:Instance-attribute-character",
        "_entity_novelty:Instance-attribute",
        "_statement_novelty:Actor-Source",
        "_trust:Source",
        "_statement_novelty:Actor-Source",
        "_trust:Source",
        "_subject_gaps:Instance-activity-character",
        "_entity_novelty:Instance-attribute"
    ]
}