{
    "abstract_actions": [
        null,
        3,
        4,
        3,
        5,
        5,
        3,
        4,
        4,
        5,
        3
    ],
    "specific_actions": [
        null,
        null,
        null,
        11,
        11,
        11,
        null,
        null,
        null,
        11,
        11
    ],
    "rewards": [
        0,
        0,
        0.33333333333333326,
        0.125,
        0.0,
        0.0,
        0.06666666666666665,
        0.04166666666666674,
        0.0,
        0.0,
        0.02857142857142847
    ],
    "states": [
        0.0,
        0.5,
        0.6666666666666666,
        0.75,
        0.75,
        0.75,
        0.8,
        0.8333333333333334,
        0.8333333333333334,
        0.8333333333333334,
        0.8571428571428571
    ],
    "selections": [
        null,
        null,
        "_entity_novelty:Instance-character",
        "_subject_gaps:Instance-attribute-character",
        "_entity_novelty:Instance-attribute",
        "_complement_gaps:Instance-attribute-character",
        "_complement_gaps:Instance-attribute-character",
        "_entity_novelty:Instance-character",
        "_subject_gaps:Instance-attribute-character",
        "_subject_gaps:Instance-ancestry-character",
        "_complement_gaps:Instance-attribute-character"
    ]
}