{
    "abstract_actions": [
        null,
        3,
        5,
        4,
        3,
        2,
        2,
        2,
        4,
        6,
        5
    ],
    "specific_actions": [
        null,
        11,
        11,
        null,
        11,
        25,
        25,
        25,
        null,
        null,
        11
    ],
    "rewards": [
        0,
        0,
        -0.014136654325143105,
        0.08768076148636283,
        0.07728299451435938,
        -0.0124282982791587,
        -0.015683814303638632,
        -0.012085528354508823,
        -0.011941212492345366,
        0.07219653653598868,
        -0.013653903235381404
    ],
    "states": [
        0.0028149190710767065,
        0.0030727210652099694,
        0.0030292830696735107,
        0.0032948929159802307,
        0.0035495321071313327,
        0.003505417463352454,
        0.003450439146800502,
        0.003408738766656337,
        0.0033680342927127987,
        0.0036111947035811012,
        0.003561887800534283
    ],
    "selections": [
        null,
        null,
        "_entity_novelty:Instance-attribute",
        "_complement_gaps:Instance-attribute-character",
        "_subject_gaps:Instance-attribute-character",
        "_entity_novelty:Instance-attribute",
        "_statement_novelty:Actor-Source",
        "_statement_novelty:Actor-Source",
        "_statement_novelty:Actor-Source",
        "_subject_gaps:Instance-attribute-character",
        "_overlaps:character"
    ]
}