{
    "abstract_actions": [
        null,
        3,
        7,
        6,
        5,
        5,
        7,
        2,
        7,
        5,
        3
    ],
    "specific_actions": [
        null,
        null,
        25,
        11,
        11,
        11,
        25,
        25,
        25,
        11,
        null
    ],
    "rewards": [
        0,
        0,
        0.057077625570776336,
        0.0388768898488121,
        0.03950103950103956,
        0.05600000000000005,
        0.05303030303030298,
        0.025179856115107757,
        0.015789473684210575,
        0.015544041450777035,
        0.03911564625850339
    ],
    "states": [
        7.0588235294117645,
        8.588235294117647,
        9.07843137254902,
        9.431372549019608,
        9.803921568627452,
        10.352941176470589,
        10.901960784313726,
        11.176470588235293,
        11.352941176470589,
        11.529411764705882,
        11.980392156862745
    ],
    "selections": [
        null,
        null,
        "_entity_novelty:Instance-character",
        "_trust:Source",
        "_overlaps:attribute-physical-appearance",
        "_complement_gaps:Instance-attribute-character-physical-appearance",
        "_complement_gaps:Instance-attribute-character",
        "_trust:Source",
        "_statement_novelty:Actor-Source",
        "_trust:Source",
        "_complement_gaps:Instance-attribute-character"
    ]
}