{
    "abstract_actions": [
        null,
        4,
        4,
        4,
        7,
        5,
        5,
        4,
        5,
        7,
        6
    ],
    "specific_actions": [
        null,
        null,
        null,
        null,
        25,
        11,
        11,
        null,
        11,
        25,
        11
    ],
    "rewards": [
        0,
        0,
        0.014580801944106936,
        0.013173652694610904,
        0.013002364066193817,
        0.025670945157526104,
        0.012514220705347023,
        0.04719101123595504,
        0.04506437768240357,
        0.03696098562628336,
        0.0217821782178218
    ],
    "states": [
        15.215686274509803,
        16.137254901960784,
        16.372549019607842,
        16.58823529411765,
        16.80392156862745,
        17.235294117647058,
        17.45098039215686,
        18.274509803921568,
        19.098039215686274,
        19.80392156862745,
        20.235294117647058
    ],
    "selections": [
        null,
        null,
        "_subject_gaps:Instance-ancestry-character",
        "_subject_gaps:Instance-ancestry-character",
        "_subject_gaps:Instance-ancestry-character",
        "_trust:Source",
        "_complement_gaps:Instance-attribute-character",
        "_complement_gaps:Instance-attribute-character",
        "_subject_gaps:Instance-ancestry-character",
        "_complement_gaps:Instance-attribute-character",
        "_trust:Source"
    ]
}