{
    "actions": [
        null,
        6,
        4,
        6,
        3,
        4,
        7,
        5,
        5,
        5,
        5
    ],
    "rewards": [
        0,
        0,
        0.0,
        0.012500000000000178,
        0.0,
        0.010101010101009944,
        0.008333333333333304,
        0.0,
        0.006993006993007089,
        0.005952380952380931,
        0.00512820512820511
    ],
    "states": [
        0.875,
        0.8888888888888888,
        0.8888888888888888,
        0.9,
        0.9,
        0.9090909090909091,
        0.9166666666666666,
        0.9166666666666666,
        0.9230769230769231,
        0.9285714285714286,
        0.9333333333333333
    ],
    "selections": [
        null,
        null,
        "_overlaps:attribute",
        "_subject_gaps:Instance-attribute-character",
        "_overlaps:character",
        "_entity_novelty:Instance-character",
        "_subject_gaps:Instance-attribute-character",
        "_trust:Source",
        "_complement_gaps:Instance-attribute-character",
        "_complement_gaps:Instance-attribute-character",
        "_complement_gaps:Instance-attribute-character"
    ]
}