{
    "abstract_actions": [
        null,
        7,
        5,
        4,
        5,
        6,
        5,
        4,
        5,
        5,
        4
    ],
    "specific_actions": [
        null,
        25,
        11,
        null,
        11,
        null,
        11,
        null,
        11,
        11,
        null
    ],
    "rewards": [
        0,
        0,
        -0.01783911141029948,
        0.08553472907303883,
        0.07524911603985851,
        -0.012380952380952381,
        -0.017773620205799756,
        0.06760618081948566,
        0.0625810635538262,
        -0.011538461538461497,
        0.05691056910569103
    ],
    "states": [
        0.00282585658777817,
        0.003084304318026045,
        0.0030292830696735107,
        0.003288391976323578,
        0.0035358405657344907,
        0.003492063492063492,
        0.0034299968818210166,
        0.00366188587122368,
        0.0038910505836575876,
        0.0038461538461538464,
        0.0040650406504065045
    ],
    "selections": [
        null,
        null,
        "_trust:Source",
        "_complement_gaps:Instance-attribute-character",
        "_subject_gaps:Instance-attribute-character",
        "_complement_gaps:Instance-attribute-character",
        "_overlaps:character",
        "_complement_gaps:Instance-attribute-character",
        "_subject_gaps:Instance-attribute-character",
        "_complement_gaps:Instance-attribute-character",
        "_complement_gaps:Instance-attribute-character"
    ]
}