{
    "abstract_actions": [
        null,
        5,
        7,
        4,
        7,
        7,
        7,
        7,
        7,
        7,
        7
    ],
    "specific_actions": [
        null,
        11,
        25,
        null,
        25,
        25,
        25,
        25,
        25,
        25,
        25
    ],
    "rewards": [
        0,
        0,
        0.0048341328483807455,
        0.004267148439407231,
        0.005537833285456761,
        0.00394397305409977,
        0.003207044860064512,
        0.0031320501301894677,
        0.0020820519890454303,
        0.0020438600281420527,
        0.0029571492850124503
    ],
    "states": [
        2.4652551759393373,
        2.4934779192204934,
        2.5055317227365093,
        2.5162231985170695,
        2.530157623099456,
        2.5401364965875852,
        2.5482828282828285,
        2.5562641778469115,
        2.5615864527629233,
        2.5668219769223555,
        2.5744124526961656
    ],
    "selections": [
        null,
        null,
        "_complement_gaps:Instance-attribute-character",
        "_trust:Source",
        "_subject_gaps:Instance-ability-character",
        "_trust:Source",
        "_trust:Source",
        "_trust:Source",
        "_trust:Source",
        "_trust:Source",
        "_trust:Source"
    ]
}