{
    "abstract_actions": [
        null,
        7,
        5,
        3,
        3,
        2,
        4,
        3,
        3,
        3,
        6
    ],
    "specific_actions": [
        null,
        25,
        11,
        null,
        11,
        25,
        null,
        11,
        null,
        11,
        null
    ],
    "rewards": [
        0,
        0,
        -0.00583078149251226,
        -0.0034546413502110074,
        -0.0005207404501195168,
        0.0003645905545370809,
        0.00039767973305027127,
        -0.0025406492033537287,
        -0.002782091971098799,
        -0.0022903762761024016,
        -0.0025331949981483026
    ],
    "states": [
        11.742296918767506,
        10.985714285714286,
        10.921658986175116,
        10.883928571428571,
        10.878260869565217,
        10.882226980728051,
        10.88655462184874,
        10.858895705521473,
        10.828685258964143,
        10.803883495145632,
        10.776515151515152
    ],
    "selections": [
        null,
        null,
        "_trust:Source",
        "_complement_gaps:Instance-attribute-character",
        "_entity_novelty:Instance-character",
        "_entity_novelty:Instance-attribute",
        "_statement_novelty:Actor-Source",
        "_subject_gaps:Instance-character-gender",
        "_entity_novelty:Instance-attribute",
        "_entity_novelty:Instance-character",
        "_entity_novelty:Instance-attribute"
    ]
}