{
    "abstract_actions": [
        null,
        3,
        7,
        2,
        7,
        5,
        3,
        7,
        5,
        3,
        3
    ],
    "specific_actions": [
        null,
        11,
        25,
        25,
        25,
        11,
        11,
        25,
        11,
        11,
        null
    ],
    "rewards": [
        0,
        0,
        0.0018854238119689892,
        0.003717177437322139,
        0.002098702085958193,
        0.0020632760261047878,
        0.004687678166196196,
        0.0028321107850119986,
        0.0032942513258145123,
        0.004280275431443714,
        0.004120900273927974
    ],
    "states": [
        2.464589714419066,
        2.4864584362953446,
        2.4911464642386068,
        2.500406497668539,
        2.5056541060009394,
        2.5108239620475623,
        2.522593896713615,
        2.529738162094703,
        2.538071755389147,
        2.5489354015669807,
        2.559439310161523
    ],
    "selections": [
        null,
        null,
        "_entity_novelty:Instance-attribute",
        "_trust:Source",
        "_statement_novelty:Actor-Source",
        "_trust:Source",
        "_complement_gaps:Instance-attribute-character",
        "_entity_novelty:Instance-attribute",
        "_trust:Source",
        "_complement_gaps:Instance-attribute-character",
        "_entity_novelty:Instance-attribute"
    ]
}