{
    "actions": [
        null,
        4,
        3,
        7,
        7,
        4,
        3,
        2,
        4,
        7,
        2
    ],
    "rewards": [
        0,
        0,
        0.02857142857142847,
        0.0,
        0.0,
        0.0,
        0.02083333333333348,
        0.0,
        0.0,
        0.0,
        0.0
    ],
    "states": [
        0.8,
        0.8333333333333334,
        0.8571428571428571,
        0.8571428571428571,
        0.8571428571428571,
        0.8571428571428571,
        0.875,
        0.875,
        0.875,
        0.875,
        0.875
    ],
    "selections": [
        null,
        null,
        "_subject_gaps:Instance-attribute-character",
        "_entity_novelty:Instance-attribute",
        "_trust:Source",
        "_trust:Source",
        "_subject_gaps:Instance-attribute-character",
        "_entity_novelty:Instance-attribute",
        "_statement_novelty:Actor-Source",
        "_subject_gaps:Instance-attribute-character",
        "_trust:Source"
    ]
}