{
    "actions": [
        null,
        3,
        4,
        5,
        5,
        4,
        5,
        5,
        5,
        5,
        6
    ],
    "rewards": [
        0,
        0,
        0.01162483487450472,
        0.019848524418908386,
        0.017413572343149886,
        0.019129121570601537,
        0.010125957026426269,
        0.018581907090464478,
        0.018242918867018787,
        0.017916077322017943,
        0.015748031496062964
    ],
    "states": [
        3684.0,
        3785.0,
        3829.0,
        3905.0,
        3973.0,
        4049.0,
        4090.0,
        4166.0,
        4242.0,
        4318.0,
        4386.0
    ],
    "selections": [
        null,
        null,
        "_entity_novelty:Instance-attribute",
        "_subject_gaps:Instance-attribute-character",
        "_complement_gaps:Instance-attribute-character",
        "_complement_gaps:Instance-attribute-character",
        "_subject_gaps:Instance-attribute-character",
        "_complement_gaps:Instance-attribute-character",
        "_complement_gaps:Instance-attribute-character",
        "_complement_gaps:Instance-attribute-character",
        "_complement_gaps:Instance-attribute-character"
    ]
}