{
    "actions": [
        null,
        7,
        7,
        4,
        4,
        4,
        4,
        7,
        4,
        4,
        7
    ],
    "rewards": [
        0,
        0,
        -0.011680382267056144,
        -0.010766806722689037,
        -0.010652117433099573,
        0.0765064836003051,
        0.0702283498492029,
        0.06317829457364343,
        -0.009936984973339835,
        0.05543577562579949,
        0.05046909308669911
    ],
    "states": [
        0.002728512960436562,
        0.0026860059092130005,
        0.002654632333421821,
        0.0026260504201680674,
        0.002598077422707197,
        0.0027968471904398677,
        0.002993265153404839,
        0.003182374541003672,
        0.003150751333010179,
        0.00332541567695962,
        0.0034932463903120633
    ],
    "selections": [
        null,
        null,
        "_trust:Source",
        "_trust:Source",
        "_subject_gaps:Instance-attribute-character",
        "_subject_gaps:Instance-attribute-character",
        "_subject_gaps:Instance-attribute-character",
        "_subject_gaps:Instance-attribute-character",
        "_trust:Source",
        "_subject_gaps:Instance-attribute-character",
        "_subject_gaps:Instance-attribute-character"
    ]
}