{
    "abstract_actions": [
        null,
        3,
        6,
        7,
        7,
        7,
        2,
        4,
        5,
        3,
        4
    ],
    "specific_actions": [
        null,
        11,
        null,
        25,
        25,
        25,
        25,
        null,
        11,
        null,
        null
    ],
    "rewards": [
        0,
        0,
        0.04189944134078205,
        0.030831099195710365,
        0.013003901170351106,
        0.01283697047496779,
        0.012674271229404344,
        0.01251564455569465,
        0.037082818294190245,
        0.04171632896305133,
        0.034324942791762014
    ],
    "states": [
        13.254901960784315,
        14.03921568627451,
        14.627450980392156,
        15.07843137254902,
        15.27450980392157,
        15.470588235294118,
        15.666666666666666,
        15.862745098039216,
        16.45098039215686,
        17.137254901960784,
        17.725490196078432
    ],
    "selections": [
        null,
        null,
        "_entity_novelty:Instance-attribute",
        "_overlaps:character",
        "_trust:Source",
        "_trust:Source",
        "_trust:Source",
        "_statement_novelty:Actor-Source",
        "_subject_gaps:Instance-attribute-character",
        "_complement_gaps:Instance-attribute-character",
        "_entity_novelty:Instance-character"
    ]
}