{
    "abstract_actions": [
        null,
        3,
        4,
        4,
        3,
        4,
        4,
        4,
        4,
        4,
        4
    ],
    "specific_actions": [
        null,
        11,
        null,
        null,
        11,
        null,
        null,
        null,
        null,
        null,
        null
    ],
    "rewards": [
        0,
        0,
        -0.0008264161491436939,
        -0.003035980959717577,
        -0.0006696618482119332,
        0.0002878657562619402,
        0.0002791555883885355,
        -0.002712818003913875,
        0.00030342160785234995,
        -0.0025477802859293908,
        -0.004158849503862694
    ],
    "states": [
        11.742296918767506,
        10.985714285714286,
        10.976635514018692,
        10.943310657596372,
        10.93598233995585,
        10.939130434782609,
        10.942184154175589,
        10.9125,
        10.915811088295689,
        10.888,
        10.842718446601943
    ],
    "selections": [
        null,
        null,
        "_entity_novelty:Instance-attribute",
        "_subject_gaps:Instance-attribute-character",
        "_subject_gaps:Instance-attribute-character",
        "_entity_novelty:Instance-attribute",
        "_subject_gaps:Instance-activity-character",
        "_subject_gaps:Instance-attribute-character",
        "_subject_gaps:Instance-attribute-character",
        "_subject_gaps:Instance-attribute-character",
        "_subject_gaps:Instance-activity-character"
    ]
}