{
    "actions": [
        null,
        7,
        7,
        5,
        4,
        5,
        4,
        7,
        5,
        5,
        3
    ],
    "rewards": [
        0,
        0,
        0.018268812527185707,
        0.016659547202050318,
        0.02941176470588225,
        0.026122448979591928,
        0.027844073190135266,
        0.024767801857585203,
        0.014728096676737135,
        0.02381838481577958,
        0.025445292620865034
    ],
    "states": [
        2084.0,
        2299.0,
        2341.0,
        2380.0,
        2450.0,
        2514.0,
        2584.0,
        2648.0,
        2687.0,
        2751.0,
        2821.0
    ],
    "selections": [
        null,
        null,
        "_trust:Source",
        "_trust:Source",
        "_complement_gaps:Instance-attribute-character",
        "_subject_gaps:Instance-attribute-character",
        "_complement_gaps:Instance-attribute-character",
        "_subject_gaps:Instance-attribute-character",
        "_trust:Source",
        "_complement_gaps:Instance-attribute-character",
        "_complement_gaps:Instance-attribute-character"
    ]
}