{
    "abstract_actions": [
        null,
        7,
        7,
        5,
        7,
        7,
        2,
        7,
        2,
        7,
        7
    ],
    "specific_actions": [
        null,
        25,
        25,
        11,
        25,
        25,
        25,
        25,
        25,
        25,
        25
    ],
    "rewards": [
        0,
        0,
        -0.016893864712199114,
        -0.00884635806269618,
        -0.020126179800243116,
        -0.009522020573493939,
        -0.00551157879131281,
        -0.00548976206026397,
        -0.005467900890648525,
        -0.00544600665001127,
        -0.00834287318216309
    ],
    "states": [
        0.008431679307100183,
        0.008106341710237814,
        0.0079693942700742,
        0.007898894154818325,
        0.007739919590835362,
        0.007666219917254239,
        0.00762396694214876,
        0.007582113177681045,
        0.007540654934283805,
        0.007499588477366255,
        0.007437020361781176
    ],
    "selections": [
        null,
        null,
        "_trust:Source",
        "_trust:Source",
        "_complement_gaps:Instance-attribute-character",
        "_trust:Source",
        "_trust:Source",
        "_statement_novelty:Actor-Source",
        "_trust:Source",
        "_statement_novelty:Actor-Source",
        "_trust:Source"
    ]
}