{
    "actions": [
        null,
        5,
        6,
        4,
        3,
        4,
        6,
        3,
        4,
        7,
        2
    ],
    "rewards": [
        0,
        0,
        1.0021877704012425,
        1.0028160474256673,
        0.9991375910621498,
        1.0027298949429728,
        0.9991285672559833,
        1.0029795190770403,
        0.9978628945638234,
        1.0025703385789224,
        1.0025297919375202
    ],
    "states": [
        11.241379310344827,
        11.182481751824817,
        11.206946454413893,
        11.238505747126437,
        11.228813559322035,
        11.259467040673211,
        11.249655172413792,
        11.283173734610124,
        11.259060402684563,
        11.288,
        11.316556291390729
    ],
    "selections": [
        null,
        null,
        "_complement_gaps:Instance-attribute-character",
        "_overlaps:attribute",
        "_subject_gaps:Instance-attribute-character",
        "_entity_novelty:Instance-attribute",
        "_subject_gaps:Instance-attribute-character",
        "_overlaps:attribute",
        "_entity_novelty:Instance-attribute",
        "_subject_gaps:Instance-attribute-character",
        "_trust:Source"
    ]
}