{
    "abstract_actions": [
        null,
        4,
        7,
        5,
        5,
        5,
        5,
        5,
        5,
        5,
        5
    ],
    "specific_actions": [
        null,
        null,
        25,
        11,
        11,
        11,
        11,
        11,
        11,
        11,
        11
    ],
    "rewards": [
        0,
        0,
        0.004967249913899741,
        0.0033991602158418566,
        0.004377608104369379,
        0.004707997960084809,
        0.004000033294311978,
        0.003840748800721272,
        0.003690811554028617,
        0.0015362963359752957,
        0.0030808034534466344
    ],
    "states": [
        2.533890417879888,
        2.55507568817345,
        2.567767387665537,
        2.5764956404132255,
        2.587774528609571,
        2.5999577658114243,
        2.6103576834384747,
        2.620383411580595,
        2.6300547529520415,
        2.6340952964324162,
        2.6422104263183726
    ],
    "selections": [
        null,
        null,
        "_subject_gaps:Instance-attribute-character",
        "_trust:Source",
        "_complement_gaps:Instance-attribute-character",
        "_complement_gaps:Instance-attribute-character",
        "_complement_gaps:Instance-attribute-character",
        "_complement_gaps:Instance-attribute-character",
        "_complement_gaps:Instance-attribute-character",
        "_complement_gaps:Instance-attribute-character",
        "_complement_gaps:Instance-attribute-character"
    ]
}