{
    "abstract_actions": [
        null,
        5,
        7,
        5,
        5,
        5,
        7,
        5,
        4,
        5,
        5
    ],
    "specific_actions": [
        null,
        11,
        25,
        11,
        11,
        11,
        25,
        11,
        null,
        11,
        11
    ],
    "rewards": [
        0,
        0,
        -0.0013567689174637243,
        0.002348416403958442,
        -0.0005256220101123033,
        -0.0005032094413781607,
        0.0010340302853257821,
        0.0010142094539802304,
        -0.0005150761777268364,
        0.0005217872475618002,
        0.0005036090288164097
    ],
    "states": [
        12.341379310344827,
        12.280936454849499,
        12.264274061990212,
        12.293075684380032,
        12.286614173228346,
        12.280431432973806,
        12.293129770992367,
        12.305597579425113,
        12.299259259259259,
        12.305676855895197,
        12.311874105865522
    ],
    "selections": [
        null,
        null,
        "_complement_gaps:Instance-attribute-character",
        "_trust:Source",
        "_complement_gaps:Instance-attribute-character",
        "_complement_gaps:Instance-attribute-character",
        "_complement_gaps:Instance-attribute-character",
        "_trust:Source",
        "_complement_gaps:Instance-attribute-character",
        "_subject_gaps:Instance-character-designation",
        "_complement_gaps:Instance-attribute-character"
    ]
}