{"metadata": {"c": 1.9999999199999934, "t": 401, "decay": 2e-10}, "data": {"subject_gap": {"value": 0.0, "count": 49, "uncertainty": 0.6995019188775959}, "-none": {"value": 0.0, "count": 90, "uncertainty": 0.5161378346393583}, "_trust": {"value": 0.0, "count": 65, "uncertainty": 0.6073377439683724}, "entity_novelty": {"value": 0.0, "count": 49, "uncertainty": 0.6995019188775959}, "object_gap": {"value": 0.0, "count": 49, "uncertainty": 0.6995019188775959}, "-compl": {"value": 0.0, "count": 58, "uncertainty": 0.642943712224437}, "character": {"value": 0.0, "count": 80, "uncertainty": 0.5474468443506467}, "statement_novelty": {"value": 0.0, "count": 65, "uncertainty": 0.6073377439683724}, "-subj": {"value": 0.0, "count": 57, "uncertainty": 0.6485590477677242}, "person": {"value": 0.0, "count": 11, "uncertainty": 1.4763543486685677}, "attribute": {"value": 0.0, "count": 81, "uncertainty": 0.5440570480159079}, "no_statement_novelty": {"value": 0.0, "count": 65, "uncertainty": 0.6073377439683724}, "overlap": {"value": 0.0, "count": 58, "uncertainty": 0.642943712224437}}}