{
    "abstract_actions": [
        null,
        3,
        4,
        7,
        5,
        4,
        7,
        5,
        3,
        3,
        5
    ],
    "specific_actions": [
        null,
        11,
        null,
        25,
        11,
        null,
        25,
        11,
        null,
        11,
        11
    ],
    "rewards": [
        0,
        0,
        0.0,
        0.0,
        0.11111111111111116,
        0.0,
        0.0,
        0.0,
        -0.010000000000000009,
        -0.00826446280991755,
        0.0
    ],
    "states": [
        1.0,
        1.0,
        1.0,
        1.0,
        1.1111111111111112,
        1.1111111111111112,
        1.1111111111111112,
        1.1111111111111112,
        1.1,
        1.0909090909090908,
        1.0909090909090908
    ],
    "selections": [
        null,
        null,
        "_entity_novelty:Instance-attribute",
        "_subject_gaps:Instance-character-personality-trait",
        "_trust:Source",
        "_complement_gaps:Instance-attribute-character",
        "_subject_gaps:Instance-attribute-character",
        "_trust:Source",
        "_complement_gaps:Instance-attribute-character",
        "_entity_novelty:Instance-character",
        "_entity_novelty:Instance-attribute"
    ]
}