{
    "abstract_actions": [
        null,
        4,
        5,
        5,
        7,
        2,
        7,
        5,
        5,
        3,
        6
    ],
    "specific_actions": [
        null,
        null,
        11,
        11,
        25,
        25,
        25,
        11,
        11,
        11,
        null
    ],
    "rewards": [
        0,
        0,
        -0.004152858760854028,
        -0.004906531973138839,
        -0.0024620616275411455,
        -0.004096387958524628,
        0.00043917435221763057,
        0.0004264392324093702,
        -0.004091811896121733,
        -0.0038715876335275734,
        -0.000723077504195424
    ],
    "states": [
        11.742296918767506,
        10.985714285714286,
        10.940092165898617,
        10.88641425389755,
        10.859611231101512,
        10.815126050420169,
        10.819875776397515,
        10.824489795918367,
        10.780198019801981,
        10.738461538461538,
        10.730696798493408
    ],
    "selections": [
        null,
        null,
        "_subject_gaps:Instance-character-gender",
        "_complement_gaps:Instance-attribute-character",
        "_complement_gaps:Instance-attribute-character",
        "_trust:Source",
        "_statement_novelty:Actor-Source",
        "_trust:Source",
        "_complement_gaps:Instance-attribute-character",
        "_complement_gaps:Instance-attribute-character",
        "_entity_novelty:Instance-attribute"
    ]
}