{
    "abstract_actions": [
        null,
        4,
        4,
        3,
        4,
        3,
        4,
        5,
        7,
        2,
        2
    ],
    "specific_actions": [
        null,
        null,
        null,
        11,
        null,
        11,
        null,
        11,
        25,
        25,
        25
    ],
    "rewards": [
        0,
        0,
        -0.002287167990524974,
        7.85149588315992e-05,
        0.0022976506563998633,
        2.8146524310157517e-05,
        0.0022004978554202026,
        -1.62725323720192e-05,
        0.002110727531984269,
        0.0020658411356087036,
        0.002022376232939882
    ],
    "states": [
        10.724528301886792,
        10.65090909090909,
        10.626548672566372,
        10.62738301559792,
        10.65180102915952,
        10.652100840336134,
        10.675540765391014,
        10.67536704730832,
        10.69789983844911,
        10.72,
        10.741679873217116
    ],
    "selections": [
        null,
        null,
        "_subject_gaps:Instance-character-enchantment",
        "_subject_gaps:Instance-activity-character",
        "_entity_novelty:Instance-attribute",
        "_subject_gaps:Instance-attribute-character",
        "_entity_novelty:Instance-attribute",
        "_subject_gaps:Instance-attribute-character",
        "_complement_gaps:Instance-attribute-character",
        "_trust:Source",
        "_statement_novelty:Actor-Source"
    ]
}