{
    "abstract_actions": [
        null,
        7,
        5,
        7,
        7,
        4,
        4,
        5,
        7,
        2,
        7
    ],
    "specific_actions": [
        null,
        25,
        11,
        25,
        25,
        null,
        null,
        11,
        25,
        25,
        25
    ],
    "rewards": [
        0,
        0,
        0.027912621359223344,
        0.04958677685950397,
        0.024746906636670563,
        0.01207464324917673,
        0.0390455531453362,
        0.01148225469728592,
        0.037151702786377694,
        0.021890547263681448,
        0.010710808179162479
    ],
    "states": [
        15.235294117647058,
        16.15686274509804,
        16.607843137254903,
        17.431372549019606,
        17.862745098039216,
        18.07843137254902,
        18.784313725490197,
        19.0,
        19.705882352941178,
        20.137254901960784,
        20.352941176470587
    ],
    "selections": [
        null,
        null,
        "_trust:Source",
        "_complement_gaps:Instance-attribute-character",
        "_trust:Source",
        "_trust:Source",
        "_subject_gaps:Instance-character-physical-appearance",
        "_subject_gaps:Instance-attribute-character",
        "_complement_gaps:Instance-attribute-character",
        "_trust:Source",
        "_statement_novelty:Actor-Source"
    ]
}