{
    "abstract_actions": [
        null,
        6,
        6,
        6,
        5,
        5,
        4,
        7,
        2,
        2,
        2
    ],
    "specific_actions": [
        null,
        11,
        11,
        11,
        11,
        11,
        null,
        25,
        25,
        25,
        25
    ],
    "rewards": [
        0,
        0,
        0.003048336762654369,
        0.003260685888501813,
        0.0029344616519304534,
        0.005157138428576458,
        0.004376230796572456,
        0.0042052805084187295,
        0.003041712737377189,
        0.001711385690453815,
        0.002473726075064908
    ],
    "states": [
        2.4716019100504765,
        2.492993378475231,
        2.500592861839891,
        2.508746509697381,
        2.5161083301245024,
        2.529084249084249,
        2.5401521054622176,
        2.5508341575997364,
        2.5585930623478443,
        2.5629718019024406,
        2.5693118920784626
    ],
    "selections": [
        null,
        null,
        "_overlaps:attribute-physical-appearance",
        "_overlaps:attribute-physical-appearance",
        "_overlaps:attribute-physical-appearance",
        "_complement_gaps:Instance-attribute-character-physical-appearance",
        "_complement_gaps:Instance-attribute-character",
        "_subject_gaps:Instance-attribute-character",
        "_trust:Source",
        "_statement_novelty:Actor-Source",
        "_statement_novelty:Actor-Source"
    ]
}