{
    "actions": [
        null,
        3,
        3,
        4,
        7,
        5,
        3,
        3,
        6,
        6,
        3
    ],
    "rewards": [
        0,
        0,
        0.0546697038724373,
        0.019438444924406273,
        0.01906779661016933,
        0.018711018711018657,
        0.055102040816326525,
        0.044487427466150864,
        0.042592592592592515,
        0.023090586145648295,
        0.02256944444444442
    ],
    "states": [
        7.0588235294117645,
        8.607843137254902,
        9.07843137254902,
        9.254901960784315,
        9.431372549019608,
        9.607843137254902,
        10.137254901960784,
        10.588235294117647,
        11.03921568627451,
        11.294117647058824,
        11.549019607843137
    ],
    "selections": [
        null,
        null,
        "_entity_novelty:Instance-character",
        "_entity_novelty:Instance-attribute",
        "_subject_gaps:Instance-attribute-character",
        "_trust:Source",
        "_complement_gaps:Instance-attribute-character",
        "_entity_novelty:Instance-character",
        "_entity_novelty:Instance-attribute",
        "_overlaps:character",
        "_overlaps:character"
    ]
}