{
    "actions": [
        null,
        5,
        7,
        4,
        4,
        4,
        5,
        7,
        2,
        2,
        5
    ],
    "rewards": [
        0,
        0,
        0.03175293605915619,
        0.016441821247892063,
        0.02654500207382826,
        0.025858585858585803,
        0.02520677432059859,
        0.026892047637341543,
        0.014590347923681302,
        0.014380530973451267,
        0.014176663031624903
    ],
    "states": [
        2084.0,
        2299.0,
        2372.0,
        2411.0,
        2475.0,
        2539.0,
        2603.0,
        2673.0,
        2712.0,
        2751.0,
        2790.0
    ],
    "selections": [
        null,
        null,
        "_complement_gaps:Instance-attribute-character",
        "_trust:Source",
        "_subject_gaps:Instance-attribute-character",
        "_subject_gaps:Instance-attribute-character",
        "_subject_gaps:Instance-attribute-character",
        "_complement_gaps:Instance-attribute-character",
        "_trust:Source",
        "_statement_novelty:Actor-Source",
        "_statement_novelty:Actor-Source"
    ]
}