{
    "actions": [
        null,
        3,
        3,
        7,
        2,
        6,
        2,
        7,
        6,
        7,
        6
    ],
    "rewards": [
        0,
        0,
        0.45752324598478444,
        0.2982167352537721,
        -0.015795868772782384,
        -0.015550239234449759,
        -0.018010963194988294,
        -0.015040493636714225,
        -0.014817629179331271,
        -0.014601272931486275,
        -0.014391143911439253
    ],
    "states": [
        0.0,
        0.0008699434536755111,
        0.001267962806424345,
        0.0016460905349794238,
        0.0016200891049007696,
        0.001594896331738437,
        0.0015661707126076742,
        0.0015426147319706903,
        0.001519756838905775,
        0.001497566454511419,
        0.0014760147601476014
    ],
    "selections": [
        null,
        null,
        "_entity_novelty:Instance-character",
        "_entity_novelty:Instance-attribute",
        "_trust:Source",
        "_statement_novelty:Actor-Source",
        "_overlaps:character",
        "_statement_novelty:Actor-Source",
        "_trust:Source",
        "_overlaps:character",
        "_trust:Source"
    ]
}