{
    "abstract_actions": [
        null,
        3,
        5,
        7,
        7,
        2,
        7,
        5,
        3,
        6,
        2
    ],
    "specific_actions": [
        null,
        null,
        11,
        25,
        25,
        25,
        25,
        11,
        11,
        null,
        25
    ],
    "rewards": [
        0,
        0,
        0.010534907521621006,
        0.011310498858051021,
        0.008041285927782305,
        0.00597810674356225,
        0.00577711097014455,
        0.005586161542858736,
        0.008859859345553112,
        0.007485105441415341,
        0.005162422200348127
    ],
    "states": [
        2.261951971799956,
        2.3403682236617795,
        2.365023786464597,
        2.391773385300668,
        2.41100631896633,
        2.4254195721005143,
        2.439431490117699,
        2.453058548494233,
        2.4747923022002984,
        2.493316383527871,
        2.5061879353786867
    ],
    "selections": [
        null,
        null,
        "_entity_novelty:Instance-character",
        "_complement_gaps:Instance-attribute-character",
        "_trust:Source",
        "_trust:Source",
        "_statement_novelty:Actor-Source",
        "_trust:Source",
        "_complement_gaps:Instance-attribute-character",
        "_entity_novelty:Instance-attribute",
        "_overlaps:character"
    ]
}