{
    "actions": [
        null,
        5,
        5,
        4,
        5,
        7,
        5,
        3,
        5,
        7,
        4
    ],
    "rewards": [
        0,
        0,
        0.008735930433629857,
        0.011187459127546706,
        0.010382142243933856,
        0.009661267524255335,
        0.004232414166296605,
        0.00875391984244378,
        0.0038704933208975056,
        0.007193942635236317,
        0.0035788761489985443
    ],
    "states": [
        2.2621093381172694,
        2.347540138706822,
        2.3680480860487187,
        2.394540527223454,
        2.419400987585952,
        2.442775467775468,
        2.4531143052703626,
        2.4745886712630516,
        2.484166550187144,
        2.5020375018455634,
        2.5109919841848183
    ],
    "selections": [
        null,
        null,
        "_complement_gaps:Instance-attribute-character",
        "_complement_gaps:Instance-attribute-character",
        "_subject_gaps:Instance-attribute-character",
        "_complement_gaps:Instance-attribute-character",
        "_trust:Source",
        "_complement_gaps:Instance-attribute-character",
        "_entity_novelty:Instance-character",
        "_complement_gaps:Instance-attribute-character",
        "_trust:Source"
    ]
}