{
    "actions": [
        null,
        7,
        4,
        3,
        7,
        2,
        2,
        2,
        4,
        4,
        4
    ],
    "rewards": [
        0,
        0,
        0.005152446263997135,
        0.011486449057567238,
        0.009570627162887035,
        0.004660724696629481,
        0.004528114969325481,
        0.004401116074940203,
        0.004279414209224397,
        0.007977854536550533,
        0.008341971538440962
    ],
    "states": [
        2.2621093381172694,
        2.347540138706822,
        2.359635713124085,
        2.3867395485373013,
        2.4095821428912694,
        2.4208125418932003,
        2.431774259402078,
        2.4424767801857583,
        2.452929150024586,
        2.472498261971946,
        2.493123772102161
    ],
    "selections": [
        null,
        null,
        "_trust:Source",
        "_subject_gaps:Instance-attribute-character",
        "_entity_novelty:Instance-character",
        "_trust:Source",
        "_statement_novelty:Actor-Source",
        "_statement_novelty:Actor-Source",
        "_statement_novelty:Actor-Source",
        "_subject_gaps:Instance-attribute-character",
        "_subject_gaps:Instance-attribute-character"
    ]
}