{
    "abstract_actions": [
        null,
        3,
        7,
        7,
        7,
        4,
        3,
        7,
        5,
        5,
        5
    ],
    "specific_actions": [
        null,
        11,
        25,
        25,
        25,
        null,
        null,
        25,
        11,
        11,
        11
    ],
    "rewards": [
        0,
        0,
        0.02860858257477239,
        0.025284450063211228,
        0.01602959309494456,
        0.01577669902912615,
        0.02787733970529671,
        0.024796590468810553,
        0.018903591682419618,
        0.025974025974025983,
        0.025316455696202445
    ],
    "states": [
        2096.0,
        2307.0,
        2373.0,
        2433.0,
        2472.0,
        2511.0,
        2581.0,
        2645.0,
        2695.0,
        2765.0,
        2835.0
    ],
    "selections": [
        null,
        null,
        "_entity_novelty:Instance-attribute",
        "_trust:Source",
        "_trust:Source",
        "_trust:Source",
        "_subject_gaps:Instance-activity-character",
        "_entity_novelty:Instance-character",
        "_trust:Source",
        "_complement_gaps:Instance-attribute-character",
        "_complement_gaps:Instance-attribute-character"
    ]
}