{
    "abstract_actions": [
        null,
        4,
        5,
        3,
        5,
        5,
        6,
        3,
        3,
        2,
        5
    ],
    "specific_actions": [
        null,
        null,
        11,
        11,
        11,
        11,
        null,
        null,
        11,
        25,
        11
    ],
    "rewards": [
        0,
        0,
        0.005285673911140654,
        0.005350024870617309,
        0.003959880030449225,
        0.004368900749025517,
        0.0036765740593900365,
        0.0027101113498118057,
        0.00394531759834682,
        0.002437868320621428,
        0.002815617669591486
    ],
    "states": [
        2.4922957859947603,
        2.5159193474930652,
        2.5292176767506436,
        2.542749054224464,
        2.552818035426731,
        2.5639710440538326,
        2.573397673483428,
        2.5803718677259146,
        2.5905522542659325,
        2.596867679539522,
        2.6041794660636244
    ],
    "selections": [
        null,
        null,
        "_subject_gaps:Instance-attribute-character",
        "_complement_gaps:Instance-attribute-character",
        "_entity_novelty:Instance-attribute",
        "_complement_gaps:Instance-attribute-character",
        "_complement_gaps:Instance-attribute-character",
        "_overlaps:character",
        "_entity_novelty:Instance-character",
        "_entity_novelty:Instance-attribute",
        "_statement_novelty:Actor-Source"
    ]
}