{
    "abstract_actions": [
        null,
        5,
        7,
        7,
        7,
        7,
        7,
        7,
        2,
        7,
        2
    ],
    "specific_actions": [
        null,
        11,
        25,
        25,
        25,
        25,
        25,
        25,
        25,
        25,
        25
    ],
    "rewards": [
        0,
        0,
        -0.006215626155736564,
        -0.004473058711235045,
        0.0025860205368402056,
        0.00034226899898537333,
        0.000331938401716636,
        0.00032206860061201326,
        0.0003126325897144788,
        0.00030360531309292504,
        0.00029496349826696466
    ],
    "states": [
        11.742296918767506,
        10.985714285714286,
        10.917431192660551,
        10.868596881959911,
        10.896703296703297,
        10.9004329004329,
        10.90405117270789,
        10.907563025210084,
        10.910973084886129,
        10.914285714285715,
        10.917505030181086
    ],
    "selections": [
        null,
        null,
        "_complement_gaps:Instance-attribute-character",
        "_trust:Source",
        "_trust:Source",
        "_trust:Source",
        "_trust:Source",
        "_trust:Source",
        "_trust:Source",
        "_statement_novelty:Actor-Source",
        "_trust:Source"
    ]
}