{
    "abstract_actions": [
        null,
        4,
        7,
        5,
        4,
        7,
        4,
        4,
        6,
        7,
        5
    ],
    "specific_actions": [
        null,
        null,
        25,
        11,
        null,
        25,
        null,
        null,
        11,
        25,
        11
    ],
    "rewards": [
        0,
        0,
        -0.014084507042253502,
        -0.01649076517150394,
        0.09961315280464222,
        0.08899420747761977,
        -0.015552099533436947,
        -0.011985248924400782,
        0.07878239903556361,
        -0.017180094786729994,
        -0.011420204978038084
    ],
    "states": [
        0.0024535576586049773,
        0.0027210884353741495,
        0.0026827632461435278,
        0.002638522427440633,
        0.0029013539651837525,
        0.00315955766192733,
        0.003110419906687403,
        0.003073140749846343,
        0.003315250150693189,
        0.003258293838862559,
        0.00322108345534407
    ],
    "selections": [
        null,
        null,
        "_subject_gaps:Instance-attribute-character",
        "_trust:Source",
        "_complement_gaps:Instance-attribute-character",
        "_subject_gaps:Instance-attribute-character",
        "_trust:Source",
        "_subject_gaps:Instance-attribute-character",
        "_subject_gaps:Instance-attribute-character",
        "_overlaps:attribute-physical-appearance",
        "_trust:Source"
    ]
}