{
    "abstract_actions": [
        null,
        4,
        7,
        2,
        4,
        4,
        3,
        6,
        3,
        4,
        5
    ],
    "specific_actions": [
        null,
        null,
        25,
        25,
        null,
        null,
        11,
        null,
        null,
        null,
        11
    ],
    "rewards": [
        0,
        0,
        -0.02734160267642416,
        -0.011637360528908847,
        -0.00895623159668002,
        -0.015486527135735062,
        -0.01922706642053007,
        -0.014969361519090785,
        -0.011546470451785584,
        -0.01838543293287609,
        -0.008222301822903844
    ],
    "states": [
        0.008348299319727892,
        0.007999326656005386,
        0.007780612244897959,
        0.007690066455068438,
        0.007621192438902986,
        0.007503166635391256,
        0.007358902752128283,
        0.007248744676447843,
        0.0071650472602287,
        0.0070333147643648775,
        0.006975484727556784
    ],
    "selections": [
        null,
        null,
        "_subject_gaps:Instance-attribute-character",
        "_trust:Source",
        "_statement_novelty:Actor-Source",
        "_subject_gaps:Instance-age-character",
        "_subject_gaps:Instance-character-institution",
        "_entity_novelty:Instance-attribute",
        "_overlaps:character",
        "_entity_novelty:Instance-character",
        "_subject_gaps:Instance-attribute-character"
    ]
}