{
    "abstract_actions": [
        null,
        5,
        4,
        3,
        5,
        3,
        5,
        7,
        4,
        4,
        2
    ],
    "specific_actions": [
        null,
        11,
        null,
        11,
        11,
        null,
        11,
        25,
        null,
        null,
        25
    ],
    "rewards": [
        0,
        0,
        -0.0018800753317488317,
        0.0003374049253941358,
        3.395701042485655e-05,
        3.262642740597954e-05,
        0.0003100880932083161,
        0.00029831252217116244,
        0.002171983280050638,
        0.0002434984080368352,
        0.0029408875610636986
    ],
    "states": [
        11.575645756457565,
        11.498220640569395,
        11.476603119584055,
        11.480475382003396,
        11.480865224625624,
        11.481239804241435,
        11.4848,
        11.48822605965463,
        11.513178294573644,
        11.515981735159817,
        11.549848942598187
    ],
    "selections": [
        null,
        null,
        "_complement_gaps:Instance-attribute-character",
        "_subject_gaps:Instance-attribute-character",
        "_entity_novelty:Instance-attribute",
        "_complement_gaps:Instance-attribute-character",
        "_entity_novelty:Instance-character",
        "_complement_gaps:Instance-attribute-character",
        "_trust:Source",
        "_subject_gaps:Instance-ancestry-character",
        "_subject_gaps:Instance-character-enchantment"
    ]
}