{
    "abstract_actions": [
        null,
        5,
        4,
        3,
        5,
        5,
        3,
        5,
        6,
        2,
        7
    ],
    "specific_actions": [
        null,
        11,
        null,
        11,
        11,
        11,
        11,
        11,
        11,
        25,
        25
    ],
    "rewards": [
        0,
        0,
        0.011777576306545745,
        0.011207861845931921,
        0.00624277896144565,
        0.010002641889890418,
        0.009318569968664203,
        0.00699262061599315,
        0.0074648738677478566,
        0.006690001459921602,
        0.004588772068973679
    ],
    "states": [
        2.261951971799956,
        2.3403682236617795,
        2.367932089001371,
        2.394471544715447,
        2.409419701298577,
        2.4335202637331137,
        2.456197192580873,
        2.4733724477066583,
        2.4918358610567513,
        2.508506246605106,
        2.520017210004373
    ],
    "selections": [
        null,
        null,
        "_complement_gaps:Instance-attribute-character",
        "_subject_gaps:Instance-attribute-character",
        "_entity_novelty:Instance-attribute",
        "_complement_gaps:Instance-attribute-character",
        "_complement_gaps:Instance-attribute-character",
        "_entity_novelty:Instance-attribute",
        "_complement_gaps:Instance-attribute-character",
        "_overlaps:attribute-object",
        "_statement_novelty:Actor-Source"
    ]
}