{
    "abstract_actions": [
        null,
        4,
        4,
        7,
        7,
        7,
        5,
        5,
        7,
        2,
        7
    ],
    "specific_actions": [
        null,
        null,
        null,
        25,
        25,
        25,
        11,
        11,
        25,
        25,
        25
    ],
    "rewards": [
        0,
        0,
        0.010534907521621006,
        0.011310498858051021,
        0.009472470610130124,
        0.005936554276094519,
        0.004429226422818955,
        0.009191152446148543,
        0.0052524021750479655,
        0.005862690582505881,
        0.004898143652444675
    ],
    "states": [
        2.261951971799956,
        2.3403682236617795,
        2.365023786464597,
        2.391773385300668,
        2.4144293883990198,
        2.4287627795090483,
        2.439520319786809,
        2.4619423229414465,
        2.4748734341533067,
        2.489382851328611,
        2.501576206140351
    ],
    "selections": [
        null,
        null,
        "_subject_gaps:Instance-character-gender",
        "_subject_gaps:Instance-attribute-character",
        "_trust:Source",
        "_trust:Source",
        "_trust:Source",
        "_complement_gaps:Instance-attribute-character",
        "_complement_gaps:Instance-attribute-character",
        "_trust:Source",
        "_statement_novelty:Actor-Source"
    ]
}