{
    "abstract_actions": [
        null,
        5,
        4,
        7,
        4,
        5,
        5,
        5,
        3,
        7,
        5
    ],
    "specific_actions": [
        null,
        11,
        null,
        25,
        null,
        11,
        11,
        11,
        null,
        25,
        11
    ],
    "rewards": [
        0,
        0,
        0.06621004566210043,
        0.05995717344753748,
        0.036363636363636376,
        0.04678362573099415,
        0.04469273743016755,
        0.04991087344028511,
        0.04753820033955858,
        0.03889789303079416,
        0.021840873634945357
    ],
    "states": [
        7.0588235294117645,
        8.588235294117647,
        9.156862745098039,
        9.705882352941176,
        10.058823529411764,
        10.529411764705882,
        11.0,
        11.549019607843137,
        12.098039215686274,
        12.568627450980392,
        12.843137254901961
    ],
    "selections": [
        null,
        null,
        "_complement_gaps:Instance-attribute-character",
        "_subject_gaps:Instance-attribute-character",
        "_trust:Source",
        "_subject_gaps:Instance-attribute-character",
        "_complement_gaps:Instance-attribute-character",
        "_complement_gaps:Instance-attribute-character",
        "_complement_gaps:Instance-attribute-character",
        "_entity_novelty:Instance-character",
        "_trust:Source"
    ]
}