{
    "abstract_actions": [
        null,
        5,
        3,
        3,
        7,
        4,
        7,
        4,
        3,
        5,
        3
    ],
    "specific_actions": [
        null,
        11,
        null,
        11,
        25,
        null,
        25,
        null,
        null,
        11,
        11
    ],
    "rewards": [
        0,
        0,
        0.33333333333333326,
        0.125,
        0.06666666666666665,
        0.25,
        0.0,
        0.16666666666666674,
        -0.020408163265306256,
        0.0,
        -0.015625
    ],
    "states": [
        0.0,
        0.5,
        0.6666666666666666,
        0.75,
        0.8,
        1.0,
        1.0,
        1.1666666666666667,
        1.1428571428571428,
        1.1428571428571428,
        1.125
    ],
    "selections": [
        null,
        null,
        "_complement_gaps:Instance-attribute-character",
        "_entity_novelty:Instance-character",
        "_entity_novelty:Instance-attribute",
        "_trust:Source",
        "_subject_gaps:Instance-attribute-character",
        "_trust:Source",
        "_subject_gaps:Instance-character-object",
        "_entity_novelty:Instance-character",
        "_complement_gaps:Instance-attribute-character"
    ]
}