{
    "abstract_actions": [
        null,
        3,
        4,
        5,
        3,
        2,
        4,
        7,
        4,
        4,
        3
    ],
    "specific_actions": [
        null,
        null,
        null,
        11,
        11,
        25,
        null,
        25,
        null,
        null,
        11
    ],
    "rewards": [
        0,
        0,
        -0.02065522486153959,
        -0.020642041550262835,
        -0.020226261770598275,
        -0.009032101375394008,
        -0.011520668360689212,
        -0.02377704264815883,
        -0.011129736140145452,
        -0.018777048380871575,
        -0.01843192179670461
    ],
    "states": [
        0.00860595703125,
        0.008236050652948159,
        0.008065933174740485,
        0.007899435847005849,
        0.007739659789724261,
        0.007669754397892411,
        0.007581393701066355,
        0.007401130579703617,
        0.007318757949212754,
        0.007181333277112498,
        0.007048967503752688
    ],
    "selections": [
        null,
        null,
        "_entity_novelty:Instance-character",
        "_subject_gaps:Instance-character-designation",
        "_complement_gaps:Instance-attribute-character",
        "_entity_novelty:Instance-attribute",
        "_statement_novelty:Actor-Source",
        "_subject_gaps:Instance-attribute-character",
        "_trust:Source",
        "_subject_gaps:Instance-attribute-character",
        "_subject_gaps:Instance-attribute-character"
    ]
}