{
    "actions": [
        null,
        5,
        7,
        4,
        7,
        7,
        2,
        2,
        2,
        7,
        4
    ],
    "rewards": [
        0,
        0,
        1.3555818199506575e-05,
        0.0027577577371569184,
        0.002707201965347794,
        0.0026580340069664032,
        0.002610203167306313,
        0.002563661061049549,
        0.0025183614863595327,
        0.0024742603069558555,
        0.0024313153415997935
    ],
    "states": [
        12.20033388981636,
        12.145867098865478,
        12.146031746031746,
        12.179527559055119,
        12.2125,
        12.244961240310078,
        12.276923076923078,
        12.308396946564885,
        12.33939393939394,
        12.369924812030074,
        12.4
    ],
    "selections": [
        null,
        null,
        "_complement_gaps:Instance-attribute-character",
        "_trust:Source",
        "_subject_gaps:Instance-attribute-character",
        "_trust:Source",
        "_trust:Source",
        "_statement_novelty:Actor-Source",
        "_statement_novelty:Actor-Source",
        "_statement_novelty:Actor-Source",
        "_trust:Source"
    ]
}