{
    "abstract_actions": [
        null,
        7,
        5,
        4,
        5,
        6,
        6,
        4,
        5,
        7,
        5
    ],
    "specific_actions": [
        null,
        25,
        11,
        null,
        11,
        null,
        null,
        null,
        11,
        25,
        11
    ],
    "rewards": [
        0,
        0,
        0.0016275328188029015,
        0.001357157881030746,
        0.00030558252029422306,
        1.2505372678495164e-05,
        0.002161512061443771,
        0.001496690602011963,
        -0.0010048117145927682,
        0.0014455583283610185,
        0.002058866173698659
    ],
    "states": [
        11.512544802867383,
        11.45486111111111,
        11.473504273504274,
        11.4890756302521,
        11.492586490939045,
        11.492730210016155,
        11.517571884984026,
        11.534810126582279,
        11.523219814241486,
        11.539877300613497,
        11.563636363636364
    ],
    "selections": [
        null,
        null,
        "_trust:Source",
        "_complement_gaps:Instance-attribute-character",
        "_subject_gaps:Instance-character-gender",
        "_complement_gaps:Instance-attribute-character",
        "_overlaps:character",
        "_overlaps:character",
        "_subject_gaps:Instance-character-personality-trait",
        "_complement_gaps:Instance-attribute-character",
        "_trust:Source"
    ]
}