{
    "abstract_actions": [
        null,
        7,
        2,
        5,
        4,
        5,
        3,
        5,
        4,
        3,
        4
    ],
    "specific_actions": [
        null,
        25,
        25,
        11,
        null,
        11,
        null,
        11,
        null,
        11,
        null
    ],
    "rewards": [
        0,
        0,
        0.010580382047204795,
        0.005234662407026969,
        0.009473831370865105,
        0.009216116091770532,
        0.009617847674751712,
        0.008087367425486214,
        0.007629061449587082,
        0.00720883393759264,
        0.006828177513148903
    ],
    "states": [
        2.261951971799956,
        2.3403682236617795,
        2.3651302135992593,
        2.377510871816111,
        2.400035008898095,
        2.4221540101644137,
        2.445449918478964,
        2.4652271704903286,
        2.4840345400611907,
        2.501941532555736,
        2.5190252334675463
    ],
    "selections": [
        null,
        null,
        "_trust:Source",
        "_statement_novelty:Actor-Source",
        "_complement_gaps:Instance-attribute-character",
        "_subject_gaps:Instance-character-institution",
        "_complement_gaps:Instance-attribute-character",
        "_entity_novelty:Instance-character",
        "_complement_gaps:Instance-attribute-character",
        "_subject_gaps:Instance-attribute-character",
        "_entity_novelty:Instance-attribute"
    ]
}