{
    "actions": [
        null,
        5,
        5,
        5,
        6,
        4,
        4,
        2,
        4,
        4,
        5
    ],
    "rewards": [
        0,
        0,
        0.03175293605915619,
        0.03161888701517701,
        0.026154474867184252,
        0.01831939466348076,
        0.02737583105201402,
        0.01484583174724019,
        0.01462865716429107,
        0.025878003696857776,
        0.02306306306306305
    ],
    "states": [
        2084.0,
        2299.0,
        2372.0,
        2447.0,
        2511.0,
        2557.0,
        2627.0,
        2666.0,
        2705.0,
        2775.0,
        2839.0
    ],
    "selections": [
        null,
        null,
        "_complement_gaps:Instance-attribute-character",
        "_complement_gaps:Instance-attribute-character",
        "_complement_gaps:Instance-attribute-character",
        "_overlaps:character",
        "_subject_gaps:Instance-attribute-character",
        "_subject_gaps:Instance-attribute-character",
        "_statement_novelty:Actor-Source",
        "_subject_gaps:Instance-attribute-character",
        "_subject_gaps:Instance-attribute-character"
    ]
}