{
    "abstract_actions": [
        null,
        3,
        5,
        5,
        7,
        4,
        3,
        2,
        7,
        7,
        2
    ],
    "specific_actions": [
        null,
        11,
        11,
        11,
        25,
        null,
        11,
        25,
        25,
        25,
        25
    ],
    "rewards": [
        0,
        0,
        -0.017879948914431676,
        0.4565936337329475,
        0.29583500736574253,
        -0.023538642604943094,
        0.216590301641848,
        -0.01467268623024831,
        -0.01846381093057614,
        -0.014197306152165967,
        -0.0139985642498206
    ],
    "states": [
        0.0,
        0.0008669267446900737,
        0.0008514261387824606,
        0.0012401818933443572,
        0.0016070711128967456,
        0.001569242840329541,
        0.0019091256204658267,
        0.0018811136192626034,
        0.001846381093057607,
        0.0018201674554058974,
        0.0017946877243359654
    ],
    "selections": [
        null,
        null,
        "_entity_novelty:Instance-attribute",
        "_complement_gaps:Instance-attribute-character",
        "_complement_gaps:Instance-attribute-character",
        "_trust:Source",
        "_subject_gaps:Instance-character-personality-trait",
        "_entity_novelty:Instance-attribute",
        "_statement_novelty:Actor-Source",
        "_trust:Source",
        "_trust:Source"
    ]
}