{
    "abstract_actions": [
        null,
        3,
        5,
        3,
        4,
        3,
        4,
        3,
        4,
        2,
        6
    ],
    "specific_actions": [
        null,
        null,
        11,
        11,
        null,
        null,
        null,
        11,
        null,
        25,
        null
    ],
    "rewards": [
        0,
        0,
        0.010101010101009944,
        0.008333333333333304,
        0.0,
        0.006993006993007089,
        0.0,
        0.005952380952380931,
        0.00512820512820511,
        0.0,
        0.0714285714285714
    ],
    "states": [
        0.8888888888888888,
        0.9,
        0.9090909090909091,
        0.9166666666666666,
        0.9166666666666666,
        0.9230769230769231,
        0.9230769230769231,
        0.9285714285714286,
        0.9333333333333333,
        0.9333333333333333,
        1.0
    ],
    "selections": [
        null,
        null,
        "_entity_novelty:Instance-character",
        "_complement_gaps:Instance-attribute-character",
        "_entity_novelty:Instance-attribute",
        "_subject_gaps:Instance-character-product",
        "_entity_novelty:Instance-character",
        "_subject_gaps:Instance-attribute-character",
        "_entity_novelty:Instance-attribute",
        "_subject_gaps:Instance-attribute-character",
        "_statement_novelty:Actor-Source"
    ]
}