{
    "abstract_actions": [
        null,
        7,
        5,
        7,
        6,
        3,
        5,
        5,
        4,
        4,
        7
    ],
    "specific_actions": [
        null,
        25,
        11,
        25,
        11,
        11,
        11,
        11,
        null,
        null,
        25
    ],
    "rewards": [
        0,
        0,
        0.1428571428571428,
        -0.03571428571428559,
        0.11111111111111116,
        0.0,
        -0.03749999999999998,
        -0.030303030303030387,
        -0.02499999999999991,
        -0.020979020979021046,
        -0.017857142857142794
    ],
    "states": [
        1.2,
        1.1666666666666667,
        1.3333333333333333,
        1.2857142857142858,
        1.4285714285714286,
        1.4285714285714286,
        1.375,
        1.3333333333333333,
        1.3,
        1.2727272727272727,
        1.25
    ],
    "selections": [
        null,
        null,
        "_trust:Source",
        "_complement_gaps:Instance-attribute-character",
        "_trust:Source",
        "_overlaps:attribute-object",
        "_entity_novelty:Instance-attribute-object",
        "_complement_gaps:Instance-attribute-character",
        "_complement_gaps:Instance-attribute-character",
        "_subject_gaps:Instance-ability-character",
        "_subject_gaps:Instance-attribute-character"
    ]
}