{
    "actions": [
        null,
        7,
        6,
        6,
        4,
        6,
        7,
        4,
        7,
        5,
        2,
        6,
        3,
        5,
        5,
        7,
        7,
        4,
        7,
        4,
        7,
        2,
        7,
        7,
        2,
        7
    ],
    "rewards": [
        0,
        0,
        0.0,
        0.0,
        0.0,
        0.0,
        0.0,
        0.0,
        0.0,
        0.0,
        0.0,
        0.0,
        0.0,
        0.0,
        0.0003306878306876815,
        0.0,
        0.0,
        0.0,
        0.0,
        0.0,
        0.00031897926634760765,
        0.0,
        0.0,
        0.0,
        0.0,
        0.0
    ],
    "states": [
        0.9818181818181818,
        0.9818181818181818,
        0.9818181818181818,
        0.9818181818181818,
        0.9818181818181818,
        0.9818181818181818,
        0.9818181818181818,
        0.9818181818181818,
        0.9818181818181818,
        0.9818181818181818,
        0.9818181818181818,
        0.9818181818181818,
        0.9818181818181818,
        0.9818181818181818,
        0.9821428571428571,
        0.9821428571428571,
        0.9821428571428571,
        0.9821428571428571,
        0.9821428571428571,
        0.9821428571428571,
        0.9824561403508771,
        0.9824561403508771,
        0.9824561403508771,
        0.9824561403508771,
        0.9824561403508771,
        0.9824561403508771
    ],
    "selections": [
        null,
        null,
        "_trust:Source",
        "_overlaps:attribute",
        "_overlaps:attribute",
        "_subject_gaps:Instance-attribute-character",
        "_overlaps:character",
        "_trust:Source",
        "_subject_gaps:Instance-attribute-character",
        "_trust:Source",
        "_complement_gaps:Instance-attribute-character",
        "_statement_novelty:Actor-Source",
        "_overlaps:character",
        "_entity_novelty:Instance-character",
        "_complement_gaps:Instance-attribute-character",
        "_complement_gaps:Instance-attribute-character",
        "_trust:Source",
        "_trust:Source",
        "_subject_gaps:Instance-attribute-character",
        "_trust:Source",
        "_subject_gaps:Instance-attribute-character",
        "_trust:Source",
        "_statement_novelty:Actor-Source",
        "_trust:Source",
        "_trust:Source",
        "_statement_novelty:Actor-Source"
    ]
}