{
    "abstract_actions": [
        null,
        5,
        4,
        7,
        4,
        4,
        5,
        5,
        5,
        5,
        3
    ],
    "specific_actions": [
        null,
        11,
        null,
        25,
        null,
        null,
        11,
        11,
        11,
        11,
        null
    ],
    "rewards": [
        0,
        0,
        0.0,
        0.0,
        0.09090909090909083,
        -0.00694444444444442,
        -0.00591715976331364,
        -0.005102040816326481,
        -0.004444444444444473,
        -0.00390625,
        -0.0034602076124566894
    ],
    "states": [
        1.0,
        1.0,
        1.0,
        1.0,
        1.0909090909090908,
        1.0833333333333333,
        1.0769230769230769,
        1.0714285714285714,
        1.0666666666666667,
        1.0625,
        1.0588235294117647
    ],
    "selections": [
        null,
        null,
        "_complement_gaps:Instance-attribute-character",
        "_subject_gaps:Instance-character-object",
        "_trust:Source",
        "_subject_gaps:Instance-attribute-character",
        "_subject_gaps:Instance-character-product",
        "_complement_gaps:Instance-attribute-character",
        "_complement_gaps:Instance-attribute-character",
        "_complement_gaps:Instance-attribute-character",
        "_complement_gaps:Instance-attribute-character"
    ]
}