{
    "actions": [
        null,
        4,
        3,
        5,
        7,
        5,
        3,
        4,
        4,
        4,
        4,
        5,
        7,
        2,
        5,
        6,
        6,
        7,
        6,
        6,
        7,
        7,
        5,
        4,
        7,
        7
    ],
    "rewards": [
        0,
        0,
        0.006993006993007089,
        0.0,
        0.0,
        0.0,
        0.005952380952380931,
        0.00512820512820511,
        0.004464285714285587,
        0.0039215686274509665,
        0.0,
        0.003472222222222321,
        0.0,
        0.0,
        0.0,
        0.003095975232198178,
        0.002777777777777768,
        0.0,
        0.0,
        0.0,
        0.0,
        0.0,
        0.0,
        0.0,
        0.0025062656641603454,
        0.0
    ],
    "states": [
        0.9090909090909091,
        0.9166666666666666,
        0.9230769230769231,
        0.9230769230769231,
        0.9230769230769231,
        0.9230769230769231,
        0.9285714285714286,
        0.9333333333333333,
        0.9375,
        0.9411764705882353,
        0.9411764705882353,
        0.9444444444444444,
        0.9444444444444444,
        0.9444444444444444,
        0.9444444444444444,
        0.9473684210526315,
        0.95,
        0.95,
        0.95,
        0.95,
        0.95,
        0.95,
        0.95,
        0.95,
        0.9523809523809523,
        0.9523809523809523
    ],
    "selections": [
        null,
        null,
        "_subject_gaps:Instance-attribute-character",
        "_entity_novelty:Instance-attribute",
        "_complement_gaps:Instance-attribute-character",
        "_trust:Source",
        "_complement_gaps:Instance-attribute-character",
        "_entity_novelty:Instance-attribute",
        "_subject_gaps:Instance-attribute-character",
        "_subject_gaps:Instance-attribute-character",
        "_subject_gaps:Instance-attribute-character",
        "_subject_gaps:Instance-attribute-character",
        "_complement_gaps:Instance-attribute-character",
        "_trust:Source",
        "_statement_novelty:Actor-Source",
        "_complement_gaps:Instance-attribute-character",
        "_overlaps:attribute",
        "_overlaps:character",
        "_trust:Source",
        "_overlaps:character",
        "_overlaps:character",
        "_trust:Source",
        "_trust:Source",
        "_complement_gaps:Instance-attribute-character",
        "_subject_gaps:Instance-attribute-character",
        "_trust:Source"
    ]
}