{
    "actions": [
        null,
        5,
        4,
        5,
        5,
        4,
        5,
        4,
        7,
        4,
        5
    ],
    "rewards": [
        0,
        0,
        0.023641304347826075,
        0.020175205734005885,
        0.01977621649752792,
        0.021434039295738616,
        0.016987259555333534,
        0.020633750921149607,
        0.01636582430806266,
        0.009708737864077666,
        0.017823639774859235
    ],
    "states": [
        3587.0,
        3680.0,
        3767.0,
        3843.0,
        3919.0,
        4003.0,
        4071.0,
        4155.0,
        4223.0,
        4264.0,
        4340.0
    ],
    "selections": [
        null,
        null,
        "_complement_gaps:Instance-attribute-character",
        "_subject_gaps:Instance-attribute-character",
        "_complement_gaps:Instance-attribute-character",
        "_complement_gaps:Instance-attribute-character",
        "_subject_gaps:Instance-attribute-character",
        "_complement_gaps:Instance-attribute-character",
        "_subject_gaps:Instance-attribute-character",
        "_trust:Source",
        "_subject_gaps:Instance-attribute-character"
    ]
}