{
    "actions": [
        null,
        4,
        4,
        2,
        2,
        2,
        2,
        4,
        3,
        7,
        2,
        5,
        3,
        7,
        2,
        6,
        3,
        5,
        5,
        5,
        7,
        2,
        7,
        2,
        2,
        5
    ],
    "rewards": [
        0,
        0,
        0.0546697038724373,
        0.019438444924406273,
        0.01906779661016933,
        0.018711018711018657,
        0.01836734693877573,
        0.018036072144288484,
        0.04527559055118102,
        0.016949152542372836,
        0.01666666666666683,
        0.016393442622950838,
        0.048387096774193505,
        0.042735042735042805,
        0.014754098360655776,
        0.014539579967689953,
        0.020700636942674988,
        0.03588143525741039,
        0.0406626506024097,
        0.0390738060781477,
        0.03760445682451263,
        0.012080536912751683,
        0.011936339522546469,
        0.011795543905635641,
        0.011658031088082943,
        0.011523687580025532
    ],
    "states": [
        7.0588235294117645,
        8.607843137254902,
        9.07843137254902,
        9.254901960784315,
        9.431372549019608,
        9.607843137254902,
        9.784313725490197,
        9.96078431372549,
        10.411764705882353,
        10.588235294117647,
        10.764705882352942,
        10.941176470588236,
        11.470588235294118,
        11.96078431372549,
        12.137254901960784,
        12.313725490196079,
        12.568627450980392,
        13.019607843137255,
        13.549019607843137,
        14.07843137254902,
        14.607843137254902,
        14.784313725490197,
        14.96078431372549,
        15.137254901960784,
        15.313725490196079,
        15.490196078431373
    ],
    "selections": [
        null,
        null,
        "_subject_gaps:Instance-attribute-character",
        "_subject_gaps:Instance-attribute-character",
        "_statement_novelty:Actor-Source",
        "_statement_novelty:Actor-Source",
        "_statement_novelty:Actor-Source",
        "_statement_novelty:Actor-Source",
        "_subject_gaps:Instance-attribute-character",
        "_entity_novelty:Instance-attribute",
        "_trust:Source",
        "_statement_novelty:Actor-Source",
        "_complement_gaps:Instance-attribute-character",
        "_entity_novelty:Instance-character",
        "_trust:Source",
        "_statement_novelty:Actor-Source",
        "_overlaps:attribute",
        "_entity_novelty:Instance-attribute",
        "_complement_gaps:Instance-attribute-character",
        "_complement_gaps:Instance-attribute-character",
        "_complement_gaps:Instance-attribute-character",
        "_trust:Source",
        "_statement_novelty:Actor-Source",
        "_trust:Source",
        "_statement_novelty:Actor-Source",
        "_statement_novelty:Actor-Source"
    ]
}