{
    "abstract_actions": [
        null,
        7,
        5,
        5,
        7,
        5,
        7,
        6,
        3,
        4,
        7
    ],
    "specific_actions": [
        null,
        25,
        11,
        11,
        25,
        11,
        25,
        11,
        11,
        null,
        25
    ],
    "rewards": [
        0,
        0,
        0.001676146926319566,
        -0.001546938057684577,
        6.64544554385138e-06,
        0.0023120644809093704,
        -3.924646781783281e-05,
        0.002202475886686317,
        0.0029279175507730404,
        0.0009640215884543224,
        -0.0001484930221861136
    ],
    "states": [
        10.717757009345794,
        10.661844484629295,
        10.679715302491104,
        10.663194444444445,
        10.66326530612245,
        10.687919463087248,
        10.6875,
        10.71103896103896,
        10.7424,
        10.752755905511812,
        10.751159196290573
    ],
    "selections": [
        null,
        null,
        "_trust:Source",
        "_complement_gaps:Instance-attribute-character",
        "_complement_gaps:Instance-attribute-character",
        "_trust:Source",
        "_complement_gaps:Instance-attribute-character",
        "_trust:Source",
        "_overlaps:attribute-physical-appearance",
        "_entity_novelty:Instance-attribute-physical-appearance",
        "_subject_gaps:Instance-character-gender"
    ]
}