{
    "abstract_actions": [
        null,
        5,
        5,
        5,
        5,
        5,
        4,
        5,
        5,
        7,
        5
    ],
    "specific_actions": [
        null,
        11,
        11,
        11,
        11,
        11,
        null,
        11,
        11,
        25,
        11
    ],
    "rewards": [
        0,
        0,
        0.005889861302669663,
        0.005894633929360182,
        0.005607883900833999,
        0.005341631706183181,
        0.004522602133953502,
        0.0038005330670263238,
        0.004729196044646056,
        0.0025574778030306167,
        0.002964414456039899
    ],
    "states": [
        2.4415276575033342,
        2.464941539557244,
        2.4794597033444252,
        2.4940752106382407,
        2.508061694859448,
        2.5214588367297726,
        2.5328623918454425,
        2.5424886191198786,
        2.5545125462409777,
        2.561045655375552,
        2.5686376561389257
    ],
    "selections": [
        null,
        null,
        "_complement_gaps:Instance-attribute-character",
        "_complement_gaps:Instance-attribute-character",
        "_complement_gaps:Instance-attribute-character",
        "_complement_gaps:Instance-attribute-character",
        "_complement_gaps:Instance-attribute-character",
        "_subject_gaps:Instance-character-gender",
        "_complement_gaps:Instance-attribute-character",
        "_complement_gaps:Instance-attribute-character",
        "_trust:Source"
    ]
}