{
    "abstract_actions": [
        null,
        6,
        6,
        4,
        6,
        6,
        2,
        6,
        6,
        6,
        2
    ],
    "specific_actions": [
        null,
        20,
        20,
        null,
        null,
        null,
        25,
        null,
        null,
        null,
        25
    ],
    "rewards": [
        0,
        0,
        0.0024159405306947157,
        0.003207921923895629,
        0.0010260153420280638,
        0.002644915257538516,
        0.0026274156187060527,
        0.002012792836683319,
        0.00363587735021742,
        0.0035629250157760417,
        0.0018524765777121477
    ],
    "states": [
        10.763705103969754,
        10.705667276051189,
        10.731531531531532,
        10.76595744680851,
        10.777003484320558,
        10.805507745266782,
        10.833898305084746,
        10.855704697986576,
        10.895174708818635,
        10.933993399339935,
        10.954248366013072
    ],
    "selections": [
        null,
        null,
        "_overlaps:attribute-object",
        "_overlaps:attribute-object",
        "_subject_gaps:Instance-character-gender",
        "_overlaps:character",
        "_overlaps:character",
        "_statement_novelty:Actor-Source",
        "_overlaps:character",
        "_overlaps:character",
        "_overlaps:character"
    ]
}