{
    "abstract_actions": [
        null,
        7,
        2,
        7,
        2,
        4,
        3,
        7,
        2,
        2,
        7
    ],
    "specific_actions": [
        null,
        25,
        25,
        25,
        25,
        null,
        11,
        25,
        25,
        25,
        25
    ],
    "rewards": [
        0,
        0,
        0.010580382047204795,
        0.005190884222965986,
        0.006543356212113549,
        0.006311860584794715,
        0.009101278861437079,
        0.005753786050264331,
        0.00643288714915502,
        0.005345215059570307,
        0.003975331810170291
    ],
    "states": [
        2.261951971799956,
        2.3403682236617795,
        2.3651302135992593,
        2.377407330710292,
        2.3929635537364193,
        2.4080676060720987,
        2.4299841008721543,
        2.4439657094941167,
        2.4596874650996967,
        2.472835023579984,
        2.4826653633105247
    ],
    "selections": [
        null,
        null,
        "_trust:Source",
        "_statement_novelty:Actor-Source",
        "_trust:Source",
        "_statement_novelty:Actor-Source",
        "_subject_gaps:Instance-attribute-character",
        "_entity_novelty:Instance-attribute",
        "_trust:Source",
        "_statement_novelty:Actor-Source",
        "_statement_novelty:Actor-Source"
    ]
}