{
    "abstract_actions": [
        null,
        7,
        2,
        5,
        5,
        7,
        4,
        5,
        5,
        4,
        5
    ],
    "specific_actions": [
        null,
        25,
        25,
        11,
        11,
        25,
        null,
        11,
        11,
        null,
        11
    ],
    "rewards": [
        0,
        0,
        0.02865761689291113,
        0.014662756598240456,
        0.043352601156069426,
        0.0484764542936289,
        0.023778071334213946,
        0.03870967741935494,
        0.012422360248447228,
        0.042944785276073594,
        0.0352941176470587
    ],
    "states": [
        12.313725490196079,
        13.0,
        13.372549019607844,
        13.568627450980392,
        14.156862745098039,
        14.843137254901961,
        15.196078431372548,
        15.784313725490197,
        15.980392156862745,
        16.666666666666668,
        17.254901960784313
    ],
    "selections": [
        null,
        null,
        "_trust:Source",
        "_statement_novelty:Actor-Source",
        "_complement_gaps:Instance-attribute-character",
        "_complement_gaps:Instance-attribute-character",
        "_trust:Source",
        "_subject_gaps:Instance-activity-character",
        "_complement_gaps:Instance-attribute-character",
        "_complement_gaps:Instance-attribute-character",
        "_subject_gaps:Instance-attribute-character"
    ]
}