{
    "abstract_actions": [
        null,
        5,
        7,
        4,
        5,
        7,
        2,
        2,
        2,
        2,
        2
    ],
    "specific_actions": [
        null,
        11,
        25,
        null,
        11,
        25,
        25,
        25,
        25,
        25,
        25
    ],
    "rewards": [
        0,
        0,
        0.03164282618118763,
        0.025210084033613356,
        0.028688524590164022,
        0.025498007968127512,
        0.019425019425019396,
        0.014862804878048808,
        0.014645137063462155,
        0.014433752775721675,
        0.01422838380153224
    ],
    "states": [
        2096.0,
        2307.0,
        2380.0,
        2440.0,
        2510.0,
        2574.0,
        2624.0,
        2663.0,
        2702.0,
        2741.0,
        2780.0
    ],
    "selections": [
        null,
        null,
        "_complement_gaps:Instance-attribute-character",
        "_trust:Source",
        "_subject_gaps:Instance-attribute-character",
        "_complement_gaps:Instance-attribute-character",
        "_trust:Source",
        "_statement_novelty:Actor-Source",
        "_statement_novelty:Actor-Source",
        "_statement_novelty:Actor-Source",
        "_statement_novelty:Actor-Source"
    ]
}