{
    "abstract_actions": [
        null,
        4,
        7,
        2,
        5,
        7,
        5,
        5,
        3,
        3,
        2
    ],
    "specific_actions": [
        null,
        null,
        25,
        25,
        11,
        25,
        11,
        11,
        null,
        11,
        25
    ],
    "rewards": [
        0,
        0,
        -0.015625,
        0.11111111111111116,
        0.0,
        -0.022222222222222143,
        0.09090909090909083,
        -0.02499999999999991,
        -0.020979020979021046,
        -0.017857142857142794,
        0.0
    ],
    "states": [
        1.1666666666666667,
        1.1428571428571428,
        1.125,
        1.25,
        1.25,
        1.2222222222222223,
        1.3333333333333333,
        1.3,
        1.2727272727272727,
        1.25,
        1.25
    ],
    "selections": [
        null,
        null,
        "_subject_gaps:Instance-attribute-character",
        "_trust:Source",
        "_statement_novelty:Actor-Source",
        "_complement_gaps:Instance-attribute-character",
        "_trust:Source",
        "_complement_gaps:Instance-attribute-character",
        "_complement_gaps:Instance-attribute-character",
        "_entity_novelty:Instance-character",
        "_entity_novelty:Instance-attribute"
    ]
}