{
    "abstract_actions": [
        null,
        4,
        5,
        5,
        5,
        6,
        5,
        5,
        4,
        5,
        5
    ],
    "specific_actions": [
        null,
        null,
        11,
        11,
        11,
        null,
        11,
        11,
        null,
        11,
        11
    ],
    "rewards": [
        0,
        0,
        -0.01983129329076594,
        -0.024286615865617756,
        -0.019364512454626892,
        -0.015072877302601762,
        -0.020823816801726514,
        -0.018337954050854588,
        -0.01835914634200808,
        -0.01768496737543157,
        -0.02127822533004875
    ],
    "states": [
        0.008243895398977082,
        0.007903626119571367,
        0.007746886991933589,
        0.007558741323406146,
        0.007412369982907745,
        0.0073006442396338885,
        0.007148616961453172,
        0.007017525952086884,
        0.006888690166173682,
        0.006766863905325444,
        0.006622877050370155
    ],
    "selections": [
        null,
        null,
        "_subject_gaps:Instance-ancestry-character",
        "_complement_gaps:Instance-attribute-character",
        "_complement_gaps:Instance-attribute-character",
        "_complement_gaps:Instance-attribute-character",
        "_overlaps:character",
        "_complement_gaps:Instance-attribute-character",
        "_complement_gaps:Instance-attribute-character",
        "_subject_gaps:Instance-character-personality-trait",
        "_complement_gaps:Instance-attribute-character"
    ]
}