{
    "abstract_actions": [
        null,
        3,
        4,
        5,
        6,
        3,
        7,
        6,
        7,
        4,
        3
    ],
    "specific_actions": [
        null,
        null,
        null,
        11,
        null,
        null,
        25,
        null,
        25,
        null,
        null
    ],
    "rewards": [
        0,
        0,
        -0.015866578480960736,
        -0.016881220793621532,
        -0.016914850175396845,
        -0.009967975864934031,
        -0.012892046777676636,
        -0.009455693638830143,
        -0.009714530327990634,
        -0.00834827635703006,
        -0.019016462409430335
    ],
    "states": [
        0.00853820279827843,
        0.0082263759706228,
        0.008095851530671024,
        0.007959183673469388,
        0.007824555274114188,
        0.007746560295987976,
        0.007646691278286006,
        0.007574386508207819,
        0.007500804900757912,
        0.007438186108546219,
        0.007296738122018703
    ],
    "selections": [
        null,
        null,
        "_entity_novelty:Instance-character",
        "_subject_gaps:Instance-attribute-character",
        "_complement_gaps:Instance-attribute-character",
        "_overlaps:character",
        "_entity_novelty:Instance-character",
        "_trust:Source",
        "_overlaps:character",
        "_trust:Source",
        "_subject_gaps:Instance-attribute-character"
    ]
}