{
    "abstract_actions": [
        null,
        4,
        4,
        4,
        4,
        4,
        4,
        3,
        4,
        5,
        4
    ],
    "specific_actions": [
        null,
        null,
        null,
        null,
        null,
        null,
        null,
        11,
        null,
        11,
        null
    ],
    "rewards": [
        0,
        0,
        0.011777576306545745,
        0.010068403739294629,
        0.009433209094053208,
        0.008856650760859397,
        0.009248293033931487,
        0.007791701827877473,
        0.005010214718813577,
        0.004857152990177749,
        0.0068729701478089655
    ],
    "states": [
        2.261951971799956,
        2.3403682236617795,
        2.367932089001371,
        2.391773385300668,
        2.4143354837498006,
        2.435718409948923,
        2.4582446475522723,
        2.4773985568659755,
        2.489810855579953,
        2.50190424782211,
        2.5190997610300676
    ],
    "selections": [
        null,
        null,
        "_subject_gaps:Instance-attribute-character",
        "_subject_gaps:Instance-character-gender",
        "_subject_gaps:Instance-character-object",
        "_subject_gaps:Instance-character-object",
        "_subject_gaps:Instance-attribute-character",
        "_subject_gaps:Instance-attribute-character",
        "_entity_novelty:Instance-attribute",
        "_subject_gaps:Instance-character-object",
        "_complement_gaps:Instance-attribute-character"
    ]
}