{
    "abstract_actions": [
        null,
        7,
        7,
        7,
        4,
        7,
        7,
        7,
        7,
        7,
        7
    ],
    "specific_actions": [
        null,
        25,
        25,
        25,
        null,
        25,
        25,
        25,
        25,
        25,
        25
    ],
    "rewards": [
        0,
        0,
        -0.016576086956521796,
        -0.01101854340231112,
        -0.010898458266879296,
        0.14356435643564347,
        -0.014887063655030786,
        -0.010414020828041548,
        -0.010306686777275087,
        -0.010201542672306552,
        -0.010098522167487745
    ],
    "states": [
        0.0014212620807276862,
        0.0016579165515335729,
        0.0016304347826086956,
        0.0016124697661918839,
        0.001594896331738437,
        0.0018238665971860343,
        0.0017967145790554414,
        0.001778003556007112,
        0.0017596782302664656,
        0.0017417267977108733,
        0.0017241379310344827
    ],
    "selections": [
        null,
        null,
        "_trust:Source",
        "_trust:Source",
        "_trust:Source",
        "_subject_gaps:Instance-character-physical-appearance",
        "_trust:Source",
        "_trust:Source",
        "_trust:Source",
        "_trust:Source",
        "_trust:Source"
    ]
}