{
    "actions": [
        null,
        6,
        2,
        7,
        2,
        2,
        4,
        4,
        7,
        4,
        3
    ],
    "rewards": [
        0,
        0,
        0.9906103286384976,
        0.9913563829787235,
        0.9914304548450888,
        0.9915032679738564,
        0.9915748541801684,
        1.0343583741221536,
        1.033542285274387,
        0.991878384006664,
        1.0317042185106304
    ],
    "states": [
        0.004571428571428572,
        0.0045136538027533285,
        0.004471272076905879,
        0.004432624113475178,
        0.004394638540980004,
        0.004357298474945534,
        0.004320587599913588,
        0.004469035965098957,
        0.004618937644341801,
        0.004581424406497293,
        0.004726674886970818
    ],
    "selections": [
        null,
        null,
        "_overlaps:character",
        "_statement_novelty:Actor-Source",
        "_trust:Source",
        "_statement_novelty:Actor-Source",
        "_statement_novelty:Actor-Source",
        "_subject_gaps:Instance-attribute-character",
        "_subject_gaps:Instance-attribute-character",
        "_trust:Source",
        "_subject_gaps:Instance-attribute-character"
    ]
}