{
    "abstract_actions": [
        null,
        3,
        4,
        3,
        7,
        2,
        5,
        4,
        5,
        7,
        4
    ],
    "specific_actions": [
        null,
        null,
        null,
        null,
        25,
        25,
        11,
        null,
        11,
        25,
        null
    ],
    "rewards": [
        0,
        0,
        0.010534907521621006,
        0.011310498858051021,
        0.009768417090227688,
        0.008900451179705282,
        0.0056173729638120395,
        0.008915032729881256,
        0.007523550974513071,
        0.007110582447868774,
        0.005305899977521511
    ],
    "states": [
        2.261951971799956,
        2.3403682236617795,
        2.365023786464597,
        2.391773385300668,
        2.4151372253135905,
        2.4366330362797832,
        2.4503205128205128,
        2.472165200391007,
        2.490764661293566,
        2.5084754487759318,
        2.521785168603205
    ],
    "selections": [
        null,
        null,
        "_entity_novelty:Instance-character",
        "_subject_gaps:Instance-activity-character",
        "_entity_novelty:Instance-character",
        "_trust:Source",
        "_statement_novelty:Actor-Source",
        "_complement_gaps:Instance-attribute-character",
        "_subject_gaps:Instance-ability-character",
        "_complement_gaps:Instance-attribute-character",
        "_trust:Source"
    ]
}