{
    "abstract_actions": [
        null,
        5,
        4,
        4,
        5,
        5,
        5,
        7,
        5,
        5,
        5
    ],
    "specific_actions": [
        null,
        11,
        null,
        null,
        11,
        11,
        11,
        25,
        11,
        11,
        11
    ],
    "rewards": [
        0,
        0,
        -0.003931064376784255,
        0.00028993497851637073,
        -0.0028701352388826873,
        -0.0027184857027788834,
        -0.004426105977803685,
        -0.00417796520434055,
        -0.00367865281630686,
        -0.0020890242512998647,
        -0.001992041110110754
    ],
    "states": [
        11.742296918767506,
        10.985714285714286,
        10.942528735632184,
        10.945701357466064,
        10.914285714285715,
        10.884615384615385,
        10.836438923395445,
        10.791164658634537,
        10.75146771037182,
        10.729007633587786,
        10.707635009310987
    ],
    "selections": [
        null,
        null,
        "_complement_gaps:Instance-attribute-character",
        "_subject_gaps:Instance-character-designation",
        "_subject_gaps:Instance-character-object",
        "_complement_gaps:Instance-attribute-character",
        "_complement_gaps:Instance-attribute-character",
        "_complement_gaps:Instance-attribute-character",
        "_trust:Source",
        "_complement_gaps:Instance-attribute-character",
        "_complement_gaps:Instance-attribute-character"
    ]
}