{
    "actions": [
        null,
        3,
        5,
        5,
        7,
        4,
        3,
        4,
        3,
        7,
        6
    ],
    "rewards": [
        0,
        0,
        0.45752324598478444,
        0.2982167352537721,
        0.21500000000000008,
        -0.015360378101614724,
        0.17049558202074522,
        -0.014761544284632833,
        0.13907366346390737,
        -0.014207650273224015,
        -0.014008620689655138
    ],
    "states": [
        0.0,
        0.0008699434536755111,
        0.001267962806424345,
        0.0016460905349794238,
        0.002,
        0.0019692792437967705,
        0.002305032654629274,
        0.002271006813020439,
        0.0025868440502586844,
        0.0025500910746812386,
        0.002514367816091954
    ],
    "selections": [
        null,
        null,
        "_entity_novelty:Instance-character",
        "_complement_gaps:Instance-attribute-character",
        "_complement_gaps:Instance-attribute-character",
        "_trust:Source",
        "_subject_gaps:Instance-attribute-character",
        "_entity_novelty:Instance-attribute",
        "_subject_gaps:Instance-attribute-character",
        "_entity_novelty:Instance-attribute",
        "_trust:Source"
    ]
}