{
    "abstract_actions": [
        null,
        5,
        7,
        5,
        4,
        5,
        4,
        5,
        5,
        5,
        5
    ],
    "specific_actions": [
        null,
        11,
        25,
        11,
        null,
        11,
        null,
        11,
        11,
        11,
        11
    ],
    "rewards": [
        0,
        0,
        0.029042045947117456,
        0.02527379949452402,
        0.028759244042728005,
        0.025559105431310014,
        0.027258566978193066,
        0.014783927217589143,
        0.02353380649981318,
        0.025547445255474477,
        0.02491103202846978
    ],
    "states": [
        2096.0,
        2307.0,
        2374.0,
        2434.0,
        2504.0,
        2568.0,
        2638.0,
        2677.0,
        2740.0,
        2810.0,
        2880.0
    ],
    "selections": [
        null,
        null,
        "_complement_gaps:Instance-attribute-character",
        "_trust:Source",
        "_complement_gaps:Instance-attribute-character",
        "_subject_gaps:Instance-ancestry-character",
        "_complement_gaps:Instance-attribute-character",
        "_subject_gaps:Instance-attribute-character",
        "_complement_gaps:Instance-attribute-character",
        "_complement_gaps:Instance-attribute-character",
        "_complement_gaps:Instance-attribute-character"
    ]
}