{
    "abstract_actions": [
        null,
        4,
        3,
        5,
        4,
        4,
        7,
        5,
        7,
        7,
        2
    ],
    "specific_actions": [
        null,
        null,
        11,
        11,
        null,
        null,
        25,
        11,
        25,
        25,
        25
    ],
    "rewards": [
        0,
        0,
        0.023103448275862082,
        0.013144590495449915,
        0.02328675981370587,
        0.022756827048114436,
        0.022250476795931284,
        0.015547263681592094,
        0.01745254133496621,
        0.015046644598254666,
        0.011562407352505133
    ],
    "states": [
        2819.0,
        2900.0,
        2967.0,
        3006.0,
        3076.0,
        3146.0,
        3216.0,
        3266.0,
        3323.0,
        3373.0,
        3412.0
    ],
    "selections": [
        null,
        null,
        "_subject_gaps:Instance-attribute-character",
        "_entity_novelty:Instance-attribute",
        "_complement_gaps:Instance-attribute-character",
        "_subject_gaps:Instance-attribute-character",
        "_subject_gaps:Instance-activity-character",
        "_trust:Source",
        "_complement_gaps:Instance-attribute-character",
        "_trust:Source",
        "_trust:Source"
    ]
}