{
    "abstract_actions": [
        null,
        3,
        7,
        2,
        4,
        7,
        4,
        7,
        2,
        7,
        7
    ],
    "specific_actions": [
        null,
        11,
        25,
        25,
        null,
        25,
        null,
        25,
        25,
        25,
        25
    ],
    "rewards": [
        0,
        0,
        0.0547945205479452,
        0.038961038961039085,
        0.018749999999999822,
        0.04907975460122693,
        0.02729044834308003,
        0.05313092979127143,
        0.02522522522522519,
        0.01581722319859402,
        0.015570934256055269
    ],
    "states": [
        7.0588235294117645,
        8.588235294117647,
        9.058823529411764,
        9.411764705882353,
        9.588235294117647,
        10.058823529411764,
        10.333333333333334,
        10.882352941176471,
        11.156862745098039,
        11.333333333333334,
        11.509803921568627
    ],
    "selections": [
        null,
        null,
        "_entity_novelty:Instance-attribute",
        "_trust:Source",
        "_statement_novelty:Actor-Source",
        "_subject_gaps:Instance-character-personality-trait",
        "_trust:Source",
        "_subject_gaps:Instance-character-enchantment",
        "_trust:Source",
        "_statement_novelty:Actor-Source",
        "_trust:Source"
    ]
}