{
    "abstract_actions": [
        null,
        4,
        5,
        5,
        7,
        7,
        7,
        7,
        7,
        7,
        7
    ],
    "specific_actions": [
        null,
        null,
        11,
        11,
        25,
        25,
        25,
        25,
        25,
        25,
        25
    ],
    "rewards": [
        0,
        0,
        0.005002891234081375,
        0.005092128664916373,
        0.00488167053069799,
        0.003495113325655552,
        0.002861389358163713,
        0.002803243621124496,
        0.0027468595921791295,
        0.0026921665291226304,
        0.002639097219306441
    ],
    "states": [
        2.4491535318155284,
        2.473807680174367,
        2.4861838709323143,
        2.4988438390877414,
        2.5110423714178323,
        2.5198187490714603,
        2.527028931624555,
        2.5341128093575285,
        2.541073661435576,
        2.547914654894928,
        2.5546388493756913
    ],
    "selections": [
        null,
        null,
        "_subject_gaps:Instance-attribute-character",
        "_complement_gaps:Instance-attribute-character",
        "_complement_gaps:Instance-attribute-character",
        "_trust:Source",
        "_trust:Source",
        "_trust:Source",
        "_trust:Source",
        "_trust:Source",
        "_trust:Source"
    ]
}