{
    "abstract_actions": [
        null,
        3,
        7,
        7,
        4,
        7,
        4,
        4,
        6,
        4,
        3
    ],
    "specific_actions": [
        null,
        11,
        25,
        25,
        null,
        25,
        null,
        null,
        null,
        null,
        11
    ],
    "rewards": [
        0,
        0,
        0.33333333333333326,
        0.5,
        0.0,
        0.0,
        0.25,
        -0.040000000000000036,
        -0.02777777777777768,
        0.0,
        -0.020408163265306256
    ],
    "states": [
        0.0,
        0.5,
        0.6666666666666666,
        1.0,
        1.0,
        1.0,
        1.25,
        1.2,
        1.1666666666666667,
        1.1666666666666667,
        1.1428571428571428
    ],
    "selections": [
        null,
        null,
        "_entity_novelty:Instance-attribute",
        "_trust:Source",
        "_trust:Source",
        "_subject_gaps:Instance-ability-character",
        "_trust:Source",
        "_subject_gaps:Instance-attribute-character",
        "_subject_gaps:Instance-character-gender",
        "_overlaps:character",
        "_subject_gaps:Instance-character-enchantment"
    ]
}