{
    "actions": [
        null,
        6,
        7,
        4,
        7,
        5,
        7,
        4,
        7,
        4,
        4
    ],
    "rewards": [
        0,
        0,
        1.00042411699241,
        1.0010804914296267,
        1.0010676800509934,
        1.0010527466883934,
        1.0023705641306324,
        1.0010082507767064,
        1.0022679240037513,
        1.0009665600439694,
        1.002171771207287
    ],
    "states": [
        2.6997101551109317,
        2.7108696750720096,
        2.7120194009654166,
        2.714949714685141,
        2.717848412334961,
        2.7207096182506016,
        2.7271592348814933,
        2.729908895298265,
        2.736100121209966,
        2.7387447262634277,
        2.744692653204036
    ],
    "selections": [
        null,
        null,
        "_overlaps:character",
        "_trust:Source",
        "_subject_gaps:Instance-attribute-character",
        "_trust:Source",
        "_complement_gaps:Instance-attribute-character",
        "_trust:Source",
        "_subject_gaps:Instance-attribute-character",
        "_trust:Source",
        "_subject_gaps:Instance-attribute-character"
    ]
}