{
    "abstract_actions": [
        null,
        4,
        4,
        5,
        7,
        5,
        7,
        5,
        4,
        6,
        3
    ],
    "specific_actions": [
        null,
        null,
        null,
        11,
        25,
        11,
        25,
        11,
        null,
        null,
        null
    ],
    "rewards": [
        0,
        0,
        0.010534907521621006,
        0.010159426977241592,
        0.010583453453025582,
        0.008893443356464914,
        0.009245754975332865,
        0.006093550036539774,
        0.007466374624089944,
        0.006304199780021724,
        0.004911381080690003
    ],
    "states": [
        2.261951971799956,
        2.3403682236617795,
        2.365023786464597,
        2.3890510729226233,
        2.4143354837498006,
        2.4358072396180326,
        2.458328116522683,
        2.4733080619069465,
        2.4917747064579254,
        2.5074833520142414,
        2.5197985583094695
    ],
    "selections": [
        null,
        null,
        "_subject_gaps:Instance-ancestry-character",
        "_subject_gaps:Instance-attribute-character",
        "_complement_gaps:Instance-attribute-character",
        "_trust:Source",
        "_complement_gaps:Instance-attribute-character",
        "_trust:Source",
        "_complement_gaps:Instance-attribute-character",
        "_subject_gaps:Instance-attribute-character",
        "_overlaps:character"
    ]
}