{
    "abstract_actions": [
        null,
        7,
        7,
        7,
        4,
        7,
        2,
        5,
        4,
        3,
        7
    ],
    "specific_actions": [
        null,
        25,
        25,
        25,
        null,
        25,
        25,
        11,
        null,
        11,
        25
    ],
    "rewards": [
        0,
        0,
        -0.00583078149251226,
        0.00032147880249144833,
        0.0003113325031134373,
        -0.002793018870599573,
        0.0003743732213037365,
        0.00032403929712931934,
        -0.0043955889385883795,
        -0.0023983304358139446,
        0.0003927673674588572
    ],
    "states": [
        11.742296918767506,
        10.985714285714286,
        10.921658986175116,
        10.92517006802721,
        10.928571428571429,
        10.898047722342733,
        10.902127659574468,
        10.90566037735849,
        10.857723577235772,
        10.831683168316832,
        10.8359375
    ],
    "selections": [
        null,
        null,
        "_trust:Source",
        "_trust:Source",
        "_trust:Source",
        "_subject_gaps:Instance-character-designation",
        "_trust:Source",
        "_statement_novelty:Actor-Source",
        "_complement_gaps:Instance-attribute-character",
        "_subject_gaps:Instance-activity-character",
        "_entity_novelty:Instance-attribute"
    ]
}