{
    "abstract_actions": [
        null,
        3,
        4,
        7,
        2,
        2,
        2,
        2,
        2,
        2,
        7
    ],
    "specific_actions": [
        null,
        11,
        null,
        25,
        25,
        25,
        25,
        25,
        25,
        25,
        25
    ],
    "rewards": [
        0,
        0,
        0.02860858257477239,
        0.026970080067425295,
        0.024620434961017734,
        0.015618742490989268,
        0.015378548895899069,
        0.015145631067961185,
        0.014919663351185886,
        0.014700339238597815,
        0.014487369985141108
    ],
    "states": [
        2096.0,
        2307.0,
        2373.0,
        2437.0,
        2497.0,
        2536.0,
        2575.0,
        2614.0,
        2653.0,
        2692.0,
        2731.0
    ],
    "selections": [
        null,
        null,
        "_entity_novelty:Instance-attribute",
        "_subject_gaps:Instance-attribute-character",
        "_trust:Source",
        "_statement_novelty:Actor-Source",
        "_statement_novelty:Actor-Source",
        "_statement_novelty:Actor-Source",
        "_statement_novelty:Actor-Source",
        "_statement_novelty:Actor-Source",
        "_statement_novelty:Actor-Source"
    ]
}