{
    "abstract_actions": [
        null,
        3,
        3,
        2,
        2,
        4,
        4,
        3,
        3,
        5,
        3
    ],
    "specific_actions": [
        null,
        null,
        11,
        25,
        25,
        null,
        null,
        null,
        11,
        11,
        11
    ],
    "rewards": [
        0,
        0,
        -0.0018529808365141953,
        0.00025752469939499534,
        -0.004545832955962559,
        0.00031294502364676013,
        -0.00270666971896405,
        -0.004399055595153412,
        -0.002388269568195267,
        -0.0009030500461255642,
        -0.0038849026442711043
    ],
    "states": [
        11.742296918767506,
        10.985714285714286,
        10.965357967667437,
        10.968181818181819,
        10.918322295805739,
        10.921739130434782,
        10.89217758985201,
        10.844262295081966,
        10.818363273453095,
        10.80859375,
        10.766603415559773
    ],
    "selections": [
        null,
        null,
        "_entity_novelty:Instance-character",
        "_entity_novelty:Instance-attribute",
        "_statement_novelty:Actor-Source",
        "_statement_novelty:Actor-Source",
        "_subject_gaps:Instance-attribute-character",
        "_subject_gaps:Instance-attribute-character",
        "_entity_novelty:Instance-character",
        "_entity_novelty:Instance-attribute",
        "_complement_gaps:Instance-attribute-character"
    ]
}