{
    "abstract_actions": [
        null,
        3,
        4,
        4,
        3,
        4,
        4,
        7,
        7,
        7,
        2
    ],
    "specific_actions": [
        null,
        11,
        null,
        null,
        null,
        null,
        null,
        25,
        25,
        25,
        25
    ],
    "rewards": [
        0,
        0,
        -0.01998558076365542,
        -0.03219389820833418,
        -0.03542551435828023,
        -0.028799007885925598,
        -0.033278525566885375,
        -0.02709367420869968,
        -0.028115564751826305,
        -0.01381689406762654,
        -0.013628768530750013
    ],
    "states": [
        0.013134665630958265,
        0.01056689342403628,
        0.010355707922089265,
        0.010022317315370283,
        0.009667271569411393,
        0.00938886373924853,
        0.009076416197257945,
        0.008830502733826873,
        0.008582228162422784,
        0.008463648425038387,
        0.008348299319727892
    ],
    "selections": [
        null,
        null,
        "_entity_novelty:Instance-attribute",
        "_subject_gaps:Instance-activity-character",
        "_subject_gaps:Instance-activity-character",
        "_entity_novelty:Instance-character",
        "_subject_gaps:Instance-attribute-character",
        "_subject_gaps:Instance-activity-character",
        "_trust:Source",
        "_trust:Source",
        "_trust:Source"
    ]
}