{
    "abstract_actions": [
        null,
        4,
        7,
        7,
        4,
        4,
        4,
        7,
        5,
        5,
        3
    ],
    "specific_actions": [
        null,
        null,
        25,
        25,
        null,
        null,
        null,
        25,
        11,
        11,
        11
    ],
    "rewards": [
        0,
        0,
        -0.012920673076923128,
        -0.01596688350088693,
        -0.011689070718877814,
        0.08883797887234302,
        -0.011325028312570762,
        0.07862298722931715,
        -0.014770240700218706,
        0.06840708180113464,
        0.06339293540187585
    ],
    "states": [
        0.0025070510811657787,
        0.0027397260273972603,
        0.002704326923076923,
        0.0026611472501478417,
        0.002630040911747516,
        0.0028636884306987398,
        0.0028312570781426952,
        0.003053858967240422,
        0.0030087527352297594,
        0.0032145727297080095,
        0.0034183539311070208
    ],
    "selections": [
        null,
        null,
        "_subject_gaps:Instance-attribute-character",
        "_trust:Source",
        "_trust:Source",
        "_subject_gaps:Instance-character-designation",
        "_subject_gaps:Instance-attribute-character",
        "_subject_gaps:Instance-attribute-character",
        "_trust:Source",
        "_complement_gaps:Instance-attribute-character",
        "_complement_gaps:Instance-attribute-character"
    ]
}