{
    "actions": [
        null,
        5,
        5,
        5,
        4,
        5,
        2,
        5,
        7,
        5,
        5
    ],
    "rewards": [
        0,
        0,
        1.023598820058997,
        1.0182516810758886,
        1.0254716981132075,
        1.017479300827967,
        1.0081374321880652,
        1.0080717488789237,
        1.0204626334519573,
        1.0078465562336532,
        1.0198961937716262
    ],
    "states": [
        19.392156862745097,
        19.941176470588236,
        20.41176470588235,
        20.784313725490197,
        21.313725490196077,
        21.686274509803923,
        21.862745098039216,
        22.03921568627451,
        22.49019607843137,
        22.666666666666668,
        23.11764705882353
    ],
    "selections": [
        null,
        null,
        "_complement_gaps:Instance-attribute-character",
        "_complement_gaps:Instance-attribute-character",
        "_complement_gaps:Instance-attribute-character",
        "_subject_gaps:Instance-attribute-character",
        "_complement_gaps:Instance-attribute-character",
        "_statement_novelty:Actor-Source",
        "_complement_gaps:Instance-attribute-character",
        "_trust:Source",
        "_complement_gaps:Instance-attribute-character"
    ]
}