{
    "abstract_actions": [
        null,
        3,
        4,
        3,
        6,
        2,
        6,
        5,
        7,
        4,
        7
    ],
    "specific_actions": [
        null,
        11,
        null,
        11,
        null,
        25,
        null,
        11,
        25,
        null,
        25
    ],
    "rewards": [
        0,
        0,
        -0.034837191230522535,
        -0.030329935937336683,
        -0.02568638173870974,
        -0.031415430530431276,
        -0.01088516382670579,
        -0.01873613762909021,
        -0.032126921444170176,
        -0.017009827762277885,
        -0.021259271437728433
    ],
    "states": [
        0.013134665630958265,
        0.01056689342403628,
        0.010198772537110578,
        0.009889444419420546,
        0.009635420374879557,
        0.009332719495461026,
        0.009231131314804242,
        0.009058175568017865,
        0.008767164273116653,
        0.008618036318867343,
        0.00843482314550434
    ],
    "selections": [
        null,
        null,
        "_entity_novelty:Instance-attribute",
        "_subject_gaps:Instance-age-character",
        "_entity_novelty:Instance-attribute",
        "_overlaps:character",
        "_statement_novelty:Actor-Source",
        "_overlaps:character",
        "_complement_gaps:Instance-attribute-character",
        "_trust:Source",
        "_subject_gaps:Instance-age-character"
    ]
}