{
    "abstract_actions": [
        null,
        4,
        4,
        7,
        4,
        7,
        4,
        4,
        7,
        4,
        4
    ],
    "specific_actions": [
        null,
        null,
        null,
        25,
        null,
        25,
        null,
        null,
        25,
        null,
        null
    ],
    "rewards": [
        0,
        0,
        0.07341939755047977,
        0.06827758950935614,
        -0.015948963317384268,
        0.061659893716786485,
        -0.015389350569406046,
        0.05611925050500366,
        0.05112314395702011,
        -0.014590020426028527,
        0.04531503193213249
    ],
    "states": [
        0.003131524008350731,
        0.0033921302578018998,
        0.003641178417742469,
        0.0038897893030794164,
        0.003827751196172249,
        0.004063769928102532,
        0.0040012311480455524,
        0.004225777241171144,
        0.004441812259401836,
        0.004377006127808579,
        0.004575350300257364
    ],
    "selections": [
        null,
        null,
        "_subject_gaps:Instance-attribute-character",
        "_subject_gaps:Instance-character-object",
        "_trust:Source",
        "_subject_gaps:Instance-activity-character",
        "_trust:Source",
        "_subject_gaps:Instance-character-institution",
        "_subject_gaps:Instance-attribute-character",
        "_trust:Source",
        "_subject_gaps:Instance-character-personality-trait"
    ]
}