{
    "abstract_actions": [
        null,
        7,
        7,
        7,
        4,
        7,
        4,
        7,
        7,
        7,
        7
    ],
    "specific_actions": [
        null,
        25,
        25,
        25,
        null,
        25,
        null,
        25,
        25,
        25,
        25
    ],
    "rewards": [
        0,
        0,
        0.027308192457737412,
        0.016455696202531733,
        0.016189290161892966,
        0.028594771241829964,
        0.019857029388403502,
        0.024922118380062308,
        0.018996960486322267,
        0.014541387024608499,
        0.014332965821389099
    ],
    "states": [
        2096.0,
        2307.0,
        2370.0,
        2409.0,
        2448.0,
        2518.0,
        2568.0,
        2632.0,
        2682.0,
        2721.0,
        2760.0
    ],
    "selections": [
        null,
        null,
        "_trust:Source",
        "_trust:Source",
        "_trust:Source",
        "_subject_gaps:Instance-attribute-character",
        "_trust:Source",
        "_subject_gaps:Instance-attribute-character",
        "_trust:Source",
        "_trust:Source",
        "_trust:Source"
    ]
}