{
    "abstract_actions": [
        null,
        5,
        3,
        5,
        7,
        7,
        7,
        4,
        5,
        5,
        5
    ],
    "specific_actions": [
        null,
        11,
        11,
        11,
        25,
        25,
        25,
        null,
        11,
        11,
        11
    ],
    "rewards": [
        0,
        0,
        0.03164282618118763,
        0.01638655462184868,
        0.028937577511368273,
        0.024106066693451167,
        0.015300117693213044,
        0.015069551777434409,
        0.023601065854586878,
        0.026031982149497868,
        0.025371511417180193
    ],
    "states": [
        2096.0,
        2307.0,
        2380.0,
        2419.0,
        2489.0,
        2549.0,
        2588.0,
        2627.0,
        2689.0,
        2759.0,
        2829.0
    ],
    "selections": [
        null,
        null,
        "_complement_gaps:Instance-attribute-character",
        "_entity_novelty:Instance-attribute",
        "_complement_gaps:Instance-attribute-character",
        "_trust:Source",
        "_trust:Source",
        "_trust:Source",
        "_subject_gaps:Instance-ancestry-character",
        "_complement_gaps:Instance-attribute-character",
        "_complement_gaps:Instance-attribute-character"
    ]
}