{
    "actions": [
        null,
        5,
        5,
        5,
        5,
        5,
        3,
        4,
        5,
        5,
        4
    ],
    "rewards": [
        0,
        0,
        -0.03958404115635705,
        -0.03531246783455588,
        -0.02868653323850978,
        -0.03317484022305206,
        -0.026990817117717336,
        -0.010212690559700977,
        -0.026018577574524637,
        -0.030185582047780546,
        -0.02930745161115922
    ],
    "states": [
        0.013056202873306185,
        0.010384007064254536,
        0.009972966101255183,
        0.009620796056589493,
        0.009344808770731215,
        0.00903479623284723,
        0.00879093970003061,
        0.008701160553145206,
        0.008474768732304804,
        0.008218952905399852,
        0.00797807634083045
    ],
    "selections": [
        null,
        null,
        "_complement_gaps:Instance-attribute-character",
        "_complement_gaps:Instance-attribute-character",
        "_complement_gaps:Instance-attribute-character",
        "_complement_gaps:Instance-attribute-character",
        "_complement_gaps:Instance-attribute-character",
        "_entity_novelty:Instance-attribute",
        "_subject_gaps:Instance-attribute-character",
        "_complement_gaps:Instance-attribute-character",
        "_complement_gaps:Instance-attribute-character"
    ]
}