{
    "actions": [
        null,
        4,
        4,
        3,
        4,
        4,
        7,
        2,
        7,
        2,
        4,
        4,
        5,
        4,
        5,
        4,
        3,
        2,
        6,
        4,
        5,
        7,
        5,
        4,
        4,
        3
    ],
    "rewards": [
        0,
        0,
        0.0547945205479452,
        0.05844155844155852,
        0.01840490797546024,
        0.0461847389558232,
        0.051823416506717734,
        0.01642335766423364,
        0.01615798922800704,
        0.01590106007067149,
        0.01565217391304352,
        0.03938356164383561,
        0.03789126853377267,
        0.04285714285714293,
        0.041095890410958846,
        0.033625730994152114,
        0.032531824611032434,
        0.012328767123287676,
        0.012178619756427533,
        0.017379679144384985,
        0.035479632063074806,
        0.03426395939086291,
        0.01104294478527601,
        0.027912621359223344,
        0.02715466351829976,
        0.026436781609195492
    ],
    "states": [
        7.0588235294117645,
        8.588235294117647,
        9.058823529411764,
        9.588235294117647,
        9.764705882352942,
        10.215686274509803,
        10.745098039215685,
        10.92156862745098,
        11.098039215686274,
        11.27450980392157,
        11.450980392156863,
        11.901960784313726,
        12.352941176470589,
        12.882352941176471,
        13.411764705882353,
        13.862745098039216,
        14.313725490196079,
        14.490196078431373,
        14.666666666666666,
        14.92156862745098,
        15.450980392156863,
        15.980392156862745,
        16.15686274509804,
        16.607843137254903,
        17.058823529411764,
        17.50980392156863
    ],
    "selections": [
        null,
        null,
        "_subject_gaps:Instance-attribute-character",
        "_subject_gaps:Instance-attribute-character",
        "_entity_novelty:Instance-character",
        "_subject_gaps:Instance-attribute-character",
        "_subject_gaps:Instance-attribute-character",
        "_trust:Source",
        "_statement_novelty:Actor-Source",
        "_trust:Source",
        "_statement_novelty:Actor-Source",
        "_subject_gaps:Instance-attribute-character",
        "_subject_gaps:Instance-attribute-character",
        "_complement_gaps:Instance-attribute-character",
        "_subject_gaps:Instance-attribute-character",
        "_complement_gaps:Instance-attribute-character",
        "_subject_gaps:Instance-attribute-character",
        "_entity_novelty:Instance-character",
        "_statement_novelty:Actor-Source",
        "_overlaps:character",
        "_subject_gaps:Instance-attribute-character",
        "_complement_gaps:Instance-attribute-character",
        "_trust:Source",
        "_complement_gaps:Instance-attribute-character",
        "_subject_gaps:Instance-attribute-character",
        "_subject_gaps:Instance-attribute-character"
    ]
}