{
    "abstract_actions": [
        null,
        7,
        5,
        5,
        4,
        3,
        5,
        7,
        4,
        5,
        7
    ],
    "specific_actions": [
        null,
        25,
        11,
        11,
        null,
        11,
        11,
        25,
        null,
        11,
        25
    ],
    "rewards": [
        0,
        0,
        0.0015987839571112161,
        -0.00014779059026848174,
        -0.00014166425799344573,
        -0.0001359111141313596,
        0.0021255561047950344,
        0.0037488284910964786,
        0.0020168683535020104,
        -0.00027832307387110067,
        -0.0016764673585840661
    ],
    "states": [
        10.801526717557252,
        10.724264705882353,
        10.741410488245931,
        10.739823008849557,
        10.738301559792028,
        10.736842105263158,
        10.75966386554622,
        10.8,
        10.821782178217822,
        10.818770226537216,
        10.800632911392405
    ],
    "selections": [
        null,
        null,
        "_trust:Source",
        "_complement_gaps:Instance-attribute-character",
        "_complement_gaps:Instance-attribute-character",
        "_subject_gaps:Instance-attribute-character",
        "_entity_novelty:Instance-attribute",
        "_complement_gaps:Instance-attribute-character",
        "_trust:Source",
        "_subject_gaps:Instance-character-object",
        "_complement_gaps:Instance-attribute-character"
    ]
}