{
    "abstract_actions": [
        null,
        3,
        6,
        3,
        7,
        4,
        5,
        5,
        2,
        6,
        5
    ],
    "specific_actions": [
        null,
        11,
        null,
        null,
        25,
        null,
        11,
        11,
        25,
        11,
        11
    ],
    "rewards": [
        0,
        0,
        0.004214093006540853,
        0.0033914607630016746,
        0.005502420009329212,
        0.003492787737758407,
        0.005057206511863477,
        0.004283195830154796,
        0.0026327356000497293,
        0.0030407951389732624,
        0.002579843029176576
    ],
    "states": [
        2.5043576320172063,
        2.5294732542764775,
        2.5401326898275562,
        2.5487474501779244,
        2.5627717291465104,
        2.571722946816747,
        2.5847286808500973,
        2.595799579957996,
        2.6026336339227454,
        2.610547709625306,
        2.617282512936316
    ],
    "selections": [
        null,
        null,
        "_entity_novelty:Instance-attribute",
        "_overlaps:character",
        "_entity_novelty:Instance-character",
        "_trust:Source",
        "_subject_gaps:Instance-character-enchantment",
        "_complement_gaps:Instance-attribute-character",
        "_complement_gaps:Instance-attribute-character",
        "_statement_novelty:Actor-Source",
        "_overlaps:attribute-object"
    ]
}