{
    "abstract_actions": [
        null,
        5,
        5,
        7,
        2,
        4,
        7,
        7,
        7,
        7,
        7
    ],
    "specific_actions": [
        null,
        11,
        11,
        25,
        25,
        null,
        25,
        25,
        25,
        25,
        25
    ],
    "rewards": [
        0,
        0,
        0.015873015873015817,
        0.012500000000000178,
        0.11111111111111116,
        0.0,
        0.0,
        0.09090909090909083,
        0.0,
        0.0,
        0.0
    ],
    "states": [
        1.0,
        0.875,
        0.8888888888888888,
        0.9,
        1.0,
        1.0,
        1.0,
        1.0909090909090908,
        1.0909090909090908,
        1.0909090909090908,
        1.0909090909090908
    ],
    "selections": [
        null,
        null,
        "_complement_gaps:Instance-attribute-character",
        "_complement_gaps:Instance-attribute-character",
        "_trust:Source",
        "_statement_novelty:Actor-Source",
        "_subject_gaps:Instance-character-enchantment",
        "_trust:Source",
        "_trust:Source",
        "_trust:Source",
        "_trust:Source"
    ]
}