{
    "actions": [
        null,
        3,
        7,
        6,
        2,
        5,
        5,
        4,
        4,
        7,
        5
    ],
    "rewards": [
        0,
        0,
        -0.003827153980986542,
        0.004984834170354446,
        0.003238427737314087,
        0.0025152326253918833,
        -0.0027889335118250758,
        -0.004499092885596578,
        -0.0024586939417782228,
        -0.004076973255055294,
        0.002371157301495286
    ],
    "states": [
        11.675070028011204,
        10.869976359338061,
        10.82837528604119,
        10.882352941176471,
        10.917594654788418,
        10.945054945054945,
        10.914529914529915,
        10.865424430641822,
        10.838709677419354,
        10.794520547945206,
        10.820116054158607
    ],
    "selections": [
        null,
        null,
        "_entity_novelty:Instance-attribute",
        "_trust:Source",
        "_overlaps:character",
        "_statement_novelty:Actor-Source",
        "_complement_gaps:Instance-attribute-character",
        "_complement_gaps:Instance-attribute-character",
        "_subject_gaps:Instance-attribute-character",
        "_subject_gaps:Instance-attribute-character",
        "_trust:Source"
    ]
}