{
    "actions": [
        null,
        5,
        3,
        2,
        2,
        4,
        7,
        5,
        5,
        5,
        7
    ],
    "rewards": [
        0,
        0,
        0.010316729194527863,
        0.005149264984127155,
        0.004994959144412281,
        0.004847528388014943,
        0.009072654902307908,
        0.004435719285741824,
        0.009189912432612468,
        0.008584986993867894,
        0.007257193395077355
    ],
    "states": [
        2.2621093381172694,
        2.347540138706822,
        2.3717590745911448,
        2.3839718905447227,
        2.395879732739421,
        2.407493827758145,
        2.4293361884368307,
        2.4401120418194306,
        2.4625364578095144,
        2.483677301271735,
        2.5017018277780276
    ],
    "selections": [
        null,
        null,
        "_complement_gaps:Instance-attribute-character",
        "_entity_novelty:Instance-attribute",
        "_statement_novelty:Actor-Source",
        "_statement_novelty:Actor-Source",
        "_subject_gaps:Instance-attribute-character",
        "_trust:Source",
        "_complement_gaps:Instance-attribute-character",
        "_complement_gaps:Instance-attribute-character",
        "_complement_gaps:Instance-attribute-character"
    ]
}