{
    "actions": [
        null,
        3,
        7,
        7,
        6,
        7,
        6,
        3,
        4,
        7,
        7
    ],
    "rewards": [
        0,
        0,
        1.4575232459847844,
        0.9837837837837838,
        0.9840425531914893,
        0.9815261044176707,
        0.9845788849347568,
        0.982135922330097,
        1.3009978527219905,
        1.2177002583979328,
        0.9858078602620087
    ],
    "states": [
        0.0,
        0.0008699434536755111,
        0.001267962806424345,
        0.0012474012474012475,
        0.0012274959083469722,
        0.0012048192771084338,
        0.0011862396204033216,
        0.0011650485436893205,
        0.0015157256536566881,
        0.0018456995201181247,
        0.001819505094614265
    ],
    "selections": [
        null,
        null,
        "_entity_novelty:Instance-attribute",
        "_trust:Source",
        "_trust:Source",
        "_overlaps:character",
        "_trust:Source",
        "_overlaps:character",
        "_entity_novelty:Instance-character",
        "_subject_gaps:Instance-attribute-character",
        "_trust:Source"
    ]
}