{
    "abstract_actions": [
        null,
        7,
        7,
        7,
        7,
        7,
        7,
        7,
        2,
        7,
        7
    ],
    "specific_actions": [
        null,
        25,
        25,
        25,
        25,
        25,
        25,
        25,
        25,
        25,
        25
    ],
    "rewards": [
        0,
        0,
        0.010580382047204795,
        0.006737703466092926,
        0.006495695794607403,
        0.006266606390797458,
        0.006049524484837088,
        0.005843618796178562,
        0.005648129291227155,
        0.00546235992788624,
        0.005285672253359186
    ],
    "states": [
        2.261951971799956,
        2.3403682236617795,
        2.3651302135992593,
        2.3810657596371883,
        2.396532438478747,
        2.4115505639734716,
        2.426139298156652,
        2.4403167313615075,
        2.4540999557717824,
        2.4675051330292175,
        2.480547556445891
    ],
    "selections": [
        null,
        null,
        "_trust:Source",
        "_trust:Source",
        "_trust:Source",
        "_trust:Source",
        "_trust:Source",
        "_trust:Source",
        "_trust:Source",
        "_statement_novelty:Actor-Source",
        "_trust:Source"
    ]
}