{
    "abstract_actions": [
        null,
        5,
        5,
        5,
        5,
        3,
        5,
        5,
        5,
        5,
        5
    ],
    "specific_actions": [
        null,
        11,
        11,
        11,
        11,
        11,
        11,
        11,
        11,
        11,
        11
    ],
    "rewards": [
        0,
        0,
        0.06621004566210043,
        0.05995717344753748,
        0.05656565656565671,
        0.04588910133843194,
        0.01645338208409508,
        0.050359712230215736,
        0.041095890410958846,
        0.046052631578947345,
        0.037735849056603765
    ],
    "states": [
        7.0588235294117645,
        8.588235294117647,
        9.156862745098039,
        9.705882352941176,
        10.254901960784315,
        10.72549019607843,
        10.901960784313726,
        11.450980392156863,
        11.92156862745098,
        12.470588235294118,
        12.941176470588236
    ],
    "selections": [
        null,
        null,
        "_complement_gaps:Instance-attribute-character",
        "_complement_gaps:Instance-attribute-character",
        "_complement_gaps:Instance-attribute-character",
        "_complement_gaps:Instance-attribute-character",
        "_entity_novelty:Instance-attribute",
        "_complement_gaps:Instance-attribute-character",
        "_complement_gaps:Instance-attribute-character",
        "_complement_gaps:Instance-attribute-character",
        "_complement_gaps:Instance-attribute-character"
    ]
}