{
    "actions": [
        null,
        5,
        5,
        3,
        6,
        6,
        5,
        4,
        7,
        7,
        4
    ],
    "rewards": [
        0,
        0,
        -0.019895506370698368,
        -0.017280279716504254,
        -0.013210984126760472,
        -0.006127302680939861,
        -0.00576558218056511,
        -0.020268135069625326,
        -0.016284900612324682,
        -0.005546203328766097,
        -0.005523019649554595
    ],
    "states": [
        0.008787238414800592,
        0.008457373862305708,
        0.008289110126748827,
        0.0081458719851577,
        0.008038256999663158,
        0.007989004165999038,
        0.007942942905939094,
        0.0077819542662711984,
        0.007655225914475316,
        0.007612768475025996,
        0.007570723005150918
    ],
    "selections": [
        null,
        null,
        "_complement_gaps:Instance-attribute-character",
        "_complement_gaps:Instance-attribute-character",
        "_entity_novelty:Instance-attribute",
        "_overlaps:character",
        "_overlaps:character",
        "_complement_gaps:Instance-attribute-character",
        "_subject_gaps:Instance-attribute-character",
        "_trust:Source",
        "_trust:Source"
    ]
}