{
    "abstract_actions": [
        null,
        5,
        7,
        2,
        7,
        2,
        4,
        4,
        4,
        4,
        5
    ],
    "specific_actions": [
        null,
        11,
        25,
        25,
        25,
        25,
        null,
        null,
        null,
        null,
        11
    ],
    "rewards": [
        0,
        0,
        -0.004572339443768669,
        -0.0023016786380410936,
        0.0003293565570534618,
        0.00031922752216106964,
        0.0003095587125427901,
        -0.0026650326797384993,
        -0.0025312290971846174,
        0.00035922330097082344,
        -0.004112902937634666
    ],
    "states": [
        11.742296918767506,
        10.985714285714286,
        10.935483870967742,
        10.910313901345292,
        10.913907284768213,
        10.917391304347825,
        10.920770877944326,
        10.891666666666667,
        10.864097363083165,
        10.868,
        10.823300970873786
    ],
    "selections": [
        null,
        null,
        "_complement_gaps:Instance-attribute-character",
        "_trust:Source",
        "_statement_novelty:Actor-Source",
        "_trust:Source",
        "_statement_novelty:Actor-Source",
        "_subject_gaps:Instance-character-object",
        "_subject_gaps:Instance-character-designation",
        "_subject_gaps:Instance-character-object",
        "_subject_gaps:Instance-attribute-character"
    ]
}