{
    "abstract_actions": [
        null,
        3,
        6,
        4,
        4,
        6,
        6,
        4,
        4,
        7,
        7
    ],
    "specific_actions": [
        null,
        11,
        null,
        null,
        null,
        null,
        null,
        null,
        null,
        25,
        25
    ],
    "rewards": [
        0,
        0,
        -0.034837191230522535,
        -0.033188382515616954,
        -0.03070393400679572,
        -0.028946312530552465,
        -0.01882487078000361,
        -0.014642954808997355,
        -0.031848797923580974,
        -0.025960591133004973,
        -0.016421987680666716
    ],
    "states": [
        0.013134665630958265,
        0.01056689342403628,
        0.010198772537110578,
        0.009860291772959183,
        0.009557542025074493,
        0.009280886426592798,
        0.009106174938888299,
        0.008972833630775333,
        0.008687059665666857,
        0.008461538461538461,
        0.008322583181163589
    ],
    "selections": [
        null,
        null,
        "_entity_novelty:Instance-attribute",
        "_overlaps:character",
        "_subject_gaps:Instance-character-institution",
        "_subject_gaps:Instance-activity-character",
        "_overlaps:character",
        "_overlaps:character",
        "_subject_gaps:Instance-attribute-character",
        "_subject_gaps:Instance-attribute-character",
        "_trust:Source"
    ]
}