{
    "actions": [
        null,
        4,
        3,
        4,
        3,
        6,
        6,
        4,
        5,
        4,
        4
    ],
    "rewards": [
        0,
        0,
        0.005680525453779506,
        0.005050132962227671,
        0.005462905025522158,
        0.004620983525446487,
        0.001599931124759424,
        0.0018959098743889236,
        0.001865670020501753,
        0.004227820799351134,
        0.0017686224684818619
    ],
    "states": [
        2.446941642191291,
        2.4715224192458596,
        2.4855619652579723,
        2.498114383668381,
        2.511761345289252,
        2.5233681530856873,
        2.527405368333036,
        2.532197101127442,
        2.536921345345017,
        2.5476469941751843,
        2.5521528198908427
    ],
    "selections": [
        null,
        null,
        "_subject_gaps:Instance-attribute-character",
        "_entity_novelty:Instance-character",
        "_subject_gaps:Instance-attribute-character",
        "_entity_novelty:Instance-character",
        "_overlaps:attribute",
        "_overlaps:attribute",
        "_subject_gaps:Instance-attribute-character",
        "_complement_gaps:Instance-attribute-character",
        "_subject_gaps:Instance-attribute-character"
    ]
}