{
    "abstract_actions": [
        null,
        7,
        7,
        2,
        5,
        7,
        5,
        5,
        5,
        6,
        6
    ],
    "specific_actions": [
        null,
        25,
        25,
        25,
        11,
        25,
        11,
        11,
        11,
        11,
        11
    ],
    "rewards": [
        0,
        0,
        0.0015847085039750741,
        0.0011189201939216797,
        0.0010955009573860863,
        0.0005461916828402025,
        0.002255903234288592,
        0.001009321136103969,
        0.00045117828477314603,
        0.00043445054670909755,
        0.003388819768227469
    ],
    "states": [
        12.351063829787234,
        12.273972602739725,
        12.293423271500844,
        12.307178631051753,
        12.320661157024793,
        12.327390599675851,
        12.3552,
        12.367670364500793,
        12.373250388802488,
        12.378625954198473,
        12.420574886535553
    ],
    "selections": [
        null,
        null,
        "_trust:Source",
        "_trust:Source",
        "_statement_novelty:Actor-Source",
        "_complement_gaps:Instance-attribute-character",
        "_trust:Source",
        "_complement_gaps:Instance-attribute-character",
        "_complement_gaps:Instance-attribute-character",
        "_complement_gaps:Instance-attribute-character",
        "_overlaps:attribute-physical-appearance"
    ]
}