{
    "abstract_actions": [
        null,
        3,
        7,
        4,
        3,
        4,
        3,
        7,
        6,
        7,
        6
    ],
    "specific_actions": [
        null,
        11,
        25,
        null,
        11,
        null,
        11,
        25,
        null,
        25,
        null
    ],
    "rewards": [
        0,
        0,
        -0.004572339443768669,
        -0.0023016786380410936,
        -0.004703048199334314,
        0.002533148658440787,
        -0.0025881851560451974,
        -0.0028316616825891927,
        0.0004694597406551537,
        0.001022894446487621,
        0.00037203000671870434
    ],
    "states": [
        11.742296918767506,
        10.985714285714286,
        10.935483870967742,
        10.910313901345292,
        10.859002169197398,
        10.886509635974305,
        10.858333333333333,
        10.827586206896552,
        10.832669322709163,
        10.84375,
        10.847784200385357
    ],
    "selections": [
        null,
        null,
        "_entity_novelty:Instance-attribute",
        "_trust:Source",
        "_subject_gaps:Instance-activity-character",
        "_entity_novelty:Instance-attribute",
        "_subject_gaps:Instance-character-gender",
        "_entity_novelty:Instance-attribute",
        "_trust:Source",
        "_overlaps:character",
        "_trust:Source"
    ]
}