{
    "abstract_actions": [
        null,
        5,
        5,
        5,
        5,
        5,
        5,
        5,
        5,
        2,
        7
    ],
    "specific_actions": [
        null,
        11,
        11,
        11,
        11,
        11,
        11,
        11,
        11,
        25,
        25
    ],
    "rewards": [
        0,
        0,
        -0.003931064376784255,
        -0.0029074129651860403,
        -0.0012016445057748681,
        -0.002657411611626359,
        -0.004350941236275663,
        -0.004108801983715993,
        -0.0025404231645819175,
        0.0004906927557415397,
        -0.003443327595563872
    ],
    "states": [
        11.742296918767506,
        10.985714285714286,
        10.942528735632184,
        10.910714285714286,
        10.89760348583878,
        10.86864406779661,
        10.821355236139631,
        10.776892430278885,
        10.749514563106796,
        10.754789272030651,
        10.717757009345794
    ],
    "selections": [
        null,
        null,
        "_complement_gaps:Instance-attribute-character",
        "_complement_gaps:Instance-attribute-character",
        "_complement_gaps:Instance-attribute-character",
        "_complement_gaps:Instance-attribute-character",
        "_complement_gaps:Instance-attribute-character",
        "_complement_gaps:Instance-attribute-character",
        "_complement_gaps:Instance-attribute-character",
        "_complement_gaps:Instance-attribute-character",
        "_statement_novelty:Actor-Source"
    ]
}