{
    "abstract_actions": [
        null,
        5,
        4,
        3,
        6,
        2,
        7,
        6,
        4,
        5,
        3
    ],
    "specific_actions": [
        null,
        11,
        null,
        11,
        11,
        25,
        25,
        11,
        null,
        11,
        11
    ],
    "rewards": [
        0,
        0,
        0.03260869565217406,
        0.0378947368421052,
        0.011156186612576224,
        0.033099297893680824,
        0.010679611650485477,
        0.01056676272814605,
        0.027566539923954192,
        0.03885291396854762,
        0.037399821905609976
    ],
    "states": [
        16.84313725490196,
        18.03921568627451,
        18.627450980392158,
        19.333333333333332,
        19.54901960784314,
        20.19607843137255,
        20.41176470588235,
        20.627450980392158,
        21.19607843137255,
        22.019607843137255,
        22.84313725490196
    ],
    "selections": [
        null,
        null,
        "_complement_gaps:Instance-attribute-character",
        "_subject_gaps:Instance-ability-character",
        "_entity_novelty:Instance-attribute",
        "_overlaps:attribute-physical-appearance",
        "_statement_novelty:Actor-Source",
        "_trust:Source",
        "_overlaps:attribute-physical-appearance",
        "_subject_gaps:Instance-attribute-character",
        "_complement_gaps:Instance-attribute-character"
    ]
}