{
    "abstract_actions": [
        null,
        5,
        7,
        7,
        7,
        2,
        7,
        5,
        7,
        7,
        7
    ],
    "specific_actions": [
        null,
        11,
        25,
        25,
        25,
        25,
        25,
        11,
        25,
        25,
        25
    ],
    "rewards": [
        0,
        0,
        0.4539915966386556,
        -0.024590163934426257,
        -0.015732150060508432,
        -0.015488482922954572,
        -0.015252248728979456,
        -0.015023112480739509,
        0.3012531328320802,
        -0.0184501845018451,
        -0.014186977082575436
    ],
    "states": [
        0.0,
        0.0008669267446900737,
        0.0012605042016806723,
        0.0012295081967213116,
        0.0012101653892698668,
        0.0011914217633042098,
        0.0011732499022291747,
        0.0011556240369799693,
        0.0015037593984962407,
        0.0014760147601476014,
        0.0014550745725718443
    ],
    "selections": [
        null,
        null,
        "_complement_gaps:Instance-attribute-character",
        "_trust:Source",
        "_trust:Source",
        "_trust:Source",
        "_statement_novelty:Actor-Source",
        "_trust:Source",
        "_complement_gaps:Instance-attribute-character",
        "_trust:Source",
        "_trust:Source"
    ]
}