{
    "abstract_actions": [
        null,
        7,
        4,
        3,
        4,
        7,
        5,
        3,
        3,
        4,
        2
    ],
    "specific_actions": [
        null,
        25,
        null,
        11,
        null,
        25,
        11,
        11,
        null,
        null,
        25
    ],
    "rewards": [
        0,
        0,
        -0.00583078149251226,
        -0.0006281811129401627,
        0.0003228726231223611,
        -0.0027394573843864123,
        0.00038752774723560535,
        -0.004382193542279533,
        -0.002746786125550127,
        -0.0022571819425444284,
        0.0004368035867343689
    ],
    "states": [
        11.742296918767506,
        10.985714285714286,
        10.921658986175116,
        10.914798206278027,
        10.918322295805739,
        10.888412017167383,
        10.892631578947368,
        10.844897959183674,
        10.815109343936381,
        10.790697674418604,
        10.795411089866157
    ],
    "selections": [
        null,
        null,
        "_trust:Source",
        "_subject_gaps:Instance-attribute-character",
        "_entity_novelty:Instance-attribute",
        "_subject_gaps:Instance-character-physical-appearance",
        "_trust:Source",
        "_complement_gaps:Instance-attribute-character",
        "_entity_novelty:Instance-attribute",
        "_entity_novelty:Instance-character",
        "_subject_gaps:Instance-attribute-character"
    ]
}