{
    "abstract_actions": [
        null,
        3,
        7,
        5,
        5,
        5,
        3,
        3,
        4,
        3,
        3
    ],
    "specific_actions": [
        null,
        11,
        25,
        11,
        11,
        11,
        11,
        null,
        null,
        11,
        null
    ],
    "rewards": [
        0,
        0,
        0.02860858257477239,
        0.025284450063211228,
        0.02877106452938749,
        0.025569316819816112,
        0.027269185820023356,
        0.023890784982935065,
        0.02111111111111108,
        0.023213638012332227,
        0.022332506203474045
    ],
    "states": [
        2096.0,
        2307.0,
        2373.0,
        2433.0,
        2503.0,
        2567.0,
        2637.0,
        2700.0,
        2757.0,
        2821.0,
        2884.0
    ],
    "selections": [
        null,
        null,
        "_entity_novelty:Instance-attribute",
        "_trust:Source",
        "_complement_gaps:Instance-attribute-character",
        "_complement_gaps:Instance-attribute-character",
        "_complement_gaps:Instance-attribute-character",
        "_entity_novelty:Instance-attribute",
        "_entity_novelty:Instance-character",
        "_subject_gaps:Instance-attribute-character",
        "_entity_novelty:Instance-attribute"
    ]
}