{
    "abstract_actions": [
        null,
        4,
        4,
        7,
        4,
        4,
        4,
        4,
        5,
        5,
        4
    ],
    "specific_actions": [
        null,
        null,
        null,
        25,
        null,
        null,
        null,
        null,
        11,
        11,
        null
    ],
    "rewards": [
        0,
        0,
        0.004568289648148038,
        0.0029876400675195036,
        0.004630050826283538,
        0.002807130785946521,
        0.004829814658032783,
        0.004098612075202901,
        0.0025330859909182823,
        0.004303980027574816,
        0.0036735439826145466
    ],
    "states": [
        2.5216353390038155,
        2.545393046476079,
        2.5570211391807636,
        2.5646605979896746,
        2.5765351069105336,
        2.5837677779302144,
        2.5962468974170143,
        2.606887906300976,
        2.6134913775363215,
        2.624739792227477,
        2.6343818892971433
    ],
    "selections": [
        null,
        null,
        "_subject_gaps:Instance-attribute-character",
        "_subject_gaps:Instance-attribute-character",
        "_trust:Source",
        "_subject_gaps:Instance-activity-character",
        "_subject_gaps:Instance-attribute-character",
        "_subject_gaps:Instance-attribute-character",
        "_subject_gaps:Instance-attribute-character",
        "_complement_gaps:Instance-attribute-character",
        "_complement_gaps:Instance-attribute-character"
    ]
}