{
    "abstract_actions": [
        null,
        3,
        7,
        5,
        7,
        5,
        7,
        7,
        2,
        2,
        5
    ],
    "specific_actions": [
        null,
        11,
        25,
        11,
        25,
        11,
        25,
        25,
        25,
        25,
        11
    ],
    "rewards": [
        0,
        0,
        0.008940751710637018,
        0.010285386444287115,
        0.010666378964282464,
        0.0069350532742780135,
        0.009470190930449762,
        0.006226970016654398,
        0.005182807768592035,
        0.0050213306460211715,
        0.004867334934128387
    ],
    "states": [
        2.261951971799956,
        2.3403682236617795,
        2.3612928748610043,
        2.3855796845870914,
        2.411025181552391,
        2.4277457696320828,
        2.4507369856010905,
        2.4659976513291344,
        2.4787784431137725,
        2.491225209274876,
        2.5033508367647612
    ],
    "selections": [
        null,
        null,
        "_entity_novelty:Instance-attribute",
        "_trust:Source",
        "_complement_gaps:Instance-attribute-character",
        "_trust:Source",
        "_complement_gaps:Instance-attribute-character",
        "_trust:Source",
        "_trust:Source",
        "_statement_novelty:Actor-Source",
        "_statement_novelty:Actor-Source"
    ]
}