{
    "actions": [
        null,
        7,
        2,
        5,
        4,
        3,
        6,
        4,
        4,
        7,
        7
    ],
    "rewards": [
        0,
        0,
        0.0019985498893826392,
        0.002807763379224726,
        -0.0005483129256190766,
        0.000587482321720012,
        0.0016639280674854984,
        0.0032951580760114396,
        -0.0006167965578920409,
        0.0024767903299434124,
        0.0024336294517455226
    ],
    "states": [
        12.312280701754386,
        12.23728813559322,
        12.261744966442953,
        12.296173044925125,
        12.289430894308943,
        12.296650717703349,
        12.317111459968602,
        12.35769828926905,
        12.350076103500761,
        12.380664652567976,
        12.410794602698651
    ],
    "selections": [
        null,
        null,
        "_trust:Source",
        "_statement_novelty:Actor-Source",
        "_complement_gaps:Instance-attribute-character",
        "_subject_gaps:Instance-attribute-character",
        "_entity_novelty:Instance-attribute",
        "_overlaps:character",
        "_subject_gaps:Instance-attribute-character",
        "_subject_gaps:Instance-attribute-character",
        "_trust:Source"
    ]
}