{
    "actions": [
        null,
        3,
        3,
        6,
        2,
        2,
        6,
        6,
        7,
        2,
        6
    ],
    "rewards": [
        0,
        0,
        0.45752324598478444,
        0.2982167352537721,
        -0.018578352180936952,
        -0.015506958250497083,
        -0.015270164447924839,
        -0.017692307692307674,
        -0.014778325123152691,
        -0.014563106796116387,
        -0.014354066985646008
    ],
    "states": [
        0.0,
        0.0008699434536755111,
        0.001267962806424345,
        0.0016460905349794238,
        0.0016155088852988692,
        0.0015904572564612327,
        0.0015661707126076742,
        0.0015384615384615385,
        0.0015157256536566881,
        0.0014936519790888724,
        0.001472211998527788
    ],
    "selections": [
        null,
        null,
        "_entity_novelty:Instance-character",
        "_entity_novelty:Instance-attribute",
        "_overlaps:character",
        "_statement_novelty:Actor-Source",
        "_statement_novelty:Actor-Source",
        "_overlaps:character",
        "_overlaps:character",
        "_trust:Source",
        "_statement_novelty:Actor-Source"
    ]
}