{
    "abstract_actions": [
        null,
        4,
        7,
        5,
        5,
        5,
        5,
        4,
        3,
        4,
        5
    ],
    "specific_actions": [
        null,
        null,
        25,
        11,
        11,
        11,
        11,
        null,
        11,
        null,
        11
    ],
    "rewards": [
        0,
        0,
        0.004774119200680937,
        0.0036316072348756556,
        0.004737533305088082,
        0.00512433267806256,
        0.00434582313766918,
        0.004702359950391921,
        0.004001141614577319,
        0.0016745300029812338,
        0.0037954664113208914
    ],
    "states": [
        2.461965811965812,
        2.485654862897488,
        2.497521675504713,
        2.506591693290735,
        2.518466754919957,
        2.5313722164108072,
        2.542373112358938,
        2.5543282658614483,
        2.5645484949832777,
        2.5688429083822277,
        2.5785928653569523
    ],
    "selections": [
        null,
        null,
        "_subject_gaps:Instance-attribute-character",
        "_trust:Source",
        "_complement_gaps:Instance-attribute-character",
        "_complement_gaps:Instance-attribute-character",
        "_complement_gaps:Instance-attribute-character",
        "_complement_gaps:Instance-attribute-character",
        "_subject_gaps:Instance-attribute-character",
        "_entity_novelty:Instance-attribute",
        "_subject_gaps:Instance-character-enchantment"
    ]
}