{
    "actions": [
        null,
        4,
        7,
        4,
        4,
        7,
        2,
        5,
        3,
        7,
        7
    ],
    "rewards": [
        0,
        0,
        0.05239179954441919,
        0.01948051948051943,
        0.019108280254777288,
        0.04791666666666661,
        0.017892644135188762,
        0.017578125,
        0.051823416506717734,
        0.04197080291970812,
        0.015761821366024664
    ],
    "states": [
        7.0588235294117645,
        8.607843137254902,
        9.058823529411764,
        9.235294117647058,
        9.411764705882353,
        9.862745098039216,
        10.03921568627451,
        10.215686274509803,
        10.745098039215685,
        11.196078431372548,
        11.372549019607844
    ],
    "selections": [
        null,
        null,
        "_subject_gaps:Instance-attribute-character",
        "_trust:Source",
        "_subject_gaps:Instance-attribute-character",
        "_subject_gaps:Instance-attribute-character",
        "_trust:Source",
        "_statement_novelty:Actor-Source",
        "_complement_gaps:Instance-attribute-character",
        "_entity_novelty:Instance-character",
        "_trust:Source"
    ]
}