{
    "actions": [
        null,
        4,
        7,
        7,
        2,
        4,
        4,
        4,
        4,
        4,
        3
    ],
    "rewards": [
        0,
        0,
        0.06378132118451019,
        0.01927194860813719,
        0.018907563025210017,
        0.01855670103092777,
        0.054655870445344146,
        0.04414587332053754,
        0.016544117647058876,
        0.041591320072332794,
        0.03993055555555536
    ],
    "states": [
        7.0588235294117645,
        8.607843137254902,
        9.156862745098039,
        9.333333333333334,
        9.509803921568627,
        9.686274509803921,
        10.215686274509803,
        10.666666666666666,
        10.843137254901961,
        11.294117647058824,
        11.745098039215685
    ],
    "selections": [
        null,
        null,
        "_subject_gaps:Instance-attribute-character",
        "_trust:Source",
        "_trust:Source",
        "_statement_novelty:Actor-Source",
        "_subject_gaps:Instance-attribute-character",
        "_subject_gaps:Instance-attribute-character",
        "_subject_gaps:Instance-attribute-character",
        "_subject_gaps:Instance-attribute-character",
        "_subject_gaps:Instance-attribute-character"
    ]
}