{
    "abstract_actions": [
        null,
        3,
        4,
        3,
        6,
        3,
        4,
        7,
        2,
        2,
        4
    ],
    "specific_actions": [
        null,
        null,
        null,
        11,
        null,
        null,
        null,
        25,
        25,
        25,
        null
    ],
    "rewards": [
        0,
        0,
        0.173898678414097,
        0.1427544048903273,
        0.12019938824062515,
        -0.01740259740259731,
        0.10322210901681106,
        -0.01033526594403833,
        -0.014409937888198776,
        -0.010083620265617266,
        -0.00998295592890186
    ],
    "states": [
        0.0008741258741258741,
        0.0014072614691809737,
        0.0016519823788546256,
        0.0018878101402373248,
        0.0021147237642083,
        0.002077922077922078,
        0.002292409577177789,
        0.002268716914544996,
        0.0022360248447204968,
        0.0022134776192818495,
        0.002191380569758948
    ],
    "selections": [
        null,
        null,
        "_entity_novelty:Instance-character",
        "_subject_gaps:Instance-attribute-character",
        "_entity_novelty:Instance-attribute",
        "_overlaps:character",
        "_entity_novelty:Instance-character",
        "_subject_gaps:Instance-attribute-character",
        "_trust:Source",
        "_statement_novelty:Actor-Source",
        "_statement_novelty:Actor-Source"
    ]
}