{
    "abstract_actions": [
        null,
        7,
        2,
        7,
        7,
        4,
        5,
        7,
        5,
        4,
        4
    ],
    "specific_actions": [
        null,
        25,
        25,
        25,
        25,
        null,
        11,
        25,
        11,
        null,
        null
    ],
    "rewards": [
        0,
        0,
        0.027308192457737412,
        0.016455696202531733,
        0.016189290161892966,
        0.01593137254901955,
        0.0281463610776036,
        0.02737583105201402,
        0.019033117624666973,
        0.026148673888681362,
        0.02329814342919545
    ],
    "states": [
        2096.0,
        2307.0,
        2370.0,
        2409.0,
        2448.0,
        2487.0,
        2557.0,
        2627.0,
        2677.0,
        2747.0,
        2811.0
    ],
    "selections": [
        null,
        null,
        "_trust:Source",
        "_statement_novelty:Actor-Source",
        "_trust:Source",
        "_trust:Source",
        "_subject_gaps:Instance-attribute-character",
        "_complement_gaps:Instance-attribute-character",
        "_trust:Source",
        "_complement_gaps:Instance-attribute-character",
        "_subject_gaps:Instance-attribute-character"
    ]
}