{
    "actions": [
        null,
        4,
        2,
        5,
        5,
        4,
        7,
        7,
        7,
        4,
        6
    ],
    "rewards": [
        0,
        0,
        -0.011796246648793529,
        -0.010872447626624204,
        0.08690012970168604,
        0.0787331467819894,
        0.07021802754270934,
        -0.010128458498023685,
        -0.01002690144289542,
        -0.009927360774818483,
        0.0642641928322234
    ],
    "states": [
        0.0022315202231520223,
        0.0024416711882799783,
        0.002412868632707775,
        0.002386634844868735,
        0.0025940337224383916,
        0.0027982701602645636,
        0.0029947591714499623,
        0.0029644268774703555,
        0.00293470286133529,
        0.0029055690072639223,
        0.003092293054234063
    ],
    "selections": [
        null,
        null,
        "_subject_gaps:Instance-attribute-character",
        "_statement_novelty:Actor-Source",
        "_complement_gaps:Instance-attribute-character",
        "_complement_gaps:Instance-attribute-character",
        "_subject_gaps:Instance-attribute-character",
        "_trust:Source",
        "_trust:Source",
        "_trust:Source",
        "_subject_gaps:Instance-attribute-character"
    ]
}