{
    "abstract_actions": [
        null,
        3,
        6,
        7,
        7,
        7,
        6,
        7,
        7,
        7,
        5
    ],
    "specific_actions": [
        null,
        11,
        null,
        25,
        25,
        25,
        null,
        25,
        25,
        25,
        11
    ],
    "rewards": [
        0,
        0,
        -0.040000000000000036,
        0.16666666666666674,
        0.0,
        0.0,
        0.0,
        0.0,
        0.0,
        0.0,
        0.0
    ],
    "states": [
        1.3333333333333333,
        1.25,
        1.2,
        1.4,
        1.4,
        1.4,
        1.4,
        1.4,
        1.4,
        1.4,
        1.4
    ],
    "selections": [
        null,
        null,
        "_entity_novelty:Instance-attribute",
        "_overlaps:character",
        "_trust:Source",
        "_trust:Source",
        "_trust:Source",
        "_overlaps:character",
        "_trust:Source",
        "_trust:Source",
        "_trust:Source"
    ]
}