{
    "abstract_actions": [
        null,
        5,
        4,
        5,
        7,
        7,
        5,
        5,
        4,
        4,
        4
    ],
    "specific_actions": [
        null,
        11,
        null,
        11,
        25,
        25,
        11,
        11,
        null,
        null,
        null
    ],
    "rewards": [
        0,
        0,
        0.03164282618118763,
        0.026890756302520913,
        0.02864157119476274,
        0.023866348448687402,
        0.015151515151515138,
        0.026789131266743205,
        0.02609019754006714,
        0.025426807119506067,
        0.02267091746369121
    ],
    "states": [
        2096.0,
        2307.0,
        2380.0,
        2444.0,
        2514.0,
        2574.0,
        2613.0,
        2683.0,
        2753.0,
        2823.0,
        2887.0
    ],
    "selections": [
        null,
        null,
        "_complement_gaps:Instance-attribute-character",
        "_subject_gaps:Instance-character-object",
        "_complement_gaps:Instance-attribute-character",
        "_trust:Source",
        "_trust:Source",
        "_complement_gaps:Instance-attribute-character",
        "_complement_gaps:Instance-attribute-character",
        "_subject_gaps:Instance-character-object",
        "_subject_gaps:Instance-character-physical-appearance"
    ]
}