{
    "actions": [
        null,
        5,
        5,
        3,
        5,
        5,
        7,
        2,
        2,
        4,
        3
    ],
    "rewards": [
        0,
        0,
        0.4538364249578415,
        0.2951132951132953,
        0.2180766161213088,
        0.16739130434782612,
        0.1358024691358024,
        -0.01452513966480451,
        -0.014317180616740033,
        -0.014115092290988174,
        0.11461852654934201
    ],
    "states": [
        0.0,
        0.0008699434536755111,
        0.0012647554806070826,
        0.001638001638001638,
        0.0019952114924181963,
        0.002329192546583851,
        0.0026455026455026454,
        0.0026070763500931097,
        0.0025697503671071953,
        0.0025334781035106766,
        0.0028238616307800918
    ],
    "selections": [
        null,
        null,
        "_complement_gaps:Instance-attribute-character",
        "_complement_gaps:Instance-attribute-character",
        "_entity_novelty:Instance-character",
        "_complement_gaps:Instance-attribute-character",
        "_complement_gaps:Instance-attribute-character",
        "_trust:Source",
        "_statement_novelty:Actor-Source",
        "_statement_novelty:Actor-Source",
        "_subject_gaps:Instance-attribute-character"
    ]
}