{
    "abstract_actions": [
        null,
        3,
        4,
        3,
        3,
        7,
        7,
        5,
        4,
        5,
        5
    ],
    "specific_actions": [
        null,
        null,
        null,
        11,
        null,
        25,
        25,
        11,
        null,
        11,
        11
    ],
    "rewards": [
        0,
        0,
        -0.01998558076365542,
        -0.0365582944604711,
        -0.030175712508068164,
        -0.02882722305832941,
        -0.02985402074361443,
        -0.014663253268021426,
        -0.02214205586592166,
        -0.0262478318679068,
        -0.025578069112769053
    ],
    "states": [
        0.013134665630958265,
        0.01056689342403628,
        0.010355707922089265,
        0.009977120902526893,
        0.009676054170514004,
        0.009397120398616118,
        0.00911657857130559,
        0.008982899870776719,
        0.008784,
        0.008553439044872307,
        0.008334658589830705
    ],
    "selections": [
        null,
        null,
        "_entity_novelty:Instance-character",
        "_subject_gaps:Instance-attribute-character",
        "_entity_novelty:Instance-attribute",
        "_entity_novelty:Instance-character",
        "_trust:Source",
        "_trust:Source",
        "_complement_gaps:Instance-attribute-character",
        "_subject_gaps:Instance-attribute-character",
        "_complement_gaps:Instance-attribute-character"
    ]
}