{
    "abstract_actions": [
        null,
        4,
        4,
        7,
        4,
        7,
        7,
        4,
        5,
        3,
        6
    ],
    "specific_actions": [
        null,
        null,
        null,
        25,
        null,
        25,
        25,
        null,
        11,
        11,
        null
    ],
    "rewards": [
        0,
        0,
        -0.02777777777777768,
        -0.020408163265306256,
        0.12500000000000022,
        -0.0277777777777779,
        0.10000000000000009,
        0.0,
        0.0,
        -0.030303030303030387,
        -0.02499999999999991
    ],
    "states": [
        1.25,
        1.2,
        1.1666666666666667,
        1.1428571428571428,
        1.2857142857142858,
        1.25,
        1.375,
        1.375,
        1.375,
        1.3333333333333333,
        1.3
    ],
    "selections": [
        null,
        null,
        "_subject_gaps:Instance-attribute-character",
        "_subject_gaps:Instance-character-object",
        "_trust:Source",
        "_subject_gaps:Instance-attribute-character",
        "_trust:Source",
        "_trust:Source",
        "_subject_gaps:Instance-attribute-character",
        "_complement_gaps:Instance-attribute-character",
        "_entity_novelty:Instance-attribute"
    ]
}