{
    "abstract_actions": [
        null,
        4,
        3,
        4,
        4,
        6,
        3,
        7,
        4,
        4,
        4
    ],
    "specific_actions": [
        null,
        null,
        11,
        null,
        null,
        null,
        null,
        25,
        null,
        null,
        null
    ],
    "rewards": [
        0,
        0,
        0.004937192110252786,
        0.0031341710244985332,
        0.004912341327007574,
        0.004114079968609685,
        0.0030725096363692916,
        0.004984132449884271,
        0.003173144681165363,
        0.0026116542928837916,
        0.0035289881933167067
    ],
    "states": [
        2.454692615058733,
        2.4771751124692303,
        2.489405401890228,
        2.497207624169062,
        2.5094747603833865,
        2.5197989402268113,
        2.527541046752371,
        2.540138646101904,
        2.548198873536205,
        2.5548538880633975,
        2.5638699372700224
    ],
    "selections": [
        null,
        null,
        "_subject_gaps:Instance-attribute-character",
        "_entity_novelty:Instance-attribute",
        "_subject_gaps:Instance-attribute-character",
        "_subject_gaps:Instance-attribute-character",
        "_overlaps:character",
        "_entity_novelty:Instance-character",
        "_trust:Source",
        "_subject_gaps:Instance-attribute-character",
        "_subject_gaps:Instance-attribute-character"
    ]
}