{
    "abstract_actions": [
        null,
        4,
        7,
        7,
        5,
        5,
        4,
        6,
        4,
        3,
        7
    ],
    "specific_actions": [
        null,
        null,
        25,
        25,
        11,
        11,
        null,
        11,
        null,
        null,
        25
    ],
    "rewards": [
        0,
        0,
        0.0027553347143618456,
        0.0036381776676359667,
        0.002019798884269175,
        0.004967422777412578,
        0.004411071997934446,
        0.004225494534629393,
        0.0026025474434758777,
        0.003960720795778139,
        0.0037985553593018473
    ],
    "states": [
        2.520017210004373,
        2.543910684802264,
        2.550920010222336,
        2.5602007104354523,
        2.565371800973895,
        2.578115087290585,
        2.589487338559585,
        2.6004292031561604,
        2.6071969435307745,
        2.6175233226837062,
        2.627466129929184
    ],
    "selections": [
        null,
        null,
        "_subject_gaps:Instance-attribute-character",
        "_trust:Source",
        "_trust:Source",
        "_complement_gaps:Instance-attribute-character",
        "_complement_gaps:Instance-attribute-character",
        "_subject_gaps:Instance-attribute-character",
        "_overlaps:attribute-object",
        "_subject_gaps:Instance-character-product",
        "_entity_novelty:Instance-character"
    ]
}