{
    "actions": [
        null,
        7,
        4,
        7,
        7,
        4,
        3,
        3,
        2,
        4,
        5
    ],
    "rewards": [
        0,
        0,
        -0.017941050832977368,
        0.4564496059726255,
        -0.015918367346938855,
        -0.015668943350743203,
        0.29686075289826763,
        0.21950057186427752,
        -0.014650638617580758,
        -0.01443909663087739,
        0.17222423146473775
    ],
    "states": [
        0.0,
        0.0008699434536755111,
        0.0008543357539513029,
        0.001244296972210701,
        0.0012244897959183673,
        0.0012053033346725592,
        0.0015631105900742479,
        0.0019062142584826535,
        0.0018782870022539444,
        0.0018511662347278786,
        0.00216998191681736
    ],
    "selections": [
        null,
        null,
        "_trust:Source",
        "_subject_gaps:Instance-attribute-character",
        "_trust:Source",
        "_trust:Source",
        "_subject_gaps:Instance-attribute-character",
        "_entity_novelty:Instance-character",
        "_entity_novelty:Instance-attribute",
        "_statement_novelty:Actor-Source",
        "_subject_gaps:Instance-attribute-character"
    ]
}