{
    "abstract_actions": [
        null,
        3,
        4,
        4,
        5,
        4,
        7,
        2,
        4,
        4,
        4
    ],
    "specific_actions": [
        null,
        null,
        null,
        null,
        11,
        null,
        25,
        25,
        null,
        null,
        null
    ],
    "rewards": [
        0,
        0,
        0.06951172397396643,
        0.06113245810652157,
        -0.012333965844402384,
        0.055558204969240244,
        0.05090561612300748,
        -0.014974543276429997,
        -0.011545293072824259,
        -0.011413520632133412,
        0.04525379982793232
    ],
    "states": [
        0.003434065934065934,
        0.003667889296432144,
        0.003922850604772802,
        0.004162664105027218,
        0.004111321948134092,
        0.0043397396156230625,
        0.004560656734569778,
        0.004492362982929021,
        0.004440497335701598,
        0.004389815627743635,
        0.004588471465443074
    ],
    "selections": [
        null,
        null,
        "_entity_novelty:Instance-character",
        "_subject_gaps:Instance-attribute-character",
        "_subject_gaps:Instance-attribute-character",
        "_complement_gaps:Instance-attribute-character",
        "_subject_gaps:Instance-attribute-character",
        "_trust:Source",
        "_statement_novelty:Actor-Source",
        "_subject_gaps:Instance-attribute-character",
        "_subject_gaps:Instance-character-enchantment"
    ]
}