{
    "abstract_actions": [
        null,
        4,
        7,
        7,
        2,
        7,
        7,
        7,
        7,
        7,
        7
    ],
    "specific_actions": [
        null,
        null,
        25,
        25,
        25,
        25,
        25,
        25,
        25,
        25,
        25
    ],
    "rewards": [
        0,
        0,
        0.058663028649386106,
        0.028350515463917647,
        0.013784461152882344,
        0.013597033374536327,
        0.013414634146341475,
        0.013237063778580138,
        0.013064133016627011,
        0.01289566236811246,
        0.0127314814814814
    ],
    "states": [
        13.568627450980392,
        14.372549019607844,
        15.215686274509803,
        15.647058823529411,
        15.862745098039216,
        16.07843137254902,
        16.294117647058822,
        16.50980392156863,
        16.725490196078432,
        16.941176470588236,
        17.15686274509804
    ],
    "selections": [
        null,
        null,
        "_subject_gaps:Instance-ability-character",
        "_trust:Source",
        "_trust:Source",
        "_statement_novelty:Actor-Source",
        "_trust:Source",
        "_trust:Source",
        "_trust:Source",
        "_trust:Source",
        "_trust:Source"
    ]
}