{
    "actions": [
        null,
        5,
        5,
        5,
        5,
        7,
        2,
        4,
        7,
        4,
        7
    ],
    "rewards": [
        0,
        0,
        0.011533907175554026,
        0.010995044451151292,
        0.004760065990016882,
        0.00890641991709984,
        0.004360416038035719,
        0.004240659231225852,
        0.007904778303834403,
        0.0039047874665818494,
        0.007257193395077355
    ],
    "states": [
        2.2621093381172694,
        2.347540138706822,
        2.374616448757554,
        2.4007254621660783,
        2.4121530737899026,
        2.4336367219693984,
        2.444248390562626,
        2.4546136150634745,
        2.474016791512125,
        2.483677301271735,
        2.5017018277780276
    ],
    "selections": [
        null,
        null,
        "_complement_gaps:Instance-attribute-character",
        "_complement_gaps:Instance-attribute-character",
        "_complement_gaps:Instance-attribute-character",
        "_complement_gaps:Instance-attribute-character",
        "_trust:Source",
        "_statement_novelty:Actor-Source",
        "_subject_gaps:Instance-attribute-character",
        "_trust:Source",
        "_subject_gaps:Instance-attribute-character"
    ]
}