{
    "actions": [
        null,
        3,
        3,
        7,
        4,
        3,
        5,
        3,
        4,
        7,
        4,
        4,
        5,
        3,
        4,
        7,
        7,
        6,
        3,
        7,
        4,
        7,
        5,
        5,
        3,
        5
    ],
    "rewards": [
        0,
        0,
        -0.00023427575656598254,
        0.0004654787936519966,
        0.0022207249649313088,
        0.0004113917704455794,
        0.0021483350753148667,
        0.00036179311664019664,
        0.00035063317890271506,
        -0.000545071635424943,
        0.0020146901466111533,
        0.00031008646717123334,
        0.0011598962423551296,
        0.0002805477625620334,
        0.00189226664973563,
        0.0018664728248714013,
        0.001841206172067178,
        0.0018164523347237171,
        0.0001627618036392775,
        0.0017664593299735465,
        0.0017433518862091102,
        0.00010901043956645928,
        0.0016969382038436454,
        0.0016753238425033512,
        6.053310509535059e-05,
        0.0016321427396346344
    ],
    "states": [
        12.379310344827585,
        12.315642458100559,
        12.312757201646091,
        12.318488529014845,
        12.345844504021448,
        12.350923482849604,
        12.37745740498034,
        12.381935483870969,
        12.386277001270647,
        12.379525593008738,
        12.404466501240694,
        12.408312958435207,
        12.422705314009661,
        12.426190476190476,
        12.449704142011834,
        12.472941176470588,
        12.495906432748537,
        12.518604651162791,
        12.520642201834862,
        12.542759407069555,
        12.564625850340136,
        12.56599552572707,
        12.587319243604005,
        12.608407079646017,
        12.609170305676855,
        12.629750271444083
    ],
    "selections": [
        null,
        null,
        "_entity_novelty:Instance-character",
        "_entity_novelty:Instance-attribute",
        "_trust:Source",
        "_subject_gaps:Instance-attribute-character",
        "_entity_novelty:Instance-character",
        "_complement_gaps:Instance-attribute-character",
        "_entity_novelty:Instance-character",
        "_subject_gaps:Instance-attribute-character",
        "_trust:Source",
        "_subject_gaps:Instance-attribute-character",
        "_subject_gaps:Instance-attribute-character",
        "_complement_gaps:Instance-attribute-character",
        "_entity_novelty:Instance-attribute",
        "_subject_gaps:Instance-attribute-character",
        "_trust:Source",
        "_trust:Source",
        "_overlaps:character",
        "_entity_novelty:Instance-attribute",
        "_trust:Source",
        "_subject_gaps:Instance-attribute-character",
        "_trust:Source",
        "_complement_gaps:Instance-attribute-character",
        "_complement_gaps:Instance-attribute-character",
        "_entity_novelty:Instance-attribute"
    ]
}