{
    "actions": [
        null,
        7,
        5,
        3,
        7,
        4,
        7,
        4,
        5,
        5,
        4
    ],
    "rewards": [
        0,
        0,
        0.0,
        0.015873015873015817,
        0.012500000000000178,
        0.0,
        0.010101010101009944,
        0.0,
        0.0,
        0.008333333333333304,
        0.0
    ],
    "states": [
        0.8571428571428571,
        0.875,
        0.875,
        0.8888888888888888,
        0.9,
        0.9,
        0.9090909090909091,
        0.9090909090909091,
        0.9090909090909091,
        0.9166666666666666,
        0.9166666666666666
    ],
    "selections": [
        null,
        null,
        "_trust:Source",
        "_complement_gaps:Instance-attribute-character",
        "_entity_novelty:Instance-character",
        "_trust:Source",
        "_subject_gaps:Instance-attribute-character",
        "_trust:Source",
        "_subject_gaps:Instance-attribute-character",
        "_complement_gaps:Instance-attribute-character",
        "_complement_gaps:Instance-attribute-character"
    ]
}