{
    "abstract_actions": [
        null,
        7,
        2,
        2,
        5,
        3,
        4,
        3,
        2,
        2,
        4
    ],
    "specific_actions": [
        null,
        25,
        25,
        25,
        11,
        11,
        null,
        11,
        25,
        25,
        null
    ],
    "rewards": [
        0,
        0,
        0.027912621359223344,
        0.01298701298701288,
        0.012820512820512775,
        0.04833141542002295,
        0.01207464324917673,
        0.045553145336225676,
        0.011410788381742698,
        0.022564102564102573,
        0.011033099297893534
    ],
    "states": [
        15.235294117647058,
        16.15686274509804,
        16.607843137254903,
        16.823529411764707,
        17.03921568627451,
        17.862745098039216,
        18.07843137254902,
        18.901960784313726,
        19.11764705882353,
        19.54901960784314,
        19.764705882352942
    ],
    "selections": [
        null,
        null,
        "_trust:Source",
        "_statement_novelty:Actor-Source",
        "_statement_novelty:Actor-Source",
        "_complement_gaps:Instance-attribute-character",
        "_entity_novelty:Instance-attribute",
        "_subject_gaps:Instance-character-designation",
        "_entity_novelty:Instance-attribute",
        "_statement_novelty:Actor-Source",
        "_statement_novelty:Actor-Source"
    ]
}