{
    "abstract_actions": [
        null,
        4,
        4,
        5,
        2,
        4,
        4,
        5,
        7,
        2,
        7
    ],
    "specific_actions": [
        null,
        null,
        null,
        11,
        25,
        null,
        null,
        11,
        25,
        25,
        25
    ],
    "rewards": [
        0,
        0,
        0.14270227091178822,
        0.11835367312754252,
        -0.012896825396825462,
        -0.01273261508325163,
        -0.012572533849129597,
        0.1022583701831965,
        0.08707595110561739,
        -0.015216068167985375,
        -0.01172932330827059
    ],
    "states": [
        0.0017985611510791368,
        0.0020971688220901784,
        0.002396439575487847,
        0.002680067001675042,
        0.0026455026455026454,
        0.002611818478615736,
        0.0025789813023855577,
        0.002842703727100442,
        0.0030902348578491965,
        0.0030432136335970784,
        0.0030075187969924814
    ],
    "selections": [
        null,
        null,
        "_subject_gaps:Instance-attribute-character",
        "_subject_gaps:Instance-attribute-character",
        "_complement_gaps:Instance-attribute-character",
        "_statement_novelty:Actor-Source",
        "_subject_gaps:Instance-attribute-character",
        "_subject_gaps:Instance-ability-character",
        "_complement_gaps:Instance-attribute-character",
        "_trust:Source",
        "_statement_novelty:Actor-Source"
    ]
}