{
    "actions": [
        null,
        5,
        7,
        5,
        7,
        2,
        5,
        5,
        5,
        5,
        4
    ],
    "rewards": [
        0,
        0,
        1.002378224506745,
        1.0011489505507616,
        1.0011335212115866,
        1.0011184001432383,
        1.0011035792012943,
        1.0024875362595904,
        1.0024087439791005,
        1.0023336418491113,
        1.0022620026844646
    ],
    "states": [
        2.6811891515994435,
        2.694123616948517,
        2.7005308477585444,
        2.7036336241634253,
        2.7066982502247736,
        2.709725421935528,
        2.7127158185523945,
        2.7194637975130083,
        2.7260142895616495,
        2.7323758305890458,
        2.7385564720528044
    ],
    "selections": [
        null,
        null,
        "_complement_gaps:Instance-attribute-character",
        "_trust:Source",
        "_complement_gaps:Instance-attribute-character",
        "_trust:Source",
        "_statement_novelty:Actor-Source",
        "_complement_gaps:Instance-attribute-character",
        "_complement_gaps:Instance-attribute-character",
        "_complement_gaps:Instance-attribute-character",
        "_complement_gaps:Instance-attribute-character"
    ]
}