{
    "abstract_actions": [
        null,
        3,
        3,
        2,
        5,
        3,
        2,
        2,
        2,
        2,
        2
    ],
    "specific_actions": [
        null,
        null,
        11,
        25,
        11,
        11,
        25,
        25,
        25,
        25,
        25
    ],
    "rewards": [
        0,
        0,
        0.08786487758945372,
        -0.010741419963322008,
        -0.01496774193548378,
        0.07884079979751957,
        -0.010270541082164297,
        -0.014320987654321105,
        -0.010021999511121926,
        -0.009922555663117172,
        -0.009825065899832341
    ],
    "states": [
        0.0022234574763757642,
        0.002434406275358399,
        0.0026483050847457626,
        0.0026198585276395073,
        0.0025806451612903226,
        0.0027841052898000505,
        0.0027555110220440883,
        0.0027160493827160493,
        0.002688829137130286,
        0.0026621490803484995,
        0.0026359932901988976
    ],
    "selections": [
        null,
        null,
        "_entity_novelty:Instance-character",
        "_entity_novelty:Instance-attribute",
        "_statement_novelty:Actor-Source",
        "_complement_gaps:Instance-attribute-character",
        "_entity_novelty:Instance-attribute",
        "_statement_novelty:Actor-Source",
        "_statement_novelty:Actor-Source",
        "_statement_novelty:Actor-Source",
        "_statement_novelty:Actor-Source"
    ]
}