{
    "abstract_actions": [
        null,
        3,
        3,
        7,
        4,
        5,
        3,
        3,
        7,
        7,
        4
    ],
    "specific_actions": [
        null,
        11,
        null,
        25,
        null,
        11,
        null,
        11,
        25,
        25,
        null
    ],
    "rewards": [
        0,
        0,
        -0.004572339443768669,
        -0.002897058726482049,
        -0.0021670273909043525,
        0.0025139845233634883,
        -0.004510055205047436,
        -0.0024580504655351554,
        0.0004022471910114511,
        0.00044891473593433595,
        0.002320384830581057
    ],
    "states": [
        11.742296918767506,
        10.985714285714286,
        10.935483870967742,
        10.903803131991051,
        10.880174291938998,
        10.90752688172043,
        10.858333333333333,
        10.831643002028397,
        10.836,
        10.840864440078585,
        10.866019417475728
    ],
    "selections": [
        null,
        null,
        "_entity_novelty:Instance-attribute",
        "_entity_novelty:Instance-character",
        "_trust:Source",
        "_subject_gaps:Instance-attribute-character",
        "_complement_gaps:Instance-attribute-character",
        "_entity_novelty:Instance-character",
        "_entity_novelty:Instance-attribute",
        "_trust:Source",
        "_trust:Source"
    ]
}