{
    "abstract_actions": [
        null,
        3,
        4,
        7,
        7,
        2,
        5,
        7,
        7,
        7,
        4
    ],
    "specific_actions": [
        null,
        null,
        null,
        25,
        25,
        25,
        11,
        25,
        25,
        25,
        null
    ],
    "rewards": [
        0,
        0,
        -0.0018529808365141953,
        0.00025752469939499534,
        -0.004545832955962559,
        0.00031294502364676013,
        0.00030346840518835627,
        -0.004534061168754877,
        0.0003970748559922743,
        0.002352565411186669,
        0.00030237802378008105
    ],
    "states": [
        11.742296918767506,
        10.985714285714286,
        10.965357967667437,
        10.968181818181819,
        10.918322295805739,
        10.921739130434782,
        10.925053533190578,
        10.87551867219917,
        10.879837067209776,
        10.90543259557344,
        10.908730158730158
    ],
    "selections": [
        null,
        null,
        "_entity_novelty:Instance-character",
        "_subject_gaps:Instance-character-physical-appearance",
        "_trust:Source",
        "_trust:Source",
        "_statement_novelty:Actor-Source",
        "_complement_gaps:Instance-attribute-character",
        "_trust:Source",
        "_trust:Source",
        "_trust:Source"
    ]
}