{
    "abstract_actions": [
        null,
        4,
        7,
        4,
        4,
        3,
        4,
        4,
        4,
        4,
        5
    ],
    "specific_actions": [
        null,
        null,
        25,
        null,
        null,
        11,
        null,
        null,
        null,
        null,
        11
    ],
    "rewards": [
        0,
        0,
        0.029042045947117456,
        0.02527379949452402,
        0.0160230073952341,
        0.025879498584714833,
        0.015372487189593942,
        0.015139751552795122,
        0.024474187380497225,
        0.014557670772676445,
        0.014348785871964642
    ],
    "states": [
        2096.0,
        2307.0,
        2374.0,
        2434.0,
        2473.0,
        2537.0,
        2576.0,
        2615.0,
        2679.0,
        2718.0,
        2757.0
    ],
    "selections": [
        null,
        null,
        "_subject_gaps:Instance-attribute-character",
        "_trust:Source",
        "_subject_gaps:Instance-attribute-character",
        "_subject_gaps:Instance-character-institution",
        "_entity_novelty:Instance-attribute",
        "_subject_gaps:Instance-character-institution",
        "_subject_gaps:Instance-ancestry-character",
        "_subject_gaps:Instance-attribute-character",
        "_subject_gaps:Instance-character-institution"
    ]
}