{
    "actions": [
        null,
        5,
        7,
        2,
        2,
        4,
        5,
        2,
        7,
        4,
        7
    ],
    "rewards": [
        0,
        0,
        0.011533907175554026,
        0.005105287544896253,
        0.004953063875696051,
        0.0048075887600613765,
        0.008996227859999983,
        0.004401116074940203,
        0.004279414209224397,
        0.004162717316378295,
        0.008596037319314576
    ],
    "states": [
        2.2621093381172694,
        2.347540138706822,
        2.374616448757554,
        2.3867395485373013,
        2.3985612219758563,
        2.4100925179469463,
        2.431774259402078,
        2.4424767801857583,
        2.452929150024586,
        2.463140000673242,
        2.4843132440417257
    ],
    "selections": [
        null,
        null,
        "_complement_gaps:Instance-attribute-character",
        "_trust:Source",
        "_statement_novelty:Actor-Source",
        "_statement_novelty:Actor-Source",
        "_subject_gaps:Instance-attribute-character",
        "_complement_gaps:Instance-attribute-character",
        "_statement_novelty:Actor-Source",
        "_trust:Source",
        "_subject_gaps:Instance-attribute-character"
    ]
}