{
    "abstract_actions": [
        null,
        5,
        5,
        5,
        4,
        3,
        5,
        5,
        5,
        3,
        5
    ],
    "specific_actions": [
        null,
        11,
        11,
        11,
        null,
        null,
        11,
        11,
        11,
        11,
        11
    ],
    "rewards": [
        0,
        0,
        -0.006215626155736564,
        -0.002841047332073132,
        0.0025602057516951326,
        -0.003282019223255439,
        0.00035741462402283375,
        -0.002531365721549772,
        -0.0024063504835220018,
        -0.004006530003429987,
        0.0004428740403255027
    ],
    "states": [
        11.742296918767506,
        10.985714285714286,
        10.917431192660551,
        10.88641425389755,
        10.914285714285715,
        10.878464818763327,
        10.882352941176471,
        10.85480572597137,
        10.828685258964143,
        10.785299806576402,
        10.790076335877863
    ],
    "selections": [
        null,
        null,
        "_complement_gaps:Instance-attribute-character",
        "_complement_gaps:Instance-attribute-character",
        "_complement_gaps:Instance-attribute-character",
        "_subject_gaps:Instance-character-product",
        "_entity_novelty:Instance-character",
        "_complement_gaps:Instance-attribute-character",
        "_complement_gaps:Instance-attribute-character",
        "_complement_gaps:Instance-attribute-character",
        "_entity_novelty:Instance-attribute"
    ]
}