{
    "actions": [
        null,
        4,
        3,
        7,
        5,
        4,
        5,
        4,
        5,
        5,
        7
    ],
    "rewards": [
        0,
        0,
        0.04460966542750944,
        0.0344009489916961,
        0.012614678899082632,
        0.04643261608154026,
        0.011904761904761862,
        0.031016042780748654,
        0.030082987551867113,
        0.035246727089627505,
        0.03404669260700399
    ],
    "states": [
        15.509803921568627,
        15.823529411764707,
        16.529411764705884,
        17.098039215686274,
        17.313725490196077,
        18.11764705882353,
        18.333333333333332,
        18.901960784313726,
        19.470588235294116,
        20.15686274509804,
        20.84313725490196
    ],
    "selections": [
        null,
        null,
        "_subject_gaps:Instance-attribute-character",
        "_entity_novelty:Instance-attribute",
        "_trust:Source",
        "_complement_gaps:Instance-attribute-character",
        "_subject_gaps:Instance-attribute-character",
        "_complement_gaps:Instance-attribute-character",
        "_subject_gaps:Instance-attribute-character",
        "_complement_gaps:Instance-attribute-character",
        "_complement_gaps:Instance-attribute-character"
    ]
}