{
    "abstract_actions": [
        null,
        7,
        4,
        5,
        5,
        5,
        5,
        5,
        3,
        2,
        5
    ],
    "specific_actions": [
        null,
        25,
        null,
        11,
        11,
        11,
        11,
        11,
        11,
        25,
        11
    ],
    "rewards": [
        0,
        0,
        -0.014270828140723113,
        -0.020128610551846005,
        -0.024160209491143836,
        -0.019265559746934113,
        -0.02314612045310349,
        -0.018834539531397798,
        -0.018132669748891828,
        -0.008100425106940312,
        -0.010342203908572323
    ],
    "states": [
        0.008324661810613945,
        0.007977701205511866,
        0.007863852802649967,
        0.007705564372148383,
        0.007519396322669784,
        0.007374530943554513,
        0.0072038391620498615,
        0.0070681581685744016,
        0.0069399935907707095,
        0.006883776692446025,
        0.006812583270231671
    ],
    "selections": [
        null,
        null,
        "_trust:Source",
        "_subject_gaps:Instance-attribute-character",
        "_complement_gaps:Instance-attribute-character",
        "_complement_gaps:Instance-attribute-character",
        "_complement_gaps:Instance-attribute-character",
        "_complement_gaps:Instance-attribute-character",
        "_complement_gaps:Instance-attribute-character",
        "_entity_novelty:Instance-attribute",
        "_statement_novelty:Actor-Source"
    ]
}