{
    "actions": [
        null,
        7,
        4,
        4,
        5,
        7,
        4,
        4,
        4,
        5,
        4
    ],
    "rewards": [
        0,
        0,
        0.005152446263997135,
        0.01031353156984438,
        0.009290103782694903,
        0.010063054490247136,
        0.004391906943877366,
        0.009099036962958662,
        0.007670842524348798,
        0.0072473536880159894,
        0.0075892914316202376
    ],
    "states": [
        2.2621093381172694,
        2.347540138706822,
        2.359635713124085,
        2.3839718905447227,
        2.4061192368229105,
        2.4303321458130913,
        2.4410059384402163,
        2.4632167417008857,
        2.4821116894298125,
        2.500100430736269,
        2.5190744215134457
    ],
    "selections": [
        null,
        null,
        "_trust:Source",
        "_subject_gaps:Instance-attribute-character",
        "_subject_gaps:Instance-attribute-character",
        "_complement_gaps:Instance-attribute-character",
        "_trust:Source",
        "_subject_gaps:Instance-attribute-character",
        "_subject_gaps:Instance-attribute-character",
        "_subject_gaps:Instance-attribute-character",
        "_complement_gaps:Instance-attribute-character"
    ]
}