{
    "abstract_actions": [
        null,
        3,
        4,
        5,
        7,
        5,
        7,
        2,
        4,
        5,
        5
    ],
    "specific_actions": [
        null,
        11,
        null,
        11,
        25,
        11,
        25,
        25,
        null,
        11,
        11
    ],
    "rewards": [
        0,
        0,
        0.01820546163849146,
        0.0297999148573862,
        0.028937577511368273,
        0.024106066693451167,
        0.02746174970576698,
        0.019091256204658347,
        0.014612214312476501,
        0.02363367799113747,
        0.025252525252525304
    ],
    "states": [
        2096.0,
        2307.0,
        2349.0,
        2419.0,
        2489.0,
        2549.0,
        2619.0,
        2669.0,
        2708.0,
        2772.0,
        2842.0
    ],
    "selections": [
        null,
        null,
        "_entity_novelty:Instance-attribute",
        "_subject_gaps:Instance-character-enchantment",
        "_complement_gaps:Instance-attribute-character",
        "_trust:Source",
        "_complement_gaps:Instance-attribute-character",
        "_trust:Source",
        "_statement_novelty:Actor-Source",
        "_subject_gaps:Instance-attribute-character",
        "_complement_gaps:Instance-attribute-character"
    ]
}