{
    "abstract_actions": [
        null,
        5,
        4,
        5,
        3,
        5,
        7,
        2,
        4,
        6,
        3
    ],
    "specific_actions": [
        null,
        11,
        null,
        11,
        null,
        11,
        25,
        25,
        null,
        null,
        null
    ],
    "rewards": [
        0,
        0,
        -0.006215626155736564,
        -0.0012482845487189476,
        -0.0025172302989788786,
        -0.0025977894805936375,
        -0.0042832632978024865,
        -0.0037660791894895684,
        0.0004880677970540148,
        -0.0024841289817378875,
        0.0029613154148235843
    ],
    "states": [
        11.742296918767506,
        10.985714285714286,
        10.917431192660551,
        10.903803131991051,
        10.876355748373102,
        10.848101265822784,
        10.80163599182004,
        10.760956175298805,
        10.766208251473477,
        10.739463601532567,
        10.771266540642722
    ],
    "selections": [
        null,
        null,
        "_complement_gaps:Instance-attribute-character",
        "_subject_gaps:Instance-ability-character",
        "_complement_gaps:Instance-attribute-character",
        "_entity_novelty:Instance-character",
        "_complement_gaps:Instance-attribute-character",
        "_trust:Source",
        "_statement_novelty:Actor-Source",
        "_subject_gaps:Instance-character-enchantment",
        "_overlaps:character"
    ]
}