{
    "abstract_actions": [
        null,
        4,
        4,
        3,
        6,
        5,
        5,
        4,
        7,
        2,
        6
    ],
    "specific_actions": [
        null,
        null,
        null,
        11,
        11,
        11,
        11,
        null,
        25,
        25,
        null
    ],
    "rewards": [
        0,
        0,
        0.011777576306545745,
        0.010068403739294629,
        0.0048765933737005,
        0.008793319913296793,
        0.009539788048513964,
        0.008031795934697827,
        0.007578207087530098,
        0.0056212234357615465,
        0.0047071690524707055
    ],
    "states": [
        2.261951971799956,
        2.3403682236617795,
        2.367932089001371,
        2.391773385300668,
        2.4034370915428185,
        2.424571282780238,
        2.4477011789264753,
        2.467360615304732,
        2.4860587850071267,
        2.5000334769120895,
        2.511801557124751
    ],
    "selections": [
        null,
        null,
        "_subject_gaps:Instance-activity-character",
        "_subject_gaps:Instance-activity-character",
        "_entity_novelty:Instance-attribute",
        "_overlaps:attribute-object",
        "_complement_gaps:Instance-attribute-character-object",
        "_complement_gaps:Instance-attribute-character",
        "_subject_gaps:Instance-activity-character",
        "_trust:Source",
        "_statement_novelty:Actor-Source"
    ]
}