{
    "abstract_actions": [
        null,
        5,
        7,
        7,
        7,
        7,
        2,
        7,
        5,
        7,
        7
    ],
    "specific_actions": [
        null,
        11,
        25,
        25,
        25,
        25,
        25,
        25,
        11,
        25,
        25
    ],
    "rewards": [
        0,
        0,
        0.0015210777922642915,
        0.002360786814058047,
        0.0022197212777166353,
        0.0021678480308129355,
        0.002117777681318822,
        0.002069427391449885,
        0.0020227190406159057,
        -0.00040124851643641435,
        0.0019732729775994162
    ],
    "states": [
        10.80539499036609,
        10.727272727272727,
        10.743589743589743,
        10.768953068592058,
        10.792857142857143,
        10.816254416961131,
        10.839160839160838,
        10.86159169550173,
        10.883561643835616,
        10.879194630872483,
        10.900662251655628
    ],
    "selections": [
        null,
        null,
        "_complement_gaps:Instance-attribute-character",
        "_trust:Source",
        "_trust:Source",
        "_trust:Source",
        "_trust:Source",
        "_statement_novelty:Actor-Source",
        "_trust:Source",
        "_complement_gaps:Instance-attribute-character",
        "_trust:Source"
    ]
}