{
    "abstract_actions": [
        null,
        3,
        5,
        5,
        4,
        4,
        2,
        2,
        2,
        4,
        6
    ],
    "specific_actions": [
        null,
        null,
        11,
        11,
        null,
        null,
        25,
        25,
        25,
        null,
        11
    ],
    "rewards": [
        0,
        0,
        -0.0018529808365141953,
        -0.0029750548732344617,
        -0.0028149077514515453,
        -0.002667357639312251,
        0.00036286300538423966,
        -0.003998720409468914,
        0.00040080160320643543,
        0.0003895560960778255,
        -0.002300478288753127
    ],
    "states": [
        11.742296918767506,
        10.985714285714286,
        10.965357967667437,
        10.932735426008968,
        10.901960784313726,
        10.872881355932204,
        10.876826722338205,
        10.833333333333334,
        10.837675350701403,
        10.84189723320158,
        10.816955684007707
    ],
    "selections": [
        null,
        null,
        "_entity_novelty:Instance-character",
        "_complement_gaps:Instance-attribute-character",
        "_complement_gaps:Instance-attribute-character",
        "_subject_gaps:Instance-attribute-character",
        "_subject_gaps:Instance-attribute-character",
        "_statement_novelty:Actor-Source",
        "_statement_novelty:Actor-Source",
        "_statement_novelty:Actor-Source",
        "_subject_gaps:Instance-attribute-character"
    ]
}