{
    "abstract_actions": [
        null,
        5,
        7,
        5,
        7,
        7,
        5,
        5,
        7,
        4,
        6
    ],
    "specific_actions": [
        null,
        11,
        25,
        11,
        25,
        25,
        11,
        11,
        25,
        null,
        null
    ],
    "rewards": [
        0,
        0,
        0.037082818294190245,
        0.02622169249106099,
        0.04065040650406515,
        0.024553571428571397,
        0.011982570806100101,
        0.0452099031216362,
        0.037075180226570525,
        0.021847070506454846,
        0.03401360544217691
    ],
    "states": [
        15.27450980392157,
        15.862745098039216,
        16.45098039215686,
        16.88235294117647,
        17.568627450980394,
        18.0,
        18.215686274509803,
        19.03921568627451,
        19.745098039215687,
        20.176470588235293,
        20.862745098039216
    ],
    "selections": [
        null,
        null,
        "_complement_gaps:Instance-attribute-character",
        "_trust:Source",
        "_complement_gaps:Instance-attribute-character",
        "_trust:Source",
        "_trust:Source",
        "_complement_gaps:Instance-attribute-character",
        "_complement_gaps:Instance-attribute-character",
        "_trust:Source",
        "_subject_gaps:Instance-attribute-character"
    ]
}