{
    "abstract_actions": [
        null,
        4,
        3,
        4,
        3,
        2,
        4,
        4,
        3,
        2,
        5
    ],
    "specific_actions": [
        null,
        null,
        11,
        null,
        null,
        25,
        null,
        null,
        11,
        25,
        11
    ],
    "rewards": [
        0,
        0,
        0.4576663858466723,
        0.29886472438790856,
        0.21509772636617486,
        -0.015318146111547581,
        -0.023023791250959325,
        0.17123595505617994,
        0.136861313868613,
        -0.014033825116948617,
        -0.017674089784376013
    ],
    "states": [
        0.0,
        0.0008669267446900737,
        0.0012636899747262005,
        0.0016413623307345096,
        0.001994415636218588,
        0.0019638648860958365,
        0.001918649270913277,
        0.0022471910112359553,
        0.0025547445255474453,
        0.0025188916876574307,
        0.002474372569812655
    ],
    "selections": [
        null,
        null,
        "_subject_gaps:Instance-attribute-character",
        "_entity_novelty:Instance-attribute",
        "_subject_gaps:Instance-ability-character",
        "_entity_novelty:Instance-character",
        "_statement_novelty:Actor-Source",
        "_subject_gaps:Instance-character-designation",
        "_subject_gaps:Instance-ability-character",
        "_entity_novelty:Instance-attribute",
        "_statement_novelty:Actor-Source"
    ]
}