{
    "abstract_actions": [
        null,
        5,
        5,
        5,
        5,
        5,
        7,
        5,
        5,
        5,
        3
    ],
    "specific_actions": [
        null,
        11,
        11,
        11,
        11,
        11,
        25,
        11,
        11,
        11,
        null
    ],
    "rewards": [
        0,
        0,
        0.010184460965036335,
        0.011301660411673575,
        0.010484214513570622,
        0.008778609306955731,
        0.008261546361997496,
        0.007821209464700107,
        0.00814722736046991,
        0.00764341036011662,
        0.007185134288113737
    ],
    "states": [
        2.261951971799956,
        2.3403682236617795,
        2.3642036124794745,
        2.3909230388517693,
        2.4159899888765293,
        2.4371990210783925,
        2.4573340537844466,
        2.4765533781438354,
        2.4967304215859127,
        2.5158139567566806,
        2.533890417879888
    ],
    "selections": [
        null,
        null,
        "_complement_gaps:Instance-attribute-character",
        "_complement_gaps:Instance-attribute-character",
        "_complement_gaps:Instance-attribute-character",
        "_complement_gaps:Instance-attribute-character",
        "_complement_gaps:Instance-attribute-character",
        "_trust:Source",
        "_complement_gaps:Instance-attribute-character",
        "_complement_gaps:Instance-attribute-character",
        "_complement_gaps:Instance-attribute-character"
    ]
}