{
    "abstract_actions": [
        null,
        5,
        3,
        7,
        2,
        2,
        4,
        3,
        6,
        3,
        5
    ],
    "specific_actions": [
        null,
        11,
        null,
        25,
        25,
        25,
        null,
        11,
        null,
        null,
        11
    ],
    "rewards": [
        0,
        0,
        -0.00238262497823738,
        0.002316468906899516,
        0.0023567636829580074,
        0.0022022088923789873,
        0.0021525255428676004,
        -0.00017072399620621237,
        0.0009804569030769095,
        0.0025649401120426685,
        0.001961089494163515
    ],
    "states": [
        10.76280834914611,
        10.687385740402194,
        10.661921708185053,
        10.68661971830986,
        10.711805555555555,
        10.735395189003436,
        10.758503401360544,
        10.756666666666666,
        10.767213114754098,
        10.794830371567043,
        10.816
    ],
    "selections": [
        null,
        null,
        "_complement_gaps:Instance-attribute-character",
        "_entity_novelty:Instance-character",
        "_trust:Source",
        "_statement_novelty:Actor-Source",
        "_statement_novelty:Actor-Source",
        "_subject_gaps:Instance-attribute-character",
        "_entity_novelty:Instance-attribute",
        "_overlaps:character",
        "_entity_novelty:Instance-character"
    ]
}