{
    "abstract_actions": [
        null,
        7,
        5,
        7,
        2,
        2,
        4,
        7,
        7,
        2,
        4
    ],
    "specific_actions": [
        null,
        25,
        11,
        25,
        25,
        25,
        null,
        25,
        25,
        25,
        null
    ],
    "rewards": [
        0,
        0,
        -0.026582278481012578,
        0.4569672131147542,
        -0.02008032128514059,
        -0.01542111506524324,
        -0.015186915887850594,
        0.30091185410334353,
        -0.01864280387770323,
        -0.014332965821389099,
        -0.01413043478260878
    ],
    "states": [
        0.0,
        0.0008669267446900737,
        0.0008438818565400844,
        0.0012295081967213116,
        0.0012048192771084338,
        0.0011862396204033216,
        0.0011682242990654205,
        0.001519756838905775,
        0.0014914243102162564,
        0.001470047776552738,
        0.0014492753623188406
    ],
    "selections": [
        null,
        null,
        "_trust:Source",
        "_complement_gaps:Instance-attribute-character",
        "_trust:Source",
        "_statement_novelty:Actor-Source",
        "_statement_novelty:Actor-Source",
        "_subject_gaps:Instance-attribute-character",
        "_trust:Source",
        "_trust:Source",
        "_statement_novelty:Actor-Source"
    ]
}