{
    "actions": [
        null,
        6,
        2,
        4,
        5,
        5,
        5,
        7,
        2,
        4,
        4
    ],
    "rewards": [
        0,
        0,
        1.0005842078018774,
        1.0008898981367935,
        1.0008736547233188,
        1.0008634947234325,
        1.001934201256513,
        1.0008305205884527,
        1.0008211058368568,
        1.0008118500638217,
        1.0008027497150525
    ],
    "states": [
        2.744692653204036,
        2.7524894915589284,
        2.7540975173944826,
        2.7565483836437594,
        2.758956655159187,
        2.7613389996730957,
        2.7666799850359216,
        2.768977769725154,
        2.771251393534002,
        2.7735012341547085,
        2.775727661480124
    ],
    "selections": [
        null,
        null,
        "_overlaps:character",
        "_statement_novelty:Actor-Source",
        "_subject_gaps:Instance-attribute-character",
        "_complement_gaps:Instance-attribute-character",
        "_complement_gaps:Instance-attribute-character",
        "_complement_gaps:Instance-attribute-character",
        "_trust:Source",
        "_statement_novelty:Actor-Source",
        "_subject_gaps:Instance-attribute-character"
    ]
}