{
    "abstract_actions": [
        null,
        7,
        5,
        5,
        7,
        4,
        7,
        7,
        2,
        7,
        4
    ],
    "specific_actions": [
        null,
        25,
        11,
        11,
        25,
        null,
        25,
        25,
        25,
        25,
        null
    ],
    "rewards": [
        0,
        0,
        0.010580382047204795,
        0.011307030304885668,
        0.010487829761250511,
        0.0068301326707012056,
        0.008395522857151283,
        0.006183855192094745,
        0.005149366737725369,
        0.00498936588413601,
        0.004836757773733602
    ],
    "states": [
        2.261951971799956,
        2.3403682236617795,
        2.3651302135992593,
        2.391872812599427,
        2.4169583674685335,
        2.4334665137779052,
        2.4538967375164398,
        2.4690712795975953,
        2.481785433117828,
        2.494167968689572,
        2.506231655001129
    ],
    "selections": [
        null,
        null,
        "_trust:Source",
        "_complement_gaps:Instance-attribute-character",
        "_complement_gaps:Instance-attribute-character",
        "_trust:Source",
        "_subject_gaps:Instance-character-institution",
        "_trust:Source",
        "_trust:Source",
        "_statement_novelty:Actor-Source",
        "_trust:Source"
    ]
}