{
    "abstract_actions": [
        null,
        5,
        7,
        5,
        3,
        5,
        4,
        4,
        4,
        5,
        6
    ],
    "specific_actions": [
        null,
        11,
        25,
        11,
        11,
        11,
        null,
        null,
        null,
        11,
        11
    ],
    "rewards": [
        0,
        0,
        -0.02030050340368217,
        -0.010366177192967285,
        -0.021319332314596484,
        -0.005871564189057099,
        -0.017003098048230192,
        -0.016727864208768484,
        -0.008756680691311969,
        -0.016321360833865817,
        -0.01606674947293918
    ],
    "states": [
        0.008989430332729477,
        0.008644028700117762,
        0.008468550566069495,
        0.008380764070334015,
        0.008202091776068334,
        0.008153932667720612,
        0.008015290551092692,
        0.007881211859160188,
        0.007812198603448941,
        0.007684692891136228,
        0.0075612248556778654
    ],
    "selections": [
        null,
        null,
        "_complement_gaps:Instance-attribute-character",
        "_trust:Source",
        "_complement_gaps:Instance-attribute-character",
        "_entity_novelty:Instance-attribute",
        "_complement_gaps:Instance-attribute-character",
        "_subject_gaps:Instance-attribute-character",
        "_subject_gaps:Instance-character-object",
        "_subject_gaps:Instance-character-object",
        "_complement_gaps:Instance-attribute-character"
    ]
}