{
    "abstract_actions": [
        null,
        4,
        5,
        7,
        4,
        7,
        7,
        5,
        4,
        7,
        2
    ],
    "specific_actions": [
        null,
        null,
        11,
        25,
        null,
        25,
        25,
        11,
        null,
        25,
        25
    ],
    "rewards": [
        0,
        0,
        -0.027575593933079845,
        -0.015930844536442446,
        -0.011566692121782962,
        -0.008899728856350597,
        -0.00882531422364674,
        -0.008752025608657732,
        -0.01905773907448083,
        -0.014845924453676718,
        -0.010804680602510275
    ],
    "states": [
        0.008425403678884178,
        0.008070219795613655,
        0.00784767869157911,
        0.0077226585423716115,
        0.007633332928650342,
        0.007565398335315101,
        0.007498631317778891,
        0.007433003104455807,
        0.0072913468707512825,
        0.0071831000859425564,
        0.007105488983778083
    ],
    "selections": [
        null,
        null,
        "_subject_gaps:Instance-attribute-character",
        "_complement_gaps:Instance-attribute-character",
        "_trust:Source",
        "_subject_gaps:Instance-character-gender",
        "_trust:Source",
        "_trust:Source",
        "_complement_gaps:Instance-attribute-character",
        "_subject_gaps:Instance-character-gender",
        "_trust:Source"
    ]
}