{
    "abstract_actions": [
        null,
        6,
        6,
        2,
        6,
        5,
        3,
        2,
        4,
        3,
        2
    ],
    "specific_actions": [
        null,
        11,
        11,
        25,
        11,
        11,
        11,
        25,
        null,
        11,
        25
    ],
    "rewards": [
        0,
        0,
        0.10000000000000009,
        0.0,
        0.0,
        0.09090909090909083,
        -0.00694444444444442,
        0.0,
        0.0769230769230771,
        -0.010989010989011172,
        0.0
    ],
    "states": [
        0.9,
        0.9090909090909091,
        1.0,
        1.0,
        1.0,
        1.0909090909090908,
        1.0833333333333333,
        1.0833333333333333,
        1.1666666666666667,
        1.1538461538461537,
        1.1538461538461537
    ],
    "selections": [
        null,
        null,
        "_overlaps:attribute-object",
        "_overlaps:attribute-object",
        "_statement_novelty:Actor-Source",
        "_overlaps:attribute-object",
        "_complement_gaps:Instance-attribute-character-object",
        "_entity_novelty:Instance-attribute",
        "_statement_novelty:Actor-Source",
        "_subject_gaps:Instance-attribute-character",
        "_entity_novelty:Instance-attribute"
    ]
}