{
    "actions": [
        null,
        7,
        7,
        7,
        5,
        3,
        7,
        2,
        7,
        5,
        7
    ],
    "rewards": [
        0,
        0,
        0.02277904328018243,
        0.020044543429843964,
        0.01965065502183405,
        0.05781584582441113,
        0.046558704453441235,
        0.01740812379110257,
        0.017110266159695797,
        0.016822429906542036,
        0.049632352941176405
    ],
    "states": [
        7.0588235294117645,
        8.607843137254902,
        8.803921568627452,
        8.980392156862745,
        9.156862745098039,
        9.686274509803921,
        10.137254901960784,
        10.313725490196079,
        10.490196078431373,
        10.666666666666666,
        11.196078431372548
    ],
    "selections": [
        null,
        null,
        "_trust:Source",
        "_trust:Source",
        "_trust:Source",
        "_complement_gaps:Instance-attribute-character",
        "_entity_novelty:Instance-character",
        "_trust:Source",
        "_statement_novelty:Actor-Source",
        "_trust:Source",
        "_complement_gaps:Instance-attribute-character"
    ]
}