{
    "abstract_actions": [
        null,
        7,
        7,
        7,
        7,
        7,
        7,
        7,
        4,
        7,
        5
    ],
    "specific_actions": [
        null,
        25,
        25,
        25,
        25,
        25,
        25,
        25,
        null,
        25,
        11
    ],
    "rewards": [
        0,
        0,
        0.003402066007382576,
        0.0030298481046484582,
        0.0029665354129335686,
        0.0029051952231549105,
        0.0028457460925286338,
        0.0019164793443515737,
        0.0027463251204049577,
        0.003722450631175267,
        0.003092260569717009
    ],
    "states": [
        2.467240242048811,
        2.4905368785382738,
        2.4990098493928814,
        2.5065814696485624,
        2.514017332343678,
        2.5213210434885314,
        2.528496082996049,
        2.533341893511385,
        2.5402992739921095,
        2.5497554126279556,
        2.5576399207528477
    ],
    "selections": [
        null,
        null,
        "_trust:Source",
        "_trust:Source",
        "_trust:Source",
        "_trust:Source",
        "_trust:Source",
        "_trust:Source",
        "_trust:Source",
        "_subject_gaps:Instance-attribute-character",
        "_trust:Source"
    ]
}