{
    "abstract_actions": [
        null,
        5,
        3,
        4,
        4,
        4,
        4,
        4,
        7,
        4,
        4
    ],
    "specific_actions": [
        null,
        11,
        11,
        null,
        null,
        null,
        null,
        null,
        25,
        null,
        null
    ],
    "rewards": [
        0,
        0,
        0.004568198864904671,
        0.004728733685868125,
        0.0045240586003849614,
        0.00432817985813716,
        0.004148857713373477,
        0.0025590971155957654,
        0.0016795417229151788,
        0.0029071938718507884,
        0.0037169531613332474
    ],
    "states": [
        2.520825777653787,
        2.5445654287380908,
        2.5561895096413276,
        2.5682770490830316,
        2.5798960849551067,
        2.591062339226096,
        2.6018122881980257,
        2.6084705785200746,
        2.612851613689696,
        2.6204476798890703,
        2.630187761176942
    ],
    "selections": [
        null,
        null,
        "_complement_gaps:Instance-attribute-character",
        "_entity_novelty:Instance-attribute",
        "_subject_gaps:Instance-attribute-character",
        "_subject_gaps:Instance-attribute-character",
        "_subject_gaps:Instance-attribute-character",
        "_subject_gaps:Instance-attribute-character",
        "_subject_gaps:Instance-attribute-character",
        "_trust:Source",
        "_subject_gaps:Instance-character-gender"
    ]
}