{
    "abstract_actions": [
        null,
        7,
        2,
        5,
        7,
        2,
        5,
        3,
        7,
        2,
        4
    ],
    "specific_actions": [
        null,
        25,
        25,
        11,
        25,
        25,
        11,
        11,
        25,
        25,
        null
    ],
    "rewards": [
        0,
        0,
        0.008977299755272838,
        0.006787950586005342,
        0.010948801451179824,
        0.007101593633748626,
        0.005865203950569997,
        0.009344006130851623,
        0.005328712127967927,
        0.005949145025298641,
        0.0038093551545752558
    ],
    "states": [
        2.261951971799956,
        2.3403682236617795,
        2.3613784107433067,
        2.377407330710292,
        2.4034370915428185,
        2.4205053250912343,
        2.4347020824863352,
        2.457451953671885,
        2.4705470077013145,
        2.485244650141947,
        2.494711829660346
    ],
    "selections": [
        null,
        null,
        "_trust:Source",
        "_statement_novelty:Actor-Source",
        "_complement_gaps:Instance-attribute-character",
        "_trust:Source",
        "_statement_novelty:Actor-Source",
        "_complement_gaps:Instance-attribute-character",
        "_entity_novelty:Instance-attribute",
        "_trust:Source",
        "_statement_novelty:Actor-Source"
    ]
}