{
    "abstract_actions": [
        null,
        4,
        7,
        2,
        5,
        6,
        6,
        5,
        3,
        4,
        3
    ],
    "specific_actions": [
        null,
        null,
        25,
        25,
        11,
        11,
        11,
        11,
        11,
        null,
        11
    ],
    "rewards": [
        0,
        0,
        -0.011422974056152113,
        -0.010026318157899672,
        -0.008969979087035673,
        -0.016708024737700944,
        -0.008768250679485168,
        -0.008672264317941658,
        -0.019738848469038506,
        -0.008431267522620134,
        -0.015731406650103308
    ],
    "states": [
        0.008567368286176892,
        0.008253548127089937,
        0.008159268060962985,
        0.008077460643448182,
        0.008005005990400098,
        0.007871258152287048,
        0.007802240987644854,
        0.00773457789152772,
        0.007581906230554879,
        0.007517981150793651,
        0.007399712732122705
    ],
    "selections": [
        null,
        null,
        "_subject_gaps:Instance-character-enchantment",
        "_trust:Source",
        "_statement_novelty:Actor-Source",
        "_complement_gaps:Instance-attribute-character",
        "_overlaps:attribute-physical-appearance",
        "_overlaps:attribute-physical-appearance",
        "_complement_gaps:Instance-attribute-character-physical-appearance",
        "_entity_novelty:Instance-attribute",
        "_subject_gaps:Instance-attribute-character"
    ]
}