{
    "abstract_actions": [
        null,
        4,
        3,
        7,
        5,
        4,
        7,
        7,
        7,
        2,
        2
    ],
    "specific_actions": [
        null,
        null,
        null,
        25,
        11,
        null,
        25,
        25,
        25,
        25,
        25
    ],
    "rewards": [
        0,
        0,
        0.06621004566210043,
        0.051391862955032064,
        0.03665987780040747,
        0.017681728880157177,
        0.054054054054053946,
        0.025641025641025772,
        0.016071428571428514,
        0.01581722319859402,
        0.015570934256055269
    ],
    "states": [
        7.0588235294117645,
        8.588235294117647,
        9.156862745098039,
        9.627450980392156,
        9.980392156862745,
        10.156862745098039,
        10.705882352941176,
        10.980392156862745,
        11.156862745098039,
        11.333333333333334,
        11.509803921568627
    ],
    "selections": [
        null,
        null,
        "_subject_gaps:Instance-character-institution",
        "_entity_novelty:Instance-character",
        "_trust:Source",
        "_complement_gaps:Instance-attribute-character",
        "_subject_gaps:Instance-character-enchantment",
        "_trust:Source",
        "_trust:Source",
        "_trust:Source",
        "_statement_novelty:Actor-Source"
    ]
}