{
    "abstract_actions": [
        null,
        7,
        2,
        2,
        7,
        7,
        4,
        4,
        7,
        5,
        7
    ],
    "specific_actions": [
        null,
        25,
        25,
        25,
        25,
        25,
        null,
        null,
        25,
        11,
        25
    ],
    "rewards": [
        0,
        0,
        0.008977299755272838,
        0.006787950586005342,
        0.006543356212113549,
        0.006311860584794715,
        0.006092537180807822,
        0.008761514688247818,
        0.008241625334708846,
        0.0060798150653820215,
        0.00824445922954653
    ],
    "states": [
        2.261951971799956,
        2.3403682236617795,
        2.3613784107433067,
        2.377407330710292,
        2.3929635537364193,
        2.4080676060720987,
        2.422738847495992,
        2.4439657094941167,
        2.4641079592026434,
        2.4790892798957316,
        2.499528030390238
    ],
    "selections": [
        null,
        null,
        "_trust:Source",
        "_statement_novelty:Actor-Source",
        "_statement_novelty:Actor-Source",
        "_trust:Source",
        "_trust:Source",
        "_subject_gaps:Instance-attribute-character",
        "_subject_gaps:Instance-attribute-character",
        "_trust:Source",
        "_complement_gaps:Instance-attribute-character"
    ]
}