{
    "actions": [
        null,
        3,
        4,
        3,
        4,
        5,
        7,
        5,
        7,
        7,
        7,
        2,
        5,
        7,
        4,
        7,
        7,
        7,
        5,
        7,
        5,
        7,
        6,
        6,
        7,
        5
    ],
    "rewards": [
        0,
        0,
        -0.006766495550339813,
        -0.017261130003101033,
        -0.013896472057562614,
        -0.013711144447567825,
        -0.0046674357526776955,
        -0.0046512052260992975,
        -0.013416075563951746,
        -0.004577689502272553,
        -0.004561761392195773,
        -0.004545843337978139,
        -0.004529939317403642,
        -0.004514053087895542,
        -0.004498188197740505,
        -0.012914155808272598,
        -0.004428212808707865,
        -0.004412713330253393,
        -0.00439724613206216,
        -0.012595940479666612,
        -0.00432983633473405,
        -0.004314749905703241,
        -0.004299703683972145,
        -0.005394692788581512,
        -0.004572655542014026,
        -0.00425629752814638
    ],
    "states": [
        0.00698067258560363,
        0.006793168949572103,
        0.0067472030021021165,
        0.0066307386539255185,
        0.006538594779500242,
        0.006448943161994402,
        0.006418843134113123,
        0.006388987777382224,
        0.0063032726345837,
        0.006274418209614404,
        0.006245795810867295,
        0.006217403401590093,
        0.006189238941469071,
        0.006161300388313609,
        0.006133585699624163,
        0.0060543756182358235,
        0.006027565554574423,
        0.006000967635702776,
        0.005974579903978052,
        0.005899324451116532,
        0.005873781341757703,
        0.005848437444267232,
        0.005823290896242636,
        0.005791876030838863,
        0.00576539177680779,
        0.005740852554039368
    ],
    "selections": [
        null,
        null,
        "_entity_novelty:Instance-attribute",
        "_subject_gaps:Instance-attribute-character",
        "_entity_novelty:Instance-character",
        "_subject_gaps:Instance-attribute-character",
        "_complement_gaps:Instance-attribute-character",
        "_trust:Source",
        "_complement_gaps:Instance-attribute-character",
        "_trust:Source",
        "_trust:Source",
        "_trust:Source",
        "_statement_novelty:Actor-Source",
        "_complement_gaps:Instance-attribute-character",
        "_trust:Source",
        "_subject_gaps:Instance-attribute-character",
        "_trust:Source",
        "_trust:Source",
        "_trust:Source",
        "_complement_gaps:Instance-attribute-character",
        "_trust:Source",
        "_complement_gaps:Instance-attribute-character",
        "_trust:Source",
        "_overlaps:attribute",
        "_overlaps:attribute",
        "_trust:Source"
    ]
}