{
    "actions": [
        null,
        5,
        7,
        4,
        5,
        7,
        2,
        2,
        5,
        3,
        3
    ],
    "rewards": [
        0,
        0,
        0.45752324598478444,
        -0.01621621621621616,
        0.29877143242878357,
        0.21553761323355647,
        -0.015128006206361566,
        -0.01490256018341607,
        -0.014683734939759052,
        0.16918561995597936,
        0.13990442054958185
    ],
    "states": [
        0.0,
        0.0008699434536755111,
        0.001267962806424345,
        0.0012474012474012475,
        0.0016200891049007696,
        0.0019692792437967705,
        0.001939487975174554,
        0.0019105846388995033,
        0.0018825301204819277,
        0.0022010271460014674,
        0.0025089605734767025
    ],
    "selections": [
        null,
        null,
        "_complement_gaps:Instance-attribute-character",
        "_trust:Source",
        "_subject_gaps:Instance-attribute-character",
        "_complement_gaps:Instance-attribute-character",
        "_trust:Source",
        "_statement_novelty:Actor-Source",
        "_statement_novelty:Actor-Source",
        "_complement_gaps:Instance-attribute-character",
        "_entity_novelty:Instance-character"
    ]
}