{
    "abstract_actions": [
        null,
        7,
        2,
        7,
        2,
        4,
        7,
        5,
        7,
        4,
        7
    ],
    "specific_actions": [
        null,
        25,
        25,
        25,
        25,
        null,
        25,
        11,
        25,
        null,
        25
    ],
    "rewards": [
        0,
        0,
        -0.00583078149251226,
        0.00032147880249144833,
        0.002549165461733338,
        0.00026723244363813237,
        -0.0028198021575146504,
        0.0003220025760206635,
        -0.004459353327210036,
        0.00038262822912771277,
        -0.0024164089426473856
    ],
    "states": [
        11.742296918767506,
        10.985714285714286,
        10.921658986175116,
        10.92517006802721,
        10.953020134228188,
        10.955947136563877,
        10.925053533190578,
        10.928571428571429,
        10.879837067209776,
        10.884,
        10.857699805068226
    ],
    "selections": [
        null,
        null,
        "_trust:Source",
        "_statement_novelty:Actor-Source",
        "_trust:Source",
        "_statement_novelty:Actor-Source",
        "_subject_gaps:Instance-character-designation",
        "_trust:Source",
        "_complement_gaps:Instance-attribute-character",
        "_trust:Source",
        "_subject_gaps:Instance-character-designation"
    ]
}