{"metadata": {"c": 1.999999939999995, "t": 301, "decay": 2e-10}, "data": {"statement_novelty": {"value": 1.0232834188606006, "count": 48, "uncertainty": 0.6896321436293794}, "_trust": {"value": 1.024261672944423, "count": 49, "uncertainty": 0.682558806456413}, "object_gap": {"value": 1.0238032534226467, "count": 37, "uncertainty": 0.7854838359045135}, "-none": {"value": 1.0233359305553456, "count": 68, "uncertainty": 0.5794068936178584}, "entity_novelty": {"value": 1.0237324065561733, "count": 37, "uncertainty": 0.7854838359045135}, "subject_gap": {"value": 1.0255679644328164, "count": 37, "uncertainty": 0.7854838359045135}, "-compl": {"value": 1.0237997802500347, "count": 43, "uncertainty": 0.7286246950677239}, "character": {"value": 1.0242658780949978, "count": 59, "uncertainty": 0.6220311138505192}, "-subj": {"value": 1.0228866661558746, "count": 44, "uncertainty": 0.7202972822082331}, "person": {"value": 1.0214288381308705, "count": 10, "uncertainty": 1.5109083257858151}, "attribute": {"value": 1.024629827838744, "count": 61, "uncertainty": 0.6117488996458036}, "no_statement_novelty": {"value": 1.0198161797425211, "count": 48, "uncertainty": 0.6896321436293794}, "overlap": {"value": 1.0207366599123393, "count": 44, "uncertainty": 0.7202972822082331}}}