{"metadata": {"c": 1.9999999599999967, "t": 201, "decay": 2e-10}, "data": {"statement_novelty": {"value": 1.0298127392123835, "count": 34, "uncertainty": 0.7898849280248406}, "_trust": {"value": 1.0314520159707663, "count": 34, "uncertainty": 0.7898849280248406}, "object_gap": {"value": 1.0306187543628484, "count": 26, "uncertainty": 0.9032679724990776}, "-none": {"value": 1.0304151079846307, "count": 47, "uncertainty": 0.6718222089990878}, "entity_novelty": {"value": 1.030696855858069, "count": 26, "uncertainty": 0.9032679724990776}, "subject_gap": {"value": 1.0330330871786269, "count": 26, "uncertainty": 0.9032679724990776}, "-compl": {"value": 1.029938394013688, "count": 31, "uncertainty": 0.8272226907668789}, "character": {"value": 1.0314539038435484, "count": 41, "uncertainty": 0.71930214798124}, "-subj": {"value": 1.029893975824141, "count": 30, "uncertainty": 0.8408967194550402}, "person": {"value": 1.023012308150236, "count": 9, "uncertainty": 1.5352603392587294}, "attribute": {"value": 1.032184397983844, "count": 42, "uncertainty": 0.7106874402346789}, "no_statement_novelty": {"value": 1.0318166447278292, "count": 24, "uncertainty": 0.9401511133790198}, "overlap": {"value": 1.0267117810679345, "count": 30, "uncertainty": 0.8408967194550402}}}