{
  "metadata": {
    "c": 1.9999999799999983,
    "t": 101,
    "decay": 2e-10
  },
  "data": {
    "statement_novelty": {
      "value": 1.0469685219858538,
      "count": 17,
      "uncertainty": 1.0420703853995594
    },
    "_trust": {
      "value": 1.0498001034031215,
      "count": 17,
      "uncertainty": 1.0420703853995594
    },
    "object_gap": {
      "value": 1.0480786916018534,
      "count": 13,
      "uncertainty": 1.1916530760688109
    },
    "-none": {
      "value": 1.0485232190753104,
      "count": 23,
      "uncertainty": 0.8958959978983239
    },
    "entity_novelty": {
      "value": 1.048656811943312,
      "count": 13,
      "uncertainty": 1.1916530760688109
    },
    "subject_gap": {
      "value": 1.0526819960301252,
      "count": 13,
      "uncertainty": 1.1916530760688109
    },
    "-compl": {
      "value": 1.0477108627780547,
      "count": 15,
      "uncertainty": 1.109368640208035
    },
    "character": {
      "value": 1.0504759169262938,
      "count": 20,
      "uncertainty": 0.9607414245819572
    },
    "-subj": {
      "value": 1.0446674918035321,
      "count": 16,
      "uncertainty": 1.0741415670826218
    },
    "person": {
      "value": 1.031141241585225,
      "count": 5,
      "uncertainty": 1.9214828491639144
    },
    "attribute": {
      "value": 1.0496141690828171,
      "count": 22,
      "uncertainty": 0.9160310062774117
    },
    "no_statement_novelty": {
      "value": 1.0509820319347747,
      "count": 12,
      "uncertainty": 1.2403118458058364
    },
    "overlap": {
      "value": 1.0402632903187128,
      "count": 15,
      "uncertainty": 1.109368640208035
    }
  }
}