{
    "abstract_actions": [
        null,
        6,
        5,
        7,
        2,
        2,
        2,
        2,
        4,
        4,
        5
    ],
    "specific_actions": [
        null,
        null,
        11,
        25,
        25,
        25,
        25,
        25,
        null,
        null,
        11
    ],
    "rewards": [
        0,
        0,
        0.0027094899145352347,
        0.006141867967990988,
        0.003860615915545651,
        0.00314390063753911,
        0.003071066185986515,
        0.0030007406776197953,
        0.0029328098761594035,
        0.004503401355358205,
        0.004309895951954745
    ],
    "states": [
        2.4907334669338677,
        2.5153357281016855,
        2.5221510048886473,
        2.537641723356009,
        2.54743858338115,
        2.555447477167534,
        2.563295425504728,
        2.5709872103567966,
        2.5785274270388108,
        2.5901395709485655,
        2.6013028030003946
    ],
    "selections": [
        null,
        null,
        "_overlaps:character",
        "_complement_gaps:Instance-attribute-character",
        "_trust:Source",
        "_statement_novelty:Actor-Source",
        "_statement_novelty:Actor-Source",
        "_statement_novelty:Actor-Source",
        "_statement_novelty:Actor-Source",
        "_subject_gaps:Instance-attribute-character",
        "_subject_gaps:Instance-activity-character"
    ]
}