{
    "abstract_actions": [
        null,
        5,
        5,
        3,
        5,
        5,
        4,
        5,
        4,
        7,
        7
    ],
    "specific_actions": [
        null,
        11,
        11,
        null,
        11,
        11,
        null,
        11,
        null,
        25,
        25
    ],
    "rewards": [
        0,
        0,
        0.005260741291615245,
        0.006054546166036845,
        0.004449081868479032,
        0.004896312538938075,
        0.004674232066799844,
        0.002845175608085615,
        0.00489740135509531,
        0.002662306245666546,
        0.0030742699301433696
    ],
    "states": [
        2.4847640057210736,
        2.5115643413515754,
        2.524777031588672,
        2.540063410685375,
        2.551364360750642,
        2.5638566380615853,
        2.5758406989738902,
        2.583169418100925,
        2.595820235509573,
        2.6027311039351977,
        2.6107326019042745
    ],
    "selections": [
        null,
        null,
        "_complement_gaps:Instance-attribute-character",
        "_complement_gaps:Instance-attribute-character",
        "_entity_novelty:Instance-character",
        "_complement_gaps:Instance-attribute-character",
        "_complement_gaps:Instance-attribute-character",
        "_subject_gaps:Instance-activity-character",
        "_complement_gaps:Instance-attribute-character",
        "_subject_gaps:Instance-attribute-character",
        "_trust:Source"
    ]
}