{
    "actions": [
        null,
        5,
        7,
        7,
        2,
        2,
        4,
        7,
        7,
        7,
        4
    ],
    "rewards": [
        0,
        0,
        0.4538364249578415,
        -0.016175860638738992,
        -0.015918367346938855,
        -0.015668943350743203,
        -0.015427215189873333,
        0.3004115226337447,
        -0.014823261117445807,
        -0.014606741573033655,
        -0.01439645625692143
    ],
    "states": [
        0.0,
        0.0008699434536755111,
        0.0012647554806070826,
        0.001244296972210701,
        0.0012244897959183673,
        0.0012053033346725592,
        0.0011867088607594937,
        0.0015432098765432098,
        0.0015203344735841885,
        0.00149812734082397,
        0.0014765596160944998
    ],
    "selections": [
        null,
        null,
        "_complement_gaps:Instance-attribute-character",
        "_trust:Source",
        "_trust:Source",
        "_statement_novelty:Actor-Source",
        "_statement_novelty:Actor-Source",
        "_subject_gaps:Instance-attribute-character",
        "_trust:Source",
        "_trust:Source",
        "_trust:Source"
    ]
}