{
    "abstract_actions": [
        null,
        7,
        7,
        5,
        7,
        2,
        2,
        2,
        5,
        5,
        7
    ],
    "specific_actions": [
        null,
        25,
        25,
        11,
        25,
        25,
        25,
        25,
        11,
        11,
        25
    ],
    "rewards": [
        0,
        0,
        0.0015640996595229772,
        0.002696908090640937,
        -0.000503191591611829,
        0.002228251322389907,
        0.0010124482340096996,
        0.0009930902455805857,
        0.0009742827503531615,
        0.0012652448406207384,
        0.00043592431523564734
    ],
    "states": [
        12.303030303030303,
        12.231270358306189,
        12.250401284109149,
        12.28343949044586,
        12.277258566978194,
        12.304615384615385,
        12.317073170731707,
        12.329305135951662,
        12.341317365269461,
        12.35693215339233,
        12.36231884057971
    ],
    "selections": [
        null,
        null,
        "_trust:Source",
        "_trust:Source",
        "_complement_gaps:Instance-attribute-character",
        "_trust:Source",
        "_statement_novelty:Actor-Source",
        "_statement_novelty:Actor-Source",
        "_statement_novelty:Actor-Source",
        "_complement_gaps:Instance-attribute-character",
        "_complement_gaps:Instance-attribute-character"
    ]
}