{
    "actions": [
        null,
        7,
        7,
        5,
        7,
        4,
        5,
        7,
        2,
        4,
        3,
        5,
        4,
        6,
        3,
        5,
        5,
        5,
        5,
        4,
        3,
        7,
        5,
        7,
        2,
        4
    ],
    "rewards": [
        0,
        0,
        0.005152446263997135,
        0.005321427795379918,
        0.011115826187328537,
        0.0048075887600613765,
        0.008996227859999983,
        0.009392054206138534,
        0.004125794094862245,
        0.004015556477791726,
        0.008277884684565473,
        0.0036801532097698875,
        0.007549794457945014,
        0.005741376259519759,
        0.0028480612101444702,
        0.005984902172182727,
        0.005691166114035973,
        0.0028837934048664415,
        0.005825163016264678,
        0.005016174301419429,
        0.004790255287710599,
        0.004579310181469509,
        0.00236203640059518,
        0.004699372484814557,
        0.0022133278412492796,
        0.0021707003796065383
    ],
    "states": [
        2.2621093381172694,
        2.347540138706822,
        2.359635713124085,
        2.372192344194875,
        2.3985612219758563,
        2.4100925179469463,
        2.431774259402078,
        2.4546136150634745,
        2.4647408454216717,
        2.4746381514895828,
        2.49512292074364,
        2.504305355369185,
        2.5232123460621536,
        2.537699057523562,
        2.544926579772315,
        2.5601577163876397,
        2.5747279992297325,
        2.582152982853236,
        2.59719444491129,
        2.6102224249416435,
        2.622726056714821,
        2.6347363328495406,
        2.640959675973702,
        2.6533705292084773,
        2.6592433080739246,
        2.665015728532227
    ],
    "selections": [
        null,
        null,
        "_trust:Source",
        "_trust:Source",
        "_complement_gaps:Instance-attribute-character",
        "_trust:Source",
        "_subject_gaps:Instance-attribute-character",
        "_complement_gaps:Instance-attribute-character",
        "_trust:Source",
        "_statement_novelty:Actor-Source",
        "_subject_gaps:Instance-attribute-character",
        "_entity_novelty:Instance-attribute",
        "_complement_gaps:Instance-attribute-character",
        "_subject_gaps:Instance-attribute-character",
        "_overlaps:character",
        "_entity_novelty:Instance-character",
        "_complement_gaps:Instance-attribute-character",
        "_complement_gaps:Instance-attribute-character",
        "_complement_gaps:Instance-attribute-character",
        "_complement_gaps:Instance-attribute-character",
        "_subject_gaps:Instance-attribute-character",
        "_entity_novelty:Instance-attribute",
        "_trust:Source",
        "_complement_gaps:Instance-attribute-character",
        "_trust:Source",
        "_statement_novelty:Actor-Source"
    ]
}