{
    "abstract_actions": [
        null,
        4,
        3,
        7,
        2,
        2,
        2,
        2,
        2,
        2,
        2
    ],
    "specific_actions": [
        null,
        null,
        11,
        25,
        25,
        25,
        25,
        25,
        25,
        25,
        25
    ],
    "rewards": [
        0,
        0,
        0.03164282618118763,
        0.026470588235294024,
        0.024559967253376946,
        0.01558130243707545,
        0.01534225019669555,
        0.015110422316931382,
        0.014885496183206115,
        0.014667168108311479,
        0.014455151964418045
    ],
    "states": [
        2096.0,
        2307.0,
        2380.0,
        2443.0,
        2503.0,
        2542.0,
        2581.0,
        2620.0,
        2659.0,
        2698.0,
        2737.0
    ],
    "selections": [
        null,
        null,
        "_subject_gaps:Instance-attribute-character",
        "_entity_novelty:Instance-attribute",
        "_trust:Source",
        "_statement_novelty:Actor-Source",
        "_statement_novelty:Actor-Source",
        "_statement_novelty:Actor-Source",
        "_statement_novelty:Actor-Source",
        "_statement_novelty:Actor-Source",
        "_statement_novelty:Actor-Source"
    ]
}