{
  "metadata": {
    "c": 1.9999999949999996,
    "t": 26,
    "decay": 2e-10
  },
  "data": {
    "object_gap": {
      "value": 0.06921470342522976,
      "count": 3,
      "uncertainty": 2.0842573487075273
    },
    "-compl": {
      "value": 0.06301169590643277,
      "count": 6,
      "uncertainty": 1.473792505008987
    },
    "robot": {
      "value": 0.16666666666666669,
      "count": 1,
      "uncertainty": 3.61003962401024
    },
    "food": {
      "value": 0.16666666666666669,
      "count": 1,
      "uncertainty": 3.61003962401024
    },
    "-subj": {
      "value": 0.016972988025619584,
      "count": 12,
      "uncertainty": 1.0421286743537637
    },
    "institution": {
      "value": 0.018181818181818188,
      "count": 1,
      "uncertainty": 3.61003962401024
    },
    "subject_gap": {
      "value": 0.02177761322498164,
      "count": 12,
      "uncertainty": 1.0421286743537637
    },
    "person": {
      "value": 0.05176767676767677,
      "count": 4,
      "uncertainty": 1.80501981200512
    },
    "interest": {
      "value": 0.09999999999999998,
      "count": 1,
      "uncertainty": 3.61003962401024
    },
    "location": {
      "value": 0.051190476190476175,
      "count": 2,
      "uncertainty": 2.552683498489775
    },
    "taste": {
      "value": 0.01098901098901095,
      "count": 1,
      "uncertainty": 3.61003962401024
    },
    "statement_novelty": {
      "value": 0.009523809523809601,
      "count": 1,
      "uncertainty": 3.61003962401024
    },
    "dish": {
      "value": 0.005847953216374324,
      "count": 1,
      "uncertainty": 3.61003962401024
    },
    "agent": {
      "value": 0.007440476190476176,
      "count": 8,
      "uncertainty": 1.2763417492448874
    },
    "entity_novelty": {
      "value": 0.021464646464646464,
      "count": 2,
      "uncertainty": 2.552683498489775
    },
    "-none": {
      "value": 0.013888888888888895,
      "count": 2,
      "uncertainty": 2.552683498489775
    },
    "smell": {
      "value": 0.012820512820512775,
      "count": 1,
      "uncertainty": 3.61003962401024
    },
    "song": {
      "value": 0.0052631578947368585,
      "count": 1,
      "uncertainty": 3.61003962401024
    },
    "book": {
      "value": 0.022222222222222254,
      "count": 1,
      "uncertainty": 3.61003962401024
    },
    "object": {
      "value": 0.006535947712418277,
      "count": 1,
      "uncertainty": 3.61003962401024
    },
    "sport": {
      "value": 0.007352941176470562,
      "count": 1,
      "uncertainty": 3.61003962401024
    },
    "sensor": {
      "value": 0.0023809523809523725,
      "count": 1,
      "uncertainty": 3.61003962401024
    },
    "touch": {
      "value": 0.008333333333333304,
      "count": 1,
      "uncertainty": 3.61003962401024
    },
    "_trust": {
      "value": 0.04761904761904767,
      "count": 2,
      "uncertainty": 2.552683498489775
    },
    "overlap": {
      "value": 0.032539682539682535,
      "count": 3,
      "uncertainty": 2.0842573487075273
    },
    "interest-occurrence": {
      "value": 0.04761904761904767,
      "count": 1,
      "uncertainty": 3.61003962401024
    },
    "cuisine": {
      "value": 0.0357142857142857,
      "count": 1,
      "uncertainty": 3.61003962401024
    },
    "no_statement_novelty": {
      "value": 0.0,
      "count": 2,
      "uncertainty": 2.552683498489775
    },
    "class": {
      "value": 0.007575757575757569,
      "count": 2,
      "uncertainty": 2.552683498489775
    },
    "interest-field": {
      "value": 0.04999999999999993,
      "count": 1,
      "uncertainty": 3.61003962401024
    }
  }
}