{
    "actions": [
        null,
        5,
        7,
        2,
        7,
        4,
        3,
        5,
        3,
        7,
        2
    ],
    "rewards": [
        0,
        0,
        -0.03958404115635705,
        -0.011593828284276131,
        -0.011467903264011925,
        -0.011344447368172972,
        -0.028709402705541343,
        -0.010900996614815917,
        -0.03282751889405966,
        -0.026733253950157465,
        -0.010151839476387536
    ],
    "states": [
        0.013056202873306185,
        0.010384007064254536,
        0.009972966101255183,
        0.009857341244792324,
        0.00974429820895669,
        0.0096337545307854,
        0.009357175192394748,
        0.009255172657298213,
        0.008951348302022972,
        0.008712049634668682,
        0.008623606305267205
    ],
    "selections": [
        null,
        null,
        "_complement_gaps:Instance-attribute-character",
        "_trust:Source",
        "_statement_novelty:Actor-Source",
        "_trust:Source",
        "_subject_gaps:Instance-attribute-character",
        "_entity_novelty:Instance-attribute",
        "_complement_gaps:Instance-attribute-character",
        "_entity_novelty:Instance-character",
        "_trust:Source"
    ]
}