{
    "abstract_actions": [
        null,
        3,
        5,
        4,
        4,
        7,
        4,
        7,
        4,
        5,
        3
    ],
    "specific_actions": [
        null,
        null,
        11,
        null,
        null,
        25,
        null,
        25,
        null,
        11,
        null
    ],
    "rewards": [
        0,
        0,
        -0.010000000000000009,
        0.0,
        -0.00826446280991755,
        -0.00694444444444442,
        0.0769230769230771,
        -0.010989010989011172,
        0.06666666666666687,
        -0.013392857142857317,
        -0.0117647058823529
    ],
    "states": [
        1.125,
        1.1111111111111112,
        1.1,
        1.1,
        1.0909090909090908,
        1.0833333333333333,
        1.1666666666666667,
        1.1538461538461537,
        1.2307692307692308,
        1.2142857142857142,
        1.2
    ],
    "selections": [
        null,
        null,
        "_entity_novelty:Instance-character",
        "_complement_gaps:Instance-attribute-character",
        "_subject_gaps:Instance-attribute-character",
        "_subject_gaps:Instance-character-institution",
        "_trust:Source",
        "_subject_gaps:Instance-attribute-character",
        "_trust:Source",
        "_subject_gaps:Instance-character-object",
        "_complement_gaps:Instance-attribute-character"
    ]
}