{
    "abstract_actions": [
        null,
        4,
        5,
        5,
        3,
        3,
        7,
        4,
        4,
        4,
        7
    ],
    "specific_actions": [
        null,
        null,
        11,
        11,
        11,
        null,
        25,
        null,
        null,
        null,
        25
    ],
    "rewards": [
        0,
        0,
        0.013259668508287303,
        0.03816793893129766,
        0.04411764705882337,
        0.035211267605633756,
        0.03498542274052485,
        0.020657276995305063,
        0.010119595216191435,
        0.010018214936247771,
        0.0324616771866546
    ],
    "states": [
        16.941176470588236,
        17.745098039215687,
        17.980392156862745,
        18.666666666666668,
        19.49019607843137,
        20.176470588235293,
        20.88235294117647,
        21.313725490196077,
        21.529411764705884,
        21.745098039215687,
        22.45098039215686
    ],
    "selections": [
        null,
        null,
        "_subject_gaps:Instance-attribute-character",
        "_complement_gaps:Instance-attribute-character",
        "_complement_gaps:Instance-attribute-character",
        "_entity_novelty:Instance-attribute",
        "_entity_novelty:Instance-character",
        "_trust:Source",
        "_subject_gaps:Instance-ancestry-character",
        "_subject_gaps:Instance-ancestry-character",
        "_subject_gaps:Instance-attribute-character"
    ]
}