{
    "actions": [
        null,
        5,
        2,
        7,
        6,
        2,
        6,
        6,
        5,
        2,
        7
    ],
    "rewards": [
        0,
        0,
        0.9942512346024084,
        0.9958933022875273,
        0.9959025543517548,
        0.995911939455348,
        0.9959214495040241,
        0.9953775157755792,
        0.9959407957845043,
        0.9959506856203021,
        0.9959606695503013
    ],
    "states": [
        0.005668850769344033,
        0.00555693061835568,
        0.005524985127900059,
        0.005502295684113866,
        0.005479750326607635,
        0.005457348775502887,
        0.005435090702947846,
        0.005409967081915173,
        0.005388006920730571,
        0.005366189186828544,
        0.005344513375447344
    ],
    "selections": [
        null,
        null,
        "_complement_gaps:Instance-attribute-character",
        "_statement_novelty:Actor-Source",
        "_trust:Source",
        "_overlaps:attribute",
        "_statement_novelty:Actor-Source",
        "_overlaps:attribute",
        "_overlaps:attribute",
        "_complement_gaps:Instance-attribute-character",
        "_statement_novelty:Actor-Source"
    ]
}