{
    "abstract_actions": [
        null,
        7,
        7,
        4,
        7,
        4,
        3,
        6,
        7,
        4,
        6
    ],
    "specific_actions": [
        null,
        25,
        25,
        null,
        25,
        null,
        11,
        11,
        25,
        null,
        null
    ],
    "rewards": [
        0,
        0,
        0.017473942366646122,
        0.012051822838204274,
        0.020839535576064216,
        0.015748031496062964,
        0.02009761699684187,
        0.011258091753447719,
        0.013637628722515949,
        0.010982976386600729,
        0.016838674633351536
    ],
    "states": [
        3168.0,
        3262.0,
        3319.0,
        3359.0,
        3429.0,
        3483.0,
        3553.0,
        3593.0,
        3642.0,
        3682.0,
        3744.0
    ],
    "selections": [
        null,
        null,
        "_trust:Source",
        "_trust:Source",
        "_subject_gaps:Instance-attribute-character",
        "_trust:Source",
        "_subject_gaps:Instance-attribute-character",
        "_entity_novelty:Instance-attribute",
        "_overlaps:attribute-object",
        "_trust:Source",
        "_subject_gaps:Instance-ancestry-character"
    ]
}