{
    "abstract_actions": [
        null,
        7,
        7,
        5,
        5,
        5,
        7,
        7,
        7,
        7,
        4
    ],
    "specific_actions": [
        null,
        25,
        25,
        11,
        11,
        11,
        25,
        25,
        25,
        25,
        null
    ],
    "rewards": [
        0,
        0,
        -0.036344473076596606,
        -0.016345394219171472,
        -0.03541950032564123,
        -0.03421983927613992,
        -0.03309817491294986,
        -0.01748653292017499,
        -0.014264364040174282,
        -0.010178494471430488,
        -0.013921756431189869
    ],
    "states": [
        0.013134665630958265,
        0.01056689342403628,
        0.010182845250483128,
        0.010016402630591163,
        0.009661626654355186,
        0.009331007343097083,
        0.009022168029941236,
        0.008864401591674318,
        0.008737956540372375,
        0.008649017298034595,
        0.00852860778584221
    ],
    "selections": [
        null,
        null,
        "_trust:Source",
        "_trust:Source",
        "_complement_gaps:Instance-attribute-character",
        "_complement_gaps:Instance-attribute-character",
        "_complement_gaps:Instance-attribute-character",
        "_trust:Source",
        "_trust:Source",
        "_trust:Source",
        "_trust:Source"
    ]
}