{
    "actions": [
        null,
        5,
        7,
        7,
        2,
        2,
        4,
        3,
        4,
        7,
        2
    ],
    "rewards": [
        0,
        0,
        1.0341047503045069,
        1.0106007067137808,
        1.0104895104895104,
        1.0103806228373702,
        1.0102739726027397,
        1.025988700564972,
        1.0253303964757707,
        1.0204081632653061,
        1.0094736842105263
    ],
    "states": [
        15.823529411764707,
        16.098039215686274,
        16.647058823529413,
        16.823529411764707,
        17.0,
        17.176470588235293,
        17.352941176470587,
        17.80392156862745,
        18.254901960784313,
        18.627450980392158,
        18.80392156862745
    ],
    "selections": [
        null,
        null,
        "_complement_gaps:Instance-attribute-character",
        "_trust:Source",
        "_trust:Source",
        "_statement_novelty:Actor-Source",
        "_statement_novelty:Actor-Source",
        "_subject_gaps:Instance-attribute-character",
        "_entity_novelty:Instance-attribute",
        "_subject_gaps:Instance-attribute-character",
        "_trust:Source"
    ]
}