{
    "abstract_actions": [
        null,
        3,
        5,
        4,
        5,
        5,
        5,
        5,
        2,
        7,
        5
    ],
    "specific_actions": [
        null,
        null,
        11,
        null,
        11,
        11,
        11,
        11,
        25,
        25,
        11
    ],
    "rewards": [
        0,
        0,
        -0.023428296573654528,
        -0.025191464165089994,
        -0.01593126801963829,
        -0.019763998934104743,
        -0.023722901478279934,
        -0.018931029734783777,
        -0.008458847055141216,
        -0.005179674336935558,
        -0.008355664070546331
    ],
    "states": [
        0.00860595703125,
        0.008236050652948159,
        0.008043094015655249,
        0.00784047670098342,
        0.007715567965258323,
        0.007563077488216945,
        0.007383659346091378,
        0.007243879071459008,
        0.007182604206307598,
        0.007145400655627822,
        0.007085696088099934
    ],
    "selections": [
        null,
        null,
        "_entity_novelty:Instance-character",
        "_complement_gaps:Instance-attribute-character",
        "_subject_gaps:Instance-attribute-character",
        "_complement_gaps:Instance-attribute-character",
        "_complement_gaps:Instance-attribute-character",
        "_complement_gaps:Instance-attribute-character",
        "_complement_gaps:Instance-attribute-character",
        "_statement_novelty:Actor-Source",
        "_trust:Source"
    ]
}