{
    "abstract_actions": [
        null,
        4,
        5,
        6,
        2,
        5,
        7,
        2,
        4,
        6,
        6
    ],
    "specific_actions": [
        null,
        null,
        11,
        null,
        25,
        11,
        25,
        25,
        null,
        11,
        11
    ],
    "rewards": [
        0,
        0,
        0.004840242586230836,
        0.004985765868586789,
        0.0026193656176665137,
        0.0029412233708412394,
        0.004526631402085757,
        0.0032725738666250503,
        0.0026910462824938364,
        0.004104598636479162,
        0.002608836424219829
    ],
    "states": [
        2.507160339530282,
        2.532129580456718,
        2.5443857018858993,
        2.5570714132748824,
        2.5637693182167327,
        2.5713099364529173,
        2.5829493087557602,
        2.5914022011624116,
        2.598375784422296,
        2.609041074124096,
        2.6158476355105567
    ],
    "selections": [
        null,
        null,
        "_subject_gaps:Instance-character-enchantment",
        "_complement_gaps:Instance-attribute-character",
        "_overlaps:character",
        "_statement_novelty:Actor-Source",
        "_complement_gaps:Instance-attribute-character",
        "_trust:Source",
        "_statement_novelty:Actor-Source",
        "_subject_gaps:Instance-attribute-character",
        "_overlaps:attribute-object"
    ]
}