{
    "abstract_actions": [
        null,
        5,
        5,
        7,
        5,
        3,
        7,
        5,
        4,
        7,
        5
    ],
    "specific_actions": [
        null,
        11,
        11,
        25,
        11,
        11,
        25,
        11,
        null,
        25,
        11
    ],
    "rewards": [
        0,
        0,
        -0.006215626155736564,
        -0.002614379084967311,
        -0.0042755763212413145,
        -0.002509290568817102,
        0.00043917435221763057,
        0.0004923786321675561,
        -0.004077351921021655,
        -0.002167947310647622,
        0.0005589299364090472
    ],
    "states": [
        11.742296918767506,
        10.985714285714286,
        10.917431192660551,
        10.88888888888889,
        10.842332613390928,
        10.815126050420169,
        10.819875776397515,
        10.825203252032521,
        10.781065088757396,
        10.757692307692308,
        10.763705103969754
    ],
    "selections": [
        null,
        null,
        "_complement_gaps:Instance-attribute-character",
        "_complement_gaps:Instance-attribute-character",
        "_trust:Source",
        "_complement_gaps:Instance-attribute-character",
        "_entity_novelty:Instance-attribute",
        "_trust:Source",
        "_complement_gaps:Instance-attribute-character",
        "_subject_gaps:Instance-character-gender",
        "_trust:Source"
    ]
}