{
    "abstract_actions": [
        null,
        7,
        5,
        7,
        5,
        5,
        4,
        5,
        3,
        7,
        6
    ],
    "specific_actions": [
        null,
        25,
        11,
        25,
        11,
        11,
        null,
        11,
        11,
        25,
        null
    ],
    "rewards": [
        0,
        0,
        -0.026582278481012578,
        0.4569672131147542,
        -0.02008032128514059,
        0.296875,
        0.2195121951219512,
        0.16881959910913147,
        0.13959390862944154,
        0.11733427862460122,
        -0.017415534656913922
    ],
    "states": [
        0.0,
        0.0008669267446900737,
        0.0008438818565400844,
        0.0012295081967213116,
        0.0012048192771084338,
        0.0015625,
        0.0019054878048780487,
        0.0022271714922048997,
        0.0025380710659898475,
        0.002835873803615739,
        0.002786485545106235
    ],
    "selections": [
        null,
        null,
        "_trust:Source",
        "_complement_gaps:Instance-attribute-character",
        "_trust:Source",
        "_complement_gaps:Instance-attribute-character",
        "_complement_gaps:Instance-attribute-character",
        "_subject_gaps:Instance-character-product",
        "_complement_gaps:Instance-attribute-character",
        "_entity_novelty:Instance-attribute",
        "_trust:Source"
    ]
}