{
    "abstract_actions": [
        null,
        4,
        5,
        4,
        5,
        5,
        5,
        4,
        7,
        2,
        5
    ],
    "specific_actions": [
        null,
        null,
        11,
        null,
        11,
        11,
        11,
        null,
        25,
        25,
        11
    ],
    "rewards": [
        0,
        0,
        -0.03433476394849788,
        -0.03604644818230063,
        -0.030631557637640583,
        -0.03377694151232025,
        -0.027939376108409575,
        -0.03180623243615055,
        -0.02591973509812384,
        -0.026939685618242892,
        -0.013240514329279418
    ],
    "states": [
        0.013134665630958265,
        0.01056689342403628,
        0.01020408163265306,
        0.009836260732833666,
        0.009534960745257011,
        0.009212898933842195,
        0.008955496285480813,
        0.008670655689043728,
        0.008445914590456674,
        0.00821838430663124,
        0.008109568671455764
    ],
    "selections": [
        null,
        null,
        "_subject_gaps:Instance-attribute-character",
        "_complement_gaps:Instance-attribute-character",
        "_subject_gaps:Instance-character-product",
        "_complement_gaps:Instance-attribute-character",
        "_complement_gaps:Instance-attribute-character",
        "_complement_gaps:Instance-attribute-character",
        "_subject_gaps:Instance-attribute-character",
        "_trust:Source",
        "_statement_novelty:Actor-Source"
    ]
}