{
    "abstract_actions": [
        null,
        7,
        7,
        7,
        7,
        7,
        7,
        4,
        7,
        5,
        4
    ],
    "specific_actions": [
        null,
        25,
        25,
        25,
        25,
        25,
        25,
        null,
        25,
        11,
        null
    ],
    "rewards": [
        0,
        0,
        0.008977299755272838,
        0.006787950586005342,
        0.006543356212113549,
        0.006311860584794715,
        0.006092537180807822,
        0.00588454060824084,
        0.009367832431987244,
        0.006167993338343836,
        0.008368172528490758
    ],
    "states": [
        2.261951971799956,
        2.3403682236617795,
        2.3613784107433067,
        2.377407330710292,
        2.3929635537364193,
        2.4080676060720987,
        2.422738847495992,
        2.4369955526272444,
        2.4598249186017545,
        2.474997102313182,
        2.4957083050728537
    ],
    "selections": [
        null,
        null,
        "_trust:Source",
        "_trust:Source",
        "_trust:Source",
        "_trust:Source",
        "_trust:Source",
        "_trust:Source",
        "_subject_gaps:Instance-attribute-character",
        "_trust:Source",
        "_complement_gaps:Instance-attribute-character"
    ]
}