{
    "abstract_actions": [
        null,
        7,
        5,
        4,
        4,
        4,
        7,
        4,
        5,
        4,
        7
    ],
    "specific_actions": [
        null,
        25,
        11,
        null,
        null,
        null,
        25,
        null,
        11,
        null,
        25
    ],
    "rewards": [
        0,
        0,
        0.04337899543378998,
        0.06126914660831506,
        0.057731958762886615,
        0.04678362573099415,
        0.04469273743016755,
        0.024955436720142776,
        0.04869565217391303,
        0.046434494195688236,
        0.044374009508716394
    ],
    "states": [
        7.0588235294117645,
        8.588235294117647,
        8.96078431372549,
        9.509803921568627,
        10.058823529411764,
        10.529411764705882,
        11.0,
        11.27450980392157,
        11.823529411764707,
        12.372549019607844,
        12.92156862745098
    ],
    "selections": [
        null,
        null,
        "_trust:Source",
        "_complement_gaps:Instance-attribute-character",
        "_subject_gaps:Instance-attribute-character",
        "_subject_gaps:Instance-attribute-character",
        "_subject_gaps:Instance-attribute-character",
        "_trust:Source",
        "_subject_gaps:Instance-attribute-character",
        "_complement_gaps:Instance-attribute-character",
        "_subject_gaps:Instance-attribute-character"
    ]
}