{
    "abstract_actions": [
        null,
        5,
        4,
        3,
        4,
        7,
        4,
        7,
        7,
        2,
        7
    ],
    "specific_actions": [
        null,
        11,
        null,
        11,
        null,
        25,
        null,
        25,
        25,
        25,
        25
    ],
    "rewards": [
        0,
        0,
        0.048252911813643884,
        0.03809523809523818,
        0.013761467889908285,
        0.042232277526395245,
        0.02026049204052094,
        0.03404255319148941,
        0.019204389574759784,
        0.012113055181695698,
        0.01196808510638303
    ],
    "states": [
        11.137254901960784,
        11.784313725490197,
        12.352941176470589,
        12.823529411764707,
        13.0,
        13.549019607843137,
        13.823529411764707,
        14.294117647058824,
        14.568627450980392,
        14.745098039215685,
        14.92156862745098
    ],
    "selections": [
        null,
        null,
        "_complement_gaps:Instance-attribute-character",
        "_subject_gaps:Instance-attribute-character",
        "_entity_novelty:Instance-attribute",
        "_subject_gaps:Instance-attribute-character",
        "_trust:Source",
        "_subject_gaps:Instance-attribute-character",
        "_trust:Source",
        "_trust:Source",
        "_statement_novelty:Actor-Source"
    ]
}