{
    "actions": [
        null,
        3,
        4,
        4,
        3,
        3,
        6,
        6,
        7,
        2,
        2
    ],
    "rewards": [
        0,
        0,
        0.9768996948472475,
        0.9797027728976377,
        0.9801045700948711,
        0.9804908548815912,
        0.9808625030283825,
        0.9940649197531962,
        0.9947469940145001,
        0.9947573931597047,
        0.9947683271439346
    ],
    "states": [
        0.008478555775853073,
        0.008119014386202512,
        0.007931462676341646,
        0.00777047597714603,
        0.007615879017013233,
        0.007467299728066076,
        0.007324394302134052,
        0.007280923434191654,
        0.0072426766998118786,
        0.007204706193403397,
        0.007167013527575442
    ],
    "selections": [
        null,
        null,
        "_entity_novelty:Instance-character",
        "_subject_gaps:Instance-attribute-character",
        "_subject_gaps:Instance-attribute-character",
        "_entity_novelty:Instance-character",
        "_entity_novelty:Instance-attribute",
        "_overlaps:character",
        "_overlaps:character",
        "_trust:Source",
        "_statement_novelty:Actor-Source"
    ]
}