{
    "abstract_actions": [
        null,
        4,
        5,
        5,
        4,
        4,
        4,
        5,
        4,
        4,
        4
    ],
    "specific_actions": [
        null,
        null,
        11,
        11,
        null,
        null,
        null,
        11,
        null,
        null,
        null
    ],
    "rewards": [
        0,
        0,
        0.010534907521621006,
        0.009800879678259822,
        0.010576524225988093,
        0.009835262879889672,
        0.005568705987623046,
        0.008838769223742382,
        0.005075224163231917,
        0.0072099413384136835,
        0.0035806149623560657
    ],
    "states": [
        2.261951971799956,
        2.3403682236617795,
        2.365023786464597,
        2.388203100031959,
        2.413461987976027,
        2.4371990210783925,
        2.4507710658601005,
        2.472432865731463,
        2.484981016753592,
        2.502897584111457,
        2.5118594966503713
    ],
    "selections": [
        null,
        null,
        "_subject_gaps:Instance-attribute-character",
        "_complement_gaps:Instance-attribute-character",
        "_complement_gaps:Instance-attribute-character",
        "_subject_gaps:Instance-attribute-character",
        "_subject_gaps:Instance-character-gender",
        "_subject_gaps:Instance-attribute-character",
        "_complement_gaps:Instance-attribute-character",
        "_subject_gaps:Instance-attribute-character",
        "_subject_gaps:Instance-attribute-character"
    ]
}