{
    "abstract_actions": [
        null,
        5,
        4,
        2,
        7,
        4,
        4,
        7,
        4,
        3,
        6
    ],
    "specific_actions": [
        null,
        11,
        null,
        25,
        25,
        null,
        null,
        25,
        null,
        11,
        11
    ],
    "rewards": [
        0,
        0,
        0.03164282618118763,
        0.01638655462184868,
        0.024803637866887218,
        0.01573215006050832,
        0.015488482922954683,
        0.015252248728979234,
        0.01502311248073962,
        0.024288425047438222,
        0.014449796220822542
    ],
    "states": [
        2096.0,
        2307.0,
        2380.0,
        2419.0,
        2479.0,
        2518.0,
        2557.0,
        2596.0,
        2635.0,
        2699.0,
        2738.0
    ],
    "selections": [
        null,
        null,
        "_complement_gaps:Instance-attribute-character",
        "_subject_gaps:Instance-attribute-character",
        "_statement_novelty:Actor-Source",
        "_trust:Source",
        "_subject_gaps:Instance-attribute-character",
        "_subject_gaps:Instance-character-personality-trait",
        "_trust:Source",
        "_subject_gaps:Instance-character-personality-trait",
        "_entity_novelty:Instance-attribute"
    ]
}