{
    "abstract_actions": [
        null,
        7,
        4,
        5,
        3,
        4,
        3,
        5,
        5,
        7,
        4
    ],
    "specific_actions": [
        null,
        25,
        null,
        11,
        11,
        null,
        11,
        11,
        11,
        25,
        null
    ],
    "rewards": [
        0,
        0,
        0.04337899543378998,
        0.06126914660831506,
        0.057731958762886615,
        0.01754385964912264,
        0.05363984674329525,
        0.016363636363636358,
        0.0429338103756709,
        0.04116638078902235,
        0.023064250411861442
    ],
    "states": [
        7.0588235294117645,
        8.588235294117647,
        8.96078431372549,
        9.509803921568627,
        10.058823529411764,
        10.235294117647058,
        10.784313725490197,
        10.96078431372549,
        11.431372549019608,
        11.901960784313726,
        12.176470588235293
    ],
    "selections": [
        null,
        null,
        "_trust:Source",
        "_subject_gaps:Instance-character-enchantment",
        "_complement_gaps:Instance-attribute-character",
        "_entity_novelty:Instance-attribute",
        "_subject_gaps:Instance-character-object",
        "_entity_novelty:Instance-attribute",
        "_complement_gaps:Instance-attribute-character",
        "_complement_gaps:Instance-attribute-character",
        "_trust:Source"
    ]
}