{
    "abstract_actions": [
        null,
        3,
        3,
        3,
        4,
        5,
        4,
        3,
        4,
        7,
        2
    ],
    "specific_actions": [
        null,
        null,
        11,
        null,
        null,
        11,
        null,
        null,
        null,
        25,
        25
    ],
    "rewards": [
        0,
        0,
        0.4576663858466723,
        0.29886472438790856,
        -0.01575121163166393,
        0.21850393700787385,
        0.16781609195402303,
        0.13619402985074625,
        0.1162015826738858,
        0.09701492537313428,
        -0.02087682672233815
    ],
    "states": [
        0.0,
        0.0008669267446900737,
        0.0012636899747262005,
        0.0016413623307345096,
        0.0016155088852988692,
        0.001968503937007874,
        0.0022988505747126436,
        0.0026119402985074628,
        0.0029154518950437317,
        0.0031982942430703624,
        0.003131524008350731
    ],
    "selections": [
        null,
        null,
        "_entity_novelty:Instance-character",
        "_entity_novelty:Instance-attribute",
        "_entity_novelty:Instance-character",
        "_subject_gaps:Instance-attribute-character",
        "_complement_gaps:Instance-attribute-character",
        "_subject_gaps:Instance-attribute-character",
        "_entity_novelty:Instance-character",
        "_subject_gaps:Instance-character-product",
        "_trust:Source"
    ]
}