{
    "abstract_actions": [
        null,
        4,
        5,
        5,
        3,
        2,
        4,
        7,
        7,
        5,
        7
    ],
    "specific_actions": [
        null,
        null,
        11,
        11,
        11,
        25,
        null,
        25,
        25,
        11,
        25
    ],
    "rewards": [
        0,
        0,
        0.4539915966386556,
        0.2952380952380953,
        0.21527777777777768,
        -0.015240328253223967,
        -0.02290950744558984,
        -0.01467268623024831,
        -0.014460511679644017,
        -0.014254385964912353,
        0.1725714285714286
    ],
    "states": [
        0.0,
        0.0008669267446900737,
        0.0012605042016806723,
        0.0016326530612244899,
        0.001984126984126984,
        0.0019538882375928096,
        0.0019091256204658267,
        0.0018811136192626034,
        0.0018539117538005192,
        0.001827485380116959,
        0.002142857142857143
    ],
    "selections": [
        null,
        null,
        "_subject_gaps:Instance-character-product",
        "_complement_gaps:Instance-attribute-character",
        "_complement_gaps:Instance-attribute-character",
        "_entity_novelty:Instance-attribute",
        "_statement_novelty:Actor-Source",
        "_subject_gaps:Instance-ancestry-character",
        "_trust:Source",
        "_trust:Source",
        "_complement_gaps:Instance-attribute-character"
    ]
}