{
    "actions": [
        null,
        4,
        3,
        2,
        2,
        7,
        5,
        4,
        4,
        7,
        4
    ],
    "rewards": [
        0,
        0,
        0.06378132118451019,
        0.01927194860813719,
        0.018907563025210017,
        0.01855670103092777,
        0.018218623481781604,
        0.05367793240556651,
        0.05094339622641497,
        0.04129263913824066,
        0.01551724137931032
    ],
    "states": [
        7.0588235294117645,
        8.607843137254902,
        9.156862745098039,
        9.333333333333334,
        9.509803921568627,
        9.686274509803921,
        9.862745098039216,
        10.392156862745098,
        10.92156862745098,
        11.372549019607844,
        11.549019607843137
    ],
    "selections": [
        null,
        null,
        "_subject_gaps:Instance-attribute-character",
        "_entity_novelty:Instance-character",
        "_statement_novelty:Actor-Source",
        "_statement_novelty:Actor-Source",
        "_trust:Source",
        "_complement_gaps:Instance-attribute-character",
        "_subject_gaps:Instance-attribute-character",
        "_subject_gaps:Instance-attribute-character",
        "_trust:Source"
    ]
}