{
    "actions": [
        null,
        4,
        6,
        5,
        5,
        5,
        4,
        5,
        5,
        5,
        5
    ],
    "rewards": [
        0,
        0,
        0.029143105698129723,
        0.019442096365173356,
        0.029021558872305064,
        0.028203062046736393,
        0.02742946708463956,
        0.02440884820747513,
        0.026061057334326065,
        0.02539912917271403,
        0.0226468506723283
    ],
    "states": [
        2084.0,
        2299.0,
        2366.0,
        2412.0,
        2482.0,
        2552.0,
        2622.0,
        2686.0,
        2756.0,
        2826.0,
        2890.0
    ],
    "selections": [
        null,
        null,
        "_subject_gaps:Instance-attribute-character",
        "_overlaps:attribute",
        "_complement_gaps:Instance-attribute-character",
        "_complement_gaps:Instance-attribute-character",
        "_complement_gaps:Instance-attribute-character",
        "_subject_gaps:Instance-attribute-character",
        "_complement_gaps:Instance-attribute-character",
        "_complement_gaps:Instance-attribute-character",
        "_complement_gaps:Instance-attribute-character"
    ]
}