{
    "actions": [
        null,
        4,
        4,
        2,
        7,
        5,
        5,
        3,
        4,
        3,
        6
    ],
    "rewards": [
        0,
        0,
        0.11837620080570188,
        -0.010994904800214589,
        -0.010875331564986879,
        -0.010758331146680677,
        0.10073812580231079,
        0.08765463125855177,
        0.0793834771886559,
        0.07083911005479648,
        0.06376277632517224
    ],
    "states": [
        0.0017103762827822121,
        0.0019395954558049321,
        0.0021691973969631237,
        0.002145347278090641,
        0.002122015915119363,
        0.0020991865652059826,
        0.0023106546854942235,
        0.0025131942699170647,
        0.0027127003699136867,
        0.002904865649963689,
        0.0030900879486570002
    ],
    "selections": [
        null,
        null,
        "_subject_gaps:Instance-attribute-character",
        "_subject_gaps:Instance-attribute-character",
        "_statement_novelty:Actor-Source",
        "_trust:Source",
        "_complement_gaps:Instance-attribute-character",
        "_complement_gaps:Instance-attribute-character",
        "_entity_novelty:Instance-attribute",
        "_subject_gaps:Instance-attribute-character",
        "_entity_novelty:Instance-attribute"
    ]
}