{
    "abstract_actions": [
        null,
        5,
        6,
        6,
        6,
        6,
        2,
        2,
        5,
        7,
        2
    ],
    "specific_actions": [
        null,
        11,
        11,
        11,
        11,
        11,
        25,
        25,
        11,
        25,
        25
    ],
    "rewards": [
        0,
        0,
        0.02229748800451592,
        0.018774157923798995,
        0.018428184281842785,
        0.010910058541777623,
        0.010792313766780692,
        0.010677083333333393,
        0.010564287554754026,
        0.021417644059153584,
        0.014478282576135815
    ],
    "states": [
        3450.0,
        3543.0,
        3622.0,
        3690.0,
        3758.0,
        3799.0,
        3840.0,
        3881.0,
        3922.0,
        4006.0,
        4064.0
    ],
    "selections": [
        null,
        null,
        "_complement_gaps:Instance-attribute-character",
        "_overlaps:attribute-object",
        "_overlaps:attribute-object",
        "_overlaps:attribute-object",
        "_overlaps:attribute-object",
        "_statement_novelty:Actor-Source",
        "_statement_novelty:Actor-Source",
        "_complement_gaps:Instance-attribute-character-object",
        "_trust:Source"
    ]
}