{
    "abstract_actions": [
        null,
        5,
        5,
        5,
        4,
        7,
        7,
        5,
        3,
        5,
        4
    ],
    "specific_actions": [
        null,
        11,
        11,
        11,
        null,
        25,
        25,
        11,
        11,
        11,
        null
    ],
    "rewards": [
        0,
        0,
        0.024855294518215887,
        0.021262458471760892,
        0.020819778789850307,
        0.02230720203951564,
        0.01558603491271815,
        0.011970534069981609,
        0.019411586290567273,
        0.011603689378161253,
        0.018823529411764683
    ],
    "states": [
        2850.0,
        2937.0,
        3010.0,
        3074.0,
        3138.0,
        3208.0,
        3258.0,
        3297.0,
        3361.0,
        3400.0,
        3464.0
    ],
    "selections": [
        null,
        null,
        "_complement_gaps:Instance-attribute-character",
        "_complement_gaps:Instance-attribute-character",
        "_complement_gaps:Instance-attribute-character",
        "_subject_gaps:Instance-attribute-character",
        "_trust:Source",
        "_trust:Source",
        "_complement_gaps:Instance-attribute-character",
        "_entity_novelty:Instance-attribute",
        "_complement_gaps:Instance-attribute-character"
    ]
}