{
    "abstract_actions": [
        null,
        4,
        7,
        5,
        5,
        4,
        7,
        2,
        2,
        4,
        5
    ],
    "specific_actions": [
        null,
        null,
        25,
        11,
        11,
        null,
        25,
        25,
        25,
        null,
        11
    ],
    "rewards": [
        0,
        0,
        0.4539915966386556,
        -0.024590163934426257,
        0.29614873837981404,
        0.2160852713178294,
        0.16830188679245284,
        -0.0185185185185186,
        -0.014238773274917849,
        -0.014038876889848728,
        0.14039408866995062
    ],
    "states": [
        0.0,
        0.0008669267446900737,
        0.0012605042016806723,
        0.0012295081967213116,
        0.0015936254980079682,
        0.001937984496124031,
        0.0022641509433962265,
        0.0022222222222222222,
        0.002190580503833516,
        0.0021598272138228943,
        0.0024630541871921183
    ],
    "selections": [
        null,
        null,
        "_subject_gaps:Instance-activity-character",
        "_trust:Source",
        "_complement_gaps:Instance-attribute-character",
        "_complement_gaps:Instance-attribute-character",
        "_subject_gaps:Instance-ability-character",
        "_trust:Source",
        "_statement_novelty:Actor-Source",
        "_statement_novelty:Actor-Source",
        "_subject_gaps:Instance-character-gender"
    ]
}