{
    "actions": [
        null,
        4,
        4,
        7,
        7,
        7,
        2,
        6,
        7,
        7,
        7,
        7,
        4,
        5,
        7,
        4,
        5,
        7,
        7,
        4,
        6,
        6,
        6,
        4,
        7,
        7
    ],
    "rewards": [
        0,
        0,
        0.03552766920386752,
        0.03526655630741837,
        -0.00786607503025416,
        -0.007804682809685715,
        -0.007744241461477452,
        -0.007684729064039497,
        -0.008982620581917566,
        -0.007558139534883712,
        -0.007501442585112539,
        -0.0074455899198166975,
        -0.007390562819784008,
        0.03292709911320668,
        0.032268455511084815,
        -0.00717175432144157,
        -0.007120686507211982,
        -0.007070340826686006,
        -0.007020702070206997,
        -0.006971755452270245,
        0.03097723519698059,
        -0.008073008073008148,
        -0.006797978037301644,
        -0.006752077562326875,
        0.029660610215975325,
        -0.00664055848799594
    ],
    "states": [
        0.004031402503713134,
        0.004171881518564873,
        0.004320098745114174,
        0.00447245375076235,
        0.004437273093989512,
        0.004402641584950971,
        0.004368546465448769,
        0.004334975369458128,
        0.004296035930482328,
        0.004263565891472868,
        0.0042315829967301405,
        0.004200076365024819,
        0.004169035436801213,
        0.004306309679835237,
        0.004445267642155954,
        0.004413387274733358,
        0.004381960927515063,
        0.00435097897026831,
        0.00432043204320432,
        0.004290311047550947,
        0.004423213021939137,
        0.0043875043875043875,
        0.004357678229039568,
        0.00432825484764543,
        0.004456633527596846,
        0.0044270389919972754
    ],
    "selections": [
        null,
        null,
        "_subject_gaps:Instance-attribute-character",
        "_subject_gaps:Instance-attribute-character",
        "_trust:Source",
        "_trust:Source",
        "_trust:Source",
        "_statement_novelty:Actor-Source",
        "_overlaps:character",
        "_trust:Source",
        "_trust:Source",
        "_trust:Source",
        "_trust:Source",
        "_subject_gaps:Instance-attribute-character",
        "_complement_gaps:Instance-attribute-character",
        "_trust:Source",
        "_subject_gaps:Instance-attribute-character",
        "_complement_gaps:Instance-attribute-character",
        "_trust:Source",
        "_trust:Source",
        "_subject_gaps:Instance-attribute-character",
        "_overlaps:character",
        "_overlaps:character",
        "_overlaps:character",
        "_subject_gaps:Instance-attribute-character",
        "_trust:Source"
    ]
}