{
    "abstract_actions": [
        null,
        3,
        3,
        2,
        5,
        7,
        5,
        3,
        3,
        5,
        6
    ],
    "specific_actions": [
        null,
        null,
        11,
        25,
        11,
        25,
        11,
        null,
        11,
        11,
        11
    ],
    "rewards": [
        0,
        0,
        -0.03433476394849788,
        -0.011900826446280988,
        -0.0319225924724964,
        -0.03454187554959487,
        -0.01825803549498972,
        -0.03280753453789109,
        -0.026720545837529808,
        -0.014016219701170174,
        -0.025672135236443183
    ],
    "states": [
        0.013134665630958265,
        0.01056689342403628,
        0.01020408163265306,
        0.010082644628099173,
        0.009760780472591359,
        0.009423624808240192,
        0.009251567931999877,
        0.008948046797541145,
        0.008708950102931086,
        0.008586883544921875,
        0.008366439909297052
    ],
    "selections": [
        null,
        null,
        "_entity_novelty:Instance-character",
        "_entity_novelty:Instance-attribute",
        "_statement_novelty:Actor-Source",
        "_complement_gaps:Instance-attribute-character",
        "_trust:Source",
        "_complement_gaps:Instance-attribute-character",
        "_entity_novelty:Instance-character",
        "_entity_novelty:Instance-attribute",
        "_complement_gaps:Instance-attribute-character"
    ]
}