{
    "actions": [
        null,
        3,
        4,
        5,
        4,
        4,
        7,
        5,
        3,
        7,
        4
    ],
    "rewards": [
        0,
        0,
        0.0546697038724373,
        0.049676025917926525,
        0.05555555555555558,
        0.05263157894736836,
        0.050000000000000044,
        0.01587301587301604,
        0.046875,
        0.014925373134328401,
        0.014705882352941124
    ],
    "states": [
        7.0588235294117645,
        8.607843137254902,
        9.07843137254902,
        9.529411764705882,
        10.058823529411764,
        10.588235294117647,
        11.117647058823529,
        11.294117647058824,
        11.823529411764707,
        12.0,
        12.176470588235293
    ],
    "selections": [
        null,
        null,
        "_entity_novelty:Instance-attribute",
        "_subject_gaps:Instance-attribute-character",
        "_complement_gaps:Instance-attribute-character",
        "_subject_gaps:Instance-attribute-character",
        "_subject_gaps:Instance-attribute-character",
        "_trust:Source",
        "_complement_gaps:Instance-attribute-character",
        "_entity_novelty:Instance-attribute",
        "_trust:Source"
    ]
}