{
    "abstract_actions": [
        null,
        3,
        4,
        3,
        4,
        5,
        4,
        5,
        5,
        5,
        5
    ],
    "specific_actions": [
        null,
        11,
        null,
        11,
        null,
        11,
        null,
        11,
        11,
        11,
        11
    ],
    "rewards": [
        0,
        0,
        -0.014545454545454528,
        0.45947249919588273,
        -0.013015873015873036,
        0.2987012987012987,
        0.2183544303797469,
        0.17312905126694167,
        0.14111431316042244,
        0.11584532518691226,
        0.09902418911489819
    ],
    "states": [
        0.0,
        0.0006709158000670916,
        0.0006611570247933885,
        0.0009649404953361209,
        0.0009523809523809524,
        0.0012368583797155227,
        0.0015069318866787222,
        0.0017678255745433118,
        0.0020172910662824206,
        0.0022509848058525606,
        0.002473886750962067
    ],
    "selections": [
        null,
        null,
        "_entity_novelty:Instance-attribute",
        "_subject_gaps:Instance-attribute-character",
        "_entity_novelty:Instance-attribute",
        "_subject_gaps:Instance-attribute-character",
        "_complement_gaps:Instance-attribute-character",
        "_subject_gaps:Instance-character-personality-trait",
        "_complement_gaps:Instance-attribute-character",
        "_complement_gaps:Instance-attribute-character",
        "_complement_gaps:Instance-attribute-character"
    ]
}