{
    "actions": [
        null,
        3,
        5,
        4,
        4,
        5,
        6,
        6,
        7,
        4,
        4,
        7,
        6,
        2,
        2,
        7,
        2,
        5,
        4,
        7,
        4,
        4,
        4,
        3,
        4,
        4
    ],
    "rewards": [
        0,
        0,
        -0.011194029850746134,
        0.037852317726531526,
        -0.010116731517509803,
        0.03544137199339259,
        -0.009853461344113135,
        -0.011488511488511488,
        -0.011358024691358048,
        -0.009537784299339713,
        0.03381892607753434,
        -0.009303435114503933,
        -0.00921767903568893,
        -0.010755202244563944,
        -0.009036144578313254,
        -0.008955223880597107,
        -0.008875739644970349,
        -0.008797653958944385,
        0.032709637112572576,
        0.03214250074842817,
        -0.00848933391380069,
        0.029141075662254767,
        0.028855668645744847,
        0.026075313807531364,
        -0.008092965345507297,
        0.026111575527199893
    ],
    "states": [
        0.00468448608432075,
        0.004851752021563342,
        0.004797441364605544,
        0.004979035639412998,
        0.004928664072632944,
        0.0051033426894615975,
        0.005053057099545225,
        0.004995004995004995,
        0.0049382716049382715,
        0.004891171435558816,
        0.005056585600770528,
        0.005009541984732824,
        0.004963365634601749,
        0.004909983633387889,
        0.004865616311399444,
        0.004822043628013777,
        0.004779244424214839,
        0.004737198285585382,
        0.004892150322437181,
        0.0050493962678375415,
        0.00500653025685677,
        0.005152425933877201,
        0.005301102629346904,
        0.005439330543933054,
        0.0053953102303382445,
        0.0055361902809103955
    ],
    "selections": [
        null,
        null,
        "_entity_novelty:Instance-attribute",
        "_complement_gaps:Instance-attribute-character",
        "_subject_gaps:Instance-attribute-character",
        "_subject_gaps:Instance-attribute-character",
        "_complement_gaps:Instance-attribute-character",
        "_overlaps:character",
        "_overlaps:character",
        "_trust:Source",
        "_subject_gaps:Instance-attribute-character",
        "_subject_gaps:Instance-attribute-character",
        "_trust:Source",
        "_overlaps:character",
        "_statement_novelty:Actor-Source",
        "_statement_novelty:Actor-Source",
        "_trust:Source",
        "_statement_novelty:Actor-Source",
        "_complement_gaps:Instance-attribute-character",
        "_subject_gaps:Instance-attribute-character",
        "_trust:Source",
        "_subject_gaps:Instance-attribute-character",
        "_subject_gaps:Instance-attribute-character",
        "_subject_gaps:Instance-attribute-character",
        "_entity_novelty:Instance-attribute",
        "_subject_gaps:Instance-attribute-character"
    ]
}