{
    "actions": [
        null,
        4,
        2,
        4,
        5,
        4,
        2,
        5,
        3,
        5,
        4
    ],
    "rewards": [
        0,
        0,
        1.008382229673093,
        1.0074812967581046,
        1.018151815181518,
        1.0186385737439223,
        1.0071599045346062,
        1.0071090047393365,
        1.0211764705882354,
        1.0069124423963134,
        1.020594965675057
    ],
    "states": [
        23.11764705882353,
        23.392156862745097,
        23.58823529411765,
        23.764705882352942,
        24.19607843137255,
        24.647058823529413,
        24.823529411764707,
        25.0,
        25.529411764705884,
        25.705882352941178,
        26.235294117647058
    ],
    "selections": [
        null,
        null,
        "_subject_gaps:Instance-attribute-character",
        "_statement_novelty:Actor-Source",
        "_subject_gaps:Instance-attribute-character",
        "_complement_gaps:Instance-attribute-character",
        "_subject_gaps:Instance-attribute-character",
        "_statement_novelty:Actor-Source",
        "_complement_gaps:Instance-attribute-character",
        "_entity_novelty:Instance-attribute",
        "_complement_gaps:Instance-attribute-character"
    ]
}