{
    "actions": [
        null,
        5,
        7,
        5,
        5,
        7,
        2,
        4,
        5,
        5,
        5
    ],
    "rewards": [
        0,
        0,
        -0.001576452849595733,
        0.0027938423319182615,
        0.0004730498565324037,
        -0.0006976134277471013,
        0.0026266917675790147,
        0.0025778933680105087,
        0.000350652949726582,
        -0.0007599072913104798,
        0.00034445505644375984
    ],
    "states": [
        12.4408014571949,
        12.358523725834798,
        12.33904109589041,
        12.37351443123939,
        12.37936772046589,
        12.370731707317074,
        12.403225806451612,
        12.4352,
        12.43956043956044,
        12.43010752688172,
        12.434389140271493
    ],
    "selections": [
        null,
        null,
        "_complement_gaps:Instance-attribute-character",
        "_trust:Source",
        "_complement_gaps:Instance-attribute-character",
        "_complement_gaps:Instance-attribute-character",
        "_trust:Source",
        "_statement_novelty:Actor-Source",
        "_subject_gaps:Instance-attribute-character",
        "_complement_gaps:Instance-attribute-character",
        "_complement_gaps:Instance-attribute-character"
    ]
}