{
    "abstract_actions": [
        null,
        3,
        5,
        5,
        3,
        4,
        7,
        7,
        2,
        2,
        2
    ],
    "specific_actions": [
        null,
        11,
        11,
        11,
        null,
        null,
        25,
        25,
        25,
        25,
        25
    ],
    "rewards": [
        0,
        0,
        0.01820546163849146,
        0.0297999148573862,
        0.028937577511368273,
        0.025713137806347985,
        0.025068546807677228,
        0.022927015666794004,
        0.014568546880836752,
        0.014359351988217917,
        0.014156079854809489
    ],
    "states": [
        2096.0,
        2307.0,
        2349.0,
        2419.0,
        2489.0,
        2553.0,
        2617.0,
        2677.0,
        2716.0,
        2755.0,
        2794.0
    ],
    "selections": [
        null,
        null,
        "_entity_novelty:Instance-attribute",
        "_complement_gaps:Instance-attribute-character",
        "_complement_gaps:Instance-attribute-character",
        "_entity_novelty:Instance-character",
        "_subject_gaps:Instance-ancestry-character",
        "_trust:Source",
        "_trust:Source",
        "_statement_novelty:Actor-Source",
        "_statement_novelty:Actor-Source"
    ]
}