{
    "actions": [
        null,
        5,
        5,
        5,
        4,
        3,
        5,
        7,
        7,
        4,
        4
    ],
    "rewards": [
        0,
        0,
        0.02321237993596581,
        0.01981747066492834,
        0.02096650473024808,
        0.019033308289506667,
        0.010076185795035553,
        0.020437956204379493,
        0.009775870290891664,
        0.009681227863046038,
        0.017773620205799867
    ],
    "states": [
        3655.0,
        3748.0,
        3835.0,
        3911.0,
        3993.0,
        4069.0,
        4110.0,
        4194.0,
        4235.0,
        4276.0,
        4352.0
    ],
    "selections": [
        null,
        null,
        "_complement_gaps:Instance-attribute-character",
        "_complement_gaps:Instance-attribute-character",
        "_complement_gaps:Instance-attribute-character",
        "_subject_gaps:Instance-attribute-character",
        "_entity_novelty:Instance-attribute",
        "_complement_gaps:Instance-attribute-character",
        "_trust:Source",
        "_trust:Source",
        "_subject_gaps:Instance-attribute-character"
    ]
}