{
    "abstract_actions": [
        null,
        4,
        5,
        4,
        3,
        6,
        3,
        7,
        4,
        7,
        5
    ],
    "specific_actions": [
        null,
        null,
        11,
        null,
        11,
        null,
        null,
        25,
        null,
        25,
        11
    ],
    "rewards": [
        0,
        0,
        -0.01980722690507164,
        -0.02101056035575899,
        -0.01686009373295072,
        -0.01688946600342278,
        -0.0099813002519471,
        -0.01973083745228521,
        -0.009385923424633846,
        -0.01572403935060218,
        -0.009172608887887401
    ],
    "states": [
        0.008704397696387735,
        0.008414598441511644,
        0.00824792858086556,
        0.008074634979607295,
        0.007938495876991754,
        0.0078044189207589895,
        0.007726520672218917,
        0.007574069948763644,
        0.007502980308211728,
        0.007385003150598614,
        0.007317263405062356
    ],
    "selections": [
        null,
        null,
        "_subject_gaps:Instance-attribute-character",
        "_complement_gaps:Instance-attribute-character",
        "_subject_gaps:Instance-ability-character",
        "_entity_novelty:Instance-attribute",
        "_overlaps:character",
        "_entity_novelty:Instance-character",
        "_trust:Source",
        "_subject_gaps:Instance-ancestry-character",
        "_trust:Source"
    ]
}