{
    "actions": [
        null,
        4,
        5,
        5,
        4,
        3,
        4,
        5,
        5,
        5,
        3
    ],
    "rewards": [
        0,
        0,
        -0.003827153980986542,
        0.002716245379902338,
        -0.0026561987088302708,
        -0.0025156287646993514,
        0.0025706983605877642,
        -0.0024188613823521443,
        -0.0040575967563361015,
        -0.0038381745698818914,
        -0.003636098209796046
    ],
    "states": [
        11.675070028011204,
        10.869976359338061,
        10.82837528604119,
        10.857787810383748,
        10.828947368421053,
        10.801705756929637,
        10.829473684210527,
        10.80327868852459,
        10.759443339960239,
        10.718146718146718,
        10.679174484052533
    ],
    "selections": [
        null,
        null,
        "_subject_gaps:Instance-attribute-character",
        "_complement_gaps:Instance-attribute-character",
        "_complement_gaps:Instance-attribute-character",
        "_subject_gaps:Instance-attribute-character",
        "_entity_novelty:Instance-attribute",
        "_subject_gaps:Instance-attribute-character",
        "_complement_gaps:Instance-attribute-character",
        "_complement_gaps:Instance-attribute-character",
        "_complement_gaps:Instance-attribute-character"
    ]
}