{
    "abstract_actions": [
        null,
        4,
        4,
        4,
        4,
        4,
        4,
        7,
        4,
        4,
        4
    ],
    "specific_actions": [
        null,
        null,
        null,
        null,
        null,
        null,
        null,
        25,
        null,
        null,
        null
    ],
    "rewards": [
        0,
        0,
        0.02296880356530684,
        0.02144772117962468,
        0.012795275590551158,
        0.020732102364755534,
        0.02221516978736915,
        0.019869605712511618,
        0.015220700152207112,
        0.011694152923538148,
        0.018968583283935914
    ],
    "states": [
        2830.0,
        2917.0,
        2984.0,
        3048.0,
        3087.0,
        3151.0,
        3221.0,
        3285.0,
        3335.0,
        3374.0,
        3438.0
    ],
    "selections": [
        null,
        null,
        "_subject_gaps:Instance-attribute-character",
        "_subject_gaps:Instance-activity-character",
        "_subject_gaps:Instance-character-product",
        "_subject_gaps:Instance-attribute-character",
        "_subject_gaps:Instance-attribute-character",
        "_subject_gaps:Instance-character-physical-appearance",
        "_trust:Source",
        "_subject_gaps:Instance-attribute-character",
        "_subject_gaps:Instance-ancestry-character"
    ]
}