{
    "abstract_actions": [
        null,
        7,
        7,
        7,
        7,
        7,
        7,
        7,
        5,
        7,
        4
    ],
    "specific_actions": [
        null,
        25,
        25,
        25,
        25,
        25,
        25,
        25,
        11,
        25,
        null
    ],
    "rewards": [
        0,
        0,
        -0.00583078149251226,
        0.0025949367088606845,
        0.00027581134504006677,
        0.00026723244363813237,
        0.0024335238894424016,
        0.002365102504765959,
        0.0001805076468479605,
        -0.004682266878195063,
        -0.0019290638119919823
    ],
    "states": [
        11.742296918767506,
        10.985714285714286,
        10.921658986175116,
        10.95,
        10.953020134228188,
        10.955947136563877,
        10.982608695652173,
        11.008583690987125,
        11.010570824524313,
        10.959016393442623,
        10.937875751503006
    ],
    "selections": [
        null,
        null,
        "_trust:Source",
        "_trust:Source",
        "_trust:Source",
        "_trust:Source",
        "_trust:Source",
        "_trust:Source",
        "_trust:Source",
        "_complement_gaps:Instance-attribute-character",
        "_trust:Source"
    ]
}