{
    "abstract_actions": [
        null,
        7,
        7,
        7,
        7,
        7,
        7,
        7,
        7,
        7,
        7
    ],
    "specific_actions": [
        null,
        25,
        25,
        25,
        25,
        25,
        25,
        25,
        25,
        25,
        25
    ],
    "rewards": [
        0,
        0,
        0.010580382047204795,
        0.005190884222965986,
        0.006543356212113549,
        0.006311860584794715,
        0.006092537180807822,
        0.004545787006495994,
        0.0044174872897948525,
        0.004294572190310486,
        0.004176742999353333
    ],
    "states": [
        2.261951971799956,
        2.3403682236617795,
        2.3651302135992593,
        2.377407330710292,
        2.3929635537364193,
        2.4080676060720987,
        2.422738847495992,
        2.433752102269072,
        2.4445031712473573,
        2.4550012665857217,
        2.4652551759393373
    ],
    "selections": [
        null,
        null,
        "_trust:Source",
        "_trust:Source",
        "_trust:Source",
        "_trust:Source",
        "_trust:Source",
        "_trust:Source",
        "_trust:Source",
        "_trust:Source",
        "_trust:Source"
    ]
}