{
    "abstract_actions": [
        null,
        3,
        3,
        5,
        3,
        7,
        7,
        5,
        2,
        7,
        4
    ],
    "specific_actions": [
        null,
        null,
        11,
        11,
        11,
        25,
        25,
        11,
        25,
        25,
        null
    ],
    "rewards": [
        0,
        0,
        0.4576663858466723,
        -0.0161624533775383,
        0.2957443952208352,
        0.21906912804399048,
        -0.023023791250959325,
        -0.014744801512287298,
        -0.0145305514157974,
        -0.018288222384784225,
        -0.014064190407500843
    ],
    "states": [
        0.0,
        0.0008669267446900737,
        0.0012636899747262005,
        0.0012432656444260257,
        0.0016109544905356424,
        0.0019638648860958365,
        0.001918649270913277,
        0.001890359168241966,
        0.0018628912071535022,
        0.0018288222384784199,
        0.0018031013342949874
    ],
    "selections": [
        null,
        null,
        "_entity_novelty:Instance-character",
        "_entity_novelty:Instance-attribute",
        "_complement_gaps:Instance-attribute-character",
        "_entity_novelty:Instance-attribute",
        "_trust:Source",
        "_trust:Source",
        "_complement_gaps:Instance-attribute-character",
        "_statement_novelty:Actor-Source",
        "_trust:Source"
    ]
}