{
    "abstract_actions": [
        null,
        6,
        3,
        5,
        3,
        4,
        4,
        7,
        5,
        5,
        5
    ],
    "specific_actions": [
        null,
        null,
        null,
        11,
        null,
        null,
        null,
        25,
        11,
        11,
        11
    ],
    "rewards": [
        0,
        0,
        0.02053388090349073,
        0.021462105969148215,
        0.020682862770847077,
        0.012544226439369588,
        0.020330368487928796,
        0.012141967621419614,
        0.015379883112888404,
        0.021205695243865508,
        0.01898546425393066
    ],
    "states": [
        2842.0,
        2922.0,
        2982.0,
        3046.0,
        3109.0,
        3148.0,
        3212.0,
        3251.0,
        3301.0,
        3371.0,
        3435.0
    ],
    "selections": [
        null,
        null,
        "_overlaps:character",
        "_entity_novelty:Instance-character",
        "_complement_gaps:Instance-attribute-character",
        "_entity_novelty:Instance-character",
        "_subject_gaps:Instance-character-object",
        "_subject_gaps:Instance-character-enchantment",
        "_trust:Source",
        "_complement_gaps:Instance-attribute-character",
        "_complement_gaps:Instance-attribute-character"
    ]
}