{
    "abstract_actions": [
        null,
        7,
        2,
        5,
        4,
        3,
        5,
        3,
        4,
        4,
        7
    ],
    "specific_actions": [
        null,
        25,
        25,
        11,
        null,
        11,
        11,
        null,
        null,
        null,
        25
    ],
    "rewards": [
        0,
        0,
        0.026682134570765514,
        0.01242937853107362,
        0.04687499999999978,
        0.03837953091684443,
        0.011293634496919891,
        0.04263959390862948,
        0.03505355404089583,
        0.033866415804327366,
        0.03821656050955391
    ],
    "states": [
        15.980392156862745,
        16.901960784313726,
        17.352941176470587,
        17.568627450980394,
        18.392156862745097,
        19.098039215686274,
        19.313725490196077,
        20.137254901960784,
        20.84313725490196,
        21.54901960784314,
        22.372549019607842
    ],
    "selections": [
        null,
        null,
        "_trust:Source",
        "_statement_novelty:Actor-Source",
        "_complement_gaps:Instance-attribute-character",
        "_subject_gaps:Instance-attribute-character",
        "_entity_novelty:Instance-attribute",
        "_complement_gaps:Instance-attribute-character",
        "_entity_novelty:Instance-character",
        "_subject_gaps:Instance-attribute-character",
        "_subject_gaps:Instance-attribute-character"
    ]
}