{
    "abstract_actions": [
        null,
        7,
        4,
        2,
        2,
        7,
        2,
        2,
        4,
        3,
        4
    ],
    "specific_actions": [
        null,
        25,
        null,
        25,
        25,
        25,
        25,
        25,
        null,
        11,
        null
    ],
    "rewards": [
        0,
        0,
        -0.013448925301108194,
        -0.009255827749079293,
        -0.009173191513080492,
        -0.009091962641910034,
        -0.009012107544675962,
        -0.008933593585821464,
        -0.00885638905845254,
        -0.021693815763478286,
        -0.017695259035832023
    ],
    "states": [
        0.008559234515004562,
        0.0082439536016182,
        0.008133081285444235,
        0.008057802885996902,
        0.007983887116949,
        0.007911297913544472,
        0.007840000445929638,
        0.007769961068233044,
        0.007701147270043743,
        0.00753408,
        0.007400762502803319
    ],
    "selections": [
        null,
        null,
        "_trust:Source",
        "_subject_gaps:Instance-attribute-character",
        "_statement_novelty:Actor-Source",
        "_statement_novelty:Actor-Source",
        "_trust:Source",
        "_statement_novelty:Actor-Source",
        "_statement_novelty:Actor-Source",
        "_subject_gaps:Instance-character-product",
        "_entity_novelty:Instance-attribute"
    ]
}