{
    "actions": [
        null,
        3,
        6,
        6,
        6,
        3,
        3,
        5,
        5,
        7,
        7
    ],
    "rewards": [
        0,
        0,
        -0.03379861454528188,
        -0.012576014943172065,
        -0.011534801160607677,
        -0.012308576474143518,
        -0.034240222647839325,
        -0.027858041180423232,
        -0.02710511321642939,
        -0.031387735136345074,
        -0.009972476601966207
    ],
    "states": [
        0.013056202873306185,
        0.010384007064254536,
        0.010033042012054313,
        0.009906866325785245,
        0.009792592592592592,
        0.009672059717786535,
        0.009340886239586326,
        0.009080667446062281,
        0.008834534926856019,
        0.008557238884519073,
        0.00847190201996577
    ],
    "selections": [
        null,
        null,
        "_entity_novelty:Instance-character",
        "_overlaps:attribute",
        "_overlaps:attribute",
        "_overlaps:attribute",
        "_entity_novelty:Instance-attribute",
        "_entity_novelty:Instance-attribute",
        "_complement_gaps:Instance-attribute-character",
        "_complement_gaps:Instance-attribute-character",
        "_trust:Source"
    ]
}