{
    "abstract_actions": [
        null,
        4,
        7,
        7,
        7,
        7,
        7,
        7,
        7,
        7,
        7
    ],
    "specific_actions": [
        null,
        null,
        25,
        25,
        25,
        25,
        25,
        25,
        25,
        25,
        25
    ],
    "rewards": [
        0,
        0,
        0.13997040072859734,
        -0.016789791806581578,
        -0.012926748425588386,
        -0.012761780104712073,
        -0.012600969305331056,
        -0.012444160816847516,
        -0.012291207059565101,
        -0.012141967621419614,
        -0.011996308828052915
    ],
    "states": [
        0.001802451333813987,
        0.0020971688220901784,
        0.0023907103825136613,
        0.0023505708529214238,
        0.002320185614849188,
        0.0022905759162303663,
        0.002261712439418417,
        0.0022335673261008296,
        0.002206114087614245,
        0.0021793275217932753,
        0.002153183635804368
    ],
    "selections": [
        null,
        null,
        "_subject_gaps:Instance-character-gender",
        "_trust:Source",
        "_trust:Source",
        "_trust:Source",
        "_trust:Source",
        "_trust:Source",
        "_trust:Source",
        "_trust:Source",
        "_trust:Source"
    ]
}