{
    "actions": [
        null,
        3,
        5,
        3,
        7,
        5,
        7,
        4,
        7,
        2,
        4
    ],
    "rewards": [
        0,
        0,
        -0.01510565743796577,
        -0.036159494361660105,
        -0.029363485400923484,
        -0.011131252788249557,
        -0.0335500028128598,
        -0.010641499868136228,
        -0.010535289312333829,
        -0.01043099475301379,
        -0.010328573768751848
    ],
    "states": [
        0.013056202873306185,
        0.010384007064254536,
        0.010227149810708491,
        0.009857341244792324,
        0.009567895349058943,
        0.00946139268727705,
        0.009143962936005334,
        0.00904665745562759,
        0.008951348302022972,
        0.008857976834852172,
        0.008766486567671506
    ],
    "selections": [
        null,
        null,
        "_entity_novelty:Instance-attribute",
        "_complement_gaps:Instance-attribute-character",
        "_entity_novelty:Instance-character",
        "_trust:Source",
        "_complement_gaps:Instance-attribute-character",
        "_trust:Source",
        "_subject_gaps:Instance-attribute-character",
        "_trust:Source",
        "_statement_novelty:Actor-Source"
    ]
}