{
    "abstract_actions": [
        null,
        3,
        7,
        7,
        7,
        5,
        7,
        5,
        7,
        7,
        7
    ],
    "specific_actions": [
        null,
        null,
        25,
        25,
        25,
        11,
        25,
        11,
        25,
        25,
        25
    ],
    "rewards": [
        0,
        0,
        0.010534907521621006,
        0.008683102495861128,
        0.006388215923032403,
        0.006165457097456972,
        0.0098652330714879,
        0.006462231333579371,
        0.008793284668692003,
        0.005823995296895923,
        0.004867533761088616
    ],
    "states": [
        2.261951971799956,
        2.3403682236617795,
        2.365023786464597,
        2.3855595304076185,
        2.4007989997851102,
        2.415601023017903,
        2.439431490117699,
        2.4551956607292578,
        2.4767848950913876,
        2.4912096786718227,
        2.5033357258887086
    ],
    "selections": [
        null,
        null,
        "_entity_novelty:Instance-character",
        "_trust:Source",
        "_trust:Source",
        "_trust:Source",
        "_complement_gaps:Instance-attribute-character",
        "_trust:Source",
        "_complement_gaps:Instance-attribute-character",
        "_trust:Source",
        "_trust:Source"
    ]
}