{
    "actions": [
        null,
        4,
        5,
        4,
        7,
        6,
        2,
        7,
        5,
        4,
        4
    ],
    "rewards": [
        0,
        0,
        1.0019352962110504,
        0.9994116242397905,
        1.0005297051412836,
        1.0024046194614487,
        1.0026712039154027,
        1.0023317547357926,
        1.0022991217625208,
        0.9993134394232891,
        1.0003907153280016
    ],
    "states": [
        11.11504424778761,
        11.094292803970223,
        11.11576354679803,
        11.109223300970873,
        11.115107913669064,
        11.141835518474375,
        11.171597633136095,
        11.197647058823529,
        11.223391812865497,
        11.215686274509803,
        11.220068415051312
    ],
    "selections": [
        null,
        null,
        "_subject_gaps:Instance-attribute-character",
        "_complement_gaps:Instance-attribute-character",
        "_subject_gaps:Instance-attribute-character",
        "_trust:Source",
        "_overlaps:character",
        "_statement_novelty:Actor-Source",
        "_trust:Source",
        "_complement_gaps:Instance-attribute-character",
        "_subject_gaps:Instance-attribute-character"
    ]
}