{
    "abstract_actions": [
        null,
        7,
        5,
        5,
        7,
        2,
        5,
        5,
        5,
        3,
        4
    ],
    "specific_actions": [
        null,
        25,
        11,
        11,
        25,
        25,
        11,
        11,
        11,
        11,
        null
    ],
    "rewards": [
        0,
        0,
        0.1428571428571428,
        -0.03571428571428559,
        -0.0277777777777779,
        0.10000000000000009,
        0.0,
        -0.030303030303030387,
        -0.02499999999999991,
        -0.020979020979021046,
        0.0
    ],
    "states": [
        1.2,
        1.1666666666666667,
        1.3333333333333333,
        1.2857142857142858,
        1.25,
        1.375,
        1.375,
        1.3333333333333333,
        1.3,
        1.2727272727272727,
        1.2727272727272727
    ],
    "selections": [
        null,
        null,
        "_trust:Source",
        "_complement_gaps:Instance-attribute-character",
        "_complement_gaps:Instance-attribute-character",
        "_trust:Source",
        "_statement_novelty:Actor-Source",
        "_complement_gaps:Instance-attribute-character",
        "_complement_gaps:Instance-attribute-character",
        "_complement_gaps:Instance-attribute-character",
        "_entity_novelty:Instance-attribute"
    ]
}