{
    "actions": [
        null,
        5,
        4,
        7,
        5,
        5,
        5,
        4,
        4,
        3,
        3
    ],
    "rewards": [
        0,
        0,
        -0.0014772313686868266,
        0.002757048092868919,
        0.002704246170384339,
        0.002652956975958576,
        -0.0007339123272526171,
        0.0004058309206924626,
        0.001486010621360112,
        0.00035729150520680264,
        0.0003444269939592015
    ],
    "states": [
        12.404973357015987,
        12.325900514579759,
        12.307692307692308,
        12.341625207296849,
        12.375,
        12.407830342577487,
        12.39872408293461,
        12.4037558685446,
        12.422187981510016,
        12.426626323751892,
        12.430906389301635
    ],
    "selections": [
        null,
        null,
        "_complement_gaps:Instance-attribute-character",
        "_subject_gaps:Instance-attribute-character",
        "_trust:Source",
        "_complement_gaps:Instance-attribute-character",
        "_complement_gaps:Instance-attribute-character",
        "_complement_gaps:Instance-attribute-character",
        "_subject_gaps:Instance-attribute-character",
        "_subject_gaps:Instance-attribute-character",
        "_entity_novelty:Instance-attribute"
    ]
}