{
    "actions": [
        null,
        4,
        4,
        4,
        3,
        2,
        4,
        6,
        2,
        2,
        5
    ],
    "rewards": [
        0,
        0,
        -0.03958404115635705,
        -0.029701283631199393,
        -0.028846235114617036,
        -0.01092540049699342,
        -0.010813739695790248,
        -0.02744322792526699,
        -0.01121931969679113,
        -0.01030405728953987,
        -0.010204120591389088
    ],
    "states": [
        0.013056202873306185,
        0.010384007064254536,
        0.009972966101255183,
        0.009676756206437466,
        0.00939761822175974,
        0.009294945478969172,
        0.009194432358073037,
        0.00894210745522699,
        0.008841783092923739,
        0.008750676853392567,
        0.008661383891524273
    ],
    "selections": [
        null,
        null,
        "_subject_gaps:Instance-attribute-character",
        "_subject_gaps:Instance-attribute-character",
        "_subject_gaps:Instance-attribute-character",
        "_entity_novelty:Instance-attribute",
        "_statement_novelty:Actor-Source",
        "_subject_gaps:Instance-attribute-character",
        "_overlaps:character",
        "_statement_novelty:Actor-Source",
        "_statement_novelty:Actor-Source"
    ]
}