{
    "abstract_actions": [
        null,
        3,
        2,
        5,
        3,
        2,
        7,
        7,
        2,
        5,
        4
    ],
    "specific_actions": [
        null,
        11,
        25,
        11,
        11,
        25,
        25,
        25,
        25,
        11,
        null
    ],
    "rewards": [
        0,
        0,
        0.0016352719419789885,
        0.0024725822532403186,
        5.123541391793829e-05,
        0.003936573461069015,
        0.002268606367278103,
        0.002120760021207424,
        0.0020747763885624604,
        0.0036543132029183134,
        -0.00021968145234274594
    ],
    "states": [
        10.666666666666666,
        10.596428571428572,
        10.613756613756614,
        10.64,
        10.640545144804088,
        10.682432432432432,
        10.706666666666667,
        10.729372937293729,
        10.751633986928105,
        10.790923824959481,
        10.788553259141494
    ],
    "selections": [
        null,
        null,
        "_entity_novelty:Instance-attribute",
        "_statement_novelty:Actor-Source",
        "_complement_gaps:Instance-attribute-character",
        "_entity_novelty:Instance-attribute",
        "_statement_novelty:Actor-Source",
        "_trust:Source",
        "_trust:Source",
        "_statement_novelty:Actor-Source",
        "_complement_gaps:Instance-attribute-character"
    ]
}