{
    "abstract_actions": [
        null,
        3,
        7,
        7,
        2,
        2,
        2,
        4,
        3,
        3,
        4
    ],
    "specific_actions": [
        null,
        null,
        25,
        25,
        25,
        25,
        25,
        null,
        null,
        11,
        null
    ],
    "rewards": [
        0,
        0,
        0.02291381668946646,
        0.016716817118020755,
        0.012824728707661937,
        0.012662337662337597,
        0.012504007694774,
        0.012349588347055018,
        0.021895527056615682,
        0.019589837771655905,
        0.01170819573701598
    ],
    "states": [
        2837.0,
        2924.0,
        2991.0,
        3041.0,
        3080.0,
        3119.0,
        3158.0,
        3197.0,
        3267.0,
        3331.0,
        3370.0
    ],
    "selections": [
        null,
        null,
        "_entity_novelty:Instance-character",
        "_trust:Source",
        "_trust:Source",
        "_statement_novelty:Actor-Source",
        "_statement_novelty:Actor-Source",
        "_statement_novelty:Actor-Source",
        "_subject_gaps:Instance-character-personality-trait",
        "_entity_novelty:Instance-character",
        "_entity_novelty:Instance-attribute"
    ]
}