{
    "actions": [
        null,
        3,
        5,
        5,
        7,
        4,
        5,
        5,
        4,
        5,
        7
    ],
    "rewards": [
        0,
        0,
        1.0199833472106576,
        1.00734693877551,
        1.0218800648298219,
        1.007137192704203,
        1.0070866141732284,
        1.014855355746677,
        1.014637904468413,
        1.0068337129840546,
        1.0173453996983408
    ],
    "states": [
        23.0,
        23.54901960784314,
        24.019607843137255,
        24.19607843137255,
        24.725490196078432,
        24.901960784313726,
        25.07843137254902,
        25.45098039215686,
        25.823529411764707,
        26.0,
        26.45098039215686
    ],
    "selections": [
        null,
        null,
        "_entity_novelty:Instance-character",
        "_complement_gaps:Instance-attribute-character",
        "_complement_gaps:Instance-attribute-character",
        "_trust:Source",
        "_subject_gaps:Instance-attribute-character",
        "_complement_gaps:Instance-attribute-character",
        "_complement_gaps:Instance-attribute-character",
        "_subject_gaps:Instance-attribute-character",
        "_complement_gaps:Instance-attribute-character"
    ]
}