{
    "abstract_actions": [
        null,
        4,
        7,
        4,
        7,
        5,
        5,
        3,
        5,
        5,
        4
    ],
    "specific_actions": [
        null,
        null,
        25,
        null,
        25,
        11,
        11,
        11,
        11,
        11,
        null
    ],
    "rewards": [
        0,
        0,
        -0.0117647058823529,
        -0.015271195365982204,
        0.10065687789799083,
        -0.014720812182741017,
        0.09008410801239486,
        0.0795698924731183,
        -0.009920154851197793,
        0.07121104127518962,
        0.0621360354064755
    ],
    "states": [
        0.0019428254232583958,
        0.0021645021645021645,
        0.0021390374331550803,
        0.00210637177461822,
        0.00231839258114374,
        0.002284263959390863,
        0.00249003984063745,
        0.002688172043010753,
        0.0026615049600774254,
        0.002851033499643621,
        0.003028185418122525
    ],
    "selections": [
        null,
        null,
        "_subject_gaps:Instance-character-designation",
        "_trust:Source",
        "_subject_gaps:Instance-character-product",
        "_trust:Source",
        "_complement_gaps:Instance-attribute-character",
        "_complement_gaps:Instance-attribute-character",
        "_entity_novelty:Instance-attribute",
        "_complement_gaps:Instance-attribute-character",
        "_complement_gaps:Instance-attribute-character"
    ]
}