{
    "abstract_actions": [
        null,
        7,
        7,
        5,
        7,
        4,
        4,
        7,
        5,
        5,
        3
    ],
    "specific_actions": [
        null,
        25,
        25,
        11,
        25,
        null,
        null,
        25,
        11,
        11,
        11
    ],
    "rewards": [
        0,
        0,
        -0.026582278481012578,
        -0.016189290161892966,
        0.45764421137555455,
        -0.019770660340055257,
        0.2974220854174683,
        0.21721618583739222,
        -0.018389113644722288,
        0.1698816780207959,
        0.14049538497488023
    ],
    "states": [
        0.0,
        0.0008669267446900737,
        0.0008438818565400844,
        0.0008302200083022001,
        0.0012101653892698668,
        0.0011862396204033216,
        0.0015390534821085034,
        0.0018733608092918695,
        0.0018389113644722325,
        0.002151308712800287,
        0.0024535576586049773
    ],
    "selections": [
        null,
        null,
        "_trust:Source",
        "_trust:Source",
        "_complement_gaps:Instance-attribute-character",
        "_trust:Source",
        "_subject_gaps:Instance-character-enchantment",
        "_subject_gaps:Instance-attribute-character",
        "_trust:Source",
        "_complement_gaps:Instance-attribute-character",
        "_complement_gaps:Instance-attribute-character"
    ]
}