{
    "abstract_actions": [
        null,
        5,
        6,
        4,
        3,
        3,
        5,
        4,
        5,
        5,
        5
    ],
    "specific_actions": [
        null,
        11,
        null,
        null,
        null,
        11,
        11,
        null,
        11,
        11,
        11
    ],
    "rewards": [
        0,
        0,
        0.03289473684210509,
        0.02972399150743099,
        0.04329896907216502,
        0.035573122529644285,
        0.02767175572519065,
        0.03899721448467974,
        0.025915996425379895,
        0.009581881533101022,
        0.009490940465918918
    ],
    "states": [
        17.07843137254902,
        17.88235294117647,
        18.470588235294116,
        19.019607843137255,
        19.84313725490196,
        20.54901960784314,
        21.11764705882353,
        21.941176470588236,
        22.50980392156863,
        22.725490196078432,
        22.941176470588236
    ],
    "selections": [
        null,
        null,
        "_complement_gaps:Instance-attribute-character",
        "_overlaps:character",
        "_subject_gaps:Instance-age-character",
        "_entity_novelty:Instance-character",
        "_entity_novelty:Instance-attribute",
        "_complement_gaps:Instance-attribute-character",
        "_subject_gaps:Instance-attribute-character",
        "_complement_gaps:Instance-attribute-character",
        "_complement_gaps:Instance-attribute-character"
    ]
}