{
    "abstract_actions": [
        null,
        6,
        5,
        3,
        5,
        5,
        3,
        5,
        5,
        5,
        7
    ],
    "specific_actions": [
        null,
        null,
        11,
        11,
        11,
        11,
        11,
        11,
        11,
        11,
        25
    ],
    "rewards": [
        0,
        0,
        0.0020919869339033337,
        -0.0018202919208895052,
        0.0021887770775346205,
        -0.0017658633389951994,
        -0.00019976479306627049,
        -0.000498299282882475,
        -0.00017857886935757072,
        -0.0015718124176986592,
        -0.0001390016753359813
    ],
    "states": [
        10.798479087452472,
        10.765799256505575,
        10.788321167883211,
        10.768683274021353,
        10.79225352112676,
        10.77319587628866,
        10.771043771043772,
        10.765676567656765,
        10.763754045307444,
        10.746835443037975,
        10.745341614906833
    ],
    "selections": [
        null,
        null,
        "_overlaps:character",
        "_complement_gaps:Instance-attribute-character",
        "_entity_novelty:Instance-attribute",
        "_complement_gaps:Instance-attribute-character",
        "_complement_gaps:Instance-attribute-character",
        "_entity_novelty:Instance-attribute",
        "_complement_gaps:Instance-attribute-character",
        "_complement_gaps:Instance-attribute-character",
        "_complement_gaps:Instance-attribute-character"
    ]
}