{
    "actions": [
        null,
        3,
        7,
        2,
        7,
        7,
        4,
        4,
        5,
        5,
        7
    ],
    "rewards": [
        0,
        0,
        1.3333333333333333,
        1.0,
        1.0,
        1.0,
        1.0,
        1.125,
        1.0666666666666667,
        1.0416666666666667,
        1.0285714285714285
    ],
    "states": [
        0.0,
        0.5,
        0.6666666666666666,
        0.6666666666666666,
        0.6666666666666666,
        0.6666666666666666,
        0.6666666666666666,
        0.75,
        0.8,
        0.8333333333333334,
        0.8571428571428571
    ],
    "selections": [
        null,
        null,
        "_entity_novelty:Instance-character",
        "_trust:Source",
        "_statement_novelty:Actor-Source",
        "_trust:Source",
        "_trust:Source",
        "_subject_gaps:Instance-attribute-character",
        "_subject_gaps:Instance-attribute-character",
        "_complement_gaps:Instance-attribute-character",
        "_complement_gaps:Instance-attribute-character"
    ]
}