{
    "actions": [
        null,
        3,
        4,
        5,
        3,
        4,
        7,
        4,
        7,
        5,
        6
    ],
    "rewards": [
        0,
        0,
        -0.03379861454528188,
        -0.025546069993625964,
        -0.03462999612092332,
        -0.010979707210659218,
        -0.01086668478083308,
        -0.0107557642763223,
        -0.02726010473647078,
        -0.010356332052159023,
        -0.026267913450561675
    ],
    "states": [
        0.013056202873306185,
        0.010384007064254536,
        0.010033042012054313,
        0.009776737218565383,
        0.009438168846611177,
        0.00933454051607062,
        0.009233105006708566,
        0.009133795905717878,
        0.00888480767268646,
        0.008792793654208549,
        0.00856182531151115
    ],
    "selections": [
        null,
        null,
        "_entity_novelty:Instance-character",
        "_subject_gaps:Instance-attribute-character",
        "_complement_gaps:Instance-attribute-character",
        "_entity_novelty:Instance-character",
        "_subject_gaps:Instance-attribute-character",
        "_trust:Source",
        "_subject_gaps:Instance-attribute-character",
        "_trust:Source",
        "_complement_gaps:Instance-attribute-character"
    ]
}