{
    "abstract_actions": [
        null,
        4,
        2,
        5,
        2,
        2,
        7,
        5,
        5,
        3,
        4
    ],
    "specific_actions": [
        null,
        null,
        25,
        11,
        25,
        25,
        25,
        11,
        11,
        null,
        null
    ],
    "rewards": [
        0,
        0,
        0.01631321370309946,
        0.022471910112359605,
        0.014128728414442682,
        0.013931888544891802,
        0.013740458015267132,
        0.013554216867469826,
        0.0416047548291234,
        0.039942938659058624,
        0.012345679012345734
    ],
    "states": [
        11.372549019607844,
        12.019607843137255,
        12.215686274509803,
        12.490196078431373,
        12.666666666666666,
        12.843137254901961,
        13.019607843137255,
        13.196078431372548,
        13.745098039215685,
        14.294117647058824,
        14.470588235294118
    ],
    "selections": [
        null,
        null,
        "_subject_gaps:Instance-attribute-character",
        "_statement_novelty:Actor-Source",
        "_complement_gaps:Instance-attribute-character",
        "_statement_novelty:Actor-Source",
        "_statement_novelty:Actor-Source",
        "_trust:Source",
        "_complement_gaps:Instance-attribute-character",
        "_complement_gaps:Instance-attribute-character",
        "_entity_novelty:Instance-character"
    ]
}