{
    "abstract_actions": [
        null,
        5,
        5,
        5,
        5,
        5,
        4,
        5,
        6,
        5,
        5
    ],
    "specific_actions": [
        null,
        11,
        11,
        11,
        11,
        11,
        null,
        11,
        11,
        11,
        11
    ],
    "rewards": [
        0,
        0,
        -0.04018678793601638,
        -0.03584324495562907,
        -0.021659376001112784,
        -0.033880766860217015,
        -0.02757354430898662,
        -0.014457721015752378,
        -0.02645869750560015,
        -0.027804013304228437,
        -0.029839818228117432
    ],
    "states": [
        0.013134665630958265,
        0.01056689342403628,
        0.01014224391886205,
        0.009778712985678537,
        0.009566912164314762,
        0.00924277784370344,
        0.008987921699291962,
        0.008857976834852172,
        0.008623606305267205,
        0.008383835440825127,
        0.008133663315216456
    ],
    "selections": [
        null,
        null,
        "_complement_gaps:Instance-attribute-character",
        "_complement_gaps:Instance-attribute-character",
        "_complement_gaps:Instance-attribute-character",
        "_complement_gaps:Instance-attribute-character",
        "_complement_gaps:Instance-attribute-character",
        "_subject_gaps:Instance-character-physical-appearance",
        "_complement_gaps:Instance-attribute-character",
        "_overlaps:attribute-physical-appearance",
        "_complement_gaps:Instance-attribute-character-physical-appearance"
    ]
}