{
    "actions": [
        null,
        5,
        4,
        4,
        5,
        3,
        5,
        3,
        5,
        5,
        4
    ],
    "rewards": [
        0,
        0,
        0.07712555935772558,
        0.07172579166372817,
        0.062452447375095144,
        0.05655827128830371,
        -0.010098522167487745,
        0.051740812379110324,
        -0.009815657170217817,
        -0.00972024656235182,
        0.04583914458391436
    ],
    "states": [
        0.0024868748273003593,
        0.002688172043010753,
        0.002895498815477757,
        0.0031031807602792862,
        0.003296981993406036,
        0.0034834535954217467,
        0.0034482758620689655,
        0.0036266924564796904,
        0.0035910940866650705,
        0.0035561877667140826,
        0.003719200371920037
    ],
    "selections": [
        null,
        null,
        "_complement_gaps:Instance-attribute-character",
        "_subject_gaps:Instance-attribute-character",
        "_subject_gaps:Instance-attribute-character",
        "_complement_gaps:Instance-attribute-character",
        "_entity_novelty:Instance-attribute",
        "_complement_gaps:Instance-attribute-character",
        "_entity_novelty:Instance-attribute",
        "_complement_gaps:Instance-attribute-character",
        "_complement_gaps:Instance-attribute-character"
    ]
}