{
    "actions": [
        null,
        4,
        3,
        7,
        6,
        2,
        4,
        3,
        3,
        4,
        4
    ],
    "rewards": [
        0,
        0,
        0.07702881311128751,
        0.07164608956351359,
        -0.010534429599177941,
        -0.01268391679350589,
        -0.010293748430830973,
        0.06095811818703378,
        0.0571677899701073,
        -0.009799235181644383,
        0.05231388329979869
    ],
    "states": [
        0.0024923843810578787,
        0.0026997840172786176,
        0.002907745175786413,
        0.003116073747078681,
        0.003083247687564234,
        0.0030441400304414,
        0.003012804418779814,
        0.003196459306614212,
        0.0033791938209027277,
        0.0033460803059273425,
        0.0035211267605633804
    ],
    "selections": [
        null,
        null,
        "_subject_gaps:Instance-attribute-character",
        "_entity_novelty:Instance-attribute",
        "_trust:Source",
        "_overlaps:character",
        "_statement_novelty:Actor-Source",
        "_subject_gaps:Instance-attribute-character",
        "_entity_novelty:Instance-character",
        "_entity_novelty:Instance-attribute",
        "_subject_gaps:Instance-attribute-character"
    ]
}