{
    "actions": [
        null,
        7,
        5,
        5,
        4,
        5,
        4,
        5,
        7,
        4,
        4
    ],
    "rewards": [
        0,
        0,
        -0.017941050832977368,
        0.4564496059726255,
        0.2988552188552187,
        -0.015513126491646712,
        0.2161377708978327,
        0.16834966088922387,
        0.13668624571708277,
        -0.014115092290988174,
        0.11698418313204306
    ],
    "states": [
        0.0,
        0.0008699434536755111,
        0.0008543357539513029,
        0.001244296972210701,
        0.0016161616161616162,
        0.0015910898965791568,
        0.001934984520123839,
        0.002260738507912585,
        0.0025697503671071953,
        0.0025334781035106766,
        0.002829854969932791
    ],
    "selections": [
        null,
        null,
        "_trust:Source",
        "_complement_gaps:Instance-attribute-character",
        "_complement_gaps:Instance-attribute-character",
        "_subject_gaps:Instance-attribute-character",
        "_complement_gaps:Instance-attribute-character",
        "_subject_gaps:Instance-attribute-character",
        "_complement_gaps:Instance-attribute-character",
        "_trust:Source",
        "_subject_gaps:Instance-attribute-character"
    ]
}