{
    "actions": [
        null,
        3,
        7,
        5,
        4,
        7,
        5,
        7,
        4,
        7,
        2
    ],
    "rewards": [
        0,
        0,
        0.45444959932517914,
        -0.016182572614107937,
        0.295698924731183,
        0.21855345911949686,
        -0.015098722415795574,
        0.17098602191159795,
        -0.014519731943410275,
        0.1395151515151516,
        -0.013983506633201914
    ],
    "states": [
        0.0,
        0.0008699434536755111,
        0.0012652889076339097,
        0.0012448132780082987,
        0.0016129032258064516,
        0.0019654088050314465,
        0.0019357336430507162,
        0.0022667170381564035,
        0.0022338049143708115,
        0.0025454545454545456,
        0.002509860164933668
    ],
    "selections": [
        null,
        null,
        "_entity_novelty:Instance-character",
        "_trust:Source",
        "_complement_gaps:Instance-attribute-character",
        "_subject_gaps:Instance-attribute-character",
        "_trust:Source",
        "_complement_gaps:Instance-attribute-character",
        "_trust:Source",
        "_subject_gaps:Instance-attribute-character",
        "_trust:Source"
    ]
}