{
    "abstract_actions": [
        null,
        4,
        3,
        5,
        7,
        4,
        4,
        7,
        5,
        5,
        5
    ],
    "specific_actions": [
        null,
        null,
        11,
        11,
        25,
        null,
        null,
        25,
        11,
        11,
        11
    ],
    "rewards": [
        0,
        0,
        -0.0008252835873804321,
        0.004094380020713384,
        -0.0016320333343670113,
        0.0022950710774543026,
        -0.00011529924959396975,
        -0.00011076820829336587,
        0.002144783293517527,
        -0.00014574995061744644,
        -0.0004306326099198232
    ],
    "states": [
        10.761904761904763,
        10.686238532110092,
        10.67741935483871,
        10.72113676731794,
        10.70363951473137,
        10.728205128205127,
        10.726968174204355,
        10.725779967159278,
        10.748784440842787,
        10.747217806041336,
        10.742589703588143
    ],
    "selections": [
        null,
        null,
        "_subject_gaps:Instance-attribute-character",
        "_entity_novelty:Instance-attribute",
        "_complement_gaps:Instance-attribute-character",
        "_trust:Source",
        "_subject_gaps:Instance-character-institution",
        "_subject_gaps:Instance-character-product",
        "_trust:Source",
        "_complement_gaps:Instance-attribute-character",
        "_complement_gaps:Instance-attribute-character"
    ]
}