{
    "actions": [
        null,
        4,
        3,
        4,
        7,
        5,
        5,
        3,
        6,
        4,
        7
    ],
    "rewards": [
        0,
        0,
        -0.035193573923053556,
        -0.011654678555710785,
        -0.029487576285604056,
        -0.011187211445422562,
        -0.03368072222332952,
        -0.02740651755123502,
        -0.021572085132599894,
        -0.010971859624233637,
        -0.022941341338308052
    ],
    "states": [
        0.013056202873306185,
        0.010384007064254536,
        0.010018556744021185,
        0.009901793685577469,
        0.009609813788909691,
        0.00950230677010202,
        0.009182262215297351,
        0.008930608384733762,
        0.008737956540372375,
        0.008642084907808755,
        0.008443823888064073
    ],
    "selections": [
        null,
        null,
        "_subject_gaps:Instance-attribute-character",
        "_entity_novelty:Instance-attribute",
        "_subject_gaps:Instance-attribute-character",
        "_trust:Source",
        "_complement_gaps:Instance-attribute-character",
        "_complement_gaps:Instance-attribute-character",
        "_entity_novelty:Instance-attribute",
        "_overlaps:character",
        "_subject_gaps:Instance-attribute-character"
    ]
}