{
    "abstract_actions": [
        null,
        4,
        7,
        2,
        4,
        5,
        3,
        5,
        3,
        7,
        4
    ],
    "specific_actions": [
        null,
        null,
        25,
        25,
        null,
        11,
        null,
        11,
        null,
        25,
        null
    ],
    "rewards": [
        0,
        0,
        0.029042045947117456,
        0.02527379949452402,
        0.0160230073952341,
        0.025879498584714833,
        0.027591643673630317,
        0.024549290372075205,
        0.026207412953949794,
        0.020795330171470283,
        0.01786990707648317
    ],
    "states": [
        2096.0,
        2307.0,
        2374.0,
        2434.0,
        2473.0,
        2537.0,
        2607.0,
        2671.0,
        2741.0,
        2798.0,
        2848.0
    ],
    "selections": [
        null,
        null,
        "_subject_gaps:Instance-character-physical-appearance",
        "_trust:Source",
        "_statement_novelty:Actor-Source",
        "_subject_gaps:Instance-attribute-character",
        "_complement_gaps:Instance-attribute-character",
        "_entity_novelty:Instance-character",
        "_complement_gaps:Instance-attribute-character",
        "_entity_novelty:Instance-character",
        "_trust:Source"
    ]
}