{
    "actions": [
        null,
        4,
        7,
        6,
        7,
        4,
        5,
        5,
        7,
        7,
        7
    ],
    "rewards": [
        0,
        0,
        1.0193236714975846,
        1.0085308056872038,
        1.0084586466165413,
        1.0083876980428703,
        1.0249537892791127,
        1.0207394048692515,
        1.0203180212014136,
        1.0077922077922077,
        1.0077319587628866
    ],
    "states": [
        19.666666666666668,
        20.294117647058822,
        20.686274509803923,
        20.862745098039216,
        21.03921568627451,
        21.215686274509803,
        21.745098039215687,
        22.19607843137255,
        22.647058823529413,
        22.823529411764707,
        23.0
    ],
    "selections": [
        null,
        null,
        "_subject_gaps:Instance-attribute-character",
        "_trust:Source",
        "_overlaps:character",
        "_trust:Source",
        "_subject_gaps:Instance-attribute-character",
        "_complement_gaps:Instance-attribute-character",
        "_complement_gaps:Instance-attribute-character",
        "_trust:Source",
        "_trust:Source"
    ]
}