{
    "abstract_actions": [
        null,
        4,
        5,
        7,
        4,
        5,
        5,
        3,
        5,
        4,
        4
    ],
    "specific_actions": [
        null,
        null,
        11,
        25,
        null,
        11,
        11,
        11,
        11,
        null,
        null
    ],
    "rewards": [
        0,
        0,
        -0.02777777777777768,
        -0.020408163265306256,
        0.12500000000000022,
        -0.0277777777777779,
        -0.022222222222222143,
        -0.0181818181818183,
        0.0,
        -0.015151515151515027,
        0.0
    ],
    "states": [
        1.25,
        1.2,
        1.1666666666666667,
        1.1428571428571428,
        1.2857142857142858,
        1.25,
        1.2222222222222223,
        1.2,
        1.2,
        1.1818181818181819,
        1.1818181818181819
    ],
    "selections": [
        null,
        null,
        "_subject_gaps:Instance-character-institution",
        "_complement_gaps:Instance-attribute-character",
        "_trust:Source",
        "_subject_gaps:Instance-ancestry-character",
        "_complement_gaps:Instance-attribute-character",
        "_complement_gaps:Instance-attribute-character",
        "_entity_novelty:Instance-attribute",
        "_complement_gaps:Instance-attribute-character",
        "_subject_gaps:Instance-attribute-character"
    ]
}