{
    "actions": [
        null,
        5,
        4,
        5,
        4,
        5,
        7,
        5,
        5,
        5,
        3,
        2,
        4,
        5,
        3,
        7,
        7,
        5,
        7,
        7,
        2,
        5,
        6,
        7,
        4,
        5
    ],
    "rewards": [
        0,
        0,
        -0.005850815596758263,
        -0.004503718121104616,
        -0.004234705727243049,
        -0.002180405423263032,
        -0.0038273116962644904,
        0.002634983748303732,
        -0.0019581943903107524,
        -0.0035040990766032065,
        -0.0017365096091646048,
        0.00247091098287755,
        0.0024116230629460667,
        -0.0017266052116293729,
        -0.0031387976904787562,
        -0.001547316550442046,
        0.0022725876788893817,
        0.0022227562177099536,
        0.0021745518660007956,
        0.002127904301817196,
        0.002082746974387817,
        0.0020390168632204997,
        -0.0002787068004458382,
        0.002433453915492656,
        0.001918147714348839,
        -0.0016546228135340124
    ],
    "states": [
        11.675070028011204,
        10.869976359338061,
        10.806378132118452,
        10.757709251101321,
        10.712153518123667,
        10.688796680497925,
        10.647887323943662,
        10.675944333996023,
        10.655038759689923,
        10.617702448210922,
        10.599264705882353,
        10.625454545454545,
        10.651079136690647,
        10.63268892794376,
        10.599315068493151,
        10.582914572864322,
        10.606965174129353,
        10.630541871921181,
        10.653658536585366,
        10.676328502415458,
        10.698564593301436,
        10.72037914691943,
        10.717391304347826,
        10.74347158218126,
        10.76407914764079,
        10.746268656716419
    ],
    "selections": [
        null,
        null,
        "_complement_gaps:Instance-attribute-character",
        "_subject_gaps:Instance-attribute-character",
        "_complement_gaps:Instance-attribute-character",
        "_subject_gaps:Instance-attribute-character",
        "_complement_gaps:Instance-attribute-character",
        "_trust:Source",
        "_complement_gaps:Instance-attribute-character",
        "_complement_gaps:Instance-attribute-character",
        "_complement_gaps:Instance-attribute-character",
        "_entity_novelty:Instance-attribute",
        "_statement_novelty:Actor-Source",
        "_subject_gaps:Instance-attribute-character",
        "_complement_gaps:Instance-attribute-character",
        "_entity_novelty:Instance-attribute",
        "_trust:Source",
        "_trust:Source",
        "_complement_gaps:Instance-attribute-character",
        "_trust:Source",
        "_trust:Source",
        "_statement_novelty:Actor-Source",
        "_complement_gaps:Instance-attribute-character",
        "_overlaps:character",
        "_trust:Source",
        "_subject_gaps:Instance-attribute-character"
    ]
}