{
    "abstract_actions": [
        null,
        4,
        4,
        4,
        4,
        7,
        2,
        4,
        4,
        4,
        4
    ],
    "specific_actions": [
        null,
        null,
        null,
        null,
        null,
        25,
        25,
        null,
        null,
        null,
        null
    ],
    "rewards": [
        0,
        0,
        0.00893161469947823,
        0.010243323867305199,
        0.006389782669159461,
        0.009227137409171027,
        0.008704506674136692,
        0.005506831598216078,
        0.00786829733640193,
        0.00742669175407995,
        0.007021428317679712
    ],
    "states": [
        2.261951971799956,
        2.3403682236617795,
        2.3612714908904286,
        2.3854587595102537,
        2.4007013225497666,
        2.422852923531312,
        2.443942662974642,
        2.4574010436553393,
        2.476736605741604,
        2.495130565068493,
        2.512649945474373
    ],
    "selections": [
        null,
        null,
        "_subject_gaps:Instance-character-object",
        "_subject_gaps:Instance-attribute-character",
        "_subject_gaps:Instance-attribute-character",
        "_subject_gaps:Instance-attribute-character",
        "_trust:Source",
        "_statement_novelty:Actor-Source",
        "_subject_gaps:Instance-attribute-character",
        "_subject_gaps:Instance-attribute-character",
        "_subject_gaps:Instance-attribute-character"
    ]
}