{
    "abstract_actions": [
        null,
        5,
        4,
        7,
        2,
        5,
        2,
        2,
        2,
        4,
        3
    ],
    "specific_actions": [
        null,
        11,
        null,
        25,
        25,
        11,
        25,
        25,
        25,
        null,
        11
    ],
    "rewards": [
        0,
        0,
        0.4539915966386556,
        0.298417894162575,
        -0.02396166134185307,
        -0.015336217066456936,
        -0.01510457010069699,
        -0.018996960486322267,
        -0.014601272931486275,
        -0.014391143911439253,
        0.2185251798561152
    ],
    "states": [
        0.0,
        0.0008669267446900737,
        0.0012605042016806723,
        0.0016366612111292963,
        0.001597444089456869,
        0.0015729453401494297,
        0.001549186676994578,
        0.001519756838905775,
        0.001497566454511419,
        0.0014760147601476014,
        0.0017985611510791368
    ],
    "selections": [
        null,
        null,
        "_complement_gaps:Instance-attribute-character",
        "_subject_gaps:Instance-attribute-character",
        "_trust:Source",
        "_statement_novelty:Actor-Source",
        "_complement_gaps:Instance-attribute-character",
        "_statement_novelty:Actor-Source",
        "_statement_novelty:Actor-Source",
        "_statement_novelty:Actor-Source",
        "_subject_gaps:Instance-attribute-character"
    ]
}