{
    "abstract_actions": [
        null,
        3,
        4,
        7,
        5,
        3,
        2,
        7,
        7,
        4,
        3
    ],
    "specific_actions": [
        null,
        null,
        null,
        25,
        11,
        11,
        25,
        25,
        25,
        null,
        11
    ],
    "rewards": [
        0,
        0,
        0.011758417958311007,
        0.010829371368198615,
        0.017768487065586536,
        0.021566110397946092,
        0.010304096506659866,
        0.014427860696517358,
        0.010053948013732272,
        0.009953872299101718,
        0.018269230769230704
    ],
    "states": [
        3630.0,
        3742.0,
        3786.0,
        3827.0,
        3895.0,
        3979.0,
        4020.0,
        4078.0,
        4119.0,
        4160.0,
        4236.0
    ],
    "selections": [
        null,
        null,
        "_entity_novelty:Instance-character",
        "_subject_gaps:Instance-character-institution",
        "_trust:Source",
        "_complement_gaps:Instance-attribute-character",
        "_entity_novelty:Instance-attribute",
        "_statement_novelty:Actor-Source",
        "_trust:Source",
        "_trust:Source",
        "_subject_gaps:Instance-attribute-character"
    ]
}