{
    "actions": [
        null,
        5,
        3,
        5,
        5,
        5,
        5,
        3,
        5,
        7,
        4
    ],
    "rewards": [
        0,
        0,
        1.029447852760736,
        1.027413587604291,
        1.0266821345707655,
        1.0101694915254238,
        1.0257270693512304,
        1.029443838604144,
        1.0095338983050848,
        1.0283315844700944,
        1.0091836734693878
    ],
    "states": [
        15.431372549019608,
        15.980392156862745,
        16.45098039215686,
        16.901960784313726,
        17.352941176470587,
        17.529411764705884,
        17.980392156862745,
        18.50980392156863,
        18.686274509803923,
        19.215686274509803,
        19.392156862745097
    ],
    "selections": [
        null,
        null,
        "_complement_gaps:Instance-attribute-character",
        "_entity_novelty:Instance-character",
        "_complement_gaps:Instance-attribute-character",
        "_complement_gaps:Instance-attribute-character",
        "_complement_gaps:Instance-attribute-character",
        "_complement_gaps:Instance-attribute-character",
        "_entity_novelty:Instance-attribute",
        "_complement_gaps:Instance-attribute-character",
        "_trust:Source"
    ]
}