{
    "abstract_actions": [
        null,
        3,
        5,
        5,
        7,
        5,
        7,
        7,
        5,
        6,
        4
    ],
    "specific_actions": [
        null,
        null,
        11,
        11,
        25,
        11,
        25,
        25,
        11,
        null,
        null
    ],
    "rewards": [
        0,
        0,
        0.33333333333333326,
        0.125,
        0.06666666666666665,
        0.25,
        0.0,
        0.16666666666666674,
        0.0,
        -0.020408163265306256,
        0.0
    ],
    "states": [
        0.0,
        0.5,
        0.6666666666666666,
        0.75,
        0.8,
        1.0,
        1.0,
        1.1666666666666667,
        1.1666666666666667,
        1.1428571428571428,
        1.1428571428571428
    ],
    "selections": [
        null,
        null,
        "_entity_novelty:Instance-character",
        "_complement_gaps:Instance-attribute-character",
        "_complement_gaps:Instance-attribute-character",
        "_trust:Source",
        "_complement_gaps:Instance-attribute-character",
        "_trust:Source",
        "_trust:Source",
        "_complement_gaps:Instance-attribute-character",
        "_overlaps:character"
    ]
}