{
    "abstract_actions": [
        null,
        5,
        5,
        3,
        7,
        2,
        7,
        7,
        7,
        7,
        5
    ],
    "specific_actions": [
        null,
        11,
        11,
        11,
        25,
        25,
        25,
        25,
        25,
        25,
        11
    ],
    "rewards": [
        0,
        0,
        0.005107696495465719,
        0.005857702223581507,
        0.0030836999348284877,
        0.003596492376057858,
        0.0029398092454226976,
        0.0028791494659909933,
        0.002820355798587526,
        0.0027633521611167833,
        0.0027080663253977733
    ],
    "states": [
        2.4426404828168486,
        2.467716811061521,
        2.4803211595691814,
        2.4948501423407863,
        2.5025435115621293,
        2.5115438902222156,
        2.518927350170976,
        2.5261797185060906,
        2.5333044441234533,
        2.5403048564338886,
        2.5471841704718416
    ],
    "selections": [
        null,
        null,
        "_complement_gaps:Instance-attribute-character",
        "_complement_gaps:Instance-attribute-character",
        "_entity_novelty:Instance-attribute",
        "_trust:Source",
        "_statement_novelty:Actor-Source",
        "_trust:Source",
        "_trust:Source",
        "_trust:Source",
        "_trust:Source"
    ]
}