{
    "actions": [
        null,
        5,
        4,
        7,
        7,
        7,
        5,
        4,
        4,
        7,
        2
    ],
    "rewards": [
        0,
        0,
        -0.03379861454528188,
        -0.03551124426557606,
        -0.011249726153698347,
        -0.011131252788249557,
        -0.011015026891595503,
        -0.03318498696268268,
        -0.027013300128072126,
        -0.0312915854960083,
        -0.009926076384341398
    ],
    "states": [
        0.013056202873306185,
        0.010384007064254536,
        0.010033042012054313,
        0.009676756206437466,
        0.009567895349058943,
        0.00946139268727705,
        0.009357175192394748,
        0.00904665745562759,
        0.008802277382622861,
        0.008526840167344937,
        0.008442202100526802
    ],
    "selections": [
        null,
        null,
        "_complement_gaps:Instance-attribute-character",
        "_subject_gaps:Instance-attribute-character",
        "_trust:Source",
        "_trust:Source",
        "_trust:Source",
        "_complement_gaps:Instance-attribute-character",
        "_subject_gaps:Instance-attribute-character",
        "_subject_gaps:Instance-attribute-character",
        "_trust:Source"
    ]
}