{
    "abstract_actions": [
        null,
        4,
        5,
        7,
        4,
        6,
        6,
        7,
        6,
        4,
        5
    ],
    "specific_actions": [
        null,
        null,
        11,
        25,
        null,
        11,
        11,
        25,
        11,
        null,
        11
    ],
    "rewards": [
        0,
        0,
        0.09819034852546915,
        0.08619685497961549,
        -0.015481651376146655,
        0.07835862844294539,
        -0.0173985086992543,
        -0.017100977198697076,
        -0.010741138560687369,
        -0.01062699256110522,
        0.0732310031839567
    ],
    "states": [
        0.002484472049689441,
        0.0024412572474824534,
        0.002680965147453083,
        0.0029120559114735,
        0.0028669724770642203,
        0.0030916245081506464,
        0.0030378348522507597,
        0.002985884907709012,
        0.002953813104189044,
        0.002922422954303932,
        0.0031364349189754314
    ],
    "selections": [
        null,
        null,
        "_subject_gaps:Instance-ability-character",
        "_complement_gaps:Instance-attribute-character",
        "_trust:Source",
        "_subject_gaps:Instance-activity-character",
        "_overlaps:attribute-physical-appearance",
        "_overlaps:attribute-physical-appearance",
        "_trust:Source",
        "_overlaps:attribute-physical-appearance",
        "_subject_gaps:Instance-attribute-character"
    ]
}