{
    "abstract_actions": [
        null,
        4,
        7,
        7,
        2,
        6,
        7,
        2,
        7,
        2,
        5
    ],
    "specific_actions": [
        null,
        null,
        25,
        25,
        25,
        null,
        25,
        25,
        25,
        25,
        11
    ],
    "rewards": [
        0,
        0,
        -0.00011128188330944422,
        0.002137080780034495,
        0.0020722604153695645,
        0.0020216770840790765,
        0.002464420973175452,
        0.0019161166702150734,
        0.0018711018711017324,
        0.003616636528029016,
        0.0035398230088496963
    ],
    "states": [
        11.05979381443299,
        10.966336633663367,
        10.965116279069768,
        10.988549618320612,
        11.011320754716982,
        11.033582089552239,
        11.060773480662984,
        11.081967213114755,
        11.102702702702702,
        11.142857142857142,
        11.182300884955753
    ],
    "selections": [
        null,
        null,
        "_subject_gaps:Instance-attribute-character",
        "_trust:Source",
        "_trust:Source",
        "_statement_novelty:Actor-Source",
        "_overlaps:character",
        "_trust:Source",
        "_statement_novelty:Actor-Source",
        "_trust:Source",
        "_statement_novelty:Actor-Source"
    ]
}