{
    "abstract_actions": [
        null,
        5,
        4,
        4,
        5,
        7,
        4,
        3,
        7,
        7,
        2
    ],
    "specific_actions": [
        null,
        11,
        null,
        null,
        11,
        25,
        null,
        null,
        25,
        25,
        25
    ],
    "rewards": [
        0,
        0,
        0.4539915966386556,
        0.298417894162575,
        0.21519490851233103,
        0.17339556592765448,
        -0.022805017103762704,
        0.13938381588715676,
        -0.014270032930845167,
        -0.017966223499820355,
        -0.013819985825655579
    ],
    "states": [
        0.0,
        0.0008669267446900737,
        0.0012605042016806723,
        0.0016366612111292963,
        0.001988862370723946,
        0.002333722287047841,
        0.002280501710376283,
        0.0025983667409057165,
        0.002561287961946579,
        0.0025152712899748474,
        0.0024805102763997165
    ],
    "selections": [
        null,
        null,
        "_complement_gaps:Instance-attribute-character",
        "_subject_gaps:Instance-attribute-character",
        "_subject_gaps:Instance-attribute-character",
        "_complement_gaps:Instance-attribute-character",
        "_trust:Source",
        "_subject_gaps:Instance-attribute-character",
        "_entity_novelty:Instance-character",
        "_trust:Source",
        "_trust:Source"
    ]
}