{
    "abstract_actions": [
        null,
        6,
        3,
        3,
        5,
        5,
        3,
        5,
        5,
        3,
        5
    ],
    "specific_actions": [
        null,
        null,
        null,
        11,
        11,
        11,
        null,
        11,
        11,
        null,
        11
    ],
    "rewards": [
        0,
        0,
        0.003423076815535442,
        0.005324195000385279,
        0.003173467174039102,
        0.0056160898376764745,
        0.005349237607893631,
        0.0045287042996002835,
        0.0048987383955660935,
        0.00468090320456116,
        0.003489789459180992
    ],
    "states": [
        2.44078077170175,
        2.4641777714687914,
        2.472612841267664,
        2.4857775141950293,
        2.4936660475382917,
        2.5076707000864302,
        2.5210848265035457,
        2.5325020741969895,
        2.544908139344709,
        2.5568206080094815,
        2.5657433736163298
    ],
    "selections": [
        null,
        null,
        "_overlaps:character",
        "_entity_novelty:Instance-character",
        "_entity_novelty:Instance-attribute",
        "_complement_gaps:Instance-attribute-character",
        "_complement_gaps:Instance-attribute-character",
        "_entity_novelty:Instance-character",
        "_complement_gaps:Instance-attribute-character",
        "_complement_gaps:Instance-attribute-character",
        "_entity_novelty:Instance-character"
    ]
}