{
    "actions": [
        null,
        3,
        5,
        5,
        5,
        4,
        5,
        4,
        7,
        5,
        4
    ],
    "rewards": [
        0,
        0,
        -0.003827153980986542,
        -0.004581871498141155,
        -0.0024189134311493055,
        -0.004124999999999934,
        0.0026420713839649945,
        -0.003913216112810813,
        0.0025510711185618984,
        0.002485057382234146,
        -0.003740478781283918
    ],
    "states": [
        11.675070028011204,
        10.869976359338061,
        10.82837528604119,
        10.778761061946902,
        10.75268817204301,
        10.708333333333334,
        10.736625514403292,
        10.694610778443113,
        10.721893491124261,
        10.748538011695906,
        10.708333333333334
    ],
    "selections": [
        null,
        null,
        "_entity_novelty:Instance-character",
        "_complement_gaps:Instance-attribute-character",
        "_complement_gaps:Instance-attribute-character",
        "_complement_gaps:Instance-attribute-character",
        "_subject_gaps:Instance-attribute-character",
        "_complement_gaps:Instance-attribute-character",
        "_subject_gaps:Instance-attribute-character",
        "_trust:Source",
        "_complement_gaps:Instance-attribute-character"
    ]
}