{
    "abstract_actions": [
        null,
        4,
        7,
        7,
        4,
        3,
        4,
        7,
        5,
        2,
        4
    ],
    "specific_actions": [
        null,
        null,
        25,
        25,
        null,
        11,
        null,
        25,
        11,
        25,
        null
    ],
    "rewards": [
        0,
        0,
        -0.0013312705282317872,
        0.002375342032847394,
        0.0010858947368421745,
        0.0005754650006519757,
        0.001038262452896177,
        0.0010180080366186672,
        0.0009983411883505156,
        0.0009792393762826368,
        0.0009606811394595738
    ],
    "states": [
        12.340277777777779,
        12.265100671140939,
        12.248772504091653,
        12.277867528271406,
        12.2912,
        12.298273155416013,
        12.311041990668741,
        12.323574730354391,
        12.335877862595419,
        12.347957639939485,
        12.359820089955022
    ],
    "selections": [
        null,
        null,
        "_subject_gaps:Instance-character-enchantment",
        "_trust:Source",
        "_trust:Source",
        "_subject_gaps:Instance-character-enchantment",
        "_entity_novelty:Instance-attribute",
        "_subject_gaps:Instance-attribute-character",
        "_trust:Source",
        "_complement_gaps:Instance-attribute-character",
        "_statement_novelty:Actor-Source"
    ]
}