{
    "abstract_actions": [
        null,
        3,
        6,
        6,
        6,
        7,
        6,
        2,
        4,
        7,
        5
    ],
    "specific_actions": [
        null,
        11,
        null,
        null,
        null,
        25,
        null,
        25,
        null,
        25,
        11
    ],
    "rewards": [
        0,
        0,
        0.0,
        0.125,
        0.11111111111111116,
        0.0,
        0.0,
        0.0,
        0.0,
        -0.022222222222222143,
        0.09090909090909083
    ],
    "states": [
        1.0,
        1.0,
        1.0,
        1.125,
        1.25,
        1.25,
        1.25,
        1.25,
        1.25,
        1.2222222222222223,
        1.3333333333333333
    ],
    "selections": [
        null,
        null,
        "_entity_novelty:Instance-attribute",
        "_overlaps:character",
        "_overlaps:character",
        "_overlaps:character",
        "_trust:Source",
        "_overlaps:character",
        "_statement_novelty:Actor-Source",
        "_subject_gaps:Instance-attribute-character",
        "_trust:Source"
    ]
}