{
    "abstract_actions": [
        null,
        7,
        5,
        3,
        5,
        3,
        2,
        2,
        2,
        4,
        7
    ],
    "specific_actions": [
        null,
        25,
        11,
        11,
        11,
        11,
        25,
        25,
        25,
        null,
        25
    ],
    "rewards": [
        0,
        0,
        0.02787878787878806,
        0.04952830188679225,
        0.0393258426966292,
        0.045405405405405386,
        0.011375387797311287,
        0.02249488752556239,
        0.010999999999999899,
        0.010880316518298683,
        0.010763209393346296
    ],
    "states": [
        15.372549019607844,
        16.176470588235293,
        16.627450980392158,
        17.45098039215686,
        18.137254901960784,
        18.96078431372549,
        19.176470588235293,
        19.607843137254903,
        19.823529411764707,
        20.03921568627451,
        20.254901960784313
    ],
    "selections": [
        null,
        null,
        "_trust:Source",
        "_complement_gaps:Instance-attribute-character",
        "_entity_novelty:Instance-attribute",
        "_complement_gaps:Instance-attribute-character",
        "_entity_novelty:Instance-attribute",
        "_statement_novelty:Actor-Source",
        "_statement_novelty:Actor-Source",
        "_statement_novelty:Actor-Source",
        "_subject_gaps:Instance-character-designation"
    ]
}