{
    "abstract_actions": [
        null,
        7,
        4,
        4,
        2,
        2,
        7,
        4,
        5,
        4,
        4
    ],
    "specific_actions": [
        null,
        25,
        null,
        null,
        25,
        25,
        25,
        null,
        11,
        null,
        null
    ],
    "rewards": [
        0,
        0,
        0.027308192457737412,
        0.016455696202531733,
        0.016189290161892966,
        0.01593137254901955,
        0.01568154402895061,
        0.015439429928741033,
        0.015204678362572999,
        0.02457757296466978,
        0.02398800599700146
    ],
    "states": [
        2096.0,
        2307.0,
        2370.0,
        2409.0,
        2448.0,
        2487.0,
        2526.0,
        2565.0,
        2604.0,
        2668.0,
        2732.0
    ],
    "selections": [
        null,
        null,
        "_trust:Source",
        "_subject_gaps:Instance-character-designation",
        "_subject_gaps:Instance-character-designation",
        "_statement_novelty:Actor-Source",
        "_statement_novelty:Actor-Source",
        "_trust:Source",
        "_subject_gaps:Instance-character-designation",
        "_complement_gaps:Instance-attribute-character",
        "_subject_gaps:Instance-attribute-character"
    ]
}