{
    "abstract_actions": [
        null,
        3,
        4,
        5,
        7,
        5,
        4,
        3,
        4,
        5,
        6
    ],
    "specific_actions": [
        null,
        11,
        null,
        11,
        25,
        11,
        null,
        11,
        null,
        11,
        null
    ],
    "rewards": [
        0,
        0,
        -0.00806092101220357,
        -0.02027594427106405,
        -0.024332222061918984,
        -0.01135129854114203,
        -0.023490349626172247,
        -0.018746004868363753,
        -0.01876047394533842,
        -0.014333168739921964,
        -0.014134650573620733
    ],
    "states": [
        0.00829315886134068,
        0.007986823920889854,
        0.007922442764125183,
        0.007761807756149087,
        0.0075729457262245425,
        0.007486982958450302,
        0.007311111111111111,
        0.007174056986629074,
        0.0070394682774490465,
        0.0069385703907890416,
        0.006840496122834767
    ],
    "selections": [
        null,
        null,
        "_entity_novelty:Instance-attribute",
        "_subject_gaps:Instance-attribute-character",
        "_complement_gaps:Instance-attribute-character",
        "_trust:Source",
        "_complement_gaps:Instance-attribute-character",
        "_subject_gaps:Instance-ancestry-character",
        "_entity_novelty:Instance-attribute",
        "_subject_gaps:Instance-attribute-character",
        "_complement_gaps:Instance-attribute-character"
    ]
}