{
    "actions": [
        null,
        4,
        4,
        7,
        5,
        5,
        4,
        4,
        7,
        5,
        4
    ],
    "rewards": [
        0,
        0,
        0.02083333333333348,
        0.015873015873015817,
        0.0,
        0.012500000000000178,
        0.010101010101009944,
        0.008333333333333304,
        0.006993006993007089,
        0.0,
        0.005952380952380931
    ],
    "states": [
        0.8333333333333334,
        0.8571428571428571,
        0.875,
        0.8888888888888888,
        0.8888888888888888,
        0.9,
        0.9090909090909091,
        0.9166666666666666,
        0.9230769230769231,
        0.9230769230769231,
        0.9285714285714286
    ],
    "selections": [
        null,
        null,
        "_subject_gaps:Instance-attribute-character",
        "_subject_gaps:Instance-attribute-character",
        "_trust:Source",
        "_complement_gaps:Instance-attribute-character",
        "_complement_gaps:Instance-attribute-character",
        "_subject_gaps:Instance-attribute-character",
        "_subject_gaps:Instance-attribute-character",
        "_trust:Source",
        "_complement_gaps:Instance-attribute-character"
    ]
}