{
    "abstract_actions": [
        null,
        7,
        2,
        2,
        7,
        2,
        2,
        5,
        4,
        3,
        7
    ],
    "specific_actions": [
        null,
        25,
        25,
        25,
        25,
        25,
        25,
        11,
        null,
        11,
        25
    ],
    "rewards": [
        0,
        0,
        -0.016567083107007052,
        -0.011012624227773271,
        -0.010892667375132836,
        -0.010775295663600581,
        -0.010660426417056779,
        -0.010547980447646044,
        0.11868187214447601,
        0.10387323943661975,
        0.09301571868416803
    ],
    "states": [
        0.0019646365422396855,
        0.0019331676332504833,
        0.0019011406844106464,
        0.0018802041364491002,
        0.0018597236981934113,
        0.0018396846254927727,
        0.0018200728029121164,
        0.0018008747105737071,
        0.002014605892722236,
        0.002223869532987398,
        0.0024307243558580457
    ],
    "selections": [
        null,
        null,
        "_trust:Source",
        "_statement_novelty:Actor-Source",
        "_statement_novelty:Actor-Source",
        "_trust:Source",
        "_statement_novelty:Actor-Source",
        "_statement_novelty:Actor-Source",
        "_complement_gaps:Instance-attribute-character",
        "_subject_gaps:Instance-attribute-character",
        "_entity_novelty:Instance-attribute"
    ]
}