{
    "abstract_actions": [
        null,
        4,
        5,
        7,
        7,
        7,
        2,
        7,
        7,
        4,
        7
    ],
    "specific_actions": [
        null,
        null,
        11,
        25,
        25,
        25,
        25,
        25,
        25,
        null,
        25
    ],
    "rewards": [
        0,
        0,
        0.3018335684062059,
        0.21988988300068835,
        -0.01691474966170503,
        -0.013021702838063476,
        -0.01285431773236656,
        -0.01269118125610147,
        -0.012532133676092516,
        -0.012377023167248535,
        0.1761119751166409
    ],
    "states": [
        0.0007457121551081282,
        0.0010834236186348862,
        0.0014104372355430183,
        0.0017205781142463868,
        0.0016914749661705007,
        0.001669449081803005,
        0.0016479894528675016,
        0.0016270745200130166,
        0.0016066838046272494,
        0.0015867978419549348,
        0.0018662519440124418
    ],
    "selections": [
        null,
        null,
        "_subject_gaps:Instance-attribute-character",
        "_complement_gaps:Instance-attribute-character",
        "_trust:Source",
        "_trust:Source",
        "_trust:Source",
        "_statement_novelty:Actor-Source",
        "_trust:Source",
        "_trust:Source",
        "_subject_gaps:Instance-attribute-character"
    ]
}