{
    "abstract_actions": [
        null,
        4,
        7,
        4,
        5,
        5,
        4,
        7,
        7,
        5,
        5
    ],
    "specific_actions": [
        null,
        null,
        25,
        null,
        11,
        11,
        null,
        25,
        25,
        11,
        11
    ],
    "rewards": [
        0,
        0,
        0.0226946279804654,
        0.016292134831460636,
        0.011332227750138202,
        0.020770702377698846,
        0.02248995983935753,
        0.01990049751243772,
        0.014890885750962868,
        0.010371869466228256,
        0.021031547320981447
    ],
    "states": [
        3380.0,
        3481.0,
        3560.0,
        3618.0,
        3659.0,
        3735.0,
        3819.0,
        3895.0,
        3953.0,
        3994.0,
        4078.0
    ],
    "selections": [
        null,
        null,
        "_subject_gaps:Instance-attribute-character",
        "_trust:Source",
        "_subject_gaps:Instance-character-product",
        "_complement_gaps:Instance-attribute-character",
        "_complement_gaps:Instance-attribute-character",
        "_subject_gaps:Instance-character-physical-appearance",
        "_trust:Source",
        "_trust:Source",
        "_complement_gaps:Instance-attribute-character"
    ]
}