{
    "abstract_actions": [
        null,
        3,
        7,
        7,
        7,
        5,
        7,
        7,
        7,
        7,
        2
    ],
    "specific_actions": [
        null,
        11,
        25,
        25,
        25,
        11,
        25,
        25,
        25,
        25,
        25
    ],
    "rewards": [
        0,
        0,
        0.0068401991611950486,
        0.010477505603851744,
        0.006495695794607403,
        0.006266606390797458,
        0.01003410275079819,
        0.006563091409613531,
        0.005446800232784543,
        0.005271598055465843,
        0.0051047737975877805
    ],
    "states": [
        2.261951971799956,
        2.3403682236617795,
        2.3563768084221586,
        2.3810657596371883,
        2.396532438478747,
        2.4115505639734716,
        2.435748310121127,
        2.4517343489312635,
        2.4650884561537483,
        2.4780834116657595,
        2.4907334669338677
    ],
    "selections": [
        null,
        null,
        "_entity_novelty:Instance-attribute",
        "_trust:Source",
        "_trust:Source",
        "_trust:Source",
        "_complement_gaps:Instance-attribute-character",
        "_trust:Source",
        "_trust:Source",
        "_trust:Source",
        "_trust:Source"
    ]
}