{
    "abstract_actions": [
        null,
        5,
        5,
        7,
        5,
        3,
        5,
        4,
        7,
        5,
        5
    ],
    "specific_actions": [
        null,
        11,
        11,
        25,
        11,
        11,
        11,
        null,
        25,
        11,
        11
    ],
    "rewards": [
        0,
        0,
        -0.002425171414699334,
        -0.0015492447143840016,
        0.00235216341813671,
        -0.00150981835731967,
        0.0021605999426115297,
        -5.609502497228025e-05,
        0.0020735444330950425,
        0.0021064032665862875,
        -0.0014986927611219114
    ],
    "states": [
        10.75187969924812,
        10.708029197080291,
        10.682060390763766,
        10.665511265164644,
        10.69059829059829,
        10.674457429048415,
        10.697520661157025,
        10.696920583468396,
        10.719101123595506,
        10.741679873217116,
        10.725581395348836
    ],
    "selections": [
        null,
        null,
        "_complement_gaps:Instance-attribute-character",
        "_complement_gaps:Instance-attribute-character",
        "_trust:Source",
        "_complement_gaps:Instance-attribute-character",
        "_entity_novelty:Instance-attribute",
        "_complement_gaps:Instance-attribute-character",
        "_subject_gaps:Instance-character-object",
        "_trust:Source",
        "_complement_gaps:Instance-attribute-character"
    ]
}