{
    "abstract_actions": [
        null,
        7,
        2,
        7,
        2,
        5,
        5,
        5,
        5,
        3,
        5
    ],
    "specific_actions": [
        null,
        25,
        25,
        25,
        25,
        11,
        11,
        11,
        11,
        11,
        11
    ],
    "rewards": [
        0,
        0,
        -0.026582278481012578,
        -0.016189290161892966,
        -0.01593137254901955,
        -0.01568154402895061,
        0.45893625342197875,
        0.29780484710062183,
        0.2175565443084908,
        0.17218399130749718,
        -0.01392857142857129
    ],
    "states": [
        0.0,
        0.0008669267446900737,
        0.0008438818565400844,
        0.0008302200083022001,
        0.0008169934640522876,
        0.0008041817450743868,
        0.0011732499022291747,
        0.0015226494099733537,
        0.0018539117538005192,
        0.0021731256791017745,
        0.002142857142857143
    ],
    "selections": [
        null,
        null,
        "_trust:Source",
        "_statement_novelty:Actor-Source",
        "_trust:Source",
        "_statement_novelty:Actor-Source",
        "_complement_gaps:Instance-attribute-character",
        "_complement_gaps:Instance-attribute-character",
        "_complement_gaps:Instance-attribute-character",
        "_complement_gaps:Instance-attribute-character",
        "_entity_novelty:Instance-attribute"
    ]
}