{
    "abstract_actions": [
        null,
        5,
        7,
        5,
        3,
        7,
        4,
        4,
        5,
        7,
        2
    ],
    "specific_actions": [
        null,
        11,
        25,
        11,
        11,
        25,
        null,
        null,
        11,
        25,
        25
    ],
    "rewards": [
        0,
        0,
        0.06621004566210043,
        0.03854389721627416,
        0.057731958762886615,
        0.01754385964912264,
        0.026819923371647514,
        0.04477611940298498,
        0.04285714285714293,
        0.041095890410958846,
        0.023026315789473673
    ],
    "states": [
        7.0588235294117645,
        8.588235294117647,
        9.156862745098039,
        9.509803921568627,
        10.058823529411764,
        10.235294117647058,
        10.509803921568627,
        10.980392156862745,
        11.450980392156863,
        11.92156862745098,
        12.196078431372548
    ],
    "selections": [
        null,
        null,
        "_complement_gaps:Instance-attribute-character",
        "_trust:Source",
        "_complement_gaps:Instance-attribute-character",
        "_entity_novelty:Instance-attribute",
        "_trust:Source",
        "_subject_gaps:Instance-ancestry-character",
        "_subject_gaps:Instance-attribute-character",
        "_complement_gaps:Instance-attribute-character",
        "_trust:Source"
    ]
}