{
    "abstract_actions": [
        null,
        7,
        4,
        7,
        2,
        2,
        2,
        5,
        7,
        2,
        7
    ],
    "specific_actions": [
        null,
        25,
        null,
        25,
        25,
        25,
        25,
        11,
        25,
        25,
        25
    ],
    "rewards": [
        0,
        0,
        -0.036344473076596606,
        -0.03167616413581875,
        -0.01908990722656445,
        -0.015538060057863845,
        -0.015300719115349581,
        -0.01507050906106211,
        -0.03274869836380978,
        -0.017320936122243946,
        -0.014123861770893087
    ],
    "states": [
        0.013134665630958265,
        0.01056689342403628,
        0.010182845250483128,
        0.009860291772959183,
        0.009672059717786535,
        0.009521774673008323,
        0.009376084673256973,
        0.009234782304231368,
        0.008932355204094647,
        0.00877763845018333,
        0.008653664298038065
    ],
    "selections": [
        null,
        null,
        "_trust:Source",
        "_subject_gaps:Instance-ability-character",
        "_trust:Source",
        "_statement_novelty:Actor-Source",
        "_statement_novelty:Actor-Source",
        "_statement_novelty:Actor-Source",
        "_complement_gaps:Instance-attribute-character",
        "_trust:Source",
        "_statement_novelty:Actor-Source"
    ]
}