{
    "abstract_actions": [
        null,
        3,
        3,
        3,
        3,
        2,
        4,
        3,
        7,
        7,
        7
    ],
    "specific_actions": [
        null,
        null,
        11,
        null,
        11,
        25,
        null,
        11,
        25,
        25,
        25
    ],
    "rewards": [
        0,
        0,
        0.33333333333333326,
        0.125,
        0.06666666666666665,
        0.0,
        0.25,
        0.0,
        0.0,
        0.16666666666666674,
        0.0
    ],
    "states": [
        0.0,
        0.5,
        0.6666666666666666,
        0.75,
        0.8,
        0.8,
        1.0,
        1.0,
        1.0,
        1.1666666666666667,
        1.1666666666666667
    ],
    "selections": [
        null,
        null,
        "_entity_novelty:Instance-character",
        "_entity_novelty:Instance-attribute",
        "_entity_novelty:Instance-character",
        "_entity_novelty:Instance-attribute",
        "_statement_novelty:Actor-Source",
        "_subject_gaps:Instance-character-designation",
        "_entity_novelty:Instance-attribute",
        "_trust:Source",
        "_trust:Source"
    ]
}