{
    "actions": [
        null,
        4,
        5,
        4,
        6,
        3,
        3,
        4,
        4,
        5,
        3,
        4,
        6,
        2,
        4,
        3,
        5,
        3,
        5,
        4,
        3,
        4,
        3,
        5,
        4,
        5
    ],
    "rewards": [
        0,
        0,
        -0.01510565743796577,
        -0.036159494361660105,
        -0.02375772138195731,
        -0.01207313765878737,
        -0.03369450830398957,
        -0.02217775413313594,
        -0.02682598524861568,
        -0.0261267955371699,
        -0.025463054570892152,
        -0.024832137862157766,
        -0.009425011085535395,
        -0.010069033132227179,
        -0.009256039684867767,
        -0.02802121190044371,
        -0.022907464392622257,
        -0.02665940548097534,
        -0.021814247064589343,
        -0.02134951301065502,
        -0.024896177824918375,
        -0.020396314372216562,
        -0.019989334691682403,
        -0.007590655039996119,
        -0.019450927953145625,
        -0.007389711833778012
    ],
    "states": [
        0.013056202873306185,
        0.010384007064254536,
        0.010227149810708491,
        0.009857341244792324,
        0.009623153277931671,
        0.009506971623695591,
        0.009186638889375187,
        0.008982899870776719,
        0.00874192473135347,
        0.00851352625129607,
        0.008296745867768594,
        0.008090719930572877,
        0.008014464805537266,
        0.007933766893873243,
        0.007860331632653062,
        0.00764007561436673,
        0.007465060854273682,
        0.007266046770019444,
        0.007107543430595379,
        0.006955800839650087,
        0.006782627985031442,
        0.006644287372378947,
        0.006511472488304745,
        0.006462046146843598,
        0.006336353352811441,
        0.006289529527457171
    ],
    "selections": [
        null,
        null,
        "_subject_gaps:Instance-attribute-character",
        "_complement_gaps:Instance-attribute-character",
        "_subject_gaps:Instance-attribute-character",
        "_overlaps:character",
        "_entity_novelty:Instance-character",
        "_entity_novelty:Instance-attribute",
        "_subject_gaps:Instance-attribute-character",
        "_subject_gaps:Instance-attribute-character",
        "_complement_gaps:Instance-attribute-character",
        "_entity_novelty:Instance-character",
        "_subject_gaps:Instance-attribute-character",
        "_overlaps:character",
        "_statement_novelty:Actor-Source",
        "_subject_gaps:Instance-attribute-character",
        "_entity_novelty:Instance-character",
        "_complement_gaps:Instance-attribute-character",
        "_entity_novelty:Instance-character",
        "_complement_gaps:Instance-attribute-character",
        "_subject_gaps:Instance-attribute-character",
        "_entity_novelty:Instance-character",
        "_subject_gaps:Instance-attribute-character",
        "_entity_novelty:Instance-attribute",
        "_complement_gaps:Instance-attribute-character",
        "_subject_gaps:Instance-attribute-character"
    ]
}