{
    "abstract_actions": [
        null,
        4,
        5,
        5,
        7,
        2,
        5,
        3,
        7,
        5,
        5
    ],
    "specific_actions": [
        null,
        null,
        11,
        11,
        25,
        25,
        11,
        11,
        25,
        11,
        11
    ],
    "rewards": [
        0,
        0,
        0.022074387662534,
        0.022781065088757435,
        0.022273647671391394,
        0.015280135823429575,
        0.011148272017837302,
        0.021223814773980054,
        0.010796221322537214,
        0.014419225634178856,
        0.010529086601737347
    ],
    "states": [
        3220.0,
        3307.0,
        3380.0,
        3457.0,
        3534.0,
        3588.0,
        3628.0,
        3705.0,
        3745.0,
        3799.0,
        3839.0
    ],
    "selections": [
        null,
        null,
        "_subject_gaps:Instance-character-personality-trait",
        "_complement_gaps:Instance-attribute-character",
        "_complement_gaps:Instance-attribute-character",
        "_trust:Source",
        "_statement_novelty:Actor-Source",
        "_complement_gaps:Instance-attribute-character",
        "_entity_novelty:Instance-attribute",
        "_trust:Source",
        "_complement_gaps:Instance-attribute-character"
    ]
}