{
    "abstract_actions": [
        null,
        4,
        4,
        7,
        2,
        4,
        3,
        3,
        3,
        6,
        6
    ],
    "specific_actions": [
        null,
        null,
        null,
        25,
        25,
        null,
        11,
        null,
        11,
        null,
        null
    ],
    "rewards": [
        0,
        0,
        -0.0277777777777779,
        0.0,
        0.0,
        0.0,
        -0.022222222222222143,
        -0.0181818181818183,
        -0.015151515151515027,
        -0.012820512820512775,
        0.0714285714285714
    ],
    "states": [
        1.3333333333333333,
        1.2857142857142858,
        1.25,
        1.25,
        1.25,
        1.25,
        1.2222222222222223,
        1.2,
        1.1818181818181819,
        1.1666666666666667,
        1.25
    ],
    "selections": [
        null,
        null,
        "_subject_gaps:Instance-attribute-character",
        "_subject_gaps:Instance-attribute-character",
        "_trust:Source",
        "_statement_novelty:Actor-Source",
        "_subject_gaps:Instance-character-gender",
        "_entity_novelty:Instance-attribute",
        "_entity_novelty:Instance-character",
        "_entity_novelty:Instance-attribute",
        "_overlaps:character"
    ]
}