{
    "actions": [
        null,
        5,
        3,
        7,
        7,
        2,
        4,
        5,
        5,
        4,
        7
    ],
    "rewards": [
        0,
        0,
        0.03392779469334495,
        0.016407236011779514,
        0.01614238410596025,
        0.015885947046843096,
        0.015637530072173167,
        0.025266482431898885,
        0.02695417789757415,
        0.026246719160105014,
        0.025575447570332477
    ],
    "states": [
        2084.0,
        2299.0,
        2377.0,
        2416.0,
        2455.0,
        2494.0,
        2533.0,
        2597.0,
        2667.0,
        2737.0,
        2807.0
    ],
    "selections": [
        null,
        null,
        "_complement_gaps:Instance-attribute-character",
        "_entity_novelty:Instance-attribute",
        "_trust:Source",
        "_trust:Source",
        "_statement_novelty:Actor-Source",
        "_subject_gaps:Instance-attribute-character",
        "_complement_gaps:Instance-attribute-character",
        "_complement_gaps:Instance-attribute-character",
        "_subject_gaps:Instance-attribute-character"
    ]
}