{
    "abstract_actions": [
        null,
        7,
        7,
        2,
        4,
        5,
        4,
        7,
        5,
        4,
        5
    ],
    "specific_actions": [
        null,
        25,
        25,
        25,
        null,
        11,
        null,
        25,
        11,
        null,
        11
    ],
    "rewards": [
        0,
        0,
        0.0034677264265094987,
        0.003081065130984717,
        0.0020863772307739836,
        0.00474074708824701,
        0.002860596420459993,
        0.002802543024242654,
        0.0032585040847090685,
        0.004231695338060781,
        0.004071559159385618
    ],
    "states": [
        2.461965811965812,
        2.485654862897488,
        2.4942744339527394,
        2.501959455938298,
        2.5071794871794872,
        2.519065391033046,
        2.5262714204735395,
        2.533351404820331,
        2.5416063407209415,
        2.552361644424156,
        2.562753735855576
    ],
    "selections": [
        null,
        null,
        "_trust:Source",
        "_trust:Source",
        "_statement_novelty:Actor-Source",
        "_subject_gaps:Instance-character-object",
        "_complement_gaps:Instance-attribute-character",
        "_subject_gaps:Instance-character-object",
        "_trust:Source",
        "_complement_gaps:Instance-attribute-character",
        "_subject_gaps:Instance-character-physical-appearance"
    ]
}