{
    "abstract_actions": [
        null,
        5,
        5,
        5,
        5,
        4,
        7,
        7,
        4,
        4,
        2
    ],
    "specific_actions": [
        null,
        11,
        11,
        11,
        11,
        null,
        25,
        25,
        null,
        null,
        25
    ],
    "rewards": [
        0,
        0,
        0.002835105991155107,
        0.002140780032913847,
        0.004278178294569779,
        0.004709109709485126,
        0.0045003659109339456,
        0.0032546895828067246,
        0.0026768493013602512,
        0.00408269284878493,
        0.0016914910960565965
    ],
    "states": [
        2.5116856780735106,
        2.536183082972074,
        2.5433734308252745,
        2.548818233882229,
        2.5597225327272275,
        2.571776546959681,
        2.5833504824621576,
        2.591758486366166,
        2.5986962332596897,
        2.6093059117873834,
        2.6137195295040594
    ],
    "selections": [
        null,
        null,
        "_complement_gaps:Instance-attribute-character",
        "_complement_gaps:Instance-attribute-character",
        "_complement_gaps:Instance-attribute-character",
        "_complement_gaps:Instance-attribute-character",
        "_subject_gaps:Instance-attribute-character",
        "_trust:Source",
        "_trust:Source",
        "_subject_gaps:Instance-character-personality-trait",
        "_subject_gaps:Instance-character-institution"
    ]
}