{
    "actions": [
        null,
        4,
        4,
        5,
        4,
        4,
        4,
        3,
        4,
        5,
        5
    ],
    "rewards": [
        0,
        0,
        0.45752324598478444,
        0.29501915708812243,
        0.21799999999999997,
        0.17004680187207488,
        0.1356618577575297,
        0.11574711426453455,
        -0.01424917793204239,
        0.09929489468047126,
        -0.01373239436619711
    ],
    "states": [
        0.0,
        0.0008699434536755111,
        0.001267962806424345,
        0.0016420361247947454,
        0.002,
        0.00234009360374415,
        0.0026575550493545936,
        0.0029651593773165306,
        0.0029229082937522835,
        0.0032131381649410924,
        0.0031690140845070424
    ],
    "selections": [
        null,
        null,
        "_subject_gaps:Instance-attribute-character",
        "_subject_gaps:Instance-attribute-character",
        "_complement_gaps:Instance-attribute-character",
        "_subject_gaps:Instance-attribute-character",
        "_subject_gaps:Instance-attribute-character",
        "_subject_gaps:Instance-attribute-character",
        "_entity_novelty:Instance-attribute",
        "_subject_gaps:Instance-attribute-character",
        "_complement_gaps:Instance-attribute-character"
    ]
}