{
    "abstract_actions": [
        null,
        7,
        5,
        4,
        5,
        5,
        4,
        6,
        5,
        5,
        4
    ],
    "specific_actions": [
        null,
        25,
        11,
        null,
        11,
        11,
        null,
        11,
        11,
        11,
        null
    ],
    "rewards": [
        0,
        0,
        0.024311183144246407,
        0.044303797468354444,
        0.036363636363636376,
        0.033625730994152114,
        0.03394625176803401,
        0.03283173734610134,
        0.025165562913907147,
        0.036175710594315236,
        0.034912718204488824
    ],
    "states": [
        11.549019607843137,
        12.098039215686274,
        12.392156862745098,
        12.941176470588236,
        13.411764705882353,
        13.862745098039216,
        14.333333333333334,
        14.803921568627452,
        15.176470588235293,
        15.72549019607843,
        16.274509803921568
    ],
    "selections": [
        null,
        null,
        "_trust:Source",
        "_complement_gaps:Instance-attribute-character",
        "_subject_gaps:Instance-character-enchantment",
        "_complement_gaps:Instance-attribute-character",
        "_complement_gaps:Instance-attribute-character",
        "_subject_gaps:Instance-character-enchantment",
        "_overlaps:attribute-physical-appearance",
        "_complement_gaps:Instance-attribute-character-physical-appearance",
        "_complement_gaps:Instance-attribute-character"
    ]
}