{
    "abstract_actions": [
        null,
        3,
        4,
        3,
        4,
        3,
        4,
        3,
        6,
        3,
        3
    ],
    "specific_actions": [
        null,
        null,
        null,
        11,
        null,
        11,
        null,
        11,
        null,
        null,
        null
    ],
    "rewards": [
        0,
        0,
        0.13980526918671243,
        0.11601150527325021,
        -0.012918184829413648,
        0.10164612390528704,
        -0.012491992312619993,
        0.08879123945037293,
        0.0806660499537466,
        -0.017272727272727217,
        0.06824925816023719
    ],
    "states": [
        0.0018096272167933405,
        0.002110446711220542,
        0.0024054982817869417,
        0.0026845637583892616,
        0.002649884067572044,
        0.0029192345118391177,
        0.0028827674567584883,
        0.003138731952291274,
        0.0033919210607462227,
        0.0033333333333333335,
        0.0035608308605341245
    ],
    "selections": [
        null,
        null,
        "_entity_novelty:Instance-character",
        "_subject_gaps:Instance-character-designation",
        "_entity_novelty:Instance-attribute",
        "_subject_gaps:Instance-character-object",
        "_entity_novelty:Instance-attribute",
        "_subject_gaps:Instance-character-institution",
        "_entity_novelty:Instance-attribute",
        "_overlaps:character",
        "_entity_novelty:Instance-character"
    ]
}