{
    "abstract_actions": [
        null,
        4,
        7,
        7,
        7,
        7,
        7,
        7,
        7,
        2,
        7
    ],
    "specific_actions": [
        null,
        null,
        25,
        25,
        25,
        25,
        25,
        25,
        25,
        25,
        25
    ],
    "rewards": [
        0,
        0,
        0.11855412420688327,
        -0.015372382719321509,
        -0.010749868904037618,
        -0.010635538261997368,
        -0.010523613963039025,
        -0.01041402082804177,
        -0.010306686777274976,
        -0.01020154267230644,
        -0.010098522167487745
    ],
    "states": [
        0.001419244961680386,
        0.0019251925192519251,
        0.0021534320323014803,
        0.0021203286509408957,
        0.002097535395909806,
        0.0020752269779507134,
        0.002053388090349076,
        0.002032004064008128,
        0.002011060834590246,
        0.0019905449116695696,
        0.0019704433497536944
    ],
    "selections": [
        null,
        null,
        "_subject_gaps:Instance-character-product",
        "_trust:Source",
        "_trust:Source",
        "_trust:Source",
        "_trust:Source",
        "_trust:Source",
        "_trust:Source",
        "_trust:Source",
        "_statement_novelty:Actor-Source"
    ]
}