{
    "abstract_actions": [
        null,
        7,
        5,
        5,
        7,
        4,
        7,
        6,
        6,
        2,
        7
    ],
    "specific_actions": [
        null,
        25,
        11,
        11,
        25,
        null,
        25,
        11,
        11,
        25,
        25
    ],
    "rewards": [
        0,
        0,
        0.024793388429751984,
        0.04516129032258065,
        0.04320987654321007,
        0.020710059171597628,
        0.034782608695652195,
        0.019607843137255054,
        0.019230769230769162,
        0.018867924528301883,
        0.011904761904761862
    ],
    "states": [
        11.215686274509803,
        11.862745098039216,
        12.156862745098039,
        12.705882352941176,
        13.254901960784315,
        13.529411764705882,
        14.0,
        14.27450980392157,
        14.549019607843137,
        14.823529411764707,
        15.0
    ],
    "selections": [
        null,
        null,
        "_trust:Source",
        "_complement_gaps:Instance-attribute-character",
        "_complement_gaps:Instance-attribute-character",
        "_trust:Source",
        "_subject_gaps:Instance-character-object",
        "_trust:Source",
        "_overlaps:attribute-object",
        "_overlaps:attribute-object",
        "_statement_novelty:Actor-Source"
    ]
}