{
    "abstract_actions": [
        null,
        4,
        7,
        4,
        7,
        4,
        6,
        6,
        6,
        4,
        7
    ],
    "specific_actions": [
        null,
        null,
        25,
        null,
        25,
        null,
        null,
        null,
        null,
        null,
        25
    ],
    "rewards": [
        0,
        0,
        0.02274270196877115,
        0.016594756057086046,
        0.020568070519098924,
        0.01599488163787588,
        0.01983627204030225,
        0.01759802408150657,
        0.011832524271844669,
        0.011694152923538148,
        0.018968583283935914
    ],
    "states": [
        2859.0,
        2946.0,
        3013.0,
        3063.0,
        3126.0,
        3176.0,
        3239.0,
        3296.0,
        3335.0,
        3374.0,
        3438.0
    ],
    "selections": [
        null,
        null,
        "_subject_gaps:Instance-character-physical-appearance",
        "_trust:Source",
        "_subject_gaps:Instance-ability-character",
        "_trust:Source",
        "_subject_gaps:Instance-attribute-character",
        "_overlaps:character",
        "_overlaps:character",
        "_overlaps:character",
        "_subject_gaps:Instance-character-product"
    ]
}