{
    "abstract_actions": [
        null,
        7,
        7,
        7,
        7,
        7,
        7,
        7,
        7,
        2,
        7
    ],
    "specific_actions": [
        null,
        25,
        25,
        25,
        25,
        25,
        25,
        25,
        25,
        25,
        25
    ],
    "rewards": [
        0,
        0,
        -0.01619755708975046,
        -0.010769634883109891,
        -0.010654885654885704,
        -0.010542555926973618,
        -0.010432569974554773,
        -0.010324855200201544,
        -0.0102193419740777,
        -0.010115963483839141,
        -0.010014655593551525
    ],
    "states": [
        0.001942286348501665,
        0.0021592442645074223,
        0.002124269782262347,
        0.0021013921723141583,
        0.002079002079002079,
        0.0020570840833119054,
        0.002035623409669211,
        0.002014605892722236,
        0.0019940179461615153,
        0.0019738465334320256,
        0.0019540791402051783
    ],
    "selections": [
        null,
        null,
        "_trust:Source",
        "_trust:Source",
        "_trust:Source",
        "_trust:Source",
        "_trust:Source",
        "_trust:Source",
        "_trust:Source",
        "_trust:Source",
        "_statement_novelty:Actor-Source"
    ]
}