{
    "abstract_actions": [
        null,
        3,
        2,
        2,
        5,
        7,
        2,
        2,
        7,
        2,
        2
    ],
    "specific_actions": [
        null,
        11,
        25,
        25,
        11,
        25,
        25,
        25,
        25,
        25,
        25
    ],
    "rewards": [
        0,
        0,
        0.011683483802442884,
        0.01522309711286085,
        0.010599793174767225,
        0.019186492709132752,
        0.014558232931726867,
        0.01014349332013853,
        0.010041636051922653,
        0.009941804073714922,
        0.009843937575030104
    ],
    "states": [
        3673.0,
        3766.0,
        3810.0,
        3868.0,
        3909.0,
        3984.0,
        4042.0,
        4083.0,
        4124.0,
        4165.0,
        4206.0
    ],
    "selections": [
        null,
        null,
        "_entity_novelty:Instance-attribute",
        "_statement_novelty:Actor-Source",
        "_statement_novelty:Actor-Source",
        "_complement_gaps:Instance-attribute-character",
        "_trust:Source",
        "_statement_novelty:Actor-Source",
        "_statement_novelty:Actor-Source",
        "_trust:Source",
        "_statement_novelty:Actor-Source"
    ]
}