{
    "abstract_actions": [
        null,
        3,
        3,
        5,
        3,
        3,
        3,
        3,
        5,
        5,
        5
    ],
    "specific_actions": [
        null,
        null,
        11,
        11,
        null,
        11,
        null,
        11,
        11,
        11,
        11
    ],
    "rewards": [
        0,
        0,
        0.4576663858466723,
        0.29886472438790856,
        0.21509772636617486,
        0.17012835472578747,
        0.13876233864844334,
        0.11574711426453455,
        -0.01424917793204239,
        0.09694513715710729,
        0.0889975170701427
    ],
    "states": [
        0.0,
        0.0008669267446900737,
        0.0012636899747262005,
        0.0016413623307345096,
        0.001994415636218588,
        0.002333722287047841,
        0.0026575550493545936,
        0.0029651593773165306,
        0.0029229082937522835,
        0.003206270039187745,
        0.0034916201117318434
    ],
    "selections": [
        null,
        null,
        "_entity_novelty:Instance-character",
        "_entity_novelty:Instance-attribute",
        "_complement_gaps:Instance-attribute-character",
        "_entity_novelty:Instance-character",
        "_entity_novelty:Instance-attribute",
        "_entity_novelty:Instance-character",
        "_entity_novelty:Instance-attribute",
        "_complement_gaps:Instance-attribute-character",
        "_complement_gaps:Instance-attribute-character"
    ]
}