{
    "abstract_actions": [
        null,
        4,
        4,
        4,
        4,
        4,
        4,
        4,
        5,
        4,
        3
    ],
    "specific_actions": [
        null,
        null,
        null,
        null,
        null,
        null,
        null,
        null,
        11,
        null,
        null
    ],
    "rewards": [
        0,
        0,
        0.010101010101009944,
        0.008333333333333304,
        0.006993006993007089,
        0.005952380952380931,
        0.00512820512820511,
        0.004464285714285587,
        0.0,
        0.0039215686274509665,
        0.003472222222222321
    ],
    "states": [
        0.8888888888888888,
        0.9,
        0.9090909090909091,
        0.9166666666666666,
        0.9230769230769231,
        0.9285714285714286,
        0.9333333333333333,
        0.9375,
        0.9375,
        0.9411764705882353,
        0.9444444444444444
    ],
    "selections": [
        null,
        null,
        "_subject_gaps:Instance-attribute-character",
        "_subject_gaps:Instance-ancestry-character",
        "_subject_gaps:Instance-attribute-character",
        "_subject_gaps:Instance-activity-character",
        "_subject_gaps:Instance-activity-character",
        "_subject_gaps:Instance-attribute-character",
        "_subject_gaps:Instance-character-product",
        "_complement_gaps:Instance-attribute-character",
        "_subject_gaps:Instance-character-personality-trait"
    ]
}