{
    "abstract_actions": [
        null,
        5,
        4,
        4,
        7,
        7,
        5,
        3,
        2,
        5,
        3
    ],
    "specific_actions": [
        null,
        11,
        null,
        null,
        25,
        25,
        11,
        11,
        25,
        11,
        null
    ],
    "rewards": [
        0,
        0,
        -0.04018678793601638,
        -0.030169180358532888,
        -0.029288451661086623,
        -0.030314297597720752,
        -0.014887886347526691,
        -0.03237554488879957,
        -0.014203017046098054,
        -0.016873134650550292,
        -0.030429886992374366
    ],
    "states": [
        0.013134665630958265,
        0.01056689342403628,
        0.01014224391886205,
        0.009836260732833666,
        0.009548171885834223,
        0.009258725761772854,
        0.009120882904908662,
        0.008825589350995307,
        0.00870023935500126,
        0.008553439044872307,
        0.00829315886134068
    ],
    "selections": [
        null,
        null,
        "_complement_gaps:Instance-attribute-character",
        "_subject_gaps:Instance-character-personality-trait",
        "_subject_gaps:Instance-character-personality-trait",
        "_trust:Source",
        "_trust:Source",
        "_complement_gaps:Instance-attribute-character",
        "_entity_novelty:Instance-attribute",
        "_statement_novelty:Actor-Source",
        "_complement_gaps:Instance-attribute-character"
    ]
}