{
    "abstract_actions": [
        null,
        5,
        5,
        5,
        5,
        5,
        5,
        5,
        5,
        5,
        3
    ],
    "specific_actions": [
        null,
        11,
        11,
        11,
        11,
        11,
        11,
        11,
        11,
        11,
        11
    ],
    "rewards": [
        0,
        0,
        -0.02408087965119654,
        -0.021272481852999903,
        -0.020835269764149178,
        -0.017017846560108407,
        -0.020080771348025217,
        -0.016117613779711215,
        -0.0193844917309276,
        -0.015572639506396424,
        -0.015340974706734123
    ],
    "states": [
        0.008912541882546459,
        0.00857293708108495,
        0.008366493214978064,
        0.008188517139889197,
        0.008017907176311246,
        0.007881459662251589,
        0.007723193872885231,
        0.007598714416896235,
        0.007451417200116229,
        0.007335378966247057,
        0.007222847103061552
    ],
    "selections": [
        null,
        null,
        "_complement_gaps:Instance-attribute-character",
        "_complement_gaps:Instance-attribute-character",
        "_complement_gaps:Instance-attribute-character",
        "_complement_gaps:Instance-attribute-character",
        "_complement_gaps:Instance-attribute-character",
        "_complement_gaps:Instance-attribute-character",
        "_complement_gaps:Instance-attribute-character",
        "_complement_gaps:Instance-attribute-character",
        "_complement_gaps:Instance-attribute-character"
    ]
}