{
    "abstract_actions": [
        null,
        3,
        4,
        7,
        7,
        7,
        5,
        7,
        7,
        2,
        4
    ],
    "specific_actions": [
        null,
        null,
        null,
        25,
        25,
        25,
        11,
        25,
        25,
        25,
        null
    ],
    "rewards": [
        0,
        0,
        0.00520612505538165,
        0.011718678449859521,
        0.009796060589365885,
        0.006116877596709536,
        0.005908330067861289,
        0.009417250560349366,
        0.006196497286270253,
        0.005159821463548209,
        0.004998889760640335
    ],
    "states": [
        2.261951971799956,
        2.3403682236617795,
        2.352552473309804,
        2.380121279280943,
        2.4034370915428185,
        2.4181386220431773,
        2.432425783172052,
        2.455332546241637,
        2.4705470077013145,
        2.4832945891783567,
        2.4957083050728537
    ],
    "selections": [
        null,
        null,
        "_entity_novelty:Instance-character",
        "_subject_gaps:Instance-attribute-character",
        "_trust:Source",
        "_trust:Source",
        "_trust:Source",
        "_complement_gaps:Instance-attribute-character",
        "_trust:Source",
        "_trust:Source",
        "_statement_novelty:Actor-Source"
    ]
}