{
    "abstract_actions": [
        null,
        4,
        7,
        2,
        2,
        2,
        2,
        4,
        4,
        4,
        5
    ],
    "specific_actions": [
        null,
        null,
        25,
        25,
        25,
        25,
        25,
        null,
        null,
        null,
        11
    ],
    "rewards": [
        0,
        0,
        0.011777576306545745,
        0.010110392823027503,
        0.004834821852765403,
        0.006116877596709536,
        0.005908330067861289,
        0.00571035153373467,
        0.008175782972697831,
        0.005231802128595087,
        0.008240981796871383
    ],
    "states": [
        2.261951971799956,
        2.3403682236617795,
        2.367932089001371,
        2.391872812599427,
        2.4034370915428185,
        2.4181386220431773,
        2.432425783172052,
        2.446315789473684,
        2.4663163364511047,
        2.479219615509938,
        2.4996508192318023
    ],
    "selections": [
        null,
        null,
        "_subject_gaps:Instance-attribute-character",
        "_trust:Source",
        "_statement_novelty:Actor-Source",
        "_statement_novelty:Actor-Source",
        "_statement_novelty:Actor-Source",
        "_statement_novelty:Actor-Source",
        "_subject_gaps:Instance-attribute-character",
        "_subject_gaps:Instance-ancestry-character",
        "_subject_gaps:Instance-attribute-character"
    ]
}