{
    "abstract_actions": [
        null,
        5,
        5,
        5,
        4,
        4,
        4,
        4,
        5,
        7,
        7
    ],
    "specific_actions": [
        null,
        11,
        11,
        11,
        null,
        null,
        null,
        null,
        11,
        25,
        25
    ],
    "rewards": [
        0,
        0,
        -0.019580606826877567,
        -0.017009866562296194,
        -0.020437201899693447,
        -0.01640415859203115,
        -0.019715379247637,
        -0.015839058842010867,
        -0.008291248908457338,
        -0.01888807019045935,
        -0.008975391662114918
    ],
    "states": [
        0.008605826572666833,
        0.008322222222222222,
        0.008159268060962985,
        0.00802048,
        0.007856563830907546,
        0.0077276835118369235,
        0.0075753293006953475,
        0.007455343214154025,
        0.0073935291078674956,
        0.00725387961112289,
        0.007188773200543232
    ],
    "selections": [
        null,
        null,
        "_complement_gaps:Instance-attribute-character",
        "_complement_gaps:Instance-attribute-character",
        "_complement_gaps:Instance-attribute-character",
        "_subject_gaps:Instance-attribute-character",
        "_subject_gaps:Instance-attribute-character",
        "_subject_gaps:Instance-attribute-character",
        "_subject_gaps:Instance-character-enchantment",
        "_complement_gaps:Instance-attribute-character",
        "_trust:Source"
    ]
}