{
    "abstract_actions": [
        null,
        7,
        2,
        5,
        3,
        5,
        5,
        7,
        7,
        2,
        4
    ],
    "specific_actions": [
        null,
        25,
        25,
        11,
        null,
        11,
        11,
        25,
        25,
        25,
        null
    ],
    "rewards": [
        0,
        0,
        0.027308192457737412,
        0.016455696202531733,
        0.02905770029057697,
        0.025816861637757205,
        0.02752654345261507,
        0.026789131266743205,
        0.01863585538576218,
        0.014270032930845167,
        0.01406926406926412
    ],
    "states": [
        2096.0,
        2307.0,
        2370.0,
        2409.0,
        2479.0,
        2543.0,
        2613.0,
        2683.0,
        2733.0,
        2772.0,
        2811.0
    ],
    "selections": [
        null,
        null,
        "_trust:Source",
        "_statement_novelty:Actor-Source",
        "_complement_gaps:Instance-attribute-character",
        "_entity_novelty:Instance-character",
        "_complement_gaps:Instance-attribute-character",
        "_complement_gaps:Instance-attribute-character",
        "_trust:Source",
        "_trust:Source",
        "_statement_novelty:Actor-Source"
    ]
}