{
    "actions": [
        null,
        5,
        4,
        7,
        2,
        2,
        7,
        2,
        4,
        7,
        7
    ],
    "rewards": [
        0,
        0,
        -0.005850815596758263,
        -0.0025556268560941175,
        0.004893770682648624,
        0.0025944106289679247,
        0.002521487346764273,
        0.002451604923001005,
        0.002384596134596073,
        -0.004440694694768377,
        0.002314326551623891
    ],
    "states": [
        11.675070028011204,
        10.869976359338061,
        10.806378132118452,
        10.778761061946902,
        10.831509846827133,
        10.859611231101512,
        10.886993603411513,
        10.913684210526316,
        10.93970893970894,
        10.891129032258064,
        10.91633466135458
    ],
    "selections": [
        null,
        null,
        "_complement_gaps:Instance-attribute-character",
        "_subject_gaps:Instance-attribute-character",
        "_trust:Source",
        "_statement_novelty:Actor-Source",
        "_statement_novelty:Actor-Source",
        "_trust:Source",
        "_statement_novelty:Actor-Source",
        "_subject_gaps:Instance-attribute-character",
        "_trust:Source"
    ]
}