{
    "abstract_actions": [
        null,
        4,
        4,
        3,
        2,
        5,
        3,
        3,
        2,
        2,
        2
    ],
    "specific_actions": [
        null,
        null,
        null,
        11,
        25,
        11,
        null,
        11,
        25,
        25,
        25
    ],
    "rewards": [
        0,
        0,
        0.057077625570776336,
        0.05183585313174954,
        0.01848049281314168,
        0.03629032258064524,
        0.054474708171206254,
        0.04428044280442811,
        0.01590106007067149,
        0.024347826086956514,
        0.015280135823429575
    ],
    "states": [
        7.0588235294117645,
        8.588235294117647,
        9.07843137254902,
        9.549019607843137,
        9.72549019607843,
        10.07843137254902,
        10.627450980392156,
        11.098039215686274,
        11.27450980392157,
        11.549019607843137,
        11.72549019607843
    ],
    "selections": [
        null,
        null,
        "_subject_gaps:Instance-activity-character",
        "_subject_gaps:Instance-ancestry-character",
        "_entity_novelty:Instance-attribute",
        "_statement_novelty:Actor-Source",
        "_complement_gaps:Instance-attribute-character",
        "_entity_novelty:Instance-character",
        "_entity_novelty:Instance-attribute",
        "_statement_novelty:Actor-Source",
        "_statement_novelty:Actor-Source"
    ]
}