{
    "actions": [
        null,
        4,
        7,
        4,
        5,
        6,
        6,
        5,
        7,
        7,
        5
    ],
    "rewards": [
        0,
        0,
        0.9988612441927991,
        1.002854952919008,
        0.9994713229214057,
        0.9994878133684572,
        1.0030807333163614,
        1.0026798332740354,
        0.9994251107294586,
        1.0026029261904517,
        1.0025633056622187
    ],
    "states": [
        11.076258992805755,
        11.009790209790209,
        10.997252747252746,
        11.028649386084584,
        11.022818791946309,
        11.017173051519155,
        11.051114023591088,
        11.080729166666666,
        11.074358974358974,
        11.103184713375796,
        11.131645569620254
    ],
    "selections": [
        null,
        null,
        "_subject_gaps:Instance-attribute-character",
        "_trust:Source",
        "_subject_gaps:Instance-attribute-character",
        "_complement_gaps:Instance-attribute-character",
        "_overlaps:character",
        "_overlaps:character",
        "_complement_gaps:Instance-attribute-character",
        "_trust:Source",
        "_trust:Source"
    ]
}