{
    "actions": [
        null,
        3,
        3,
        3,
        4,
        7,
        4,
        4,
        4,
        5,
        3
    ],
    "rewards": [
        0,
        0,
        -0.0015423538754383292,
        -0.0026865373790164737,
        0.002650929317596029,
        -0.004468171281335476,
        0.00256171787344317,
        0.0024915579963238343,
        -0.004610775082285912,
        -0.0022703049946708465,
        -0.003844155844155983
    ],
    "states": [
        11.675070028011204,
        10.869976359338061,
        10.853211009174313,
        10.824053452115812,
        10.852747252747253,
        10.804255319148936,
        10.831932773109244,
        10.858921161825727,
        10.808853118712273,
        10.784313725490197,
        10.742857142857142
    ],
    "selections": [
        null,
        null,
        "_entity_novelty:Instance-attribute",
        "_entity_novelty:Instance-character",
        "_entity_novelty:Instance-attribute",
        "_subject_gaps:Instance-attribute-character",
        "_trust:Source",
        "_subject_gaps:Instance-attribute-character",
        "_subject_gaps:Instance-attribute-character",
        "_subject_gaps:Instance-attribute-character",
        "_complement_gaps:Instance-attribute-character"
    ]
}