{
    "abstract_actions": [
        null,
        4,
        5,
        7,
        2,
        2,
        7,
        2,
        5,
        7,
        4
    ],
    "specific_actions": [
        null,
        null,
        11,
        25,
        25,
        25,
        25,
        25,
        11,
        25,
        null
    ],
    "rewards": [
        0,
        0,
        0.022831050228310668,
        0.0625,
        0.037815126050420034,
        0.018218623481781604,
        0.017892644135188762,
        0.017578125,
        0.017274472168905985,
        0.05283018867924527,
        0.02508960573476693
    ],
    "states": [
        7.0588235294117645,
        8.588235294117647,
        8.784313725490197,
        9.333333333333334,
        9.686274509803921,
        9.862745098039216,
        10.03921568627451,
        10.215686274509803,
        10.392156862745098,
        10.941176470588236,
        11.215686274509803
    ],
    "selections": [
        null,
        null,
        "_subject_gaps:Instance-attribute-character",
        "_complement_gaps:Instance-attribute-character",
        "_trust:Source",
        "_statement_novelty:Actor-Source",
        "_statement_novelty:Actor-Source",
        "_trust:Source",
        "_statement_novelty:Actor-Source",
        "_complement_gaps:Instance-attribute-character",
        "_trust:Source"
    ]
}