{
    "abstract_actions": [
        null,
        7,
        7,
        2,
        2,
        7,
        7,
        4,
        7,
        5,
        3
    ],
    "specific_actions": [
        null,
        25,
        25,
        25,
        25,
        25,
        25,
        null,
        25,
        11,
        null
    ],
    "rewards": [
        0,
        0,
        0.010580382047204795,
        0.006737703466092926,
        0.006495695794607403,
        0.006266606390797458,
        0.006049524484837088,
        0.005843618796178562,
        0.009294450708753565,
        0.006124761735259998,
        0.008305191171035231
    ],
    "states": [
        2.261951971799956,
        2.3403682236617795,
        2.3651302135992593,
        2.3810657596371883,
        2.396532438478747,
        2.4115505639734716,
        2.426139298156652,
        2.4403167313615075,
        2.4629981349348937,
        2.4780834116657595,
        2.498664368137415
    ],
    "selections": [
        null,
        null,
        "_trust:Source",
        "_trust:Source",
        "_statement_novelty:Actor-Source",
        "_statement_novelty:Actor-Source",
        "_trust:Source",
        "_trust:Source",
        "_subject_gaps:Instance-character-enchantment",
        "_trust:Source",
        "_complement_gaps:Instance-attribute-character"
    ]
}