{
    "abstract_actions": [
        null,
        7,
        7,
        7,
        2,
        7,
        7,
        4,
        7,
        4,
        7
    ],
    "specific_actions": [
        null,
        25,
        25,
        25,
        25,
        25,
        25,
        null,
        25,
        null,
        25
    ],
    "rewards": [
        0,
        0,
        -0.018156903048989426,
        -0.013184584178498993,
        -0.013013013013013053,
        -0.012845849802371578,
        -0.012682926829268193,
        -0.012524084778420042,
        0.143171806167401,
        -0.015489467162329573,
        0.12063877798993206
    ],
    "states": [
        0.0017953321364452424,
        0.00209351011863224,
        0.0020554984583761563,
        0.002028397565922921,
        0.002002002002002002,
        0.001976284584980237,
        0.001951219512195122,
        0.0019267822736030828,
        0.0022026431718061676,
        0.0021685254027261464,
        0.002430133657351154
    ],
    "selections": [
        null,
        null,
        "_trust:Source",
        "_trust:Source",
        "_trust:Source",
        "_statement_novelty:Actor-Source",
        "_trust:Source",
        "_trust:Source",
        "_subject_gaps:Instance-attribute-character",
        "_trust:Source",
        "_subject_gaps:Instance-attribute-character"
    ]
}