{
    "abstract_actions": [
        null,
        7,
        7,
        7,
        7,
        7,
        7,
        7,
        7,
        4,
        5
    ],
    "specific_actions": [
        null,
        25,
        25,
        25,
        25,
        25,
        25,
        25,
        25,
        null,
        11
    ],
    "rewards": [
        0,
        0,
        0.010580382047204795,
        0.006737703466092926,
        0.006495695794607403,
        0.004853852318347229,
        0.006091072792089314,
        0.004544615162001442,
        0.005723772667586058,
        0.0042637817086046415,
        0.00882294482829682
    ],
    "states": [
        2.261951971799956,
        2.3403682236617795,
        2.3651302135992593,
        2.3810657596371883,
        2.396532438478747,
        2.4081648530112516,
        2.4228331604262943,
        2.4338440047421677,
        2.4477747745336793,
        2.4582115518441197,
        2.479900216742322
    ],
    "selections": [
        null,
        null,
        "_trust:Source",
        "_trust:Source",
        "_trust:Source",
        "_trust:Source",
        "_trust:Source",
        "_trust:Source",
        "_trust:Source",
        "_trust:Source",
        "_subject_gaps:Instance-character-enchantment"
    ]
}