{
    "actions": [
        null,
        7,
        7,
        5,
        4,
        7,
        4,
        7,
        5,
        3,
        4
    ],
    "rewards": [
        0,
        0,
        0.018268812527185707,
        0.016659547202050318,
        0.02941176470588225,
        0.028163265306122343,
        0.015482334259626862,
        0.02501954652071925,
        0.014874141876430214,
        0.02630590003757982,
        0.023434639326254114
    ],
    "states": [
        2084.0,
        2299.0,
        2341.0,
        2380.0,
        2450.0,
        2519.0,
        2558.0,
        2622.0,
        2661.0,
        2731.0,
        2795.0
    ],
    "selections": [
        null,
        null,
        "_trust:Source",
        "_trust:Source",
        "_complement_gaps:Instance-attribute-character",
        "_subject_gaps:Instance-attribute-character",
        "_trust:Source",
        "_subject_gaps:Instance-attribute-character",
        "_trust:Source",
        "_complement_gaps:Instance-attribute-character",
        "_entity_novelty:Instance-character"
    ]
}