{
    "abstract_actions": [
        null,
        3,
        4,
        3,
        4,
        4,
        3,
        3,
        3,
        3,
        5
    ],
    "specific_actions": [
        null,
        11,
        null,
        11,
        null,
        null,
        null,
        11,
        null,
        11,
        11
    ],
    "rewards": [
        0,
        0,
        0.0036116299975705868,
        0.010605987156519614,
        0.006591483199859249,
        0.010606732411051256,
        0.009860088368715658,
        0.008280159821549393,
        0.007811188884841114,
        0.007368927634838096,
        0.004769175860199093
    ],
    "states": [
        2.261951971799956,
        2.3403682236617795,
        2.3488207677437174,
        2.3737323306393736,
        2.3893787474177457,
        2.4147222484202584,
        2.438531623175586,
        2.458723054745382,
        2.4779286049415115,
        2.4961882815156207,
        2.5080930424103367
    ],
    "selections": [
        null,
        null,
        "_entity_novelty:Instance-attribute",
        "_subject_gaps:Instance-attribute-character",
        "_entity_novelty:Instance-attribute",
        "_subject_gaps:Instance-attribute-character",
        "_subject_gaps:Instance-attribute-character",
        "_entity_novelty:Instance-character",
        "_entity_novelty:Instance-attribute",
        "_entity_novelty:Instance-character",
        "_entity_novelty:Instance-attribute"
    ]
}