{
    "abstract_actions": [
        null,
        4,
        5,
        7,
        5,
        6,
        7,
        7,
        7,
        4,
        7
    ],
    "specific_actions": [
        null,
        null,
        11,
        25,
        11,
        null,
        25,
        25,
        25,
        null,
        25
    ],
    "rewards": [
        0,
        0,
        0.004738125896597722,
        0.005462429669805813,
        0.0034483492419630224,
        0.00449567520582117,
        0.002397967559449654,
        0.0026704558406089873,
        0.0026184060690170874,
        0.002567869043656801,
        0.00395843299748555
    ],
    "states": [
        2.460239429895139,
        2.487328798777736,
        2.499114075772578,
        2.5127653106483074,
        2.5214302030025126,
        2.5327657342493595,
        2.538839224315775,
        2.5456190823507163,
        2.552284546805349,
        2.5588384792836942,
        2.5689674699553264
    ],
    "selections": [
        null,
        null,
        "_subject_gaps:Instance-character-institution",
        "_complement_gaps:Instance-attribute-character",
        "_trust:Source",
        "_complement_gaps:Instance-attribute-character",
        "_overlaps:character",
        "_trust:Source",
        "_trust:Source",
        "_trust:Source",
        "_subject_gaps:Instance-character-object"
    ]
}