{
    "abstract_actions": [
        null,
        7,
        7,
        7,
        2,
        2,
        2,
        2,
        5,
        7,
        6
    ],
    "specific_actions": [
        null,
        25,
        25,
        25,
        25,
        25,
        25,
        25,
        11,
        25,
        null
    ],
    "rewards": [
        0,
        0,
        -0.031888268489433824,
        -0.016417508337713937,
        -0.01615282841520227,
        -0.015896533156616766,
        -0.015648230947732378,
        -0.015407554155320913,
        -0.015174157321431458,
        -0.02818329879443926,
        -0.01752110201845203
    ],
    "states": [
        0.013134665630958265,
        0.01056689342403628,
        0.01022993348943138,
        0.010061983471074381,
        0.009899453978549515,
        0.009742086980147101,
        0.009589640553168863,
        0.009441887647015852,
        0.009298614958448753,
        0.009036549314700349,
        0.008878219012262711
    ],
    "selections": [
        null,
        null,
        "_trust:Source",
        "_trust:Source",
        "_trust:Source",
        "_statement_novelty:Actor-Source",
        "_statement_novelty:Actor-Source",
        "_statement_novelty:Actor-Source",
        "_statement_novelty:Actor-Source",
        "_complement_gaps:Instance-attribute-character",
        "_trust:Source"
    ]
}