{
    "actions": [
        null,
        7,
        4,
        7,
        4,
        5,
        7,
        4,
        4,
        6,
        5,
        7,
        2,
        6,
        7,
        4,
        5,
        3,
        5,
        7,
        4,
        5,
        7,
        4,
        6,
        4
    ],
    "rewards": [
        0,
        0,
        0.005152446263997135,
        0.01031353156984438,
        0.004994959144412281,
        0.010406536193397153,
        0.009680984489240041,
        0.004240659231225852,
        0.008768246598786611,
        0.007404917242785469,
        0.0032797220099027857,
        0.006085795513761205,
        0.0034281972232703684,
        0.003345136763212464,
        0.002869893735370832,
        0.0031879955837719187,
        0.00648463316113701,
        0.00555590213640067,
        0.0028204752082374718,
        0.004647057378226904,
        0.0026548420014369523,
        0.005330482759786648,
        0.0024767087162742563,
        0.0024260515743872446,
        0.004410837912317556,
        0.0019043690592586149
    ],
    "states": [
        2.2621093381172694,
        2.347540138706822,
        2.359635713124085,
        2.3839718905447227,
        2.395879732739421,
        2.4208125418932003,
        2.444248390562626,
        2.4546136150634745,
        2.4761362725450904,
        2.4944718567251463,
        2.5026530309767305,
        2.5178836655651495,
        2.526515467355958,
        2.534967007128635,
        2.5422420930617653,
        2.5503467496273253,
        2.5668848127323565,
        2.5811461735473107,
        2.588426232338638,
        2.600454797559623,
        2.6073585941790225,
        2.6212570742138754,
        2.6277491644571764,
        2.6341242194547023,
        2.645742914427627,
        2.650781385372616
    ],
    "selections": [
        null,
        null,
        "_trust:Source",
        "_subject_gaps:Instance-attribute-character",
        "_trust:Source",
        "_subject_gaps:Instance-attribute-character",
        "_complement_gaps:Instance-attribute-character",
        "_trust:Source",
        "_subject_gaps:Instance-attribute-character",
        "_subject_gaps:Instance-attribute-character",
        "_overlaps:character",
        "_complement_gaps:Instance-attribute-character",
        "_trust:Source",
        "_statement_novelty:Actor-Source",
        "_overlaps:character",
        "_trust:Source",
        "_subject_gaps:Instance-attribute-character",
        "_complement_gaps:Instance-attribute-character",
        "_entity_novelty:Instance-attribute",
        "_complement_gaps:Instance-attribute-character",
        "_trust:Source",
        "_subject_gaps:Instance-attribute-character",
        "_complement_gaps:Instance-attribute-character",
        "_trust:Source",
        "_subject_gaps:Instance-attribute-character",
        "_overlaps:character"
    ]
}