{
    "actions": [
        null,
        7,
        7,
        5,
        7,
        7,
        4,
        3,
        4,
        4,
        5
    ],
    "rewards": [
        0,
        0,
        0.9848943425620342,
        0.9880974275526505,
        0.969928837820865,
        0.9885846826572902,
        0.9887074065140887,
        0.9660700139006256,
        0.9723889695780309,
        0.9731288544927208,
        0.9738302113563118
    ],
    "states": [
        0.013056202873306185,
        0.010384007064254536,
        0.010227149810708491,
        0.010105420419156637,
        0.009801538682843836,
        0.009689651008332327,
        0.00958022971847488,
        0.009255172657298213,
        0.008999627803496975,
        0.008757797495277853,
        0.00852860778584221
    ],
    "selections": [
        null,
        null,
        "_trust:Source",
        "_trust:Source",
        "_complement_gaps:Instance-attribute-character",
        "_trust:Source",
        "_trust:Source",
        "_subject_gaps:Instance-attribute-character",
        "_entity_novelty:Instance-character",
        "_subject_gaps:Instance-attribute-character",
        "_subject_gaps:Instance-attribute-character"
    ]
}