{
    "actions": [
        null,
        3,
        3,
        4,
        3,
        4,
        4,
        4,
        4,
        4,
        4
    ],
    "rewards": [
        0,
        0,
        0.010316729194527863,
        0.009966486300485577,
        0.009340878324123558,
        0.004557014276792115,
        0.009455859000835343,
        0.00795619414571691,
        0.007508507724667046,
        0.0078588529350605,
        0.006672520841021656
    ],
    "states": [
        2.2621093381172694,
        2.347540138706822,
        2.3717590745911448,
        2.39539717891611,
        2.417772292502314,
        2.4287901153572795,
        2.4517564122307207,
        2.4712630622444345,
        2.4898185600369813,
        2.5093856779352963,
        2.526129606169481
    ],
    "selections": [
        null,
        null,
        "_entity_novelty:Instance-character",
        "_entity_novelty:Instance-attribute",
        "_subject_gaps:Instance-attribute-character",
        "_entity_novelty:Instance-attribute",
        "_subject_gaps:Instance-attribute-character",
        "_subject_gaps:Instance-attribute-character",
        "_subject_gaps:Instance-attribute-character",
        "_subject_gaps:Instance-attribute-character",
        "_subject_gaps:Instance-attribute-character"
    ]
}