{
    "abstract_actions": [
        null,
        7,
        2,
        4,
        7,
        2,
        5,
        4,
        3,
        2,
        7
    ],
    "specific_actions": [
        null,
        25,
        25,
        null,
        25,
        25,
        11,
        null,
        11,
        25,
        25
    ],
    "rewards": [
        0,
        0,
        0.04337899543378998,
        0.01969365426695835,
        0.060085836909871126,
        0.028340080971660075,
        0.017716535433070835,
        0.05415860735009659,
        0.044036697247706424,
        0.01581722319859402,
        0.02422145328719716
    ],
    "states": [
        7.0588235294117645,
        8.588235294117647,
        8.96078431372549,
        9.137254901960784,
        9.686274509803921,
        9.96078431372549,
        10.137254901960784,
        10.686274509803921,
        11.156862745098039,
        11.333333333333334,
        11.607843137254902
    ],
    "selections": [
        null,
        null,
        "_trust:Source",
        "_statement_novelty:Actor-Source",
        "_subject_gaps:Instance-character-designation",
        "_trust:Source",
        "_statement_novelty:Actor-Source",
        "_complement_gaps:Instance-attribute-character",
        "_subject_gaps:Instance-attribute-character",
        "_entity_novelty:Instance-attribute",
        "_statement_novelty:Actor-Source"
    ]
}