{
    "abstract_actions": [
        null,
        5,
        7,
        5,
        7,
        5,
        5,
        5,
        5,
        5,
        7
    ],
    "specific_actions": [
        null,
        11,
        25,
        11,
        25,
        11,
        11,
        11,
        11,
        11,
        25
    ],
    "rewards": [
        0,
        0,
        0.05969055374592824,
        -0.019169329073482455,
        0.05766213704713863,
        -0.015446400988569642,
        -0.011904761904761862,
        0.05089820359281427,
        0.04477028347996104,
        0.04292602187679906,
        0.03967013600239433
    ],
    "states": [
        0.0037645448323066393,
        0.003996003996003996,
        0.004234527687296417,
        0.004153354632587859,
        0.004392845936617509,
        0.004324992276799506,
        0.004273504273504274,
        0.004491017964071856,
        0.00469208211143695,
        0.00489349453080023,
        0.005087620124364048
    ],
    "selections": [
        null,
        null,
        "_complement_gaps:Instance-attribute-character",
        "_trust:Source",
        "_complement_gaps:Instance-attribute-character",
        "_trust:Source",
        "_complement_gaps:Instance-attribute-character",
        "_complement_gaps:Instance-attribute-character",
        "_complement_gaps:Instance-attribute-character",
        "_complement_gaps:Instance-attribute-character",
        "_complement_gaps:Instance-attribute-character"
    ]
}