{
    "abstract_actions": [
        null,
        4,
        4,
        7,
        7,
        5,
        4,
        5,
        5,
        4,
        6
    ],
    "specific_actions": [
        null,
        null,
        null,
        25,
        25,
        11,
        null,
        11,
        11,
        null,
        null
    ],
    "rewards": [
        0,
        0,
        0.036337209302325535,
        0.033660589060308554,
        0.01899592944369055,
        0.011984021304926928,
        0.03684210526315779,
        0.030456852791878264,
        0.029556650246305383,
        0.028708133971292016,
        0.02209302325581386
    ],
    "states": [
        12.843137254901961,
        13.490196078431373,
        13.980392156862745,
        14.450980392156863,
        14.72549019607843,
        14.901960784313726,
        15.450980392156863,
        15.92156862745098,
        16.392156862745097,
        16.862745098039216,
        17.235294117647058
    ],
    "selections": [
        null,
        null,
        "_subject_gaps:Instance-ability-character",
        "_subject_gaps:Instance-attribute-character",
        "_trust:Source",
        "_trust:Source",
        "_complement_gaps:Instance-attribute-character",
        "_subject_gaps:Instance-attribute-character",
        "_complement_gaps:Instance-attribute-character",
        "_complement_gaps:Instance-attribute-character",
        "_subject_gaps:Instance-attribute-character"
    ]
}