{
    "abstract_actions": [
        null,
        4,
        7,
        7,
        7,
        4,
        3,
        5,
        3,
        7,
        4
    ],
    "specific_actions": [
        null,
        null,
        25,
        25,
        25,
        null,
        null,
        11,
        null,
        25,
        null
    ],
    "rewards": [
        0,
        0,
        -0.012005457025920818,
        -0.016899141630901227,
        -0.010878217033695847,
        -0.010761154855643107,
        0.14149974319465852,
        -0.01041931385006345,
        0.11897060391710812,
        0.1041208791208792,
        -0.013965807849747103
    ],
    "states": [
        0.001142857142857143,
        0.0016570008285004142,
        0.0016371077762619372,
        0.001609442060085837,
        0.0015919342000530645,
        0.0015748031496062992,
        0.0017976373908577298,
        0.0017789072426937739,
        0.0019905449116695696,
        0.002197802197802198,
        0.0021671081146159405
    ],
    "selections": [
        null,
        null,
        "_subject_gaps:Instance-character-object",
        "_trust:Source",
        "_trust:Source",
        "_trust:Source",
        "_subject_gaps:Instance-attribute-character",
        "_entity_novelty:Instance-character",
        "_complement_gaps:Instance-attribute-character",
        "_entity_novelty:Instance-character",
        "_trust:Source"
    ]
}