{
    "abstract_actions": [
        null,
        3,
        5,
        5,
        4,
        5,
        5,
        5,
        4,
        4,
        5
    ],
    "specific_actions": [
        null,
        11,
        11,
        11,
        null,
        11,
        11,
        11,
        null,
        null,
        11
    ],
    "rewards": [
        0,
        0,
        0.014398354473774466,
        0.02365664075701246,
        0.01881809177946514,
        0.020738820479585307,
        0.020000000000000018,
        0.02178649237472774,
        0.021321961620469176,
        0.02087682672233826,
        0.016652059596844904
    ],
    "states": [
        2830.0,
        2917.0,
        2959.0,
        3029.0,
        3086.0,
        3150.0,
        3213.0,
        3283.0,
        3353.0,
        3423.0,
        3480.0
    ],
    "selections": [
        null,
        null,
        "_entity_novelty:Instance-attribute",
        "_complement_gaps:Instance-attribute-character",
        "_complement_gaps:Instance-attribute-character",
        "_subject_gaps:Instance-ancestry-character",
        "_complement_gaps:Instance-attribute-character",
        "_complement_gaps:Instance-attribute-character",
        "_complement_gaps:Instance-attribute-character",
        "_subject_gaps:Instance-attribute-character",
        "_subject_gaps:Instance-attribute-character"
    ]
}