{
    "abstract_actions": [
        null,
        4,
        6,
        6,
        7,
        2,
        7,
        4,
        3,
        7,
        5
    ],
    "specific_actions": [
        null,
        null,
        null,
        null,
        25,
        25,
        25,
        null,
        11,
        25,
        11
    ],
    "rewards": [
        0,
        0,
        0.03267973856209161,
        0.028481012658227778,
        0.027692307692307683,
        0.013473053892215647,
        0.013293943870014813,
        0.013119533527696792,
        0.04028776978417259,
        0.012448132780083165,
        0.0191256830601092
    ],
    "states": [
        11.431372549019608,
        12.0,
        12.392156862745098,
        12.745098039215685,
        13.098039215686274,
        13.27450980392157,
        13.450980392156863,
        13.627450980392156,
        14.176470588235293,
        14.352941176470589,
        14.627450980392156
    ],
    "selections": [
        null,
        null,
        "_subject_gaps:Instance-attribute-character",
        "_overlaps:character",
        "_overlaps:character",
        "_trust:Source",
        "_statement_novelty:Actor-Source",
        "_trust:Source",
        "_subject_gaps:Instance-character-personality-trait",
        "_entity_novelty:Instance-attribute",
        "_trust:Source"
    ]
}