{
    "abstract_actions": [
        null,
        3,
        5,
        5,
        5,
        7,
        7,
        2,
        7,
        5,
        7
    ],
    "specific_actions": [
        null,
        11,
        11,
        11,
        11,
        25,
        25,
        25,
        25,
        11,
        25
    ],
    "rewards": [
        0,
        0,
        -0.019029150064238665,
        -0.025209896584493907,
        -0.02008669691118159,
        -0.024107750264764194,
        -0.011252626473943983,
        -0.008658137535890509,
        -0.005296532594496028,
        -0.008550307555634684,
        -0.018610394711054634
    ],
    "states": [
        0.00852860778584221,
        0.008205175138776933,
        0.008049037629757786,
        0.007846122223506892,
        0.007688519544475223,
        0.007503166635391256,
        0.007418736303871439,
        0.007354503864610016,
        0.007315550495174762,
        0.007253000288502242,
        0.0071180190902938225
    ],
    "selections": [
        null,
        null,
        "_entity_novelty:Instance-attribute",
        "_complement_gaps:Instance-attribute-character",
        "_complement_gaps:Instance-attribute-character",
        "_complement_gaps:Instance-attribute-character",
        "_trust:Source",
        "_trust:Source",
        "_statement_novelty:Actor-Source",
        "_trust:Source",
        "_complement_gaps:Instance-attribute-character"
    ]
}