{
    "abstract_actions": [
        null,
        3,
        5,
        3,
        3,
        5,
        3,
        4,
        7,
        2,
        5
    ],
    "specific_actions": [
        null,
        null,
        11,
        null,
        11,
        11,
        11,
        null,
        25,
        25,
        11
    ],
    "rewards": [
        0,
        0,
        0.057077625570776336,
        0.06047516198704095,
        0.048879837067209886,
        0.044660194174757306,
        0.052044609665427455,
        0.01590106007067149,
        0.0417391304347825,
        0.030050083472454192,
        0.014586709886547977
    ],
    "states": [
        7.0588235294117645,
        8.588235294117647,
        9.07843137254902,
        9.627450980392156,
        10.098039215686274,
        10.549019607843137,
        11.098039215686274,
        11.27450980392157,
        11.745098039215685,
        12.098039215686274,
        12.27450980392157
    ],
    "selections": [
        null,
        null,
        "_entity_novelty:Instance-character",
        "_complement_gaps:Instance-attribute-character",
        "_entity_novelty:Instance-character",
        "_entity_novelty:Instance-attribute",
        "_complement_gaps:Instance-attribute-character",
        "_entity_novelty:Instance-attribute",
        "_subject_gaps:Instance-attribute-character",
        "_trust:Source",
        "_statement_novelty:Actor-Source"
    ]
}