{
    "abstract_actions": [
        null,
        7,
        2,
        2,
        4,
        7,
        7,
        5,
        5,
        7,
        7
    ],
    "specific_actions": [
        null,
        25,
        25,
        25,
        null,
        25,
        25,
        11,
        11,
        25,
        25
    ],
    "rewards": [
        0,
        0,
        0.0030876184928552153,
        0.0033839888655864403,
        0.0033024465024293903,
        0.0057743129630623,
        0.0036505649942386587,
        0.0020247259121530803,
        0.005192766735179211,
        0.004391893234799715,
        0.00318324186179475
    ],
    "states": [
        2.4975867456646506,
        2.516122840690979,
        2.523891668104192,
        2.532432489407003,
        2.5407957122242837,
        2.5554670618418736,
        2.564795960441763,
        2.5699889692822553,
        2.5833343225117216,
        2.594680051045987,
        2.60293954520244
    ],
    "selections": [
        null,
        null,
        "_trust:Source",
        "_statement_novelty:Actor-Source",
        "_statement_novelty:Actor-Source",
        "_subject_gaps:Instance-character-designation",
        "_trust:Source",
        "_trust:Source",
        "_complement_gaps:Instance-attribute-character",
        "_complement_gaps:Instance-attribute-character",
        "_trust:Source"
    ]
}