{
    "abstract_actions": [
        null,
        3,
        4,
        4,
        7,
        2,
        4,
        5,
        6,
        4,
        4
    ],
    "specific_actions": [
        null,
        null,
        null,
        null,
        25,
        25,
        null,
        11,
        22,
        null,
        null
    ],
    "rewards": [
        0,
        0,
        0.0048762366683963165,
        0.005643946667927668,
        0.004758004606495447,
        0.0034269779716140647,
        0.002810072854855239,
        0.004304933896220664,
        0.004125714935700353,
        0.0021671505279952097,
        0.0038687404509665235
    ],
    "states": [
        2.5052779152234868,
        2.53040662608744,
        2.5427454876635203,
        2.557096607586007,
        2.569263285024155,
        2.5780680937052094,
        2.5853126528732986,
        2.596442252944981,
        2.6071544335276395,
        2.612804529634824,
        2.6229127922090907
    ],
    "selections": [
        null,
        null,
        "_entity_novelty:Instance-character",
        "_subject_gaps:Instance-attribute-character",
        "_subject_gaps:Instance-age-character",
        "_trust:Source",
        "_statement_novelty:Actor-Source",
        "_subject_gaps:Instance-ancestry-character",
        "_complement_gaps:Instance-attribute-character",
        "_overlaps:attribute-physical-appearance",
        "_subject_gaps:Instance-attribute-character"
    ]
}