{
    "abstract_actions": [
        null,
        7,
        4,
        4,
        3,
        5,
        5,
        5,
        2,
        2,
        7
    ],
    "specific_actions": [
        null,
        25,
        null,
        null,
        11,
        11,
        11,
        11,
        25,
        25,
        25
    ],
    "rewards": [
        0,
        0,
        0.016499864755206817,
        0.022352315061202832,
        0.019781363872982904,
        0.01046452271567122,
        0.021217479161404373,
        0.020776651001731317,
        0.009934577174703252,
        0.013915547024952124,
        0.009701845716989954
    ],
    "states": [
        3596.0,
        3697.0,
        3758.0,
        3842.0,
        3918.0,
        3959.0,
        4043.0,
        4127.0,
        4168.0,
        4226.0,
        4267.0
    ],
    "selections": [
        null,
        null,
        "_trust:Source",
        "_subject_gaps:Instance-character-product",
        "_subject_gaps:Instance-attribute-character",
        "_entity_novelty:Instance-attribute",
        "_complement_gaps:Instance-attribute-character",
        "_complement_gaps:Instance-attribute-character",
        "_complement_gaps:Instance-attribute-character",
        "_statement_novelty:Actor-Source",
        "_statement_novelty:Actor-Source"
    ]
}