{
    "actions": [
        null,
        7,
        4,
        3,
        2,
        4,
        7,
        5,
        5,
        7,
        7
    ],
    "rewards": [
        0,
        0,
        -0.010508723927167618,
        -0.030559067811651963,
        -0.011600276994148229,
        -0.011473512458649915,
        -0.034915348426014736,
        -0.010947312643967755,
        -0.032938873672229585,
        -0.03189870619554813,
        -0.010135564188430868
    ],
    "states": [
        0.013056202873306185,
        0.010384007064254536,
        0.010274884400758527,
        0.009960893511598862,
        0.009845344387755101,
        0.009732383706262494,
        0.00939257413814267,
        0.009289750692520776,
        0.008983756768013327,
        0.008697186550338203,
        0.008609035657798492
    ],
    "selections": [
        null,
        null,
        "_trust:Source",
        "_subject_gaps:Instance-attribute-character",
        "_entity_novelty:Instance-attribute",
        "_statement_novelty:Actor-Source",
        "_subject_gaps:Instance-attribute-character",
        "_trust:Source",
        "_complement_gaps:Instance-attribute-character",
        "_complement_gaps:Instance-attribute-character",
        "_trust:Source"
    ]
}