{
    "abstract_actions": [
        null,
        4,
        5,
        5,
        7,
        7,
        4,
        5,
        4,
        5,
        4
    ],
    "specific_actions": [
        null,
        null,
        11,
        11,
        25,
        25,
        null,
        11,
        null,
        11,
        null
    ],
    "rewards": [
        0,
        0,
        0.038523274478330594,
        0.043276661514683123,
        0.041481481481481675,
        0.019914651493598834,
        0.012552301255229992,
        0.038567493112947826,
        0.037135278514588865,
        0.024296675191815664,
        0.029962546816479474
    ],
    "states": [
        11.568627450980392,
        12.215686274509803,
        12.686274509803921,
        13.235294117647058,
        13.784313725490197,
        14.058823529411764,
        14.235294117647058,
        14.784313725490197,
        15.333333333333334,
        15.705882352941176,
        16.176470588235293
    ],
    "selections": [
        null,
        null,
        "_subject_gaps:Instance-ancestry-character",
        "_complement_gaps:Instance-attribute-character",
        "_complement_gaps:Instance-attribute-character",
        "_trust:Source",
        "_trust:Source",
        "_subject_gaps:Instance-ancestry-character",
        "_complement_gaps:Instance-attribute-character",
        "_subject_gaps:Instance-ancestry-character",
        "_complement_gaps:Instance-attribute-character"
    ]
}