{
    "abstract_actions": [
        null,
        3,
        5,
        4,
        7,
        7,
        7,
        2,
        4,
        3,
        5
    ],
    "specific_actions": [
        null,
        11,
        11,
        null,
        25,
        25,
        25,
        25,
        null,
        11,
        11
    ],
    "rewards": [
        0,
        0,
        0.008940751710637018,
        0.011404853625057498,
        0.009508238321703999,
        0.00896236637663983,
        0.005650586548630043,
        0.00546632800514657,
        0.005291002823111901,
        0.00753551509125816,
        0.007126858194437258
    ],
    "states": [
        2.261951971799956,
        2.3403682236617795,
        2.3612928748610043,
        2.388223074464685,
        2.410930868622088,
        2.4325385143754295,
        2.446283783783784,
        2.459655973339617,
        2.472670020038441,
        2.4913028622901425,
        2.50905802450908
    ],
    "selections": [
        null,
        null,
        "_entity_novelty:Instance-attribute",
        "_complement_gaps:Instance-attribute-character",
        "_subject_gaps:Instance-attribute-character",
        "_trust:Source",
        "_trust:Source",
        "_trust:Source",
        "_statement_novelty:Actor-Source",
        "_subject_gaps:Instance-age-character",
        "_entity_novelty:Instance-attribute"
    ]
}