{
    "abstract_actions": [
        null,
        7,
        4,
        7,
        4,
        7,
        5,
        5,
        5,
        4,
        5
    ],
    "specific_actions": [
        null,
        25,
        null,
        25,
        null,
        25,
        11,
        11,
        11,
        null,
        11
    ],
    "rewards": [
        0,
        0,
        -0.036344473076596606,
        -0.016345394219171472,
        -0.011675713961864398,
        -0.029466625794897006,
        -0.018610625990928997,
        -0.03340601232638396,
        -0.03233710478500662,
        -0.03133395492572011,
        -0.02554614456492621
    ],
    "states": [
        0.013134665630958265,
        0.01056689342403628,
        0.010182845250483128,
        0.010016402630591163,
        0.009899453978549515,
        0.009607750472589792,
        0.009428944221930252,
        0.009113960795027663,
        0.008819241689792411,
        0.008542899968205423,
        0.008324661810613945
    ],
    "selections": [
        null,
        null,
        "_trust:Source",
        "_subject_gaps:Instance-attribute-character",
        "_trust:Source",
        "_subject_gaps:Instance-attribute-character",
        "_trust:Source",
        "_complement_gaps:Instance-attribute-character",
        "_complement_gaps:Instance-attribute-character",
        "_complement_gaps:Instance-attribute-character",
        "_subject_gaps:Instance-character-personality-trait"
    ]
}