{
    "actions": [
        null,
        7,
        2,
        7,
        5,
        7,
        4,
        4,
        4,
        4,
        3
    ],
    "rewards": [
        0,
        0,
        1.0,
        1.0,
        1.0,
        1.0125000000000002,
        1.0,
        1.01010101010101,
        1.0083333333333333,
        1.006993006993007,
        1.005952380952381
    ],
    "states": [
        0.875,
        0.8888888888888888,
        0.8888888888888888,
        0.8888888888888888,
        0.8888888888888888,
        0.9,
        0.9,
        0.9090909090909091,
        0.9166666666666666,
        0.9230769230769231,
        0.9285714285714286
    ],
    "selections": [
        null,
        null,
        "_trust:Source",
        "_statement_novelty:Actor-Source",
        "_trust:Source",
        "_complement_gaps:Instance-attribute-character",
        "_trust:Source",
        "_subject_gaps:Instance-attribute-character",
        "_subject_gaps:Instance-attribute-character",
        "_subject_gaps:Instance-attribute-character",
        "_subject_gaps:Instance-attribute-character"
    ]
}