{
    "actions": [
        null,
        3,
        5,
        3,
        5,
        4,
        5,
        7,
        2,
        7,
        7
    ],
    "rewards": [
        0,
        0,
        1.0150829562594268,
        1.0401188707280833,
        1.012857142857143,
        1.0324400564174894,
        1.0259562841530054,
        1.011984021304927,
        1.0118421052631579,
        1.0117035110533161,
        1.0115681233933163
    ],
    "states": [
        12.450980392156863,
        13.0,
        13.196078431372548,
        13.72549019607843,
        13.901960784313726,
        14.352941176470589,
        14.72549019607843,
        14.901960784313726,
        15.07843137254902,
        15.254901960784315,
        15.431372549019608
    ],
    "selections": [
        null,
        null,
        "_entity_novelty:Instance-attribute",
        "_complement_gaps:Instance-attribute-character",
        "_entity_novelty:Instance-attribute",
        "_complement_gaps:Instance-attribute-character",
        "_subject_gaps:Instance-attribute-character",
        "_complement_gaps:Instance-attribute-character",
        "_trust:Source",
        "_statement_novelty:Actor-Source",
        "_trust:Source"
    ]
}