{
    "abstract_actions": [
        null,
        5,
        7,
        4,
        6,
        6,
        6,
        4,
        7,
        7,
        4
    ],
    "specific_actions": [
        null,
        11,
        25,
        null,
        null,
        null,
        null,
        null,
        25,
        25,
        null
    ],
    "rewards": [
        0,
        0,
        0.05143540669856472,
        0.025028441410694047,
        0.03884572697003308,
        0.01816239316239332,
        0.029380902413431054,
        0.011213047910295648,
        0.042338709677419484,
        0.021276595744680993,
        0.010416666666666519
    ],
    "states": [
        15.470588235294118,
        16.392156862745097,
        17.235294117647058,
        17.666666666666668,
        18.352941176470587,
        18.686274509803923,
        19.235294117647058,
        19.45098039215686,
        20.274509803921568,
        20.705882352941178,
        20.92156862745098
    ],
    "selections": [
        null,
        null,
        "_complement_gaps:Instance-attribute-character",
        "_trust:Source",
        "_subject_gaps:Instance-attribute-character",
        "_overlaps:character",
        "_overlaps:character",
        "_overlaps:character",
        "_subject_gaps:Instance-attribute-character",
        "_trust:Source",
        "_trust:Source"
    ]
}