{
    "actions": [
        null,
        5,
        4,
        5,
        4,
        7,
        4,
        5,
        7,
        7,
        4
    ],
    "rewards": [
        0,
        0,
        0.06378132118451019,
        0.04925053533190571,
        0.055102040816326525,
        0.044487427466150864,
        0.01666666666666683,
        0.041894353369763104,
        0.0472027972027973,
        0.015025041736227207,
        0.014802631578947345
    ],
    "states": [
        7.0588235294117645,
        8.607843137254902,
        9.156862745098039,
        9.607843137254902,
        10.137254901960784,
        10.588235294117647,
        10.764705882352942,
        11.215686274509803,
        11.745098039215685,
        11.92156862745098,
        12.098039215686274
    ],
    "selections": [
        null,
        null,
        "_complement_gaps:Instance-attribute-character",
        "_subject_gaps:Instance-attribute-character",
        "_complement_gaps:Instance-attribute-character",
        "_subject_gaps:Instance-attribute-character",
        "_trust:Source",
        "_subject_gaps:Instance-attribute-character",
        "_complement_gaps:Instance-attribute-character",
        "_trust:Source",
        "_trust:Source"
    ]
}