{
    "abstract_actions": [
        null,
        3,
        4,
        7,
        7,
        4,
        7,
        7,
        5,
        4,
        4
    ],
    "specific_actions": [
        null,
        11,
        null,
        25,
        25,
        null,
        25,
        25,
        11,
        null,
        null
    ],
    "rewards": [
        0,
        0,
        0.01820546163849146,
        0.027245636441038723,
        0.024865312888520563,
        0.015770319450060688,
        0.02547770700636942,
        0.01940993788819867,
        0.014851485148514865,
        0.026266416510319024,
        0.025594149908592323
    ],
    "states": [
        2096.0,
        2307.0,
        2349.0,
        2413.0,
        2473.0,
        2512.0,
        2576.0,
        2626.0,
        2665.0,
        2735.0,
        2805.0
    ],
    "selections": [
        null,
        null,
        "_entity_novelty:Instance-attribute",
        "_subject_gaps:Instance-attribute-character",
        "_trust:Source",
        "_trust:Source",
        "_subject_gaps:Instance-ability-character",
        "_trust:Source",
        "_trust:Source",
        "_complement_gaps:Instance-attribute-character",
        "_subject_gaps:Instance-attribute-character"
    ]
}