{
    "actions": [
        null,
        3,
        4,
        3,
        3,
        3,
        4,
        3,
        5,
        3,
        6
    ],
    "rewards": [
        0,
        0,
        -0.03379861454528188,
        -0.02987216423103689,
        -0.029007529393210607,
        -0.02819144976961796,
        -0.010681837799621063,
        -0.02713204711223749,
        -0.026416781192288075,
        -0.03062653296255291,
        -0.020177299141909688
    ],
    "states": [
        0.013056202873306185,
        0.010384007064254536,
        0.010033042012054313,
        0.009733333333333333,
        0.00945099338057275,
        0.009184556175411342,
        0.00908644823608409,
        0.008839914294459749,
        0.008606392212784426,
        0.008342808257990926,
        0.008174472920085848
    ],
    "selections": [
        null,
        null,
        "_entity_novelty:Instance-character",
        "_subject_gaps:Instance-attribute-character",
        "_entity_novelty:Instance-attribute",
        "_entity_novelty:Instance-character",
        "_entity_novelty:Instance-attribute",
        "_subject_gaps:Instance-attribute-character",
        "_entity_novelty:Instance-attribute",
        "_complement_gaps:Instance-attribute-character",
        "_entity_novelty:Instance-character"
    ]
}