{
    "abstract_actions": [
        null,
        3,
        2,
        2,
        2,
        7,
        2,
        4,
        7,
        2,
        2
    ],
    "specific_actions": [
        null,
        11,
        25,
        25,
        25,
        25,
        25,
        null,
        25,
        25,
        25
    ],
    "rewards": [
        0,
        0,
        -0.011964732715379567,
        -0.012146646437136366,
        -0.009339452690669825,
        -0.009257272452074194,
        -0.009176409893573267,
        -0.009096838515417427,
        -0.009018532222365372,
        -0.011507681775994927,
        -0.008844930768771908
    ],
    "states": [
        0.00852562946938285,
        0.008202527739202402,
        0.008104386687212358,
        0.008005945567532955,
        0.007931174417660903,
        0.007857753375211695,
        0.007785647409398144,
        0.007714822632176871,
        0.00764524625567875,
        0.007557267194669283,
        0.007490423689531322
    ],
    "selections": [
        null,
        null,
        "_entity_novelty:Instance-attribute",
        "_statement_novelty:Actor-Source",
        "_statement_novelty:Actor-Source",
        "_statement_novelty:Actor-Source",
        "_trust:Source",
        "_statement_novelty:Actor-Source",
        "_subject_gaps:Instance-attribute-character",
        "_trust:Source",
        "_statement_novelty:Actor-Source"
    ]
}