{
    "abstract_actions": [
        null,
        5,
        7,
        4,
        4,
        4,
        5,
        5,
        4,
        5,
        6
    ],
    "specific_actions": [
        null,
        11,
        25,
        null,
        null,
        null,
        11,
        11,
        null,
        11,
        null
    ],
    "rewards": [
        0,
        0,
        -0.023116052104310558,
        -0.009870674571382687,
        -0.020257585965555047,
        -0.01626514495944742,
        -0.016012327144143468,
        -0.016052214408203813,
        -0.015523212814227638,
        -0.012176612088833583,
        -0.015385767539341288
    ],
    "states": [
        0.008526436854500016,
        0.008215573189243989,
        0.008025661571334648,
        0.007946442877743952,
        0.007785467128027681,
        0.007658835376613298,
        0.007536199599019826,
        0.00741522690723334,
        0.00730011876188657,
        0.007211228047520661,
        0.00710027776910833
    ],
    "selections": [
        null,
        null,
        "_complement_gaps:Instance-attribute-character",
        "_trust:Source",
        "_subject_gaps:Instance-character-product",
        "_subject_gaps:Instance-character-product",
        "_subject_gaps:Instance-character-product",
        "_complement_gaps:Instance-attribute-character",
        "_complement_gaps:Instance-attribute-character",
        "_subject_gaps:Instance-character-product",
        "_complement_gaps:Instance-attribute-character"
    ]
}