{
    "abstract_actions": [
        null,
        4,
        7,
        4,
        3,
        4,
        5,
        4,
        5,
        7,
        5
    ],
    "specific_actions": [
        null,
        null,
        25,
        null,
        11,
        null,
        11,
        null,
        11,
        25,
        11
    ],
    "rewards": [
        0,
        0,
        0.004308022032405878,
        0.0038564799363334235,
        0.0049877129277924315,
        0.0030125072841047373,
        0.005221227171947618,
        0.004415737640293793,
        0.003713667967066847,
        0.004575040798613816,
        0.0029564018005336923
    ],
    "states": [
        2.4986545988258317,
        2.5242555541395864,
        2.5351301026822424,
        2.544906781059231,
        2.557600045511147,
        2.565304834278076,
        2.5786988735831375,
        2.5900857312622017,
        2.599704449674347,
        2.611598203595945,
        2.6193191372273263
    ],
    "selections": [
        null,
        null,
        "_subject_gaps:Instance-character-object",
        "_trust:Source",
        "_subject_gaps:Instance-attribute-character",
        "_entity_novelty:Instance-attribute",
        "_subject_gaps:Instance-character-designation",
        "_complement_gaps:Instance-attribute-character",
        "_subject_gaps:Instance-age-character",
        "_complement_gaps:Instance-attribute-character",
        "_trust:Source"
    ]
}