{
    "abstract_actions": [
        null,
        3,
        5,
        3,
        3,
        3,
        5,
        4,
        7,
        5,
        6
    ],
    "specific_actions": [
        null,
        null,
        11,
        11,
        null,
        11,
        11,
        null,
        25,
        11,
        null
    ],
    "rewards": [
        0,
        0,
        -0.0018529808365141953,
        -0.004983301239619653,
        -0.0031490639788973596,
        -0.0025977894805936375,
        0.00039542279915694145,
        0.00038392688901445204,
        -0.002414951147158173,
        -0.0037354372447977457,
        -0.002509287511521685
    ],
    "states": [
        11.742296918767506,
        10.985714285714286,
        10.965357967667437,
        10.910714285714286,
        10.876355748373102,
        10.848101265822784,
        10.852390852390853,
        10.85655737704918,
        10.830339321357286,
        10.789883268482491,
        10.76280834914611
    ],
    "selections": [
        null,
        null,
        "_entity_novelty:Instance-character",
        "_complement_gaps:Instance-attribute-character",
        "_entity_novelty:Instance-attribute",
        "_entity_novelty:Instance-character",
        "_entity_novelty:Instance-attribute",
        "_complement_gaps:Instance-attribute-character",
        "_subject_gaps:Instance-character-object",
        "_trust:Source",
        "_complement_gaps:Instance-attribute-character"
    ]
}