{
    "abstract_actions": [
        null,
        3,
        6,
        5,
        3,
        5,
        3,
        7,
        4,
        7,
        4
    ],
    "specific_actions": [
        null,
        11,
        null,
        11,
        11,
        11,
        11,
        25,
        null,
        25,
        null
    ],
    "rewards": [
        0,
        0,
        -0.010000000000000009,
        0.09090909090909083,
        -0.015151515151515027,
        0.0,
        -0.012820512820512775,
        0.0,
        0.0714285714285714,
        -0.01538461538461533,
        0.0625
    ],
    "states": [
        1.125,
        1.1111111111111112,
        1.1,
        1.2,
        1.1818181818181819,
        1.1818181818181819,
        1.1666666666666667,
        1.1666666666666667,
        1.25,
        1.2307692307692308,
        1.3076923076923077
    ],
    "selections": [
        null,
        null,
        "_entity_novelty:Instance-attribute",
        "_overlaps:character",
        "_complement_gaps:Instance-attribute-character",
        "_entity_novelty:Instance-attribute",
        "_complement_gaps:Instance-attribute-character",
        "_entity_novelty:Instance-attribute",
        "_trust:Source",
        "_subject_gaps:Instance-attribute-character",
        "_trust:Source"
    ]
}