{
    "abstract_actions": [
        null,
        7,
        6,
        4,
        6,
        7,
        5,
        7,
        5,
        7,
        4
    ],
    "specific_actions": [
        null,
        25,
        11,
        null,
        11,
        25,
        11,
        25,
        11,
        25,
        null
    ],
    "rewards": [
        0,
        0,
        0.003603955679332138,
        0.003463317121386922,
        0.0031413643655349155,
        0.003069020723468041,
        0.002999154746218702,
        0.005194965415052488,
        0.003316181838923571,
        0.00478314337747765,
        0.0030776002016641435
    ],
    "states": [
        2.502415895235945,
        2.525904533029773,
        2.5350077810170366,
        2.5437873168678817,
        2.55177827969859,
        2.5596097401206808,
        2.5672864058212315,
        2.580623369910007,
        2.5891811862624046,
        2.6015656111065653,
        2.609572189955949
    ],
    "selections": [
        null,
        null,
        "_trust:Source",
        "_overlaps:attribute-object",
        "_subject_gaps:Instance-attribute-character",
        "_overlaps:attribute-object",
        "_trust:Source",
        "_complement_gaps:Instance-attribute-character-object",
        "_trust:Source",
        "_complement_gaps:Instance-attribute-character",
        "_trust:Source"
    ]
}