{
    "abstract_actions": [
        null,
        4,
        4,
        5,
        7,
        2,
        7,
        7,
        5,
        5,
        7
    ],
    "specific_actions": [
        null,
        null,
        null,
        11,
        25,
        25,
        25,
        25,
        11,
        11,
        25
    ],
    "rewards": [
        0,
        0,
        0.057077625570776336,
        0.05183585313174954,
        0.05749486652977409,
        0.03495145631067964,
        0.016885553470919357,
        0.016605166051660625,
        0.016333938294010864,
        0.050000000000000044,
        0.04761904761904767
    ],
    "states": [
        7.0588235294117645,
        8.588235294117647,
        9.07843137254902,
        9.549019607843137,
        10.098039215686274,
        10.450980392156863,
        10.627450980392156,
        10.803921568627452,
        10.980392156862745,
        11.529411764705882,
        12.07843137254902
    ],
    "selections": [
        null,
        null,
        "_subject_gaps:Instance-character-object",
        "_subject_gaps:Instance-attribute-character",
        "_complement_gaps:Instance-attribute-character",
        "_trust:Source",
        "_statement_novelty:Actor-Source",
        "_trust:Source",
        "_trust:Source",
        "_complement_gaps:Instance-attribute-character",
        "_complement_gaps:Instance-attribute-character"
    ]
}