{
    "abstract_actions": [
        null,
        7,
        2,
        7,
        7,
        5,
        7,
        5,
        7,
        7,
        7
    ],
    "specific_actions": [
        null,
        25,
        25,
        25,
        25,
        11,
        25,
        11,
        25,
        25,
        25
    ],
    "rewards": [
        0,
        0,
        -0.017929634641407288,
        -0.013021702838063476,
        -0.01285431773236645,
        -0.01269118125610158,
        0.11740375437480122,
        -0.015659254619480034,
        0.10086576769843703,
        -0.01509206157561116,
        -0.011634844868735228
    ],
    "states": [
        0.002126151665485471,
        0.002411298656562177,
        0.002368064952638701,
        0.002337228714524207,
        0.0023071852340145024,
        0.002277904328018223,
        0.002545338848234171,
        0.002505480739116818,
        0.0027581979773214833,
        0.0027165710836100213,
        0.0026849642004773268
    ],
    "selections": [
        null,
        null,
        "_trust:Source",
        "_statement_novelty:Actor-Source",
        "_trust:Source",
        "_trust:Source",
        "_complement_gaps:Instance-attribute-character",
        "_trust:Source",
        "_complement_gaps:Instance-attribute-character",
        "_trust:Source",
        "_trust:Source"
    ]
}