{
    "abstract_actions": [
        null,
        4,
        7,
        7,
        7,
        7,
        4,
        4,
        3,
        7,
        7
    ],
    "specific_actions": [
        null,
        null,
        25,
        25,
        25,
        25,
        null,
        null,
        null,
        25,
        25
    ],
    "rewards": [
        0,
        0,
        -0.017879948914431676,
        -0.02490660024906599,
        -0.01593137254901955,
        -0.01568154402895061,
        -0.015439429928741144,
        0.45955315870570135,
        0.29832458114528615,
        0.22383400661035613,
        -0.018031013342949875
    ],
    "states": [
        0.0,
        0.0008669267446900737,
        0.0008514261387824606,
        0.0008302200083022001,
        0.0008169934640522876,
        0.0008041817450743868,
        0.000791765637371338,
        0.0011556240369799693,
        0.0015003750937734434,
        0.001836210062431142,
        0.0018031013342949874
    ],
    "selections": [
        null,
        null,
        "_subject_gaps:Instance-character-gender",
        "_trust:Source",
        "_trust:Source",
        "_trust:Source",
        "_trust:Source",
        "_subject_gaps:Instance-attribute-character",
        "_subject_gaps:Instance-character-enchantment",
        "_entity_novelty:Instance-character",
        "_trust:Source"
    ]
}