{
    "abstract_actions": [
        null,
        3,
        7,
        7,
        7,
        7,
        2,
        7,
        4,
        7,
        7
    ],
    "specific_actions": [
        null,
        null,
        25,
        25,
        25,
        25,
        25,
        25,
        null,
        25,
        25
    ],
    "rewards": [
        0,
        0,
        0.00893161469947823,
        0.010286000407361495,
        0.006388215923032403,
        0.006165457097456972,
        0.005954243982014162,
        0.004441348735662931,
        0.004317706952110312,
        0.008063435195819757,
        0.00595824465144057
    ],
    "states": [
        2.261951971799956,
        2.3403682236617795,
        2.3612714908904286,
        2.3855595304076185,
        2.4007989997851102,
        2.415601023017903,
        2.4299841008721543,
        2.4407765076862438,
        2.4513150653820284,
        2.471081085556273,
        2.485804391217565
    ],
    "selections": [
        null,
        null,
        "_entity_novelty:Instance-character",
        "_trust:Source",
        "_trust:Source",
        "_trust:Source",
        "_trust:Source",
        "_statement_novelty:Actor-Source",
        "_trust:Source",
        "_subject_gaps:Instance-attribute-character",
        "_trust:Source"
    ]
}