{
    "abstract_actions": [
        null,
        7,
        2,
        2,
        4,
        5,
        3,
        7,
        5,
        7,
        4
    ],
    "specific_actions": [
        null,
        25,
        25,
        25,
        null,
        11,
        null,
        25,
        11,
        25,
        null
    ],
    "rewards": [
        0,
        0,
        0.010580382047204795,
        0.005190884222965986,
        0.005077879355748438,
        0.009533416170061093,
        0.00994134871604202,
        0.005622937949927742,
        0.006285930106632254,
        0.008541791255913145,
        0.005673456285689937
    ],
    "states": [
        2.261951971799956,
        2.3403682236617795,
        2.3651302135992593,
        2.377407330710292,
        2.3894795183151105,
        2.4122594209930455,
        2.436240533090695,
        2.4499393624393626,
        2.465339510037144,
        2.4863979255068362,
        2.5005043954460295
    ],
    "selections": [
        null,
        null,
        "_trust:Source",
        "_statement_novelty:Actor-Source",
        "_statement_novelty:Actor-Source",
        "_subject_gaps:Instance-character-enchantment",
        "_complement_gaps:Instance-attribute-character",
        "_entity_novelty:Instance-character",
        "_trust:Source",
        "_complement_gaps:Instance-attribute-character",
        "_trust:Source"
    ]
}