{
    "abstract_actions": [
        null,
        7,
        7,
        4,
        4,
        7,
        2,
        4,
        4,
        4,
        5
    ],
    "specific_actions": [
        null,
        25,
        25,
        null,
        null,
        25,
        25,
        null,
        null,
        null,
        11
    ],
    "rewards": [
        0,
        0,
        -0.01876817340734871,
        -0.01072175732217584,
        0.07856410256410262,
        -0.01040345090078676,
        -0.01450362590647658,
        -0.010148514851485269,
        0.0707659687251525,
        0.06166666666666676,
        0.05778225516298474
    ],
    "states": [
        0.0024923843810578787,
        0.0026939655172413795,
        0.0026434047052603755,
        0.002615062761506276,
        0.0028205128205128207,
        0.002791169753869576,
        0.0027506876719179795,
        0.0027227722772277226,
        0.0029154518950437317,
        0.0030952380952380953,
        0.003274087932647334
    ],
    "selections": [
        null,
        null,
        "_trust:Source",
        "_trust:Source",
        "_subject_gaps:Instance-character-personality-trait",
        "_subject_gaps:Instance-character-personality-trait",
        "_trust:Source",
        "_statement_novelty:Actor-Source",
        "_subject_gaps:Instance-age-character",
        "_subject_gaps:Instance-attribute-character",
        "_subject_gaps:Instance-attribute-character"
    ]
}