{
    "actions": [
        null,
        4,
        5,
        5,
        4,
        4,
        4,
        5,
        7,
        7,
        4
    ],
    "rewards": [
        0,
        0,
        0.06378132118451019,
        0.04925053533190571,
        0.055102040816326525,
        0.044487427466150864,
        0.042592592592592515,
        0.04085257548845478,
        0.03924914675767921,
        0.01477832512315258,
        0.014563106796116498
    ],
    "states": [
        7.0588235294117645,
        8.607843137254902,
        9.156862745098039,
        9.607843137254902,
        10.137254901960784,
        10.588235294117647,
        11.03921568627451,
        11.490196078431373,
        11.941176470588236,
        12.117647058823529,
        12.294117647058824
    ],
    "selections": [
        null,
        null,
        "_subject_gaps:Instance-attribute-character",
        "_complement_gaps:Instance-attribute-character",
        "_complement_gaps:Instance-attribute-character",
        "_subject_gaps:Instance-attribute-character",
        "_subject_gaps:Instance-attribute-character",
        "_subject_gaps:Instance-attribute-character",
        "_complement_gaps:Instance-attribute-character",
        "_trust:Source",
        "_trust:Source"
    ]
}