{
    "actions": [
        null,
        5,
        4,
        4,
        5,
        7,
        7,
        7,
        2,
        7,
        2
    ],
    "rewards": [
        0,
        0,
        -0.03958404115635705,
        -0.03531246783455588,
        -0.03411772237265642,
        -0.02773834923027907,
        -0.010495769475463379,
        -0.010393071929011288,
        -0.010292164891153255,
        -0.010193011845260669,
        -0.01009557654375215
    ],
    "states": [
        0.013056202873306185,
        0.010384007064254536,
        0.009972966101255183,
        0.009620796056589493,
        0.009292556407726825,
        0.00903479623284723,
        0.00893996909432948,
        0.008847055352488977,
        0.008756,
        0.008666749988282898,
        0.008579254150390625
    ],
    "selections": [
        null,
        null,
        "_complement_gaps:Instance-attribute-character",
        "_subject_gaps:Instance-attribute-character",
        "_subject_gaps:Instance-attribute-character",
        "_complement_gaps:Instance-attribute-character",
        "_trust:Source",
        "_trust:Source",
        "_trust:Source",
        "_statement_novelty:Actor-Source",
        "_trust:Source"
    ]
}