{
    "abstract_actions": [
        null,
        7,
        4,
        7,
        4,
        5,
        7,
        7,
        4,
        3,
        4
    ],
    "specific_actions": [
        null,
        25,
        null,
        25,
        null,
        11,
        25,
        25,
        null,
        11,
        null
    ],
    "rewards": [
        0,
        0,
        0.125,
        -0.04761904761904756,
        0.09999999999999987,
        0.0,
        -0.045454545454545414,
        0.08333333333333326,
        0.0,
        -0.042735042735042694,
        -0.0357142857142857
    ],
    "states": [
        1.4,
        1.3333333333333333,
        1.5,
        1.4285714285714286,
        1.5714285714285714,
        1.5714285714285714,
        1.5,
        1.625,
        1.625,
        1.5555555555555556,
        1.5
    ],
    "selections": [
        null,
        null,
        "_trust:Source",
        "_subject_gaps:Instance-attribute-character",
        "_trust:Source",
        "_subject_gaps:Instance-character-institution",
        "_complement_gaps:Instance-attribute-character",
        "_trust:Source",
        "_trust:Source",
        "_subject_gaps:Instance-age-character",
        "_entity_novelty:Instance-attribute"
    ]
}