{
    "abstract_actions": [
        null,
        7,
        5,
        7,
        5,
        7,
        2,
        7,
        5,
        7,
        2
    ],
    "specific_actions": [
        null,
        25,
        11,
        25,
        11,
        25,
        25,
        25,
        11,
        25,
        25
    ],
    "rewards": [
        0,
        0,
        0.024350649350649345,
        0.03645007923930277,
        0.021406727828746197,
        0.041916167664670656,
        0.02011494252873569,
        0.012676056338028152,
        0.01251738525730195,
        0.03296703296703285,
        0.018617021276595702
    ],
    "states": [
        11.509803921568627,
        12.07843137254902,
        12.372549019607844,
        12.823529411764707,
        13.098039215686274,
        13.647058823529411,
        13.92156862745098,
        14.098039215686274,
        14.27450980392157,
        14.745098039215685,
        15.019607843137255
    ],
    "selections": [
        null,
        null,
        "_trust:Source",
        "_complement_gaps:Instance-attribute-character",
        "_trust:Source",
        "_complement_gaps:Instance-attribute-character",
        "_trust:Source",
        "_statement_novelty:Actor-Source",
        "_trust:Source",
        "_complement_gaps:Instance-attribute-character",
        "_trust:Source"
    ]
}