{
    "actions": [
        null,
        4,
        7,
        2,
        4,
        3,
        4,
        5,
        3,
        2,
        2,
        2,
        2,
        7,
        7,
        5,
        5,
        4,
        3,
        4,
        6,
        5,
        4,
        7,
        7,
        5
    ],
    "rewards": [
        0,
        0,
        0.029143105698129723,
        0.016483516483516425,
        0.016216216216216273,
        0.030687397708674347,
        0.02540690750297747,
        0.027100271002709952,
        0.02412363362231429,
        0.014354066985645897,
        0.014150943396226356,
        0.013953488372093092,
        0.013761467889908285,
        0.013574660633484115,
        0.013392857142857206,
        0.013215859030837107,
        0.01304347826086949,
        0.02310993727302746,
        0.020651823168764016,
        0.012330066392665096,
        0.018113678950655743,
        0.01411042944785268,
        0.021173623714458634,
        0.018957345971563955,
        0.011337209302325624,
        0.011210117849956847
    ],
    "states": [
        2084.0,
        2299.0,
        2366.0,
        2405.0,
        2444.0,
        2519.0,
        2583.0,
        2653.0,
        2717.0,
        2756.0,
        2795.0,
        2834.0,
        2873.0,
        2912.0,
        2951.0,
        2990.0,
        3029.0,
        3099.0,
        3163.0,
        3202.0,
        3260.0,
        3306.0,
        3376.0,
        3440.0,
        3479.0,
        3518.0
    ],
    "selections": [
        null,
        null,
        "_subject_gaps:Instance-attribute-character",
        "_trust:Source",
        "_statement_novelty:Actor-Source",
        "_subject_gaps:Instance-attribute-character",
        "_entity_novelty:Instance-character",
        "_subject_gaps:Instance-attribute-character",
        "_complement_gaps:Instance-attribute-character",
        "_entity_novelty:Instance-attribute",
        "_statement_novelty:Actor-Source",
        "_statement_novelty:Actor-Source",
        "_statement_novelty:Actor-Source",
        "_statement_novelty:Actor-Source",
        "_trust:Source",
        "_trust:Source",
        "_complement_gaps:Instance-attribute-character",
        "_complement_gaps:Instance-attribute-character",
        "_subject_gaps:Instance-attribute-character",
        "_entity_novelty:Instance-attribute",
        "_subject_gaps:Instance-attribute-character",
        "_overlaps:character",
        "_complement_gaps:Instance-attribute-character",
        "_subject_gaps:Instance-attribute-character",
        "_trust:Source",
        "_trust:Source"
    ]
}