{
    "actions": [
        null,
        7,
        4,
        7,
        4,
        5,
        5,
        4,
        7,
        4,
        7
    ],
    "rewards": [
        0,
        0,
        -0.017941050832977368,
        0.45343543046357615,
        -0.015885947046843096,
        0.29945745666269663,
        0.21620316724604094,
        0.1684091763820985,
        0.13924592973436156,
        -0.014120202751629174,
        0.11697502780305324
    ],
    "states": [
        0.0,
        0.0008699434536755111,
        0.0008543357539513029,
        0.0012417218543046358,
        0.0012219959266802445,
        0.0015879317189360857,
        0.0019312475859405175,
        0.0022564874012786762,
        0.002570694087403599,
        0.0025343953656770456,
        0.0028308563340410475
    ],
    "selections": [
        null,
        null,
        "_trust:Source",
        "_subject_gaps:Instance-attribute-character",
        "_trust:Source",
        "_subject_gaps:Instance-attribute-character",
        "_complement_gaps:Instance-attribute-character",
        "_complement_gaps:Instance-attribute-character",
        "_subject_gaps:Instance-attribute-character",
        "_trust:Source",
        "_subject_gaps:Instance-attribute-character"
    ]
}