{
    "abstract_actions": [
        null,
        5,
        7,
        6,
        4,
        4,
        5,
        7,
        5,
        6,
        4
    ],
    "specific_actions": [
        null,
        11,
        25,
        11,
        null,
        null,
        11,
        25,
        11,
        null,
        null
    ],
    "rewards": [
        0,
        0,
        -0.020408163265306256,
        0.12500000000000022,
        0.0,
        -0.0277777777777779,
        -0.022222222222222143,
        -0.0181818181818183,
        0.08333333333333348,
        -0.020979020979021046,
        0.0714285714285714
    ],
    "states": [
        1.2,
        1.1666666666666667,
        1.1428571428571428,
        1.2857142857142858,
        1.2857142857142858,
        1.25,
        1.2222222222222223,
        1.2,
        1.3,
        1.2727272727272727,
        1.3636363636363635
    ],
    "selections": [
        null,
        null,
        "_complement_gaps:Instance-attribute-character",
        "_trust:Source",
        "_overlaps:attribute-personality-trait",
        "_subject_gaps:Instance-character-product",
        "_subject_gaps:Instance-character-gender",
        "_complement_gaps:Instance-attribute-character",
        "_trust:Source",
        "_complement_gaps:Instance-attribute-character",
        "_overlaps:character"
    ]
}