{
    "actions": [
        null,
        4,
        5,
        7,
        5,
        4,
        7,
        2,
        5,
        4,
        7
    ],
    "rewards": [
        0,
        0,
        0.06378132118451019,
        0.05781584582441113,
        0.018218623481781604,
        0.045725646123260466,
        0.04372623574144496,
        0.016393442622950838,
        0.016129032258064502,
        0.040564373897707284,
        0.045762711864406835
    ],
    "states": [
        7.0588235294117645,
        8.607843137254902,
        9.156862745098039,
        9.686274509803921,
        9.862745098039216,
        10.313725490196079,
        10.764705882352942,
        10.941176470588236,
        11.117647058823529,
        11.568627450980392,
        12.098039215686274
    ],
    "selections": [
        null,
        null,
        "_subject_gaps:Instance-attribute-character",
        "_complement_gaps:Instance-attribute-character",
        "_trust:Source",
        "_complement_gaps:Instance-attribute-character",
        "_subject_gaps:Instance-attribute-character",
        "_trust:Source",
        "_statement_novelty:Actor-Source",
        "_complement_gaps:Instance-attribute-character",
        "_subject_gaps:Instance-attribute-character"
    ]
}