{
    "abstract_actions": [
        null,
        4,
        3,
        4,
        3,
        4,
        7,
        5,
        4,
        3,
        7
    ],
    "specific_actions": [
        null,
        null,
        null,
        null,
        11,
        null,
        25,
        11,
        null,
        null,
        25
    ],
    "rewards": [
        0,
        0,
        -0.034837191230522535,
        -0.01636905171770442,
        -0.02556150083879305,
        -0.015699772139159185,
        -0.03406233503311562,
        -0.02952707903447127,
        -0.026929262755205685,
        -0.031191425626149627,
        -0.025431465669620623
    ],
    "states": [
        0.013134665630958265,
        0.01056689342403628,
        0.010198772537110578,
        0.010031828301993511,
        0.009775399714437477,
        0.009621928166351606,
        0.009294182825484765,
        0.009019752754635851,
        0.008776857462719272,
        0.008503094765939547,
        0.008286848603314025
    ],
    "selections": [
        null,
        null,
        "_subject_gaps:Instance-character-designation",
        "_entity_novelty:Instance-character",
        "_subject_gaps:Instance-character-designation",
        "_entity_novelty:Instance-attribute",
        "_subject_gaps:Instance-attribute-character",
        "_trust:Source",
        "_complement_gaps:Instance-attribute-character",
        "_subject_gaps:Instance-ability-character",
        "_entity_novelty:Instance-character"
    ]
}