{
    "abstract_actions": [
        null,
        5,
        4,
        4,
        3,
        4,
        5,
        2,
        4,
        7,
        5
    ],
    "specific_actions": [
        null,
        11,
        null,
        null,
        11,
        null,
        11,
        25,
        null,
        25,
        11
    ],
    "rewards": [
        0,
        0,
        0.06621004566210043,
        0.05995717344753748,
        0.048484848484848575,
        0.017341040462427904,
        0.045454545454545414,
        0.016304347826086918,
        0.03208556149732633,
        0.015544041450777035,
        0.015306122448979442
    ],
    "states": [
        7.0588235294117645,
        8.588235294117647,
        9.156862745098039,
        9.705882352941176,
        10.176470588235293,
        10.352941176470589,
        10.823529411764707,
        11.0,
        11.352941176470589,
        11.529411764705882,
        11.705882352941176
    ],
    "selections": [
        null,
        null,
        "_complement_gaps:Instance-attribute-character",
        "_subject_gaps:Instance-attribute-character",
        "_subject_gaps:Instance-attribute-character",
        "_entity_novelty:Instance-attribute",
        "_subject_gaps:Instance-attribute-character",
        "_complement_gaps:Instance-attribute-character",
        "_statement_novelty:Actor-Source",
        "_subject_gaps:Instance-attribute-character",
        "_trust:Source"
    ]
}