{
    "abstract_actions": [
        null,
        5,
        5,
        5,
        4,
        3,
        5,
        5,
        7,
        2,
        5
    ],
    "specific_actions": [
        null,
        11,
        11,
        11,
        null,
        11,
        11,
        11,
        25,
        25,
        11
    ],
    "rewards": [
        0,
        0,
        0.07363755745239664,
        0.06845951476176548,
        0.059486373165618556,
        0.055676752347529,
        -0.011879378617118408,
        0.04906054279749483,
        0.04668812798751354,
        -0.014421690222094163,
        -0.0111237877923559
    ],
    "states": [
        0.0031185031185031187,
        0.003363605785401951,
        0.0036112934996717005,
        0.0038585209003215433,
        0.004088050314465409,
        0.004315659679408138,
        0.0042643923240938165,
        0.0044736057262153295,
        0.004682470002926544,
        0.004614940871070089,
        0.004563605248146035
    ],
    "selections": [
        null,
        null,
        "_complement_gaps:Instance-attribute-character",
        "_complement_gaps:Instance-attribute-character",
        "_complement_gaps:Instance-attribute-character",
        "_subject_gaps:Instance-character-product",
        "_entity_novelty:Instance-attribute",
        "_complement_gaps:Instance-attribute-character",
        "_complement_gaps:Instance-attribute-character",
        "_trust:Source",
        "_statement_novelty:Actor-Source"
    ]
}