{
    "actions": [
        null,
        7,
        5,
        3,
        7,
        7,
        5,
        4,
        6,
        4,
        3,
        7,
        2,
        5,
        7,
        7,
        4,
        4,
        7,
        7,
        4,
        7,
        7,
        2,
        7,
        7
    ],
    "rewards": [
        0,
        0,
        -0.01510565743796577,
        -0.036159494361660105,
        -0.029363485400923484,
        -0.011131252788249557,
        -0.011015026891595503,
        -0.03318498696268268,
        -0.027013300128072126,
        -0.011048102628688827,
        -0.026016357325707173,
        -0.009883098080172958,
        -0.00979118096542786,
        -0.009700818751332774,
        -0.029297757022571425,
        -0.009326893952427473,
        -0.009244795288862129,
        -0.02349299378021552,
        -0.008948075663696153,
        -0.008872348501232197,
        -0.008797798214456143,
        -0.02235616029105436,
        -0.00852860152254431,
        -0.00845959042069555,
        -0.008391611012381617,
        -0.008324643224457806
    ],
    "states": [
        0.013056202873306185,
        0.010384007064254536,
        0.010227149810708491,
        0.009857341244792324,
        0.009567895349058943,
        0.00946139268727705,
        0.009357175192394748,
        0.00904665745562759,
        0.008802277382622861,
        0.008705028918733457,
        0.008478555775853073,
        0.0083947613775421,
        0.008312566749733002,
        0.008231928046335487,
        0.007990751018606659,
        0.007916222131255863,
        0.007843038278191243,
        0.007658781828703704,
        0.007590250469408722,
        0.007522907122032486,
        0.00745672210318675,
        0.007290018428602059,
        0.007227844766332508,
        0.007166700159984967,
        0.00710656,
        0.007047400423446796
    ],
    "selections": [
        null,
        null,
        "_trust:Source",
        "_complement_gaps:Instance-attribute-character",
        "_entity_novelty:Instance-character",
        "_trust:Source",
        "_trust:Source",
        "_complement_gaps:Instance-attribute-character",
        "_subject_gaps:Instance-attribute-character",
        "_overlaps:attribute",
        "_subject_gaps:Instance-attribute-character",
        "_entity_novelty:Instance-attribute",
        "_trust:Source",
        "_statement_novelty:Actor-Source",
        "_complement_gaps:Instance-attribute-character",
        "_trust:Source",
        "_trust:Source",
        "_subject_gaps:Instance-attribute-character",
        "_subject_gaps:Instance-attribute-character",
        "_trust:Source",
        "_trust:Source",
        "_subject_gaps:Instance-attribute-character",
        "_trust:Source",
        "_trust:Source",
        "_statement_novelty:Actor-Source",
        "_trust:Source"
    ]
}