{
    "abstract_actions": [
        null,
        3,
        5,
        5,
        3,
        3,
        3,
        5,
        5,
        4,
        4
    ],
    "specific_actions": [
        null,
        null,
        11,
        11,
        11,
        null,
        11,
        11,
        11,
        null,
        null
    ],
    "rewards": [
        0,
        0,
        -0.01998558076365542,
        -0.0365582944604711,
        -0.03105598660601827,
        -0.029267282231207337,
        -0.02798318945433198,
        -0.022475545023124432,
        -0.03166545319576397,
        -0.025811075334361444,
        -0.01354503270565155
    ],
    "states": [
        0.013134665630958265,
        0.01056689342403628,
        0.010355707922089265,
        0.009977120902526893,
        0.009667271569411393,
        0.009384336803983703,
        0.009121733129294566,
        0.00891671720565818,
        0.008634365314322549,
        0.008411503060730172,
        0.008297568976668893
    ],
    "selections": [
        null,
        null,
        "_entity_novelty:Instance-character",
        "_complement_gaps:Instance-attribute-character",
        "_complement_gaps:Instance-attribute-character",
        "_entity_novelty:Instance-attribute",
        "_entity_novelty:Instance-character",
        "_entity_novelty:Instance-attribute",
        "_complement_gaps:Instance-attribute-character",
        "_complement_gaps:Instance-attribute-character",
        "_subject_gaps:Instance-attribute-character"
    ]
}