{
    "abstract_actions": [
        null,
        3,
        5,
        3,
        5,
        5,
        3,
        5,
        4,
        4,
        3
    ],
    "specific_actions": [
        null,
        null,
        11,
        11,
        11,
        11,
        11,
        11,
        null,
        null,
        11
    ],
    "rewards": [
        0,
        0,
        -0.03433476394849788,
        -0.03173828124999989,
        -0.015865865776257926,
        -0.034411567005500965,
        -0.033278525566885375,
        -0.014598332173131556,
        -0.031763286440197325,
        -0.025886960916441937,
        -0.025235234762715497
    ],
    "states": [
        0.013134665630958265,
        0.01056689342403628,
        0.01020408163265306,
        0.00988022161989796,
        0.009723463349836977,
        0.00938886373924853,
        0.009076416197257945,
        0.008943915658668781,
        0.008659827503705518,
        0.008435650887573965,
        0.008222775257049727
    ],
    "selections": [
        null,
        null,
        "_entity_novelty:Instance-character",
        "_complement_gaps:Instance-attribute-character",
        "_entity_novelty:Instance-attribute",
        "_complement_gaps:Instance-attribute-character",
        "_complement_gaps:Instance-attribute-character",
        "_entity_novelty:Instance-attribute",
        "_complement_gaps:Instance-attribute-character",
        "_subject_gaps:Instance-attribute-character",
        "_subject_gaps:Instance-attribute-character"
    ]
}