{
    "abstract_actions": [
        null,
        4,
        2,
        5,
        5,
        4,
        3,
        2,
        5,
        5,
        5
    ],
    "specific_actions": [
        null,
        null,
        25,
        11,
        11,
        null,
        11,
        25,
        11,
        11,
        11
    ],
    "rewards": [
        0,
        0,
        0.0,
        0.11111111111111116,
        -0.022222222222222143,
        -0.0181818181818183,
        -0.015151515151515027,
        0.0,
        0.07692307692307687,
        0.0,
        -0.017857142857142794
    ],
    "states": [
        1.1428571428571428,
        1.125,
        1.125,
        1.25,
        1.2222222222222223,
        1.2,
        1.1818181818181819,
        1.1818181818181819,
        1.2727272727272727,
        1.2727272727272727,
        1.25
    ],
    "selections": [
        null,
        null,
        "_subject_gaps:Instance-character-personality-trait",
        "_statement_novelty:Actor-Source",
        "_complement_gaps:Instance-attribute-character",
        "_complement_gaps:Instance-attribute-character",
        "_subject_gaps:Instance-ability-character",
        "_entity_novelty:Instance-attribute",
        "_statement_novelty:Actor-Source",
        "_complement_gaps:Instance-attribute-character",
        "_complement_gaps:Instance-attribute-character"
    ]
}