{
    "abstract_actions": [
        null,
        5,
        3,
        5,
        5,
        4,
        5,
        7,
        2,
        5,
        5
    ],
    "specific_actions": [
        null,
        11,
        null,
        11,
        11,
        null,
        11,
        25,
        25,
        11,
        11
    ],
    "rewards": [
        0,
        0,
        -0.04018678793601638,
        -0.030169180358532888,
        -0.034805367397552134,
        -0.03364623511797171,
        -0.014754936608265545,
        -0.0320976524282488,
        -0.02787983846567965,
        -0.013696101834667962,
        -0.025103641888230332
    ],
    "states": [
        0.013134665630958265,
        0.01056689342403628,
        0.01014224391886205,
        0.009836260732833666,
        0.009493906064209275,
        0.009174471868584952,
        0.009039103117749666,
        0.008748969127613037,
        0.008505049281593968,
        0.008388563260524387,
        0.008177979772475417
    ],
    "selections": [
        null,
        null,
        "_complement_gaps:Instance-attribute-character",
        "_entity_novelty:Instance-character",
        "_complement_gaps:Instance-attribute-character",
        "_complement_gaps:Instance-attribute-character",
        "_subject_gaps:Instance-attribute-character",
        "_complement_gaps:Instance-attribute-character",
        "_trust:Source",
        "_statement_novelty:Actor-Source",
        "_complement_gaps:Instance-attribute-character"
    ]
}