{
    "actions": [
        null,
        3,
        3,
        2,
        5,
        3,
        7,
        7,
        2,
        5,
        7
    ],
    "rewards": [
        0,
        0,
        0.029143105698129723,
        0.016483516483516425,
        0.016216216216216273,
        0.026186579378068675,
        0.015550239234449759,
        0.01531213191990588,
        0.015081206496519783,
        0.014857142857142902,
        0.026276276276276267
    ],
    "states": [
        2084.0,
        2299.0,
        2366.0,
        2405.0,
        2444.0,
        2508.0,
        2547.0,
        2586.0,
        2625.0,
        2664.0,
        2734.0
    ],
    "selections": [
        null,
        null,
        "_entity_novelty:Instance-attribute",
        "_entity_novelty:Instance-character",
        "_statement_novelty:Actor-Source",
        "_complement_gaps:Instance-attribute-character",
        "_entity_novelty:Instance-attribute",
        "_trust:Source",
        "_trust:Source",
        "_statement_novelty:Actor-Source",
        "_complement_gaps:Instance-attribute-character"
    ]
}