{
    "abstract_actions": [
        null,
        7,
        7,
        2,
        5,
        6,
        3,
        3,
        4,
        5,
        2
    ],
    "specific_actions": [
        null,
        25,
        25,
        25,
        11,
        null,
        null,
        11,
        null,
        11,
        25
    ],
    "rewards": [
        0,
        0,
        0.018094912939569774,
        0.013078470824949617,
        0.012909632571995955,
        0.012745098039215641,
        0.01484349790254913,
        0.020349761526232024,
        0.012153318790900647,
        0.017549261083743772,
        0.01180030257186071
    ],
    "states": [
        2848.0,
        2929.0,
        2982.0,
        3021.0,
        3060.0,
        3099.0,
        3145.0,
        3209.0,
        3248.0,
        3305.0,
        3344.0
    ],
    "selections": [
        null,
        null,
        "_trust:Source",
        "_trust:Source",
        "_statement_novelty:Actor-Source",
        "_complement_gaps:Instance-attribute-character",
        "_overlaps:character",
        "_entity_novelty:Instance-character",
        "_entity_novelty:Instance-attribute",
        "_subject_gaps:Instance-age-character",
        "_complement_gaps:Instance-attribute-character"
    ]
}