{
    "abstract_actions": [
        null,
        7,
        7,
        7,
        7,
        7,
        7,
        4,
        4,
        3,
        4
    ],
    "specific_actions": [
        null,
        25,
        25,
        25,
        25,
        25,
        25,
        null,
        null,
        11,
        null
    ],
    "rewards": [
        0,
        0,
        0.025996533795493937,
        0.015202702702702853,
        0.014975041597337757,
        0.014754098360655776,
        0.014539579967689953,
        0.014331210191082855,
        0.03767660910518056,
        0.036308623298033194,
        0.033576642335766405
    ],
    "states": [
        10.666666666666666,
        11.313725490196079,
        11.607843137254902,
        11.784313725490197,
        11.96078431372549,
        12.137254901960784,
        12.313725490196079,
        12.490196078431373,
        12.96078431372549,
        13.431372549019608,
        13.882352941176471
    ],
    "selections": [
        null,
        null,
        "_trust:Source",
        "_trust:Source",
        "_trust:Source",
        "_trust:Source",
        "_trust:Source",
        "_trust:Source",
        "_subject_gaps:Instance-attribute-character",
        "_subject_gaps:Instance-character-institution",
        "_entity_novelty:Instance-attribute"
    ]
}