{
    "abstract_actions": [
        null,
        5,
        5,
        4,
        7,
        4,
        3,
        5,
        6,
        6,
        6
    ],
    "specific_actions": [
        null,
        11,
        11,
        null,
        25,
        null,
        11,
        11,
        null,
        null,
        null
    ],
    "rewards": [
        0,
        0,
        -0.003931064376784255,
        -0.004901960784313708,
        0.00035725449917389795,
        -0.004220271321474178,
        -0.0024830100221984175,
        -0.0027313803192473562,
        -0.002598958654532302,
        0.0011417187404372253,
        0.0004548866659050965
    ],
    "states": [
        11.742296918767506,
        10.985714285714286,
        10.942528735632184,
        10.88888888888889,
        10.89277899343545,
        10.846808510638297,
        10.819875776397515,
        10.790322580645162,
        10.762278978388998,
        10.77456647398844,
        10.779467680608365
    ],
    "selections": [
        null,
        null,
        "_complement_gaps:Instance-attribute-character",
        "_complement_gaps:Instance-attribute-character",
        "_subject_gaps:Instance-character-product",
        "_trust:Source",
        "_subject_gaps:Instance-character-gender",
        "_entity_novelty:Instance-attribute",
        "_complement_gaps:Instance-attribute-character",
        "_overlaps:character",
        "_overlaps:character"
    ]
}