{
    "abstract_actions": [
        null,
        4,
        4,
        5,
        5,
        7,
        5,
        4,
        5,
        7,
        7
    ],
    "specific_actions": [
        null,
        null,
        null,
        11,
        11,
        25,
        11,
        null,
        11,
        25,
        25
    ],
    "rewards": [
        0,
        0,
        0.4539915966386556,
        0.298417894162575,
        0.21519490851233103,
        0.1702094647013188,
        -0.022744503411675554,
        0.13903281519861843,
        0.11641359363702097,
        0.09955830388692588,
        -0.01736111111111105
    ],
    "states": [
        0.0,
        0.0008669267446900737,
        0.0012605042016806723,
        0.0016366612111292963,
        0.001988862370723946,
        0.0023273855702094647,
        0.002274450341167551,
        0.0025906735751295338,
        0.0028922631959508315,
        0.0031802120141342758,
        0.003125
    ],
    "selections": [
        null,
        null,
        "_subject_gaps:Instance-character-personality-trait",
        "_subject_gaps:Instance-character-physical-appearance",
        "_complement_gaps:Instance-attribute-character",
        "_complement_gaps:Instance-attribute-character",
        "_trust:Source",
        "_complement_gaps:Instance-attribute-character",
        "_subject_gaps:Instance-character-institution",
        "_complement_gaps:Instance-attribute-character",
        "_trust:Source"
    ]
}