{
    "abstract_actions": [
        null,
        3,
        5,
        3,
        7,
        2,
        7,
        2,
        7,
        5,
        3
    ],
    "specific_actions": [
        null,
        11,
        11,
        null,
        25,
        25,
        25,
        25,
        25,
        11,
        11
    ],
    "rewards": [
        0,
        0,
        0.022579541566883243,
        0.023419203747072626,
        0.020921869892121636,
        0.016010246557796926,
        0.012291207059565101,
        0.012141967621419614,
        0.011996308828052804,
        0.01185410334346515,
        0.019224992490237236
    ],
    "states": [
        2836.0,
        2923.0,
        2989.0,
        3059.0,
        3123.0,
        3173.0,
        3212.0,
        3251.0,
        3290.0,
        3329.0,
        3393.0
    ],
    "selections": [
        null,
        null,
        "_entity_novelty:Instance-attribute",
        "_complement_gaps:Instance-attribute-character",
        "_entity_novelty:Instance-character",
        "_trust:Source",
        "_statement_novelty:Actor-Source",
        "_trust:Source",
        "_statement_novelty:Actor-Source",
        "_trust:Source",
        "_complement_gaps:Instance-attribute-character"
    ]
}