{
    "actions": [
        null,
        4,
        4,
        5,
        5,
        7,
        4,
        7,
        2,
        7,
        5
    ],
    "rewards": [
        0,
        0,
        0.9799225816616429,
        0.9783443617183529,
        0.9826756898679503,
        0.9951867186935869,
        0.9951964009849685,
        0.9831251162587907,
        0.9952846086030167,
        0.9952947249824999,
        0.9953051425112528
    ],
    "states": [
        0.0072438120228118874,
        0.007031997984378937,
        0.006890813619092077,
        0.006741588651890772,
        0.00662479527930271,
        0.006592908276026028,
        0.0065612385883251165,
        0.006450518449948794,
        0.006420101730743823,
        0.006389893386460345,
        0.006359893747642626
    ],
    "selections": [
        null,
        null,
        "_subject_gaps:Instance-attribute-character",
        "_subject_gaps:Instance-attribute-character",
        "_complement_gaps:Instance-attribute-character",
        "_complement_gaps:Instance-attribute-character",
        "_trust:Source",
        "_subject_gaps:Instance-attribute-character",
        "_trust:Source",
        "_statement_novelty:Actor-Source",
        "_trust:Source"
    ]
}