{
    "actions": [
        null,
        3,
        3,
        2,
        2,
        7,
        7,
        5,
        7,
        7,
        5
    ],
    "rewards": [
        0,
        0,
        0.00502821921922747,
        0.002213517890661487,
        0.002175244456995129,
        0.0021379562097998406,
        0.002101619591114101,
        0.0020662024610607066,
        0.005283764268664282,
        0.001941396234146353,
        0.0019099687460901738
    ],
    "states": [
        2.44504794679926,
        2.4697718022591117,
        2.482190356302337,
        2.4876847290640396,
        2.4930960514816873,
        2.49842618166658,
        2.503676923076923,
        2.508850026497085,
        2.522106198622528,
        2.5270026060986512,
        2.531829102097588
    ],
    "selections": [
        null,
        null,
        "_entity_novelty:Instance-character",
        "_entity_novelty:Instance-attribute",
        "_statement_novelty:Actor-Source",
        "_statement_novelty:Actor-Source",
        "_trust:Source",
        "_trust:Source",
        "_complement_gaps:Instance-attribute-character",
        "_trust:Source",
        "_trust:Source"
    ]
}