{
    "abstract_actions": [
        null,
        3,
        4,
        4,
        4,
        4,
        4,
        4,
        2,
        2,
        4
    ],
    "specific_actions": [
        null,
        11,
        null,
        null,
        null,
        null,
        null,
        null,
        25,
        25,
        null
    ],
    "rewards": [
        0,
        0,
        -0.034837191230522535,
        -0.036031012143419194,
        -0.029275234290829233,
        -0.028445018134049316,
        -0.032886582072638615,
        -0.02677954300882701,
        -0.014046050432108048,
        -0.027425933644159683,
        -0.013478409362902566
    ],
    "states": [
        0.013134665630958265,
        0.01056689342403628,
        0.010198772537110578,
        0.009831300439977977,
        0.00954348681621409,
        0.00927202216066482,
        0.008967097042898792,
        0.008726962281974159,
        0.008604382929642445,
        0.008368399694365132,
        0.00825560697757209
    ],
    "selections": [
        null,
        null,
        "_entity_novelty:Instance-attribute",
        "_subject_gaps:Instance-character-gender",
        "_subject_gaps:Instance-character-gender",
        "_subject_gaps:Instance-attribute-character",
        "_subject_gaps:Instance-character-designation",
        "_subject_gaps:Instance-age-character",
        "_subject_gaps:Instance-attribute-character",
        "_statement_novelty:Actor-Source",
        "_statement_novelty:Actor-Source"
    ]
}