{
    "abstract_actions": [
        null,
        7,
        5,
        7,
        2,
        7,
        5,
        7,
        7,
        2,
        7
    ],
    "specific_actions": [
        null,
        25,
        11,
        25,
        25,
        25,
        11,
        25,
        25,
        25,
        25
    ],
    "rewards": [
        0,
        0,
        -0.026582278481012578,
        0.4569672131147542,
        -0.02008032128514059,
        -0.01542111506524324,
        -0.015186915887850594,
        0.29795299469294934,
        -0.018601190476190466,
        -0.014301430143014215,
        -0.014099783080260275
    ],
    "states": [
        0.0,
        0.0008669267446900737,
        0.0008438818565400844,
        0.0012295081967213116,
        0.0012048192771084338,
        0.0011862396204033216,
        0.0011682242990654205,
        0.001516300227445034,
        0.001488095238095238,
        0.0014668133480014668,
        0.0014461315979754157
    ],
    "selections": [
        null,
        null,
        "_trust:Source",
        "_complement_gaps:Instance-attribute-character",
        "_trust:Source",
        "_statement_novelty:Actor-Source",
        "_trust:Source",
        "_complement_gaps:Instance-attribute-character",
        "_trust:Source",
        "_trust:Source",
        "_statement_novelty:Actor-Source"
    ]
}