{
    "abstract_actions": [
        null,
        7,
        2,
        2,
        5,
        3,
        3,
        4,
        7,
        4,
        5
    ],
    "specific_actions": [
        null,
        25,
        25,
        25,
        11,
        null,
        11,
        null,
        25,
        null,
        11
    ],
    "rewards": [
        0,
        0,
        -0.00583078149251226,
        0.00032147880249144833,
        0.002549165461733338,
        -0.0034345625451916995,
        -0.002686603207824434,
        0.00034327708746317853,
        -0.0025220554249312244,
        0.0004097665220010871,
        -0.002366284033503696
    ],
    "states": [
        11.742296918767506,
        10.985714285714286,
        10.921658986175116,
        10.92517006802721,
        10.953020134228188,
        10.915401301518438,
        10.886075949367088,
        10.88981288981289,
        10.862348178137651,
        10.866799204771372,
        10.84108527131783
    ],
    "selections": [
        null,
        null,
        "_trust:Source",
        "_statement_novelty:Actor-Source",
        "_statement_novelty:Actor-Source",
        "_complement_gaps:Instance-attribute-character",
        "_entity_novelty:Instance-character",
        "_entity_novelty:Instance-attribute",
        "_subject_gaps:Instance-attribute-character",
        "_trust:Source",
        "_subject_gaps:Instance-character-institution"
    ]
}