{
    "abstract_actions": [
        null,
        4,
        4,
        3,
        4,
        4,
        4,
        4,
        7,
        4,
        5
    ],
    "specific_actions": [
        null,
        null,
        null,
        11,
        null,
        null,
        null,
        null,
        25,
        null,
        11
    ],
    "rewards": [
        0,
        0,
        0.011777576306545745,
        0.008560638679100396,
        0.006338310184162088,
        0.010169924980700351,
        0.009469138059821747,
        0.007968367310174918,
        0.007519892587949828,
        0.007137750667184806,
        0.006728403434324015
    ],
    "states": [
        2.261951971799956,
        2.3403682236617795,
        2.367932089001371,
        2.388203100031959,
        2.403340272062739,
        2.4277820623327133,
        2.4507710658601005,
        2.4702997099060227,
        2.4888760983845595,
        2.5066410754163444,
        2.5235067678367935
    ],
    "selections": [
        null,
        null,
        "_subject_gaps:Instance-attribute-character",
        "_subject_gaps:Instance-attribute-character",
        "_entity_novelty:Instance-attribute",
        "_subject_gaps:Instance-attribute-character",
        "_subject_gaps:Instance-attribute-character",
        "_subject_gaps:Instance-attribute-character",
        "_subject_gaps:Instance-attribute-character",
        "_trust:Source",
        "_subject_gaps:Instance-character-object"
    ]
}