{
    "actions": [
        null,
        7,
        5,
        5,
        7,
        2,
        5,
        3,
        7,
        2,
        5
    ],
    "rewards": [
        0,
        0,
        0.0018212763520231157,
        0.004840599500671061,
        0.004051706904119712,
        0.0019478165339867903,
        0.0019162268846570907,
        0.004890271376855493,
        0.004153996866924192,
        0.0017388230071524458,
        0.0017122014982589029
    ],
    "states": [
        2.473255879533021,
        2.4945135527203743,
        2.499056751263745,
        2.511153684126061,
        2.52132814284534,
        2.5262392274895804,
        2.5310800750143714,
        2.5434577434577434,
        2.5540232589552208,
        2.5584642533586943,
        2.562844859686537
    ],
    "selections": [
        null,
        null,
        "_trust:Source",
        "_complement_gaps:Instance-attribute-character",
        "_complement_gaps:Instance-attribute-character",
        "_trust:Source",
        "_statement_novelty:Actor-Source",
        "_complement_gaps:Instance-attribute-character",
        "_entity_novelty:Instance-character",
        "_trust:Source",
        "_statement_novelty:Actor-Source"
    ]
}