{
    "abstract_actions": [
        null,
        4,
        7,
        7,
        7,
        7,
        7,
        4,
        4,
        7,
        7
    ],
    "specific_actions": [
        null,
        null,
        25,
        25,
        25,
        25,
        25,
        null,
        null,
        25,
        25
    ],
    "rewards": [
        0,
        0,
        0.4576663858466723,
        -0.02465078060805259,
        -0.015770319450060577,
        -0.015525477707006408,
        -0.015288122304978446,
        -0.015057915057915094,
        0.3011806078874655,
        0.21787812041115995,
        -0.018024513338139925
    ],
    "states": [
        0.0,
        0.0008669267446900737,
        0.0012636899747262005,
        0.0012325390304026294,
        0.001213101496158512,
        0.0011942675159235668,
        0.0011760094080752645,
        0.0011583011583011582,
        0.0015071590052750565,
        0.0018355359765051395,
        0.001802451333813987
    ],
    "selections": [
        null,
        null,
        "_subject_gaps:Instance-character-object",
        "_trust:Source",
        "_trust:Source",
        "_trust:Source",
        "_trust:Source",
        "_trust:Source",
        "_subject_gaps:Instance-character-enchantment",
        "_subject_gaps:Instance-character-enchantment",
        "_trust:Source"
    ]
}