{
    "actions": [
        null,
        7,
        4,
        4,
        2,
        5,
        7,
        2,
        4,
        3,
        5,
        6,
        4,
        7,
        6,
        7,
        2,
        7,
        2,
        5,
        7,
        4,
        7,
        5,
        2,
        5
    ],
    "rewards": [
        0,
        0,
        0.0,
        0.0,
        0.0,
        0.0,
        0.0,
        0.0,
        0.0,
        -0.0016603415559772738,
        0.0,
        -0.0016103059581319412,
        0.0,
        0.014285714285714235,
        0.0,
        0.0,
        0.0,
        0.0,
        0.0,
        0.0,
        0.0,
        0.0,
        -0.0017605633802816323,
        0.0,
        0.0,
        0.0
    ],
    "states": [
        1.1147540983606556,
        1.1147540983606556,
        1.1147540983606556,
        1.1147540983606556,
        1.1147540983606556,
        1.1147540983606556,
        1.1147540983606556,
        1.1147540983606556,
        1.1147540983606556,
        1.1129032258064515,
        1.1129032258064515,
        1.1111111111111112,
        1.1111111111111112,
        1.126984126984127,
        1.126984126984127,
        1.126984126984127,
        1.126984126984127,
        1.126984126984127,
        1.126984126984127,
        1.126984126984127,
        1.126984126984127,
        1.126984126984127,
        1.125,
        1.125,
        1.125,
        1.125
    ],
    "selections": [
        null,
        null,
        "_trust:Source",
        "_subject_gaps:Instance-attribute-character",
        "_subject_gaps:Instance-attribute-character",
        "_statement_novelty:Actor-Source",
        "_complement_gaps:Instance-attribute-character",
        "_trust:Source",
        "_statement_novelty:Actor-Source",
        "_subject_gaps:Instance-attribute-character",
        "_entity_novelty:Instance-attribute",
        "_complement_gaps:Instance-attribute-character",
        "_overlaps:character",
        "_subject_gaps:Instance-attribute-character",
        "_trust:Source",
        "_overlaps:character",
        "_trust:Source",
        "_statement_novelty:Actor-Source",
        "_trust:Source",
        "_statement_novelty:Actor-Source",
        "_complement_gaps:Instance-attribute-character",
        "_trust:Source",
        "_subject_gaps:Instance-attribute-character",
        "_trust:Source",
        "_complement_gaps:Instance-attribute-character",
        "_statement_novelty:Actor-Source"
    ]
}