{
    "actions": [
        null,
        7,
        5,
        7,
        4,
        7,
        4,
        4,
        5,
        3,
        2
    ],
    "rewards": [
        0,
        0,
        0.005152446263997135,
        0.011486449057567238,
        0.004953063875696051,
        0.009276944742321103,
        0.004528114969325481,
        0.009392054206138534,
        0.008768246598786611,
        0.007404917242785469,
        0.003676003541231987
    ],
    "states": [
        2.2621093381172694,
        2.347540138706822,
        2.359635713124085,
        2.3867395485373013,
        2.3985612219758563,
        2.4208125418932003,
        2.431774259402078,
        2.4546136150634745,
        2.4761362725450904,
        2.4944718567251463,
        2.5036415441039717
    ],
    "selections": [
        null,
        null,
        "_trust:Source",
        "_complement_gaps:Instance-attribute-character",
        "_trust:Source",
        "_subject_gaps:Instance-attribute-character",
        "_trust:Source",
        "_subject_gaps:Instance-attribute-character",
        "_subject_gaps:Instance-attribute-character",
        "_complement_gaps:Instance-attribute-character",
        "_entity_novelty:Instance-attribute"
    ]
}