{
    "abstract_actions": [
        null,
        5,
        3,
        6,
        5,
        5,
        3,
        7,
        4,
        6,
        3
    ],
    "specific_actions": [
        null,
        11,
        11,
        null,
        11,
        11,
        11,
        25,
        null,
        null,
        null
    ],
    "rewards": [
        0,
        0,
        0.024829931972789154,
        0.018918021905077964,
        0.018566775244299727,
        0.022385673169171838,
        0.020018767594619957,
        0.011959521619135272,
        0.015151515151515138,
        0.01164179104477614,
        0.016819120684567812
    ],
    "states": [
        2853.0,
        2940.0,
        3013.0,
        3070.0,
        3127.0,
        3197.0,
        3261.0,
        3300.0,
        3350.0,
        3389.0,
        3446.0
    ],
    "selections": [
        null,
        null,
        "_complement_gaps:Instance-attribute-character",
        "_entity_novelty:Instance-attribute",
        "_overlaps:character",
        "_complement_gaps:Instance-attribute-character",
        "_complement_gaps:Instance-attribute-character",
        "_entity_novelty:Instance-attribute",
        "_trust:Source",
        "_subject_gaps:Instance-attribute-character",
        "_overlaps:character"
    ]
}