{
    "actions": [
        null,
        5,
        3,
        5,
        4,
        3,
        5,
        5,
        7,
        5,
        7
    ],
    "rewards": [
        0,
        0,
        -0.03958404115635705,
        -0.011593828284276131,
        -0.029363485400923484,
        -0.028527681389890702,
        -0.027738053789926442,
        -0.026990884936994086,
        -0.02628284524368385,
        -0.009961027004487533,
        -0.030177548993981063
    ],
    "states": [
        0.013056202873306185,
        0.010384007064254536,
        0.009972966101255183,
        0.009857341244792324,
        0.009567895349058943,
        0.009294945478969172,
        0.009037121781299092,
        0.008793201867138445,
        0.008562091503267973,
        0.008476804278589028,
        0.008220995102159519
    ],
    "selections": [
        null,
        null,
        "_complement_gaps:Instance-attribute-character",
        "_entity_novelty:Instance-attribute",
        "_complement_gaps:Instance-attribute-character",
        "_subject_gaps:Instance-attribute-character",
        "_entity_novelty:Instance-attribute",
        "_complement_gaps:Instance-attribute-character",
        "_complement_gaps:Instance-attribute-character",
        "_trust:Source",
        "_complement_gaps:Instance-attribute-character"
    ]
}