{
    "abstract_actions": [
        null,
        3,
        4,
        5,
        7,
        2,
        7,
        4,
        5,
        3,
        4
    ],
    "specific_actions": [
        null,
        null,
        null,
        11,
        25,
        25,
        25,
        null,
        11,
        null,
        null
    ],
    "rewards": [
        0,
        0,
        0.029042045947117456,
        0.02695871946082562,
        0.028712059064807116,
        0.02392344497607657,
        0.015186915887850372,
        0.014959723820483273,
        0.024187452758881234,
        0.02324723247232474,
        0.023079697078975947
    ],
    "states": [
        2096.0,
        2307.0,
        2374.0,
        2438.0,
        2508.0,
        2568.0,
        2607.0,
        2646.0,
        2710.0,
        2773.0,
        2837.0
    ],
    "selections": [
        null,
        null,
        "_entity_novelty:Instance-character",
        "_subject_gaps:Instance-attribute-character",
        "_complement_gaps:Instance-attribute-character",
        "_trust:Source",
        "_statement_novelty:Actor-Source",
        "_trust:Source",
        "_subject_gaps:Instance-attribute-character",
        "_complement_gaps:Instance-attribute-character",
        "_entity_novelty:Instance-character"
    ]
}