{
    "actions": [
        null,
        5,
        7,
        6,
        4,
        5,
        4,
        7,
        5,
        5,
        4
    ],
    "rewards": [
        0,
        0,
        0.002232482054750795,
        0.0022002383858690244,
        0.0018321681414152913,
        0.004907524270900021,
        0.0047091968854042765,
        0.004522690034530985,
        0.001886979840710623,
        0.0048139646443989825,
        0.00409165365408537
    ],
    "states": [
        2.4550418422458304,
        2.4790848585690517,
        2.484619371028012,
        2.4900861259424216,
        2.4946483824117536,
        2.5068909298958006,
        2.5186963728549143,
        2.5300876558404344,
        2.534861880242236,
        2.5470646157121566,
        2.5574863219542268
    ],
    "selections": [
        null,
        null,
        "_complement_gaps:Instance-attribute-character",
        "_trust:Source",
        "_overlaps:attribute",
        "_subject_gaps:Instance-attribute-character",
        "_complement_gaps:Instance-attribute-character",
        "_subject_gaps:Instance-attribute-character",
        "_trust:Source",
        "_complement_gaps:Instance-attribute-character",
        "_complement_gaps:Instance-attribute-character"
    ]
}