{
    "actions": [
        null,
        7,
        4,
        5,
        3,
        5,
        4,
        7,
        5,
        5,
        4
    ],
    "rewards": [
        0,
        0,
        0.0016923434860454112,
        -0.0028088939630475096,
        -0.0045983168253910245,
        0.0026227795193312087,
        -0.004343110730223865,
        -0.002309396158977184,
        0.0025024569577403177,
        -0.0022278754632909514,
        -0.002122059709030122
    ],
    "states": [
        11.675070028011204,
        10.869976359338061,
        10.888372093023255,
        10.857787810383748,
        10.807860262008735,
        10.836206896551724,
        10.789144050104385,
        10.764227642276422,
        10.791164658634537,
        10.767123287671232,
        10.744274809160306
    ],
    "selections": [
        null,
        null,
        "_trust:Source",
        "_subject_gaps:Instance-attribute-character",
        "_complement_gaps:Instance-attribute-character",
        "_entity_novelty:Instance-attribute",
        "_complement_gaps:Instance-attribute-character",
        "_subject_gaps:Instance-attribute-character",
        "_trust:Source",
        "_complement_gaps:Instance-attribute-character",
        "_complement_gaps:Instance-attribute-character"
    ]
}