{
    "abstract_actions": [
        null,
        3,
        5,
        4,
        7,
        5,
        3,
        7,
        2,
        4,
        5
    ],
    "specific_actions": [
        null,
        11,
        11,
        null,
        25,
        11,
        null,
        25,
        25,
        null,
        11
    ],
    "rewards": [
        0,
        0,
        0.013242993532491587,
        0.023404255319148914,
        0.022869022869022926,
        0.015679442508710784,
        0.019725557461406584,
        0.019624334174376257,
        0.01484740170470178,
        0.010837171498238929,
        0.010720986330742477
    ],
    "states": [
        3153.0,
        3247.0,
        3290.0,
        3367.0,
        3444.0,
        3498.0,
        3567.0,
        3637.0,
        3691.0,
        3731.0,
        3771.0
    ],
    "selections": [
        null,
        null,
        "_entity_novelty:Instance-attribute",
        "_complement_gaps:Instance-attribute-character",
        "_subject_gaps:Instance-attribute-character",
        "_trust:Source",
        "_complement_gaps:Instance-attribute-character",
        "_entity_novelty:Instance-character",
        "_trust:Source",
        "_statement_novelty:Actor-Source",
        "_subject_gaps:Instance-attribute-character"
    ]
}