{
    "abstract_actions": [
        null,
        3,
        5,
        3,
        4,
        3,
        2,
        7,
        4,
        5,
        3
    ],
    "specific_actions": [
        null,
        null,
        11,
        11,
        null,
        11,
        25,
        25,
        null,
        11,
        11
    ],
    "rewards": [
        0,
        0,
        -0.01998558076365542,
        -0.0365582944604711,
        -0.01163248461641686,
        -0.034877813907075006,
        -0.01109909083497762,
        -0.029877519647718787,
        -0.014682379994251371,
        -0.026858106204097676,
        -0.031108875045878892
    ],
    "states": [
        0.013134665630958265,
        0.01056689342403628,
        0.010355707922089265,
        0.009977120902526893,
        0.009861062197112117,
        0.009517129904875148,
        0.009411498415572657,
        0.00913030618674691,
        0.008996251561849229,
        0.008754629281962302,
        0.008482282613556744
    ],
    "selections": [
        null,
        null,
        "_entity_novelty:Instance-character",
        "_complement_gaps:Instance-attribute-character",
        "_entity_novelty:Instance-attribute",
        "_subject_gaps:Instance-attribute-character",
        "_entity_novelty:Instance-attribute",
        "_statement_novelty:Actor-Source",
        "_trust:Source",
        "_subject_gaps:Instance-ability-character",
        "_complement_gaps:Instance-attribute-character"
    ]
}