{
    "abstract_actions": [
        null,
        3,
        6,
        5,
        4,
        5,
        3,
        7,
        7,
        5,
        3
    ],
    "specific_actions": [
        null,
        11,
        null,
        11,
        null,
        11,
        11,
        25,
        25,
        11,
        11
    ],
    "rewards": [
        0,
        0,
        0.1728674203494347,
        -0.019153225806451624,
        0.14210526315789473,
        0.11713367018833276,
        0.10231568998109641,
        0.09150933663468486,
        -0.01523925632429135,
        -0.011746987951807175,
        0.07919621749408967
    ],
    "states": [
        0.0014461315979754157,
        0.0017525411847178409,
        0.0020554984583761563,
        0.0020161290322580645,
        0.002302631578947368,
        0.002572347266881029,
        0.002835538752362949,
        0.0030950170225936243,
        0.003047851264858275,
        0.0030120481927710845,
        0.0032505910165484633
    ],
    "selections": [
        null,
        null,
        "_entity_novelty:Instance-attribute",
        "_overlaps:character",
        "_complement_gaps:Instance-attribute-character",
        "_subject_gaps:Instance-ability-character",
        "_complement_gaps:Instance-attribute-character",
        "_entity_novelty:Instance-attribute",
        "_trust:Source",
        "_trust:Source",
        "_complement_gaps:Instance-attribute-character"
    ]
}