{
    "actions": [
        null,
        5,
        7,
        5,
        4,
        3,
        5,
        5,
        5,
        5,
        5
    ],
    "rewards": [
        0,
        0,
        0.4538364249578415,
        -0.016175860638738992,
        0.29571409377939006,
        0.21856581532416497,
        -0.015092879256965896,
        -0.014868471216164636,
        0.16880802079465274,
        0.1395840889856126,
        0.1145585931578148
    ],
    "states": [
        0.0,
        0.0008699434536755111,
        0.0012647554806070826,
        0.001244296972210701,
        0.0016122531237404273,
        0.0019646365422396855,
        0.001934984520123839,
        0.0019062142584826535,
        0.0022279985146676567,
        0.0025389916575988395,
        0.002829854969932791
    ],
    "selections": [
        null,
        null,
        "_complement_gaps:Instance-attribute-character",
        "_trust:Source",
        "_complement_gaps:Instance-attribute-character",
        "_subject_gaps:Instance-attribute-character",
        "_entity_novelty:Instance-attribute",
        "_complement_gaps:Instance-attribute-character",
        "_complement_gaps:Instance-attribute-character",
        "_complement_gaps:Instance-attribute-character",
        "_complement_gaps:Instance-attribute-character"
    ]
}