{
    "abstract_actions": [
        null,
        3,
        7,
        4,
        4,
        5,
        4,
        4,
        4,
        4,
        4
    ],
    "specific_actions": [
        null,
        11,
        25,
        null,
        null,
        11,
        null,
        null,
        null,
        null,
        null
    ],
    "rewards": [
        0,
        0,
        0.011843876177658252,
        0.018089917531258326,
        0.019858897308596912,
        0.010504739943633101,
        0.010395537525355047,
        0.02107904642409042,
        0.020643892848365653,
        0.01805923428846623,
        0.01797540208136228
    ],
    "states": [
        3622.0,
        3715.0,
        3759.0,
        3827.0,
        3903.0,
        3944.0,
        3985.0,
        4069.0,
        4153.0,
        4228.0,
        4304.0
    ],
    "selections": [
        null,
        null,
        "_entity_novelty:Instance-attribute",
        "_trust:Source",
        "_subject_gaps:Instance-attribute-character",
        "_subject_gaps:Instance-attribute-character",
        "_complement_gaps:Instance-attribute-character",
        "_subject_gaps:Instance-attribute-character",
        "_subject_gaps:Instance-character-designation",
        "_subject_gaps:Instance-attribute-character",
        "_subject_gaps:Instance-attribute-character"
    ]
}