{
    "abstract_actions": [
        null,
        6,
        3,
        6,
        2,
        5,
        4,
        4,
        4,
        4,
        5
    ],
    "specific_actions": [
        null,
        null,
        null,
        null,
        25,
        11,
        null,
        null,
        null,
        null,
        11
    ],
    "rewards": [
        0,
        0,
        0.0010894802801850734,
        0.00040031871033008315,
        0.0030671158081894134,
        0.0010551580436222174,
        -0.0005253184743250205,
        0.0010177213961135578,
        0.0005234386231351973,
        -0.000520999468367922,
        0.001279678580891952
    ],
    "states": [
        12.294017094017095,
        12.23217247097844,
        12.245499181669395,
        12.250401284109149,
        12.287974683544304,
        12.300940438871473,
        12.294478527607362,
        12.306990881458967,
        12.313432835820896,
        12.307017543859649,
        12.322766570605188
    ],
    "selections": [
        null,
        null,
        "_overlaps:character",
        "_entity_novelty:Instance-character",
        "_overlaps:character",
        "_statement_novelty:Actor-Source",
        "_complement_gaps:Instance-attribute-character",
        "_subject_gaps:Instance-age-character",
        "_subject_gaps:Instance-ability-character",
        "_subject_gaps:Instance-character-enchantment",
        "_subject_gaps:Instance-attribute-character"
    ]
}