{
    "abstract_actions": [
        null,
        3,
        7,
        7,
        7,
        7,
        7,
        7,
        7,
        7,
        7
    ],
    "specific_actions": [
        null,
        null,
        25,
        25,
        25,
        25,
        25,
        25,
        25,
        25,
        25
    ],
    "rewards": [
        0,
        0,
        0.057077625570776336,
        0.0388768898488121,
        0.018711018711018657,
        0.01836734693877573,
        0.018036072144288484,
        0.017716535433070835,
        0.01740812379110257,
        0.017110266159695797,
        0.016822429906542036
    ],
    "states": [
        7.0588235294117645,
        8.588235294117647,
        9.07843137254902,
        9.431372549019608,
        9.607843137254902,
        9.784313725490197,
        9.96078431372549,
        10.137254901960784,
        10.313725490196079,
        10.490196078431373,
        10.666666666666666
    ],
    "selections": [
        null,
        null,
        "_entity_novelty:Instance-character",
        "_trust:Source",
        "_trust:Source",
        "_trust:Source",
        "_trust:Source",
        "_trust:Source",
        "_trust:Source",
        "_trust:Source",
        "_trust:Source"
    ]
}