{
    "abstract_actions": [
        null,
        7,
        4,
        4,
        5,
        5,
        6,
        2,
        7,
        7,
        5
    ],
    "specific_actions": [
        null,
        25,
        null,
        null,
        11,
        11,
        null,
        25,
        25,
        25,
        11
    ],
    "rewards": [
        0,
        0,
        0.008977299755272838,
        0.011402052855987499,
        0.009506058081847568,
        0.009915957424613486,
        0.007408885542482313,
        0.005790583339303934,
        0.0051448946915577665,
        0.0049855282989166305,
        0.004833503370503145
    ],
    "states": [
        2.261951971799956,
        2.3403682236617795,
        2.3613784107433067,
        2.3883029721955897,
        2.41100631896633,
        2.4349137549756743,
        2.452953752292105,
        2.4671577854222106,
        2.4798510524156647,
        2.492214420014581,
        2.504260546813738
    ],
    "selections": [
        null,
        null,
        "_trust:Source",
        "_subject_gaps:Instance-character-physical-appearance",
        "_subject_gaps:Instance-attribute-character",
        "_complement_gaps:Instance-attribute-character",
        "_complement_gaps:Instance-attribute-character",
        "_overlaps:character",
        "_statement_novelty:Actor-Source",
        "_trust:Source",
        "_trust:Source"
    ]
}