{
    "abstract_actions": [
        null,
        4,
        4,
        5,
        5,
        6,
        2,
        6,
        4,
        5,
        5
    ],
    "specific_actions": [
        null,
        null,
        null,
        11,
        11,
        22,
        25,
        22,
        null,
        11,
        11
    ],
    "rewards": [
        0,
        0,
        0.1169270959314983,
        -0.013034759358288905,
        0.09928151534944485,
        0.08836283500390985,
        -0.01821608040200995,
        -0.012100527458889232,
        -0.01767753733617805,
        -0.011746987951807175,
        0.0772861356932153
    ],
    "states": [
        0.0021436227224008574,
        0.0024255024255024253,
        0.0027091093802912294,
        0.00267379679144385,
        0.002939255388634879,
        0.003198976327575176,
        0.00314070351758794,
        0.003102699348433137,
        0.003047851264858275,
        0.0030120481927710845,
        0.0032448377581120944
    ],
    "selections": [
        null,
        null,
        "_subject_gaps:Instance-attribute-character",
        "_subject_gaps:Instance-character-designation",
        "_complement_gaps:Instance-attribute-character",
        "_complement_gaps:Instance-attribute-character",
        "_overlaps:attribute-physical-appearance",
        "_statement_novelty:Actor-Source",
        "_overlaps:attribute-physical-appearance",
        "_subject_gaps:Instance-ability-character",
        "_complement_gaps:Instance-attribute-character"
    ]
}