{
    "abstract_actions": [
        null,
        4,
        7,
        2,
        7,
        4,
        4,
        4,
        2,
        2,
        6
    ],
    "specific_actions": [
        null,
        null,
        25,
        25,
        25,
        null,
        null,
        null,
        25,
        25,
        null
    ],
    "rewards": [
        0,
        0,
        -0.02099495744774338,
        -0.02042967936087725,
        -0.008894991462101598,
        -0.008818489116716122,
        -0.008743246653910353,
        -0.017521491376548792,
        -0.00852135181223046,
        -0.010046493230190134,
        -0.00837079001778629
    ],
    "states": [
        0.008433858763376626,
        0.008141034915123456,
        0.007970114233499847,
        0.0078072873552398805,
        0.007737841600872848,
        0.007669605528928677,
        0.007602548276051059,
        0.007469340291992435,
        0.007405691415559099,
        0.007331290186887807,
        0.007269921496173912
    ],
    "selections": [
        null,
        null,
        "_subject_gaps:Instance-character-gender",
        "_trust:Source",
        "_statement_novelty:Actor-Source",
        "_trust:Source",
        "_subject_gaps:Instance-attribute-character",
        "_subject_gaps:Instance-character-personality-trait",
        "_subject_gaps:Instance-ancestry-character",
        "_statement_novelty:Actor-Source",
        "_statement_novelty:Actor-Source"
    ]
}