{
    "abstract_actions": [
        null,
        2,
        6,
        4,
        7,
        7,
        4,
        4,
        2,
        2,
        5
    ],
    "specific_actions": [
        null,
        25,
        null,
        null,
        25,
        25,
        null,
        null,
        25,
        25,
        11
    ],
    "rewards": [
        0,
        0,
        -0.014519435940835601,
        -0.009320640331732521,
        -0.02480057929867563,
        -0.011591804347518608,
        -0.008913662454215987,
        -0.023716586449508803,
        -0.00862987967034945,
        -0.011015946202067362,
        -0.0084710200782665
    ],
    "states": [
        0.008322583181163589,
        0.008107803376372227,
        0.0079900826446281,
        0.007915609958076704,
        0.0077192982456140355,
        0.007629817650650734,
        0.007561808031525614,
        0.007382467757631347,
        0.007318757949212754,
        0.0072381349053782735,
        0.007176820519265613
    ],
    "selections": [
        null,
        null,
        "_statement_novelty:Actor-Source",
        "_overlaps:character",
        "_subject_gaps:Instance-attribute-character",
        "_trust:Source",
        "_trust:Source",
        "_subject_gaps:Instance-character-object",
        "_subject_gaps:Instance-attribute-character",
        "_statement_novelty:Actor-Source",
        "_statement_novelty:Actor-Source"
    ]
}