{
    "abstract_actions": [
        null,
        3,
        5,
        7,
        4,
        5,
        7,
        2,
        5,
        3,
        7
    ],
    "specific_actions": [
        null,
        null,
        11,
        25,
        null,
        11,
        25,
        25,
        11,
        11,
        25
    ],
    "rewards": [
        0,
        0,
        0.014203584714237438,
        0.013004334778259352,
        0.019749835418038098,
        0.01839896707553268,
        0.022187004754358197,
        0.015503875968992276,
        0.01190839694656498,
        0.02112251056125536,
        0.016843971631205656
    ],
    "states": [
        2870.0,
        2957.0,
        2999.0,
        3038.0,
        3098.0,
        3155.0,
        3225.0,
        3275.0,
        3314.0,
        3384.0,
        3441.0
    ],
    "selections": [
        null,
        null,
        "_entity_novelty:Instance-character",
        "_complement_gaps:Instance-attribute-character",
        "_trust:Source",
        "_subject_gaps:Instance-character-personality-trait",
        "_complement_gaps:Instance-attribute-character",
        "_trust:Source",
        "_statement_novelty:Actor-Source",
        "_complement_gaps:Instance-attribute-character",
        "_entity_novelty:Instance-attribute"
    ]
}