{
    "abstract_actions": [
        null,
        4,
        5,
        4,
        3,
        2,
        2,
        2,
        5,
        2,
        7
    ],
    "specific_actions": [
        null,
        null,
        11,
        null,
        11,
        25,
        25,
        25,
        11,
        25,
        25
    ],
    "rewards": [
        0,
        0,
        -0.0008264161491436939,
        -0.002818181993300417,
        -0.004834990678282636,
        0.0003463515329518163,
        -0.004166334952100392,
        0.00038879379718226303,
        0.0003775612335321643,
        0.0003668085696122425,
        0.0004046856030364143
    ],
    "states": [
        11.742296918767506,
        10.985714285714286,
        10.976635514018692,
        10.945701357466064,
        10.89277899343545,
        10.89655172413793,
        10.851153039832285,
        10.855371900826446,
        10.859470468431772,
        10.863453815261044,
        10.86785009861933
    ],
    "selections": [
        null,
        null,
        "_subject_gaps:Instance-age-character",
        "_complement_gaps:Instance-attribute-character",
        "_subject_gaps:Instance-character-product",
        "_entity_novelty:Instance-attribute",
        "_statement_novelty:Actor-Source",
        "_statement_novelty:Actor-Source",
        "_statement_novelty:Actor-Source",
        "_complement_gaps:Instance-attribute-character",
        "_statement_novelty:Actor-Source"
    ]
}