{
    "actions": [
        null,
        3,
        7,
        4,
        7,
        4,
        4,
        6,
        6,
        7,
        4
    ],
    "rewards": [
        0,
        0,
        -0.01964852378780102,
        -0.005857938425974485,
        -0.020736135340176043,
        -0.005720620793481457,
        -0.016551501777326227,
        -0.016290137966855522,
        -0.005857795168910496,
        -0.005509872242424385,
        -0.005487367130070697
    ],
    "states": [
        0.008677541473765432,
        0.008355479482906176,
        0.00819130664552781,
        0.008143322475570033,
        0.007974461438597915,
        0.007928842568675456,
        0.007797608316807884,
        0.007670584201515583,
        0.007625651490437224,
        0.007583635124959662,
        0.0075420209348485085
    ],
    "selections": [
        null,
        null,
        "_entity_novelty:Instance-character",
        "_trust:Source",
        "_subject_gaps:Instance-attribute-character",
        "_trust:Source",
        "_subject_gaps:Instance-attribute-character",
        "_subject_gaps:Instance-attribute-character",
        "_overlaps:character",
        "_overlaps:character",
        "_trust:Source"
    ]
}