{
    "actions": [
        null,
        3,
        4,
        2,
        2,
        4,
        7,
        2,
        2,
        5,
        5,
        2,
        7,
        2,
        4,
        7,
        4,
        5,
        3,
        3,
        6,
        4,
        7,
        4,
        7,
        6
    ],
    "rewards": [
        0,
        0,
        0.01788949275362328,
        0.009121245828698443,
        0.009038800705467365,
        0.0089578326414681,
        0.008878302295366014,
        0.008800171710667604,
        0.008723404255319256,
        0.008647964564437949,
        0.017565872020075313,
        0.008425811755034873,
        0.008355410637864269,
        0.00828617623282124,
        0.008218079775506038,
        0.016699801192842978,
        0.008017207665232728,
        0.007953443258971848,
        0.014626635873749017,
        0.014415781487101764,
        0.012715033657441976,
        0.00923190546528807,
        0.01244054152945484,
        0.007408745934224692,
        0.010403587443946094,
        0.007278537191549805
    ],
    "states": [
        4323.0,
        4416.0,
        4495.0,
        4536.0,
        4577.0,
        4618.0,
        4659.0,
        4700.0,
        4741.0,
        4782.0,
        4866.0,
        4907.0,
        4948.0,
        4989.0,
        5030.0,
        5114.0,
        5155.0,
        5196.0,
        5272.0,
        5348.0,
        5416.0,
        5466.0,
        5534.0,
        5575.0,
        5633.0,
        5674.0
    ],
    "selections": [
        null,
        null,
        "_entity_novelty:Instance-character",
        "_subject_gaps:Instance-attribute-character",
        "_statement_novelty:Actor-Source",
        "_statement_novelty:Actor-Source",
        "_subject_gaps:Instance-attribute-character",
        "_trust:Source",
        "_statement_novelty:Actor-Source",
        "_statement_novelty:Actor-Source",
        "_complement_gaps:Instance-attribute-character",
        "_complement_gaps:Instance-attribute-character",
        "_statement_novelty:Actor-Source",
        "_trust:Source",
        "_statement_novelty:Actor-Source",
        "_subject_gaps:Instance-attribute-character",
        "_trust:Source",
        "_subject_gaps:Instance-attribute-character",
        "_complement_gaps:Instance-attribute-character",
        "_entity_novelty:Instance-character",
        "_entity_novelty:Instance-attribute",
        "_overlaps:character",
        "_subject_gaps:Instance-attribute-character",
        "_trust:Source",
        "_subject_gaps:Instance-attribute-character",
        "_trust:Source"
    ]
}