{
    "actions": [
        null,
        7,
        5,
        3,
        7,
        5,
        4,
        7,
        2,
        7,
        5
    ],
    "rewards": [
        0,
        0,
        0.02277904328018243,
        0.05122494432071267,
        0.04872881355932179,
        0.0181818181818183,
        0.0535714285714286,
        0.05084745762711873,
        0.016129032258064502,
        0.01587301587301604,
        0.015625
    ],
    "states": [
        7.0588235294117645,
        8.607843137254902,
        8.803921568627452,
        9.254901960784315,
        9.705882352941176,
        9.882352941176471,
        10.411764705882353,
        10.941176470588236,
        11.117647058823529,
        11.294117647058824,
        11.470588235294118
    ],
    "selections": [
        null,
        null,
        "_trust:Source",
        "_complement_gaps:Instance-attribute-character",
        "_entity_novelty:Instance-character",
        "_trust:Source",
        "_complement_gaps:Instance-attribute-character",
        "_subject_gaps:Instance-attribute-character",
        "_trust:Source",
        "_statement_novelty:Actor-Source",
        "_trust:Source"
    ]
}