{
    "abstract_actions": [
        null,
        7,
        5,
        7,
        4,
        5,
        5,
        5,
        7,
        4,
        5
    ],
    "specific_actions": [
        null,
        25,
        11,
        25,
        null,
        11,
        11,
        11,
        25,
        null,
        11
    ],
    "rewards": [
        0,
        0,
        -0.014027963996961268,
        -0.024231706426882327,
        -0.011301715133402612,
        -0.005350795870505909,
        -0.019015338680392846,
        -0.022840658739431974,
        -0.018596239603648312,
        -0.010490799520230132,
        -0.018070541566391207
    ],
    "states": [
        0.008133663315216456,
        0.007838864911732189,
        0.007728901596973367,
        0.007541617122473246,
        0.007456383914109862,
        0.007416486325853336,
        0.007275459326548733,
        0.007109283042898416,
        0.006977077112022523,
        0.0069038819948031085,
        0.006779125108246559
    ],
    "selections": [
        null,
        null,
        "_trust:Source",
        "_complement_gaps:Instance-attribute-character",
        "_trust:Source",
        "_subject_gaps:Instance-attribute-character",
        "_complement_gaps:Instance-attribute-character",
        "_complement_gaps:Instance-attribute-character",
        "_complement_gaps:Instance-attribute-character",
        "_trust:Source",
        "_subject_gaps:Instance-activity-character"
    ]
}