{
    "abstract_actions": [
        null,
        3,
        2,
        6,
        3,
        3,
        4,
        2,
        4,
        6,
        4
    ],
    "specific_actions": [
        null,
        null,
        25,
        null,
        null,
        11,
        null,
        25,
        null,
        null,
        null
    ],
    "rewards": [
        0,
        0,
        0.014358974358974264,
        0.01685203909673061,
        0.015246934040437532,
        0.02089454782892597,
        0.012472017908538469,
        0.012318382817435358,
        0.012168486739469575,
        0.0194204685573367,
        0.011793166011490719
    ],
    "states": [
        2845.0,
        2925.0,
        2967.0,
        3017.0,
        3063.0,
        3127.0,
        3166.0,
        3205.0,
        3244.0,
        3307.0,
        3346.0
    ],
    "selections": [
        null,
        null,
        "_entity_novelty:Instance-character",
        "_statement_novelty:Actor-Source",
        "_overlaps:character",
        "_entity_novelty:Instance-character",
        "_entity_novelty:Instance-attribute",
        "_subject_gaps:Instance-character-gender",
        "_statement_novelty:Actor-Source",
        "_subject_gaps:Instance-character-institution",
        "_overlaps:character"
    ]
}