{
    "actions": [
        null,
        5,
        2,
        4,
        5,
        3,
        5,
        3,
        4,
        7,
        4
    ],
    "rewards": [
        0,
        0,
        1.015267175572519,
        1.0135338345864662,
        1.013353115727003,
        1.0395314787701317,
        1.032394366197183,
        1.0368349249658937,
        1.0250000000000001,
        1.024390243902439,
        1.0112781954887218
    ],
    "states": [
        12.294117647058824,
        12.843137254901961,
        13.03921568627451,
        13.215686274509803,
        13.392156862745098,
        13.92156862745098,
        14.372549019607844,
        14.901960784313726,
        15.27450980392157,
        15.647058823529411,
        15.823529411764707
    ],
    "selections": [
        null,
        null,
        "_complement_gaps:Instance-attribute-character",
        "_statement_novelty:Actor-Source",
        "_subject_gaps:Instance-attribute-character",
        "_complement_gaps:Instance-attribute-character",
        "_entity_novelty:Instance-attribute",
        "_complement_gaps:Instance-attribute-character",
        "_entity_novelty:Instance-attribute",
        "_subject_gaps:Instance-attribute-character",
        "_trust:Source"
    ]
}