{
    "abstract_actions": [
        null,
        4,
        7,
        5,
        7,
        7,
        2,
        2,
        7,
        5,
        6
    ],
    "specific_actions": [
        null,
        null,
        25,
        11,
        25,
        25,
        25,
        25,
        25,
        11,
        null
    ],
    "rewards": [
        0,
        0,
        -0.0026002401383438123,
        0.0023557696088782887,
        -0.00172256590352593,
        0.00225648403540335,
        0.002123070536389937,
        0.003768396476071967,
        0.0036913637349513806,
        0.0019523222359227876,
        -0.0006968641114983853
    ],
    "states": [
        10.84108527131783,
        10.761194029850746,
        10.733212341197822,
        10.758497316636852,
        10.739965095986038,
        10.764199655765921,
        10.787052810902896,
        10.827702702702704,
        10.867671691792294,
        10.88888888888889,
        10.88130081300813
    ],
    "selections": [
        null,
        null,
        "_subject_gaps:Instance-ability-character",
        "_trust:Source",
        "_complement_gaps:Instance-attribute-character",
        "_trust:Source",
        "_trust:Source",
        "_statement_novelty:Actor-Source",
        "_statement_novelty:Actor-Source",
        "_trust:Source",
        "_complement_gaps:Instance-attribute-character"
    ]
}