{
    "abstract_actions": [
        null,
        5,
        7,
        4,
        7,
        4,
        4,
        4,
        2,
        7,
        2
    ],
    "specific_actions": [
        null,
        11,
        25,
        null,
        25,
        null,
        null,
        null,
        25,
        25,
        25
    ],
    "rewards": [
        0,
        0,
        0.011777576306545745,
        0.008602815633454108,
        0.006336766952693473,
        0.006116877596709536,
        0.008805478677037515,
        0.005586161542858736,
        0.005404594996319956,
        0.006034959536796558,
        0.0050337035520808815
    ],
    "states": [
        2.261951971799956,
        2.3403682236617795,
        2.367932089001371,
        2.3883029721955897,
        2.4034370915428185,
        2.4181386220431773,
        2.439431490117699,
        2.453058548494233,
        2.4663163364511047,
        2.4812004557465275,
        2.4936900832940436
    ],
    "selections": [
        null,
        null,
        "_complement_gaps:Instance-attribute-character",
        "_trust:Source",
        "_subject_gaps:Instance-age-character",
        "_trust:Source",
        "_subject_gaps:Instance-attribute-character",
        "_subject_gaps:Instance-character-institution",
        "_subject_gaps:Instance-character-institution",
        "_statement_novelty:Actor-Source",
        "_trust:Source"
    ]
}