{
    "abstract_actions": [
        null,
        7,
        4,
        7,
        4,
        7,
        2,
        7,
        5,
        6,
        null
    ],
    "specific_actions": [
        null,
        25,
        null,
        25,
        null,
        25,
        25,
        25,
        11,
        11,
        24
    ],
    "rewards": [
        0,
        0,
        -0.012636092831932788,
        -0.00921951201922322,
        -0.00913599630827211,
        -0.01701583043107202,
        -0.009888418200179938,
        -0.008819129637016476,
        -0.008742547459265393,
        -0.013911056960097534,
        -0.009573345117153798
    ],
    "states": [
        0.008698411178027082,
        0.0084089680645016,
        0.0083027115634178,
        0.008226164614366725,
        0.008151010404818632,
        0.008012314193928335,
        0.007933085080427534,
        0.007863122174681762,
        0.007794378455891605,
        0.00768595041322314,
        0.007612370157364024
    ],
    "selections": [
        null,
        null,
        "_trust:Source",
        "_subject_gaps:Instance-attribute-character",
        "_trust:Source",
        "_subject_gaps:Instance-attribute-character",
        "_trust:Source",
        "_statement_novelty:Actor-Source",
        "_trust:Source",
        "_complement_gaps:Instance-attribute-character",
        "_overlaps:ancestry-attribute"
    ]
}