{
    "abstract_actions": [
        null,
        7,
        5,
        5,
        3,
        6,
        2,
        6,
        3,
        5,
        3
    ],
    "specific_actions": [
        null,
        25,
        11,
        11,
        11,
        null,
        25,
        null,
        null,
        11,
        null
    ],
    "rewards": [
        0,
        0,
        0.015649452269170583,
        0.04314329738058564,
        0.03545051698670587,
        0.032810271041369576,
        0.024861878453038777,
        0.0121293800539084,
        0.023968042609853635,
        0.031209362808842567,
        0.029003783102143688
    ],
    "states": [
        12.254901960784315,
        12.529411764705882,
        12.72549019607843,
        13.27450980392157,
        13.745098039215685,
        14.196078431372548,
        14.549019607843137,
        14.72549019607843,
        15.07843137254902,
        15.549019607843137,
        16.0
    ],
    "selections": [
        null,
        null,
        "_trust:Source",
        "_complement_gaps:Instance-attribute-character",
        "_complement_gaps:Instance-attribute-character",
        "_entity_novelty:Instance-attribute",
        "_overlaps:character",
        "_statement_novelty:Actor-Source",
        "_overlaps:character",
        "_entity_novelty:Instance-character",
        "_complement_gaps:Instance-attribute-character"
    ]
}