{
    "abstract_actions": [
        null,
        5,
        4,
        7,
        5,
        5,
        7,
        7,
        4,
        7,
        4
    ],
    "specific_actions": [
        null,
        11,
        null,
        25,
        11,
        11,
        25,
        25,
        null,
        25,
        null
    ],
    "rewards": [
        0,
        0,
        0.33333333333333326,
        0.125,
        0.33333333333333326,
        0.0,
        0.0,
        0.16666666666666674,
        0.0,
        -0.020408163265306256,
        0.12500000000000022
    ],
    "states": [
        0.0,
        0.5,
        0.6666666666666666,
        0.75,
        1.0,
        1.0,
        1.0,
        1.1666666666666667,
        1.1666666666666667,
        1.1428571428571428,
        1.2857142857142858
    ],
    "selections": [
        null,
        null,
        "_complement_gaps:Instance-attribute-character",
        "_subject_gaps:Instance-character-product",
        "_trust:Source",
        "_complement_gaps:Instance-attribute-character",
        "_complement_gaps:Instance-attribute-character",
        "_trust:Source",
        "_trust:Source",
        "_subject_gaps:Instance-age-character",
        "_trust:Source"
    ]
}