{
    "actions": [
        null,
        7,
        4,
        3,
        7,
        2,
        7,
        5,
        2,
        4,
        4
    ],
    "rewards": [
        0,
        0,
        1.003355784187545,
        0.9996955952634624,
        1.0040170864503564,
        1.0039290533470917,
        1.003843913803145,
        1.0037615410919867,
        1.0036818154156157,
        1.0036046234509057,
        1.0035298579305114
    ],
    "states": [
        10.793036750483559,
        10.780303030303031,
        10.816479400749063,
        10.813186813186814,
        10.856624319419238,
        10.899280575539569,
        10.941176470588236,
        10.982332155477032,
        11.02276707530648,
        11.0625,
        11.101549053356282
    ],
    "selections": [
        null,
        null,
        "_trust:Source",
        "_subject_gaps:Instance-attribute-character",
        "_entity_novelty:Instance-attribute",
        "_trust:Source",
        "_statement_novelty:Actor-Source",
        "_trust:Source",
        "_complement_gaps:Instance-attribute-character",
        "_statement_novelty:Actor-Source",
        "_subject_gaps:Instance-attribute-character"
    ]
}