{
    "abstract_actions": [
        null,
        3,
        7,
        7,
        4,
        5,
        5,
        3,
        3,
        7,
        2
    ],
    "specific_actions": [
        null,
        null,
        25,
        25,
        null,
        11,
        11,
        11,
        null,
        25,
        25
    ],
    "rewards": [
        0,
        0,
        0.022831050228310668,
        0.040178571428571175,
        0.0193133047210301,
        0.05052631578947375,
        0.05611222444889785,
        0.05313092979127143,
        0.04144144144144146,
        0.015570934256055269,
        0.023850085178875657
    ],
    "states": [
        7.0588235294117645,
        8.588235294117647,
        8.784313725490197,
        9.137254901960784,
        9.313725490196079,
        9.784313725490197,
        10.333333333333334,
        10.882352941176471,
        11.333333333333334,
        11.509803921568627,
        11.784313725490197
    ],
    "selections": [
        null,
        null,
        "_entity_novelty:Instance-character",
        "_trust:Source",
        "_trust:Source",
        "_subject_gaps:Instance-attribute-character",
        "_complement_gaps:Instance-attribute-character",
        "_complement_gaps:Instance-attribute-character",
        "_entity_novelty:Instance-attribute",
        "_entity_novelty:Instance-character",
        "_trust:Source"
    ]
}