{
    "actions": [
        null,
        7,
        2,
        2,
        5,
        7,
        7,
        2,
        7,
        5,
        7
    ],
    "rewards": [
        0,
        0,
        -0.01510565743796577,
        -0.011902572447349491,
        -0.011769293216231769,
        -0.03532095327915996,
        -0.011223401257527632,
        -0.011104706519049379,
        -0.010988305757280825,
        -0.01087414266625819,
        -0.03266203883626062
    ],
    "states": [
        0.013056202873306185,
        0.010384007064254536,
        0.010227149810708491,
        0.010105420419156637,
        0.009986486763170287,
        0.0096337545307854,
        0.00952563103806987,
        0.009419851700983356,
        0.00931634349030471,
        0.00921503624206327,
        0.00891405437044745
    ],
    "selections": [
        null,
        null,
        "_trust:Source",
        "_statement_novelty:Actor-Source",
        "_statement_novelty:Actor-Source",
        "_complement_gaps:Instance-attribute-character",
        "_trust:Source",
        "_trust:Source",
        "_statement_novelty:Actor-Source",
        "_trust:Source",
        "_complement_gaps:Instance-attribute-character"
    ]
}