{
    "abstract_actions": [
        null,
        3,
        4,
        6,
        3,
        3,
        3,
        5,
        3,
        3,
        5
    ],
    "specific_actions": [
        null,
        null,
        null,
        null,
        null,
        null,
        11,
        11,
        null,
        11,
        11
    ],
    "rewards": [
        0,
        0,
        0.00042586635473029766,
        0.0011789755230604548,
        0.002866060136265558,
        -0.0015967283362254836,
        -7.704822021203928e-05,
        0.002102546248690773,
        -0.0015238560097621257,
        -8.252542814746189e-05,
        0.0019923278739932826
    ],
    "states": [
        10.752362948960302,
        10.6775956284153,
        10.682142857142857,
        10.694736842105263,
        10.72538860103627,
        10.708263069139965,
        10.707438016528926,
        10.729950900163667,
        10.7136,
        10.712715855572998,
        10.734059097978227
    ],
    "selections": [
        null,
        null,
        "_entity_novelty:Instance-character",
        "_subject_gaps:Instance-age-character",
        "_overlaps:character",
        "_entity_novelty:Instance-character",
        "_entity_novelty:Instance-character",
        "_entity_novelty:Instance-attribute",
        "_complement_gaps:Instance-attribute-character",
        "_entity_novelty:Instance-character",
        "_entity_novelty:Instance-attribute"
    ]
}