{
    "abstract_actions": [
        null,
        5,
        3,
        7,
        5,
        3,
        5,
        5,
        4,
        5,
        5
    ],
    "specific_actions": [
        null,
        11,
        null,
        25,
        11,
        null,
        11,
        11,
        null,
        11,
        11
    ],
    "rewards": [
        0,
        0,
        -0.04018678793601638,
        -0.025834746340185566,
        -0.03131536396855206,
        -0.033902353670949625,
        -0.02758730541139931,
        -0.02728992489229587,
        -0.026137558443940168,
        -0.03030652596291772,
        -0.024723613641629005
    ],
    "states": [
        0.013134665630958265,
        0.01056689342403628,
        0.01014224391886205,
        0.00988022161989796,
        0.009570818883780897,
        0.009246345597062354,
        0.008991263837136847,
        0.008745892922334566,
        0.008517296634932604,
        0.008259166963332147,
        0.008054970510329017
    ],
    "selections": [
        null,
        null,
        "_complement_gaps:Instance-attribute-character",
        "_entity_novelty:Instance-character",
        "_trust:Source",
        "_complement_gaps:Instance-attribute-character",
        "_entity_novelty:Instance-character",
        "_complement_gaps:Instance-attribute-character",
        "_complement_gaps:Instance-attribute-character",
        "_subject_gaps:Instance-character-product",
        "_complement_gaps:Instance-attribute-character"
    ]
}