{
    "abstract_actions": [
        null,
        4,
        6,
        3,
        6,
        4,
        4,
        4,
        4,
        4,
        4
    ],
    "specific_actions": [
        null,
        null,
        11,
        11,
        null,
        null,
        null,
        null,
        null,
        null,
        null
    ],
    "rewards": [
        0,
        0,
        -0.010000000000000009,
        0.09090909090909083,
        -0.015151515151515027,
        0.07692307692307687,
        -0.017857142857142794,
        -0.01538461538461533,
        -0.013392857142857317,
        -0.0117647058823529,
        0.0
    ],
    "states": [
        1.125,
        1.1111111111111112,
        1.1,
        1.2,
        1.1818181818181819,
        1.2727272727272727,
        1.25,
        1.2307692307692308,
        1.2142857142857142,
        1.2,
        1.2
    ],
    "selections": [
        null,
        null,
        "_subject_gaps:Instance-character-personality-trait",
        "_overlaps:attribute-physical-appearance",
        "_entity_novelty:Instance-attribute-physical-appearance",
        "_overlaps:character",
        "_subject_gaps:Instance-age-character",
        "_subject_gaps:Instance-activity-character",
        "_subject_gaps:Instance-character-gender",
        "_subject_gaps:Instance-attribute-character",
        "_subject_gaps:Instance-age-character"
    ]
}