{
    "abstract_actions": [
        null,
        5,
        5,
        5,
        5,
        5,
        7,
        4,
        7,
        4,
        3
    ],
    "specific_actions": [
        null,
        11,
        11,
        11,
        11,
        11,
        25,
        null,
        25,
        null,
        11
    ],
    "rewards": [
        0,
        0,
        0.021380243572395097,
        0.019872813990461147,
        0.01974538841257467,
        0.021401273885350403,
        0.010226989274133125,
        0.014320987654320882,
        0.020447906523855863,
        0.013835877862595325,
        0.01788235294117646
    ],
    "states": [
        3594.0,
        3695.0,
        3774.0,
        3849.0,
        3925.0,
        4009.0,
        4050.0,
        4108.0,
        4192.0,
        4250.0,
        4326.0
    ],
    "selections": [
        null,
        null,
        "_complement_gaps:Instance-attribute-character",
        "_complement_gaps:Instance-attribute-character",
        "_complement_gaps:Instance-attribute-character",
        "_complement_gaps:Instance-attribute-character",
        "_complement_gaps:Instance-attribute-character",
        "_trust:Source",
        "_subject_gaps:Instance-attribute-character",
        "_trust:Source",
        "_subject_gaps:Instance-character-institution"
    ]
}