{
    "abstract_actions": [
        null,
        7,
        2,
        2,
        7,
        2,
        2,
        5,
        3,
        7,
        2
    ],
    "specific_actions": [
        null,
        25,
        25,
        25,
        25,
        25,
        25,
        11,
        11,
        25,
        25
    ],
    "rewards": [
        0,
        0,
        0.027308192457737412,
        0.016455696202531733,
        0.016189290161892966,
        0.01593137254901955,
        0.01568154402895061,
        0.015439429928741033,
        0.02495126705653017,
        0.023963484214530206,
        0.01857355126300142
    ],
    "states": [
        2096.0,
        2307.0,
        2370.0,
        2409.0,
        2448.0,
        2487.0,
        2526.0,
        2565.0,
        2629.0,
        2692.0,
        2742.0
    ],
    "selections": [
        null,
        null,
        "_trust:Source",
        "_statement_novelty:Actor-Source",
        "_statement_novelty:Actor-Source",
        "_trust:Source",
        "_statement_novelty:Actor-Source",
        "_statement_novelty:Actor-Source",
        "_complement_gaps:Instance-attribute-character",
        "_entity_novelty:Instance-attribute",
        "_trust:Source"
    ]
}