{
    "abstract_actions": [
        null,
        4,
        3,
        7,
        4,
        7,
        5,
        7,
        7,
        5,
        7
    ],
    "specific_actions": [
        null,
        null,
        11,
        25,
        null,
        25,
        11,
        25,
        25,
        11,
        25
    ],
    "rewards": [
        0,
        0,
        0.33333333333333326,
        0.125,
        0.33333333333333326,
        0.0,
        0.25,
        -0.040000000000000036,
        0.16666666666666674,
        0.0,
        -0.04761904761904756
    ],
    "states": [
        0.0,
        0.5,
        0.6666666666666666,
        0.75,
        1.0,
        1.0,
        1.25,
        1.2,
        1.4,
        1.4,
        1.3333333333333333
    ],
    "selections": [
        null,
        null,
        "_subject_gaps:Instance-character-personality-trait",
        "_entity_novelty:Instance-attribute",
        "_trust:Source",
        "_subject_gaps:Instance-attribute-character",
        "_trust:Source",
        "_complement_gaps:Instance-attribute-character",
        "_trust:Source",
        "_trust:Source",
        "_complement_gaps:Instance-attribute-character"
    ]
}