{
    "abstract_actions": [
        null,
        5,
        5,
        7,
        5,
        3,
        5,
        5,
        7,
        5,
        7
    ],
    "specific_actions": [
        null,
        11,
        11,
        25,
        11,
        11,
        11,
        11,
        25,
        11,
        25
    ],
    "rewards": [
        0,
        0,
        -0.011761561079925209,
        0.07809798270893364,
        -0.017503217503217483,
        0.06997773748594249,
        -0.01024487756121939,
        0.061062163485070986,
        -0.00993457717470314,
        -0.013859020310633241,
        -0.009701845716990065
    ],
    "states": [
        0.0022371364653243847,
        0.002704895861509332,
        0.002673082063619353,
        0.002881844380403458,
        0.0028314028314028314,
        0.003029537995455693,
        0.0029985007496251873,
        0.0031815956926089083,
        0.003149987884661982,
        0.003106332138590203,
        0.003076194983435873
    ],
    "selections": [
        null,
        null,
        "_complement_gaps:Instance-attribute-character",
        "_complement_gaps:Instance-attribute-character",
        "_trust:Source",
        "_complement_gaps:Instance-attribute-character",
        "_entity_novelty:Instance-attribute",
        "_complement_gaps:Instance-attribute-character",
        "_complement_gaps:Instance-attribute-character",
        "_trust:Source",
        "_complement_gaps:Instance-attribute-character"
    ]
}