{
    "actions": [
        null,
        4,
        3,
        5,
        3,
        7,
        4,
        6,
        3,
        3,
        4
    ],
    "rewards": [
        0,
        0,
        0.4538364249578415,
        -0.016175860638738992,
        0.29571409377939006,
        -0.015476190476190532,
        -0.015240328253223856,
        0.22229652273595724,
        -0.017273751408186322,
        0.16926454445664119,
        0.1399713979263495
    ],
    "states": [
        0.0,
        0.0008699434536755111,
        0.0012647554806070826,
        0.001244296972210701,
        0.0016122531237404273,
        0.0015873015873015873,
        0.0015631105900742479,
        0.0019105846388995033,
        0.001877581674802854,
        0.0021953896816684962,
        0.0025026814444047193
    ],
    "selections": [
        null,
        null,
        "_subject_gaps:Instance-attribute-character",
        "_entity_novelty:Instance-attribute",
        "_complement_gaps:Instance-attribute-character",
        "_entity_novelty:Instance-character",
        "_trust:Source",
        "_subject_gaps:Instance-attribute-character",
        "_overlaps:character",
        "_entity_novelty:Instance-character",
        "_entity_novelty:Instance-attribute"
    ]
}