{
    "abstract_actions": [
        null,
        5,
        7,
        7,
        7,
        7,
        7,
        7,
        4,
        4,
        7
    ],
    "specific_actions": [
        null,
        11,
        25,
        25,
        25,
        25,
        25,
        25,
        null,
        null,
        25
    ],
    "rewards": [
        0,
        0,
        0.011777576306545745,
        0.010110392823027503,
        0.006291445075054414,
        0.006073798358249949,
        0.005867342928460362,
        0.00567131860238157,
        0.005485029133186714,
        0.008675681791830536,
        0.008117019992635033
    ],
    "states": [
        2.261951971799956,
        2.3403682236617795,
        2.367932089001371,
        2.391872812599427,
        2.406921149026412,
        2.421540302749806,
        2.435748310121127,
        2.449562214823036,
        2.4629981349348937,
        2.484366323007461,
        2.504531974120342
    ],
    "selections": [
        null,
        null,
        "_complement_gaps:Instance-attribute-character",
        "_trust:Source",
        "_trust:Source",
        "_trust:Source",
        "_trust:Source",
        "_trust:Source",
        "_trust:Source",
        "_subject_gaps:Instance-activity-character",
        "_subject_gaps:Instance-attribute-character"
    ]
}