{
    "actions": [
        null,
        3,
        5,
        4,
        4,
        7,
        5,
        3,
        4,
        5,
        4
    ],
    "rewards": [
        0,
        0,
        0.029143105698129723,
        0.03169907016060858,
        0.026218762802130202,
        0.015568862275449069,
        0.015330188679245182,
        0.027100271002709952,
        0.014700339238597815,
        0.023774145616641817,
        0.02539912917271403
    ],
    "states": [
        2084.0,
        2299.0,
        2366.0,
        2441.0,
        2505.0,
        2544.0,
        2583.0,
        2653.0,
        2692.0,
        2756.0,
        2826.0
    ],
    "selections": [
        null,
        null,
        "_entity_novelty:Instance-character",
        "_complement_gaps:Instance-attribute-character",
        "_subject_gaps:Instance-attribute-character",
        "_subject_gaps:Instance-attribute-character",
        "_trust:Source",
        "_complement_gaps:Instance-attribute-character",
        "_entity_novelty:Instance-attribute",
        "_subject_gaps:Instance-attribute-character",
        "_complement_gaps:Instance-attribute-character"
    ]
}