{
    "actions": [
        null,
        7,
        2,
        4,
        5,
        3,
        7,
        5,
        5,
        3,
        7
    ],
    "rewards": [
        0,
        0,
        -0.01510565743796577,
        -0.011902572447349491,
        -0.03007116217913497,
        -0.03470332634223661,
        -0.011015026891595503,
        -0.010900996614815917,
        -0.03282751889405966,
        -0.03179390457589015,
        -0.02590912257301481
    ],
    "states": [
        0.013056202873306185,
        0.010384007064254536,
        0.010227149810708491,
        0.010105420419156637,
        0.009801538682843836,
        0.00946139268727705,
        0.009357175192394748,
        0.009255172657298213,
        0.008951348302022972,
        0.008666749988282898,
        0.008442202100526802
    ],
    "selections": [
        null,
        null,
        "_trust:Source",
        "_statement_novelty:Actor-Source",
        "_subject_gaps:Instance-attribute-character",
        "_complement_gaps:Instance-attribute-character",
        "_entity_novelty:Instance-attribute",
        "_trust:Source",
        "_complement_gaps:Instance-attribute-character",
        "_complement_gaps:Instance-attribute-character",
        "_entity_novelty:Instance-character"
    ]
}