{
    "actions": [
        null,
        3,
        5,
        7,
        5,
        7,
        7,
        7,
        5,
        5,
        4
    ],
    "rewards": [
        0,
        0,
        0.01943607993430052,
        0.020408163265306145,
        0.01078947368421046,
        0.019786513928664373,
        0.010467194281337688,
        0.010358767054067686,
        0.010252563140785265,
        0.02079207920792081,
        0.018428709990300662
    ],
    "states": [
        3552.0,
        3653.0,
        3724.0,
        3800.0,
        3841.0,
        3917.0,
        3958.0,
        3999.0,
        4040.0,
        4124.0,
        4200.0
    ],
    "selections": [
        null,
        null,
        "_entity_novelty:Instance-attribute",
        "_complement_gaps:Instance-attribute-character",
        "_trust:Source",
        "_complement_gaps:Instance-attribute-character",
        "_trust:Source",
        "_trust:Source",
        "_trust:Source",
        "_complement_gaps:Instance-attribute-character",
        "_complement_gaps:Instance-attribute-character"
    ]
}