{
    "abstract_actions": [
        null,
        5,
        3,
        7,
        2,
        4,
        3,
        3,
        7,
        7,
        5
    ],
    "specific_actions": [
        null,
        11,
        11,
        25,
        25,
        null,
        null,
        11,
        25,
        25,
        11
    ],
    "rewards": [
        0,
        0,
        -0.04018678793601638,
        -0.01182446453183128,
        -0.031746680286006135,
        -0.011314348160256449,
        -0.033971333102377876,
        -0.027646533205643475,
        -0.014495680661216759,
        -0.017224513143930476,
        -0.014045735896437095
    ],
    "states": [
        0.013134665630958265,
        0.01056689342403628,
        0.01014224391886205,
        0.010022317315370283,
        0.009704142011834319,
        0.009594345970515854,
        0.009268413247652003,
        0.009012173753037166,
        0.00888153616024974,
        0.008728556023919224,
        0.00860595703125
    ],
    "selections": [
        null,
        null,
        "_complement_gaps:Instance-attribute-character",
        "_entity_novelty:Instance-attribute",
        "_trust:Source",
        "_statement_novelty:Actor-Source",
        "_subject_gaps:Instance-character-enchantment",
        "_entity_novelty:Instance-character",
        "_entity_novelty:Instance-attribute",
        "_trust:Source",
        "_trust:Source"
    ]
}