{
    "abstract_actions": [
        null,
        5,
        6,
        6,
        6,
        2,
        6,
        6,
        6,
        6,
        4
    ],
    "specific_actions": [
        null,
        11,
        null,
        null,
        null,
        25,
        null,
        null,
        null,
        null,
        null
    ],
    "rewards": [
        0,
        0,
        0.0547945205479452,
        0.04761904761904767,
        0.037190082644628086,
        0.017928286852589626,
        0.017612524461839474,
        0.017307692307692468,
        0.017013232514177634,
        0.016728624535315983,
        0.01645338208409508
    ],
    "states": [
        7.0588235294117645,
        8.588235294117647,
        9.058823529411764,
        9.490196078431373,
        9.843137254901961,
        10.019607843137255,
        10.196078431372548,
        10.372549019607844,
        10.549019607843137,
        10.72549019607843,
        10.901960784313726
    ],
    "selections": [
        null,
        null,
        "_complement_gaps:Instance-attribute-character",
        "_overlaps:character",
        "_overlaps:character",
        "_overlaps:character",
        "_statement_novelty:Actor-Source",
        "_overlaps:character",
        "_overlaps:character",
        "_overlaps:character",
        "_overlaps:character"
    ]
}