{
    "abstract_actions": [
        null,
        5,
        5,
        4,
        7,
        7,
        4,
        4,
        7,
        5,
        6
    ],
    "specific_actions": [
        null,
        11,
        11,
        null,
        25,
        25,
        null,
        null,
        25,
        11,
        null
    ],
    "rewards": [
        0,
        0,
        0.04857621440536031,
        0.04472843450479225,
        0.042813455657492394,
        0.02052785923753664,
        0.012931034482758674,
        0.039716312056737646,
        0.032742155525238736,
        0.018494055482166427,
        0.02983138780804162
    ],
    "states": [
        11.137254901960784,
        11.705882352941176,
        12.27450980392157,
        12.823529411764707,
        13.372549019607844,
        13.647058823529411,
        13.823529411764707,
        14.372549019607844,
        14.843137254901961,
        15.117647058823529,
        15.568627450980392
    ],
    "selections": [
        null,
        null,
        "_complement_gaps:Instance-attribute-character",
        "_complement_gaps:Instance-attribute-character",
        "_subject_gaps:Instance-character-physical-appearance",
        "_trust:Source",
        "_trust:Source",
        "_subject_gaps:Instance-attribute-character",
        "_subject_gaps:Instance-activity-character",
        "_trust:Source",
        "_complement_gaps:Instance-attribute-character"
    ]
}