{
    "abstract_actions": [
        null,
        4,
        4,
        4,
        7,
        4,
        4,
        4,
        4,
        4,
        4
    ],
    "specific_actions": [
        null,
        null,
        null,
        null,
        25,
        null,
        null,
        null,
        null,
        null,
        null
    ],
    "rewards": [
        0,
        0,
        0.010534907521621006,
        0.0051923381109975075,
        0.010952105730920536,
        0.00918692217428907,
        0.008595167164372253,
        0.008092695535634187,
        0.007633265551095558,
        0.007212073436713151,
        0.0046793195844596625
    ],
    "states": [
        2.261951971799956,
        2.3403682236617795,
        2.365023786464597,
        2.377303789604473,
        2.403340272062739,
        2.4254195721005143,
        2.4462664587664587,
        2.4660633484162897,
        2.484887464820575,
        2.502808655698829,
        2.5145200972575954
    ],
    "selections": [
        null,
        null,
        "_subject_gaps:Instance-age-character",
        "_subject_gaps:Instance-attribute-character",
        "_subject_gaps:Instance-attribute-character",
        "_trust:Source",
        "_subject_gaps:Instance-character-physical-appearance",
        "_subject_gaps:Instance-ancestry-character",
        "_subject_gaps:Instance-attribute-character",
        "_subject_gaps:Instance-attribute-character",
        "_subject_gaps:Instance-age-character"
    ]
}