{
    "actions": [
        null,
        7,
        4,
        3,
        2,
        4,
        7,
        7,
        4,
        7,
        7
    ],
    "rewards": [
        0,
        0,
        0.004027290673658701,
        -0.0048922266991467955,
        0.0026268491635559332,
        0.0025510204081631294,
        -0.0027181431989452554,
        0.002451604923001005,
        0.002384596134596073,
        -0.004440694694768377,
        0.002314326551623891
    ],
    "states": [
        11.675070028011204,
        10.869976359338061,
        10.913752913752914,
        10.86036036036036,
        10.88888888888889,
        10.916666666666666,
        10.886993603411513,
        10.913684210526316,
        10.93970893970894,
        10.891129032258064,
        10.91633466135458
    ],
    "selections": [
        null,
        null,
        "_trust:Source",
        "_subject_gaps:Instance-attribute-character",
        "_entity_novelty:Instance-character",
        "_statement_novelty:Actor-Source",
        "_subject_gaps:Instance-attribute-character",
        "_trust:Source",
        "_trust:Source",
        "_subject_gaps:Instance-attribute-character",
        "_trust:Source"
    ]
}