{
    "actions": [
        null,
        7,
        5,
        3,
        3,
        7,
        4,
        3,
        7,
        7,
        6
    ],
    "rewards": [
        0,
        0,
        1.015222906850308,
        1.0249910746162085,
        1.02229188436085,
        1.0218057921635435,
        1.0130043347782594,
        1.023041474654378,
        1.0205920205920207,
        1.0122950819672132,
        1.0121457489878543
    ],
    "states": [
        2678.0,
        2759.0,
        2801.0,
        2871.0,
        2935.0,
        2999.0,
        3038.0,
        3108.0,
        3172.0,
        3211.0,
        3250.0
    ],
    "selections": [
        null,
        null,
        "_trust:Source",
        "_complement_gaps:Instance-attribute-character",
        "_entity_novelty:Instance-character",
        "_entity_novelty:Instance-attribute",
        "_trust:Source",
        "_subject_gaps:Instance-attribute-character",
        "_entity_novelty:Instance-attribute",
        "_trust:Source",
        "_trust:Source"
    ]
}