{
    "actions": [
        null,
        7,
        5,
        3,
        7,
        7,
        5,
        4,
        7,
        5,
        3
    ],
    "rewards": [
        0,
        0,
        0.018268812527185707,
        0.02990175138829554,
        0.02654500207382826,
        0.01575757575757586,
        0.015513126491646823,
        0.027418723070896878,
        0.02668699961875709,
        0.014481990345339701,
        0.02342606149341142
    ],
    "states": [
        2084.0,
        2299.0,
        2341.0,
        2411.0,
        2475.0,
        2514.0,
        2553.0,
        2623.0,
        2693.0,
        2732.0,
        2796.0
    ],
    "selections": [
        null,
        null,
        "_trust:Source",
        "_complement_gaps:Instance-attribute-character",
        "_entity_novelty:Instance-character",
        "_trust:Source",
        "_trust:Source",
        "_complement_gaps:Instance-attribute-character",
        "_subject_gaps:Instance-attribute-character",
        "_trust:Source",
        "_complement_gaps:Instance-attribute-character"
    ]
}