{
    "actions": [
        null,
        7,
        5,
        3,
        5,
        7,
        2,
        2,
        4,
        5,
        6
    ],
    "rewards": [
        0,
        0,
        0.02277904328018243,
        0.060133630289532336,
        0.04831932773109249,
        0.054108216432865675,
        0.017110266159695797,
        0.016822429906542036,
        0.016544117647058876,
        0.041591320072332794,
        0.03298611111111094
    ],
    "states": [
        7.0588235294117645,
        8.607843137254902,
        8.803921568627452,
        9.333333333333334,
        9.784313725490197,
        10.313725490196079,
        10.490196078431373,
        10.666666666666666,
        10.843137254901961,
        11.294117647058824,
        11.666666666666666
    ],
    "selections": [
        null,
        null,
        "_trust:Source",
        "_complement_gaps:Instance-attribute-character",
        "_entity_novelty:Instance-character",
        "_complement_gaps:Instance-attribute-character",
        "_trust:Source",
        "_statement_novelty:Actor-Source",
        "_statement_novelty:Actor-Source",
        "_subject_gaps:Instance-attribute-character",
        "_complement_gaps:Instance-attribute-character"
    ]
}