{
    "abstract_actions": [
        null,
        7,
        2,
        2,
        7,
        7,
        2,
        4,
        4,
        5,
        4
    ],
    "specific_actions": [
        null,
        25,
        25,
        25,
        25,
        25,
        25,
        null,
        null,
        11,
        null
    ],
    "rewards": [
        0,
        0,
        0.0036046815918022723,
        0.003237425237069269,
        0.0031614855310211354,
        0.003088194413419787,
        0.003017429785987069,
        0.0029490765254858164,
        0.0039747260862192935,
        0.004366269695884606,
        0.00469092519332337
    ],
    "states": [
        2.5012563961988303,
        2.526724879741568,
        2.535832918403121,
        2.5440424878901506,
        2.5520854414059184,
        2.559966777408638,
        2.567691297413928,
        2.5752636155438258,
        2.5854995830154195,
        2.596788571493462,
        2.6089699124252146
    ],
    "selections": [
        null,
        null,
        "_trust:Source",
        "_statement_novelty:Actor-Source",
        "_statement_novelty:Actor-Source",
        "_trust:Source",
        "_trust:Source",
        "_statement_novelty:Actor-Source",
        "_subject_gaps:Instance-age-character",
        "_subject_gaps:Instance-attribute-character",
        "_complement_gaps:Instance-attribute-character"
    ]
}