{
    "actions": [
        null,
        3,
        7,
        2,
        2,
        7,
        7,
        2,
        2,
        4,
        4
    ],
    "rewards": [
        0,
        0,
        0.005152446263997135,
        0.005321427795379918,
        0.005159088886758756,
        0.00500411291833891,
        0.004856058571080402,
        0.004714517295484555,
        0.004579110418038379,
        0.0044494865430106945,
        0.00830319470986507
    ],
    "states": [
        2.2621093381172694,
        2.347540138706822,
        2.359635713124085,
        2.372192344194875,
        2.384430695355065,
        2.396362655800575,
        2.407999533214692,
        2.4193520886615514,
        2.4304305690156442,
        2.441244737126201,
        2.461514867512993
    ],
    "selections": [
        null,
        null,
        "_entity_novelty:Instance-attribute",
        "_trust:Source",
        "_statement_novelty:Actor-Source",
        "_statement_novelty:Actor-Source",
        "_trust:Source",
        "_trust:Source",
        "_statement_novelty:Actor-Source",
        "_statement_novelty:Actor-Source",
        "_subject_gaps:Instance-attribute-character"
    ]
}