{
    "abstract_actions": [
        null,
        7,
        5,
        3,
        4,
        3,
        4,
        5,
        4,
        4,
        7
    ],
    "specific_actions": [
        null,
        25,
        11,
        11,
        null,
        11,
        null,
        11,
        null,
        null,
        25
    ],
    "rewards": [
        0,
        0,
        0.010580382047204795,
        0.009797667148763844,
        0.006336766952693473,
        0.009146268331735152,
        0.007644269566916995,
        0.00815671616525715,
        0.00852643317892765,
        0.007211718075847973,
        0.006824644475339703
    ],
    "states": [
        2.261951971799956,
        2.3403682236617795,
        2.3651302135992593,
        2.3883029721955897,
        2.4034370915428185,
        2.4254195721005143,
        2.443960133122527,
        2.4638948222476116,
        2.4849030568094115,
        2.5028234771009337,
        2.519904357516681
    ],
    "selections": [
        null,
        null,
        "_trust:Source",
        "_complement_gaps:Instance-attribute-character",
        "_entity_novelty:Instance-attribute",
        "_subject_gaps:Instance-character-gender",
        "_entity_novelty:Instance-attribute",
        "_subject_gaps:Instance-attribute-character",
        "_complement_gaps:Instance-attribute-character",
        "_subject_gaps:Instance-character-object",
        "_subject_gaps:Instance-attribute-character"
    ]
}