{
    "abstract_actions": [
        null,
        7,
        7,
        2,
        7,
        7,
        7,
        7,
        5,
        7,
        7
    ],
    "specific_actions": [
        null,
        25,
        25,
        25,
        25,
        25,
        25,
        25,
        11,
        25,
        25
    ],
    "rewards": [
        0,
        0,
        0.10000000000000009,
        0.0,
        0.0,
        0.0,
        0.0,
        0.0,
        0.0,
        -0.00826446280991755,
        0.08333333333333348
    ],
    "states": [
        1.0,
        1.0,
        1.1,
        1.1,
        1.1,
        1.1,
        1.1,
        1.1,
        1.1,
        1.0909090909090908,
        1.1818181818181819
    ],
    "selections": [
        null,
        null,
        "_trust:Source",
        "_trust:Source",
        "_statement_novelty:Actor-Source",
        "_trust:Source",
        "_trust:Source",
        "_trust:Source",
        "_trust:Source",
        "_complement_gaps:Instance-attribute-character",
        "_trust:Source"
    ]
}