{
    "actions": [
        null,
        4,
        5,
        4,
        4,
        7,
        7,
        5,
        4,
        4,
        3,
        4,
        6,
        6,
        4,
        3,
        4,
        4,
        5,
        7,
        5,
        4,
        7,
        4,
        2,
        4
    ],
    "rewards": [
        0,
        0,
        0.0005766849914363714,
        0.0008841804116914709,
        0.001980378471647448,
        0.0017268223861037768,
        0.000828938349364261,
        0.000819319029554233,
        0.0008098659390034513,
        0.0016281463672345176,
        0.0017656553653022655,
        0.0007614015678212294,
        0.0015313948263671051,
        0.00042786612088385745,
        0.0004218116569008057,
        0.0016259202709707488,
        0.0007040754489207046,
        0.0014167166419132293,
        0.0006815759187042136,
        0.0006744258803570435,
        0.0006673876225333775,
        0.0013433761551109313,
        0.0014489085401998558,
        0.0006311888287884315,
        0.0006248178258481119,
        0.0006185426802820526
    ],
    "states": [
        2.75409122641595,
        2.7625708610615747,
        2.764163994214928,
        2.7666080138733156,
        2.7720869448234775,
        2.776873846616025,
        2.7791757038388316,
        2.7814527353794616,
        2.783705339210793,
        2.7882376189462805,
        2.7931606856579108,
        2.7952874025831473,
        2.799568091249672,
        2.800765931589025,
        2.80194732730722,
        2.806503070264881,
        2.8084790601739753,
        2.8124578791969883,
        2.814374782759819,
        2.8162728699503363,
        2.8181524156054176,
        2.8219382543620104,
        2.826026984798672,
        2.827810741461332,
        2.829577608020722,
        2.8313278225384533
    ],
    "selections": [
        null,
        null,
        "_subject_gaps:Instance-attribute-character",
        "_complement_gaps:Instance-attribute-character",
        "_subject_gaps:Instance-attribute-character",
        "_subject_gaps:Instance-attribute-character",
        "_trust:Source",
        "_trust:Source",
        "_complement_gaps:Instance-attribute-character",
        "_subject_gaps:Instance-attribute-character",
        "_subject_gaps:Instance-attribute-character",
        "_entity_novelty:Instance-attribute",
        "_subject_gaps:Instance-attribute-character",
        "_overlaps:character",
        "_overlaps:character",
        "_subject_gaps:Instance-attribute-character",
        "_entity_novelty:Instance-attribute",
        "_subject_gaps:Instance-attribute-character",
        "_subject_gaps:Instance-attribute-character",
        "_complement_gaps:Instance-attribute-character",
        "_trust:Source",
        "_complement_gaps:Instance-attribute-character",
        "_subject_gaps:Instance-attribute-character",
        "_trust:Source",
        "_subject_gaps:Instance-attribute-character",
        "_statement_novelty:Actor-Source"
    ]
}