{
    "abstract_actions": [
        null,
        3,
        5,
        4,
        4,
        5,
        7,
        5,
        3,
        null,
        4
    ],
    "specific_actions": [
        null,
        null,
        11,
        null,
        null,
        11,
        25,
        11,
        null,
        24,
        null
    ],
    "rewards": [
        0,
        0,
        -0.004152858760854028,
        -0.0006724568475374726,
        -0.004760133746412043,
        -0.002607689149994319,
        -0.0024749234370460282,
        -0.003830045523520398,
        -0.002701797734646516,
        -0.002084265852365985,
        -0.00013645679436746772
    ],
    "states": [
        11.742296918767506,
        10.985714285714286,
        10.940092165898617,
        10.932735426008968,
        10.880694143167029,
        10.852320675105485,
        10.825462012320328,
        10.784,
        10.754863813229573,
        10.732447817836812,
        10.730983302411873
    ],
    "selections": [
        null,
        null,
        "_entity_novelty:Instance-character",
        "_complement_gaps:Instance-attribute-character",
        "_subject_gaps:Instance-attribute-character",
        "_subject_gaps:Instance-character-physical-appearance",
        "_complement_gaps:Instance-attribute-character",
        "_trust:Source",
        "_complement_gaps:Instance-attribute-character",
        "_entity_novelty:Instance-character",
        "_complement_conflict:Actor-Source-org/ancestry-org/attribute"
    ]
}