{
    "abstract_actions": [
        null,
        5,
        7,
        4,
        5,
        4,
        5,
        5,
        5,
        2,
        4
    ],
    "specific_actions": [
        null,
        11,
        25,
        null,
        11,
        null,
        11,
        11,
        11,
        25,
        null
    ],
    "rewards": [
        0,
        0,
        0.004561853926990045,
        0.003512623487958111,
        0.005125283635959654,
        0.004343199626954064,
        0.004170833243034799,
        0.004012133992873146,
        0.002472406423009499,
        0.002424565116686317,
        0.002799231919287326
    ],
    "states": [
        2.4975904811585563,
        2.5208021879961526,
        2.532301719356628,
        2.5411967418546366,
        2.554221095931418,
        2.5653145880424253,
        2.576014087405075,
        2.586349401091273,
        2.592743907962678,
        2.5990301843984254,
        2.6063054726497845
    ],
    "selections": [
        null,
        null,
        "_complement_gaps:Instance-attribute-character",
        "_trust:Source",
        "_subject_gaps:Instance-character-product",
        "_complement_gaps:Instance-attribute-character",
        "_subject_gaps:Instance-attribute-character",
        "_complement_gaps:Instance-attribute-character",
        "_complement_gaps:Instance-attribute-character",
        "_complement_gaps:Instance-attribute-character",
        "_statement_novelty:Actor-Source"
    ]
}