{
    "abstract_actions": [
        null,
        4,
        4,
        4,
        4,
        4,
        null,
        null,
        5,
        4,
        4
    ],
    "specific_actions": [
        null,
        null,
        null,
        null,
        null,
        null,
        24,
        24,
        24,
        null,
        null
    ],
    "rewards": [
        0,
        0,
        0.05720823798626995,
        0.01948051948051943,
        0.019108280254777288,
        0.018749999999999822,
        0.01840490797546024,
        0.050200803212851364,
        0.017208413001911893,
        0.04511278195488733,
        0.043165467625899234
    ],
    "states": [
        7.0588235294117645,
        8.568627450980392,
        9.058823529411764,
        9.235294117647058,
        9.411764705882353,
        9.588235294117647,
        9.764705882352942,
        10.254901960784315,
        10.431372549019608,
        10.901960784313726,
        11.372549019607844
    ],
    "selections": [
        null,
        null,
        "_subject_gaps:Instance-ancestry-character",
        "_subject_gaps:Instance-ancestry-character",
        "_subject_gaps:Instance-ancestry-character",
        "_subject_gaps:Instance-ancestry-character",
        "_subject_gaps:Instance-ancestry-character",
        "_complement_conflict:Actor-Source-org/ancestry-org/attribute",
        "_complement_conflict:Actor-Source-org/ancestry-org/attribute",
        "_complement_gaps:Instance-character-org-ancestry-org-attribute",
        "_subject_gaps:Instance-character-institution"
    ]
}