{
    "abstract_actions": [
        null,
        3,
        3,
        4,
        6,
        3,
        4,
        5,
        4,
        7,
        2
    ],
    "specific_actions": [
        null,
        null,
        11,
        null,
        null,
        null,
        null,
        11,
        null,
        25,
        25
    ],
    "rewards": [
        0,
        0,
        0.057077625570776336,
        0.049676025917926525,
        0.0473251028806585,
        0.043222003929273,
        0.05273069679849329,
        0.0429338103756709,
        0.039451114922812947,
        0.014851485148514865,
        0.02276422764227659
    ],
    "states": [
        7.0588235294117645,
        8.588235294117647,
        9.07843137254902,
        9.529411764705882,
        9.980392156862745,
        10.411764705882353,
        10.96078431372549,
        11.431372549019608,
        11.882352941176471,
        12.058823529411764,
        12.333333333333334
    ],
    "selections": [
        null,
        null,
        "_entity_novelty:Instance-character",
        "_entity_novelty:Instance-attribute",
        "_subject_gaps:Instance-attribute-character",
        "_overlaps:character",
        "_entity_novelty:Instance-character",
        "_subject_gaps:Instance-character-product",
        "_complement_gaps:Instance-attribute-character",
        "_subject_gaps:Instance-attribute-character",
        "_trust:Source"
    ]
}