{
    "actions": [
        null,
        3,
        5,
        5,
        3,
        2,
        5,
        7,
        5,
        3,
        5
    ],
    "rewards": [
        0,
        0,
        0.001973795708398729,
        -0.0005566796588710732,
        -0.0005318758553402025,
        0.0026767868840373854,
        0.0026273327290180504,
        0.00048061416422617853,
        0.002526559372396875,
        0.0004122964003352436,
        0.00039740767913931663
    ],
    "states": [
        12.34920634920635,
        12.272572402044293,
        12.296795952782462,
        12.28995057660626,
        12.28341384863124,
        12.31629392971246,
        12.3486529318542,
        12.354587869362364,
        12.385802469135802,
        12.39090909090909,
        12.395833333333334
    ],
    "selections": [
        null,
        null,
        "_entity_novelty:Instance-character",
        "_complement_gaps:Instance-attribute-character",
        "_complement_gaps:Instance-attribute-character",
        "_entity_novelty:Instance-attribute",
        "_statement_novelty:Actor-Source",
        "_complement_gaps:Instance-attribute-character",
        "_trust:Source",
        "_complement_gaps:Instance-attribute-character",
        "_entity_novelty:Instance-character"
    ]
}