{
    "abstract_actions": [
        null,
        5,
        4,
        3,
        4,
        3,
        3,
        7,
        4,
        3,
        7
    ],
    "specific_actions": [
        null,
        11,
        null,
        11,
        null,
        null,
        11,
        25,
        null,
        11,
        25
    ],
    "rewards": [
        0,
        0,
        0.010184460965036335,
        0.011301660411673575,
        0.006287548227626338,
        0.009079187302044378,
        0.008527051613513192,
        0.00542776416493429,
        0.0077808799405145734,
        0.008102663906363716,
        0.00470808817304702
    ],
    "states": [
        2.261951971799956,
        2.3403682236617795,
        2.3642036124794745,
        2.3909230388517693,
        2.405956082767093,
        2.4278002086830286,
        2.448502186369767,
        2.461792078794708,
        2.4809469873983194,
        2.5010492670067137,
        2.512824427480916
    ],
    "selections": [
        null,
        null,
        "_complement_gaps:Instance-attribute-character",
        "_subject_gaps:Instance-attribute-character",
        "_entity_novelty:Instance-attribute",
        "_subject_gaps:Instance-character-designation",
        "_entity_novelty:Instance-character",
        "_entity_novelty:Instance-attribute",
        "_trust:Source",
        "_subject_gaps:Instance-character-object",
        "_entity_novelty:Instance-attribute"
    ]
}