{
    "abstract_actions": [
        null,
        5,
        3,
        5,
        5,
        3,
        6,
        4,
        7,
        4,
        3
    ],
    "specific_actions": [
        null,
        11,
        null,
        11,
        11,
        null,
        null,
        null,
        25,
        null,
        11
    ],
    "rewards": [
        0,
        0,
        -0.02770487166274016,
        -0.020196032817282772,
        -0.02422716346486553,
        -0.023654178855639585,
        -0.014982597783496976,
        -0.011564333384167846,
        -0.008381901369433065,
        -0.010702724295105215,
        -0.01805739903841619
    ],
    "states": [
        0.008427539187693026,
        0.00811195381326507,
        0.007887213173934485,
        0.007727922757836799,
        0.007540697109938833,
        0.007362328111804135,
        0.007252021310954841,
        0.007168156518805869,
        0.00710807373786458,
        0.007031997984378937,
        0.006905018390737668
    ],
    "selections": [
        null,
        null,
        "_complement_gaps:Instance-attribute-character",
        "_entity_novelty:Instance-character",
        "_complement_gaps:Instance-attribute-character",
        "_complement_gaps:Instance-attribute-character",
        "_entity_novelty:Instance-character",
        "_overlaps:character",
        "_subject_gaps:Instance-age-character",
        "_trust:Source",
        "_subject_gaps:Instance-age-character"
    ]
}