{
    "actions": [
        null,
        7,
        7,
        7,
        7,
        2,
        4,
        4,
        5,
        3,
        5
    ],
    "rewards": [
        0,
        0,
        0.0016923434860454112,
        0.0026688194882609206,
        0.002589452070420828,
        0.0025135829445461777,
        0.0024410089503661414,
        -0.002919992213354039,
        -0.002769914096056203,
        -0.004444444444444362,
        -0.002450586533826238
    ],
    "states": [
        11.675070028011204,
        10.869976359338061,
        10.888372093023255,
        10.917431192660551,
        10.945701357466064,
        10.973214285714286,
        11.0,
        10.967880085653105,
        10.9375,
        10.88888888888889,
        10.862204724409448
    ],
    "selections": [
        null,
        null,
        "_trust:Source",
        "_trust:Source",
        "_trust:Source",
        "_trust:Source",
        "_statement_novelty:Actor-Source",
        "_subject_gaps:Instance-attribute-character",
        "_subject_gaps:Instance-attribute-character",
        "_complement_gaps:Instance-attribute-character",
        "_entity_novelty:Instance-attribute"
    ]
}