{
    "abstract_actions": [
        null,
        5,
        4,
        7,
        5,
        7,
        7,
        2,
        5,
        3,
        7
    ],
    "specific_actions": [
        null,
        11,
        null,
        25,
        11,
        25,
        25,
        25,
        11,
        11,
        25
    ],
    "rewards": [
        0,
        0,
        -0.025893022917843567,
        -0.018792303452987436,
        -0.010839529042041773,
        -0.018607866742776924,
        -0.010545386510407595,
        -0.008786987792903322,
        -0.008712059842734932,
        -0.017455903763825553,
        -0.01747941725646951
    ],
    "states": [
        0.008703703703703703,
        0.008388895312239051,
        0.008171681453663855,
        0.008018116736065454,
        0.007931204126842391,
        0.007783621337340346,
        0.007701540041887436,
        0.0076338667035528145,
        0.00756736,
        0.007435264892093778,
        0.007305300794632492
    ],
    "selections": [
        null,
        null,
        "_complement_gaps:Instance-attribute-character",
        "_subject_gaps:Instance-character-personality-trait",
        "_trust:Source",
        "_complement_gaps:Instance-attribute-character",
        "_trust:Source",
        "_trust:Source",
        "_statement_novelty:Actor-Source",
        "_complement_gaps:Instance-attribute-character",
        "_entity_novelty:Instance-attribute"
    ]
}