{
    "abstract_actions": [
        null,
        3,
        4,
        5,
        7,
        5,
        7,
        2,
        4,
        6,
        7
    ],
    "specific_actions": [
        null,
        null,
        null,
        11,
        25,
        11,
        25,
        25,
        null,
        null,
        25
    ],
    "rewards": [
        0,
        0,
        0.023024054982817788,
        0.023513604299630453,
        0.022973416475221553,
        0.01604106512672443,
        0.02020839911588257,
        0.015475085112968134,
        0.011886619932947262,
        0.017168674698795128,
        0.011844832691738194
    ],
    "states": [
        2823.0,
        2910.0,
        2977.0,
        3047.0,
        3117.0,
        3167.0,
        3231.0,
        3281.0,
        3320.0,
        3377.0,
        3417.0
    ],
    "selections": [
        null,
        null,
        "_entity_novelty:Instance-character",
        "_subject_gaps:Instance-character-object",
        "_complement_gaps:Instance-attribute-character",
        "_trust:Source",
        "_complement_gaps:Instance-attribute-character",
        "_trust:Source",
        "_statement_novelty:Actor-Source",
        "_subject_gaps:Instance-character-gender",
        "_overlaps:character"
    ]
}