{
    "abstract_actions": [
        null,
        7,
        7,
        5,
        7,
        7,
        7,
        7,
        7,
        7,
        7
    ],
    "specific_actions": [
        null,
        25,
        25,
        11,
        25,
        25,
        25,
        25,
        25,
        25,
        25
    ],
    "rewards": [
        0,
        0,
        -0.00583078149251226,
        0.00032147880249144833,
        -0.0047928819558235025,
        0.00042420851279789673,
        0.00036190361300447726,
        0.0003511989542075433,
        0.0003409623662788963,
        0.00033116694953849724,
        0.00032178770949720104
    ],
    "states": [
        11.742296918767506,
        10.985714285714286,
        10.921658986175116,
        10.92517006802721,
        10.87280701754386,
        10.87741935483871,
        10.88135593220339,
        10.88517745302714,
        10.88888888888889,
        10.892494929006086,
        10.896
    ],
    "selections": [
        null,
        null,
        "_trust:Source",
        "_trust:Source",
        "_complement_gaps:Instance-attribute-character",
        "_trust:Source",
        "_trust:Source",
        "_trust:Source",
        "_trust:Source",
        "_trust:Source",
        "_trust:Source"
    ]
}