{
    "abstract_actions": [
        null,
        4,
        4,
        3,
        3,
        3,
        5,
        3,
        3,
        2,
        2
    ],
    "specific_actions": [
        null,
        null,
        null,
        11,
        null,
        11,
        11,
        null,
        11,
        25,
        25
    ],
    "rewards": [
        0,
        0,
        -0.004152858760854028,
        -0.00290808893512684,
        -0.0009785155516951471,
        -0.002657411611626359,
        -0.002901067100741561,
        -0.0041628614916287,
        -0.0022209795141010513,
        0.00046858463766485947,
        -0.003491784293066069
    ],
    "states": [
        11.742296918767506,
        10.985714285714286,
        10.940092165898617,
        10.9082774049217,
        10.89760348583878,
        10.86864406779661,
        10.837113402061856,
        10.792,
        10.768031189083821,
        10.773076923076923,
        10.73545966228893
    ],
    "selections": [
        null,
        null,
        "_subject_gaps:Instance-activity-character",
        "_subject_gaps:Instance-attribute-character",
        "_entity_novelty:Instance-attribute",
        "_entity_novelty:Instance-character",
        "_entity_novelty:Instance-attribute",
        "_complement_gaps:Instance-attribute-character",
        "_entity_novelty:Instance-character",
        "_entity_novelty:Instance-attribute",
        "_statement_novelty:Actor-Source"
    ]
}