{
    "actions": [
        null,
        2,
        4,
        6,
        6,
        5,
        7,
        5,
        5,
        7,
        2
    ],
    "rewards": [
        0,
        0,
        0.9908015768725362,
        0.9915309446254071,
        0.9901096538378842,
        0.9902065147966788,
        1.0276640061611706,
        0.9918750000000001,
        1.0263157894736843,
        1.024975024975025,
        0.9921481779746325
    ],
    "states": [
        0.005371530886302597,
        0.005305039787798408,
        0.005256241787122208,
        0.005211726384364821,
        0.005160180606321221,
        0.005109644453906749,
        0.005250997689561016,
        0.005208333333333333,
        0.005345394736842105,
        0.005478896103896104,
        0.005435876786792832
    ],
    "selections": [
        null,
        null,
        "_statement_novelty:Actor-Source",
        "_subject_gaps:Instance-attribute-character",
        "_overlaps:attribute",
        "_overlaps:attribute",
        "_complement_gaps:Instance-attribute-character",
        "_trust:Source",
        "_complement_gaps:Instance-attribute-character",
        "_complement_gaps:Instance-attribute-character",
        "_trust:Source"
    ]
}