{
    "actions": [
        null,
        5,
        5,
        7,
        5,
        7,
        7,
        7,
        2,
        7,
        5
    ],
    "rewards": [
        0,
        0,
        0.13882793929420356,
        0.11711987744159336,
        -0.010872447626624315,
        0.10048638132295706,
        -0.010523613963039025,
        -0.010414020828041659,
        -0.010306686777274865,
        -0.010201542672306552,
        -0.010098522167487634
    ],
    "states": [
        0.0014459224985540775,
        0.0016858668165214948,
        0.0019199122325836533,
        0.0021447721179624667,
        0.0021214531954388757,
        0.0023346303501945525,
        0.0023100616016427105,
        0.002286004572009144,
        0.0022624434389140274,
        0.002239363025628266,
        0.0022167487684729066
    ],
    "selections": [
        null,
        null,
        "_complement_gaps:Instance-attribute-character",
        "_complement_gaps:Instance-attribute-character",
        "_trust:Source",
        "_complement_gaps:Instance-attribute-character",
        "_trust:Source",
        "_trust:Source",
        "_trust:Source",
        "_statement_novelty:Actor-Source",
        "_trust:Source"
    ]
}