{
    "abstract_actions": [
        null,
        5,
        4,
        7,
        5,
        5,
        5,
        7,
        5,
        3,
        5
    ],
    "specific_actions": [
        null,
        11,
        null,
        25,
        11,
        11,
        11,
        25,
        11,
        null,
        11
    ],
    "rewards": [
        0,
        0,
        0.11467181467181486,
        0.09900990099009888,
        -0.016233766233766156,
        0.08641975308641969,
        -0.012229539040451542,
        -0.012081784386617112,
        -0.015253203172666208,
        0.07700119474313016,
        0.07264717661193432
    ],
    "states": [
        0.002142857142857143,
        0.0024246622791825423,
        0.002702702702702703,
        0.0029702970297029703,
        0.002922077922077922,
        0.0031746031746031746,
        0.0031357792411414237,
        0.0030978934324659233,
        0.003050640634533252,
        0.0032855436081242534,
        0.003524229074889868
    ],
    "selections": [
        null,
        null,
        "_complement_gaps:Instance-attribute-character",
        "_subject_gaps:Instance-attribute-character",
        "_trust:Source",
        "_complement_gaps:Instance-attribute-character",
        "_complement_gaps:Instance-attribute-character",
        "_complement_gaps:Instance-attribute-character",
        "_trust:Source",
        "_complement_gaps:Instance-attribute-character",
        "_entity_novelty:Instance-character"
    ]
}