{
    "abstract_actions": [
        null,
        7,
        5,
        7,
        7,
        4,
        3,
        7,
        6,
        5,
        4
    ],
    "specific_actions": [
        null,
        25,
        11,
        25,
        25,
        null,
        11,
        25,
        null,
        11,
        null
    ],
    "rewards": [
        0,
        0,
        0.04337899543378998,
        0.06126914660831506,
        0.02886597938144342,
        0.018036072144288484,
        0.055118110236220375,
        0.042910447761194126,
        0.025044722719141266,
        0.03141361256544517,
        0.04737732656514382
    ],
    "states": [
        7.0588235294117645,
        8.588235294117647,
        8.96078431372549,
        9.509803921568627,
        9.784313725490197,
        9.96078431372549,
        10.509803921568627,
        10.96078431372549,
        11.235294117647058,
        11.588235294117647,
        12.137254901960784
    ],
    "selections": [
        null,
        null,
        "_trust:Source",
        "_complement_gaps:Instance-attribute-character",
        "_trust:Source",
        "_trust:Source",
        "_subject_gaps:Instance-character-personality-trait",
        "_entity_novelty:Instance-attribute",
        "_trust:Source",
        "_overlaps:character",
        "_complement_gaps:Instance-attribute-character"
    ]
}