{
    "abstract_actions": [
        null,
        3,
        5,
        4,
        7,
        4,
        4,
        3,
        2,
        7,
        7
    ],
    "specific_actions": [
        null,
        null,
        11,
        null,
        25,
        null,
        null,
        11,
        25,
        25,
        25
    ],
    "rewards": [
        0,
        0,
        0.057077625570776336,
        0.05183585313174954,
        0.05749486652977409,
        0.03495145631067964,
        0.04315196998123838,
        0.043165467625899234,
        0.01551724137931032,
        0.02376910016977929,
        0.014925373134328401
    ],
    "states": [
        7.0588235294117645,
        8.588235294117647,
        9.07843137254902,
        9.549019607843137,
        10.098039215686274,
        10.450980392156863,
        10.901960784313726,
        11.372549019607844,
        11.549019607843137,
        11.823529411764707,
        12.0
    ],
    "selections": [
        null,
        null,
        "_entity_novelty:Instance-character",
        "_complement_gaps:Instance-attribute-character",
        "_subject_gaps:Instance-attribute-character",
        "_trust:Source",
        "_subject_gaps:Instance-ability-character",
        "_subject_gaps:Instance-character-designation",
        "_entity_novelty:Instance-attribute",
        "_statement_novelty:Actor-Source",
        "_trust:Source"
    ]
}