{
    "actions": [
        null,
        4,
        5,
        7,
        7,
        2,
        6,
        5,
        5,
        7,
        7
    ],
    "rewards": [
        0,
        0,
        0.005836464503922167,
        0.005175911771440056,
        0.0021484104658084924,
        0.002111840756495509,
        0.0020761977991337055,
        0.0017133104957738343,
        0.005220224327634693,
        0.0049823017876817755,
        0.0018367807510515366
    ],
    "states": [
        2.4386860358591806,
        2.463820781319953,
        2.4782007838541524,
        2.4910277324632952,
        2.4963794825143384,
        2.5016514384491915,
        2.506845361659899,
        2.511140366129313,
        2.5242490821586867,
        2.53682565287328,
        2.5414852454012515
    ],
    "selections": [
        null,
        null,
        "_subject_gaps:Instance-attribute-character",
        "_complement_gaps:Instance-attribute-character",
        "_trust:Source",
        "_trust:Source",
        "_statement_novelty:Actor-Source",
        "_overlaps:character",
        "_complement_gaps:Instance-attribute-character",
        "_complement_gaps:Instance-attribute-character",
        "_trust:Source"
    ]
}