{
    "abstract_actions": [
        null,
        4,
        4,
        4,
        4,
        4,
        2,
        4,
        5,
        4,
        4
    ],
    "specific_actions": [
        null,
        null,
        null,
        null,
        null,
        null,
        25,
        null,
        11,
        null,
        null
    ],
    "rewards": [
        0,
        0,
        -0.03433476394849788,
        -0.011900826446280988,
        -0.016183405972375775,
        -0.0159262056915076,
        -0.015677038039501268,
        -0.030475790677807812,
        -0.014974901637998861,
        -0.03254797132932363,
        -0.02651503631892016
    ],
    "states": [
        0.013134665630958265,
        0.01056689342403628,
        0.01020408163265306,
        0.010082644628099173,
        0.00991947309680745,
        0.00976149352791632,
        0.00960846222255683,
        0.009315636739126564,
        0.009176135995262815,
        0.008877471383975027,
        0.008642084907808755
    ],
    "selections": [
        null,
        null,
        "_subject_gaps:Instance-character-designation",
        "_subject_gaps:Instance-character-designation",
        "_subject_gaps:Instance-attribute-character",
        "_subject_gaps:Instance-character-designation",
        "_subject_gaps:Instance-character-designation",
        "_statement_novelty:Actor-Source",
        "_subject_gaps:Instance-character-designation",
        "_complement_gaps:Instance-attribute-character",
        "_subject_gaps:Instance-character-designation"
    ]
}