{
    "actions": [
        null,
        7,
        2,
        7,
        2,
        2,
        5,
        5,
        5,
        5,
        5,
        5,
        3,
        5,
        5,
        7,
        5,
        5,
        3,
        2,
        7,
        5,
        5,
        6,
        3,
        2
    ],
    "rewards": [
        0,
        0,
        0.0016923434860454112,
        0.0026688194882609206,
        0.002589452070420828,
        0.0025135829445461777,
        0.0024410089503661414,
        -0.004845900368288358,
        -0.004567669112415351,
        -0.004312759003026967,
        -0.0023485119597340676,
        -0.003920381670555084,
        -0.002089118333398421,
        0.0022885892076942582,
        -0.002022244691607833,
        -0.0034692619912521927,
        0.0021946629024669484,
        -0.001839988617065469,
        -0.001764291487306613,
        0.002096740082782045,
        0.0020517247495950297,
        0.0020081483367668795,
        -0.0017603710133666794,
        -0.0016929363689434096,
        0.002385593978010636,
        0.0018798243279214422
    ],
    "states": [
        11.675070028011204,
        10.869976359338061,
        10.888372093023255,
        10.917431192660551,
        10.945701357466064,
        10.973214285714286,
        11.0,
        10.946695095948828,
        10.896694214876034,
        10.849699398797595,
        10.82421875,
        10.78178368121442,
        10.75925925925926,
        10.783882783882785,
        10.762075134168157,
        10.724738675958188,
        10.748275862068965,
        10.72849915682968,
        10.709570957095709,
        10.732026143790849,
        10.754045307443366,
        10.775641025641026,
        10.756671899529042,
        10.738461538461538,
        10.76407914764079,
        10.784313725490197
    ],
    "selections": [
        null,
        null,
        "_trust:Source",
        "_statement_novelty:Actor-Source",
        "_trust:Source",
        "_statement_novelty:Actor-Source",
        "_statement_novelty:Actor-Source",
        "_complement_gaps:Instance-attribute-character",
        "_complement_gaps:Instance-attribute-character",
        "_complement_gaps:Instance-attribute-character",
        "_complement_gaps:Instance-attribute-character",
        "_complement_gaps:Instance-attribute-character",
        "_complement_gaps:Instance-attribute-character",
        "_entity_novelty:Instance-attribute",
        "_complement_gaps:Instance-attribute-character",
        "_complement_gaps:Instance-attribute-character",
        "_trust:Source",
        "_complement_gaps:Instance-attribute-character",
        "_complement_gaps:Instance-attribute-character",
        "_entity_novelty:Instance-attribute",
        "_statement_novelty:Actor-Source",
        "_trust:Source",
        "_complement_gaps:Instance-attribute-character",
        "_complement_gaps:Instance-attribute-character",
        "_overlaps:character",
        "_entity_novelty:Instance-character"
    ]
}