{
    "abstract_actions": [
        null,
        3,
        3,
        4,
        4,
        3,
        3,
        3,
        5,
        3,
        5
    ],
    "specific_actions": [
        null,
        null,
        11,
        null,
        null,
        11,
        null,
        11,
        11,
        null,
        11
    ],
    "rewards": [
        0,
        0,
        -0.0009727064836221322,
        0.002266159354384234,
        -0.00019227815614630828,
        -0.00018437096337209358,
        -0.0004903658485271301,
        -0.00016378615540502128,
        0.0020512350930752543,
        -0.0016126366950182103,
        0.0009391672560858932
    ],
    "states": [
        10.83011583011583,
        10.75092936802974,
        10.740471869328493,
        10.764811490125673,
        10.76274165202109,
        10.760757314974182,
        10.75548060708263,
        10.753719008264463,
        10.775777414075286,
        10.7584,
        10.768503937007875
    ],
    "selections": [
        null,
        null,
        "_entity_novelty:Instance-character",
        "_entity_novelty:Instance-attribute",
        "_subject_gaps:Instance-ability-character",
        "_subject_gaps:Instance-character-product",
        "_entity_novelty:Instance-attribute",
        "_entity_novelty:Instance-character",
        "_entity_novelty:Instance-attribute",
        "_complement_gaps:Instance-attribute-character",
        "_entity_novelty:Instance-character"
    ]
}