{
    "abstract_actions": [
        null,
        7,
        4,
        3,
        2,
        4,
        4,
        4,
        7,
        4,
        3
    ],
    "specific_actions": [
        null,
        25,
        null,
        11,
        25,
        null,
        null,
        null,
        25,
        null,
        11
    ],
    "rewards": [
        0,
        0,
        0.0015774549747897826,
        0.00024530923713483865,
        0.0032838040872933405,
        0.0022322675350101573,
        0.00012104762940512437,
        -0.0011544623503910723,
        -0.00013574046423237007,
        0.00205746395643569,
        9.626869081102996e-05
    ],
    "states": [
        11.588235294117647,
        11.51063829787234,
        11.528795811518325,
        11.531623931623932,
        11.569491525423729,
        11.595317725752508,
        11.59672131147541,
        11.583333333333334,
        11.581761006289309,
        11.605590062111801,
        11.606707317073171
    ],
    "selections": [
        null,
        null,
        "_trust:Source",
        "_subject_gaps:Instance-character-designation",
        "_entity_novelty:Instance-attribute",
        "_statement_novelty:Actor-Source",
        "_subject_gaps:Instance-ancestry-character",
        "_subject_gaps:Instance-character-product",
        "_subject_gaps:Instance-attribute-character",
        "_trust:Source",
        "_subject_gaps:Instance-attribute-character"
    ]
}