{
    "abstract_actions": [
        null,
        4,
        4,
        5,
        4,
        4,
        2,
        7,
        5,
        4,
        4
    ],
    "specific_actions": [
        null,
        null,
        null,
        11,
        null,
        null,
        25,
        25,
        11,
        null,
        null
    ],
    "rewards": [
        0,
        0,
        0.038880248833592645,
        0.013473053892215647,
        0.013293943870014813,
        0.0276967930029155,
        0.012765957446808418,
        0.019607843137255054,
        0.012362637362637319,
        0.037991858887381325,
        0.024836601307189676
    ],
    "states": [
        12.058823529411764,
        12.607843137254902,
        13.098039215686274,
        13.27450980392157,
        13.450980392156863,
        13.823529411764707,
        14.0,
        14.27450980392157,
        14.450980392156863,
        15.0,
        15.372549019607844
    ],
    "selections": [
        null,
        null,
        "_subject_gaps:Instance-ancestry-character",
        "_subject_gaps:Instance-attribute-character",
        "_complement_gaps:Instance-attribute-character",
        "_subject_gaps:Instance-ancestry-character",
        "_subject_gaps:Instance-ancestry-character",
        "_statement_novelty:Actor-Source",
        "_trust:Source",
        "_complement_gaps:Instance-attribute-character",
        "_subject_gaps:Instance-ancestry-character"
    ]
}