{
    "abstract_actions": [
        null,
        3,
        3,
        2,
        2,
        4,
        4,
        7,
        7,
        2,
        4
    ],
    "specific_actions": [
        null,
        null,
        11,
        25,
        25,
        null,
        null,
        25,
        25,
        25,
        null
    ],
    "rewards": [
        0,
        0,
        0.057077625570776336,
        0.019438444924406273,
        0.03813559322033888,
        0.01836734693877573,
        0.05611222444889785,
        0.05313092979127143,
        0.02522522522522519,
        0.01581722319859402,
        0.015570934256055269
    ],
    "states": [
        7.0588235294117645,
        8.588235294117647,
        9.07843137254902,
        9.254901960784315,
        9.607843137254902,
        9.784313725490197,
        10.333333333333334,
        10.882352941176471,
        11.156862745098039,
        11.333333333333334,
        11.509803921568627
    ],
    "selections": [
        null,
        null,
        "_entity_novelty:Instance-character",
        "_entity_novelty:Instance-attribute",
        "_statement_novelty:Actor-Source",
        "_statement_novelty:Actor-Source",
        "_subject_gaps:Instance-character-enchantment",
        "_subject_gaps:Instance-attribute-character",
        "_trust:Source",
        "_trust:Source",
        "_statement_novelty:Actor-Source"
    ]
}