{
    "abstract_actions": [
        null,
        7,
        7,
        7,
        7,
        7,
        7,
        7,
        7,
        7,
        7
    ],
    "specific_actions": [
        null,
        25,
        25,
        25,
        25,
        25,
        25,
        25,
        25,
        25,
        25
    ],
    "rewards": [
        0,
        0,
        0.026881720430107503,
        0.015706806282722585,
        0.015463917525773141,
        0.015228426395939243,
        0.014999999999999902,
        0.01477832512315258,
        0.014563106796116498,
        0.014354066985645897,
        0.014150943396226356
    ],
    "states": [
        10.372549019607844,
        10.941176470588236,
        11.235294117647058,
        11.411764705882353,
        11.588235294117647,
        11.764705882352942,
        11.941176470588236,
        12.117647058823529,
        12.294117647058824,
        12.470588235294118,
        12.647058823529411
    ],
    "selections": [
        null,
        null,
        "_trust:Source",
        "_trust:Source",
        "_trust:Source",
        "_trust:Source",
        "_trust:Source",
        "_trust:Source",
        "_trust:Source",
        "_trust:Source",
        "_trust:Source"
    ]
}