{
    "abstract_actions": [
        null,
        5,
        4,
        7,
        5,
        7,
        7,
        5,
        4,
        3,
        5
    ],
    "specific_actions": [
        null,
        11,
        null,
        25,
        11,
        25,
        25,
        11,
        null,
        11,
        11
    ],
    "rewards": [
        0,
        0,
        0.09979096989966552,
        -0.012875536480686733,
        -0.016239038648911963,
        0.08710235497652086,
        -0.01563966218329682,
        -0.012051915945611946,
        0.07670901391409557,
        0.07019152953871055,
        -0.011440305074801982
    ],
    "states": [
        0.002468265162200282,
        0.0027369141293191925,
        0.0030100334448160534,
        0.0029712776493892373,
        0.002923026956804157,
        0.0031776294884016524,
        0.0031279324366593683,
        0.0030902348578491965,
        0.003327283726557774,
        0.0035608308605341245,
        0.0035200938691698444
    ],
    "selections": [
        null,
        null,
        "_complement_gaps:Instance-attribute-character",
        "_subject_gaps:Instance-ancestry-character",
        "_trust:Source",
        "_complement_gaps:Instance-attribute-character",
        "_trust:Source",
        "_trust:Source",
        "_complement_gaps:Instance-attribute-character",
        "_subject_gaps:Instance-attribute-character",
        "_entity_novelty:Instance-attribute"
    ]
}