{
    "actions": [
        null,
        4,
        7,
        4,
        6,
        3,
        7,
        2,
        4,
        7,
        6,
        4,
        7,
        2,
        4,
        4,
        7,
        5,
        3,
        5,
        2,
        7,
        5,
        6,
        4,
        4
    ],
    "rewards": [
        0,
        0,
        -0.005733703076875152,
        -0.004120726742503744,
        -0.014050568977008293,
        -0.004610454506642214,
        -0.013792464447825115,
        -0.003985685256113314,
        -0.0039754656708849145,
        -0.013497362605654817,
        -0.00391135059340153,
        -0.004443388683937122,
        -0.013206829562317668,
        -0.003839007670546124,
        -0.003829108797308911,
        -0.012935031672445252,
        -0.012769950355238868,
        -0.003720618964354827,
        -0.01256205512306785,
        -0.009677223375449184,
        -0.0036301106980832776,
        -0.003621032929161827,
        -0.003611928430418021,
        -0.0094860495823198,
        -0.004072462780275621,
        -0.011990398387658141
    ],
    "states": [
        0.005624954342903061,
        0.005497241363521897,
        0.005465721813801547,
        0.0054431990677563285,
        0.005366719023799231,
        0.005341976009890073,
        0.00526829699569253,
        0.005247299222031972,
        0.005226438764109923,
        0.005155895624974481,
        0.005135729109562221,
        0.005112909068953025,
        0.005045383750311734,
        0.005026014483393439,
        0.0050067693271196746,
        0.004942006607296754,
        0.004878897428266312,
        0.0048607449099695626,
        0.004799683964471353,
        0.004753236350615603,
        0.004735981576488715,
        0.004718832431248345,
        0.004701788346231541,
        0.004657186948853615,
        0.0046382207283436235,
        0.0045826066140008895
    ],
    "selections": [
        null,
        null,
        "_subject_gaps:Instance-attribute-character",
        "_trust:Source",
        "_subject_gaps:Instance-attribute-character",
        "_overlaps:attribute",
        "_entity_novelty:Instance-attribute",
        "_trust:Source",
        "_statement_novelty:Actor-Source",
        "_subject_gaps:Instance-attribute-character",
        "_trust:Source",
        "_overlaps:attribute",
        "_subject_gaps:Instance-attribute-character",
        "_trust:Source",
        "_statement_novelty:Actor-Source",
        "_subject_gaps:Instance-attribute-character",
        "_subject_gaps:Instance-attribute-character",
        "_trust:Source",
        "_complement_gaps:Instance-attribute-character",
        "_entity_novelty:Instance-character",
        "_complement_gaps:Instance-attribute-character",
        "_statement_novelty:Actor-Source",
        "_trust:Source",
        "_complement_gaps:Instance-attribute-character",
        "_overlaps:character",
        "_subject_gaps:Instance-attribute-character"
    ]
}