{
    "abstract_actions": [
        null,
        5,
        3,
        7,
        7,
        2,
        4,
        7,
        4,
        5,
        7
    ],
    "specific_actions": [
        null,
        11,
        11,
        25,
        25,
        25,
        null,
        25,
        null,
        11,
        25
    ],
    "rewards": [
        0,
        0,
        -0.0012099409613629541,
        0.0011810590002747645,
        0.002411902231668428,
        0.00111664804895506,
        0.0010943902441997722,
        0.0016578438069216883,
        0.0022072618916233466,
        0.0010030570784391735,
        0.0005051133630140647
    ],
    "states": [
        12.262975778546712,
        12.201342281879194,
        12.186579378068739,
        12.20097244732577,
        12.2304,
        12.24405705229794,
        12.2574568288854,
        12.277777777777779,
        12.304878048780488,
        12.317220543806647,
        12.323442136498516
    ],
    "selections": [
        null,
        null,
        "_complement_gaps:Instance-attribute-character",
        "_entity_novelty:Instance-attribute",
        "_trust:Source",
        "_trust:Source",
        "_statement_novelty:Actor-Source",
        "_subject_gaps:Instance-ancestry-character",
        "_trust:Source",
        "_subject_gaps:Instance-ancestry-character",
        "_complement_gaps:Instance-attribute-character"
    ]
}