{
    "abstract_actions": [
        null,
        3,
        6,
        2,
        7,
        2,
        5,
        4,
        5,
        5,
        4
    ],
    "specific_actions": [
        null,
        11,
        null,
        25,
        25,
        25,
        11,
        null,
        11,
        11,
        null
    ],
    "rewards": [
        0,
        0,
        0.4582806573957019,
        -0.027459016393442615,
        -0.015732150060508432,
        -0.015488482922954572,
        -0.015252248728979456,
        0.29780484710062183,
        0.22027127461910068,
        0.17212341197822156,
        0.13775811209439515
    ],
    "states": [
        0.0,
        0.0008669267446900737,
        0.0012642225031605564,
        0.0012295081967213116,
        0.0012101653892698668,
        0.0011914217633042098,
        0.0011732499022291747,
        0.0015226494099733537,
        0.0018580453363062058,
        0.002177858439201452,
        0.00247787610619469
    ],
    "selections": [
        null,
        null,
        "_entity_novelty:Instance-attribute",
        "_overlaps:character",
        "_statement_novelty:Actor-Source",
        "_trust:Source",
        "_statement_novelty:Actor-Source",
        "_complement_gaps:Instance-attribute-character",
        "_subject_gaps:Instance-attribute-character",
        "_complement_gaps:Instance-attribute-character",
        "_complement_gaps:Instance-attribute-character"
    ]
}