{
    "abstract_actions": [
        null,
        4,
        4,
        3,
        4,
        2,
        2,
        5,
        5,
        4,
        4
    ],
    "specific_actions": [
        null,
        null,
        null,
        11,
        null,
        25,
        25,
        11,
        11,
        null,
        null
    ],
    "rewards": [
        0,
        0,
        -0.04018678793601638,
        -0.03584324495562907,
        -0.01570866122822001,
        -0.015466065784688121,
        -0.030098906682464954,
        -0.01070599197947053,
        -0.03227400730879282,
        -0.026292436147922205,
        -0.03048053207867263
    ],
    "states": [
        0.013134665630958265,
        0.01056689342403628,
        0.01014224391886205,
        0.009778712985678537,
        0.009625102496138517,
        0.009476240027748873,
        0.00919101556345302,
        0.009092616624547504,
        0.008799161449150807,
        0.00856781005859375,
        0.00830665864925881
    ],
    "selections": [
        null,
        null,
        "_subject_gaps:Instance-character-institution",
        "_subject_gaps:Instance-attribute-character",
        "_entity_novelty:Instance-attribute",
        "_subject_gaps:Instance-attribute-character",
        "_statement_novelty:Actor-Source",
        "_statement_novelty:Actor-Source",
        "_complement_gaps:Instance-attribute-character",
        "_complement_gaps:Instance-attribute-character",
        "_subject_gaps:Instance-attribute-character"
    ]
}