{
    "abstract_actions": [
        null,
        3,
        4,
        7,
        5,
        7,
        2,
        7,
        5,
        4,
        4
    ],
    "specific_actions": [
        null,
        null,
        null,
        25,
        11,
        25,
        25,
        25,
        11,
        null,
        null
    ],
    "rewards": [
        0,
        0,
        0.022831050228310668,
        0.0625,
        0.037815126050420034,
        0.05668016194331993,
        0.026819923371647514,
        0.016791044776119257,
        0.016513761467890076,
        0.05054151624548742,
        0.04123711340206193
    ],
    "states": [
        7.0588235294117645,
        8.588235294117647,
        8.784313725490197,
        9.333333333333334,
        9.686274509803921,
        10.235294117647058,
        10.509803921568627,
        10.686274509803921,
        10.862745098039216,
        11.411764705882353,
        11.882352941176471
    ],
    "selections": [
        null,
        null,
        "_entity_novelty:Instance-character",
        "_subject_gaps:Instance-attribute-character",
        "_trust:Source",
        "_complement_gaps:Instance-attribute-character",
        "_trust:Source",
        "_statement_novelty:Actor-Source",
        "_trust:Source",
        "_complement_gaps:Instance-attribute-character",
        "_subject_gaps:Instance-character-designation"
    ]
}