{
    "abstract_actions": [
        null,
        5,
        5,
        5,
        4,
        5,
        5,
        5,
        2,
        2,
        5
    ],
    "specific_actions": [
        null,
        11,
        11,
        11,
        null,
        11,
        11,
        11,
        25,
        25,
        11
    ],
    "rewards": [
        0,
        0,
        0.005806565605268155,
        0.005193965596768546,
        0.004957630220855824,
        0.00473710944987582,
        0.005091146572691718,
        0.004310660463569649,
        0.0017819676695960407,
        0.0030768693612392983,
        0.0025392733185094496
    ],
    "states": [
        2.4915764280312773,
        2.51768746257242,
        2.532306579997408,
        2.5454592932543854,
        2.558078739172582,
        2.570196638141443,
        2.5832818859468607,
        2.5944175370388676,
        2.599040705211304,
        2.6070376139257827,
        2.6136575949791747
    ],
    "selections": [
        null,
        null,
        "_complement_gaps:Instance-attribute-character",
        "_complement_gaps:Instance-attribute-character",
        "_complement_gaps:Instance-attribute-character",
        "_subject_gaps:Instance-character-designation",
        "_complement_gaps:Instance-attribute-character",
        "_complement_gaps:Instance-attribute-character",
        "_complement_gaps:Instance-attribute-character",
        "_statement_novelty:Actor-Source",
        "_statement_novelty:Actor-Source"
    ]
}