{
    "abstract_actions": [
        null,
        3,
        4,
        4,
        4,
        2,
        4,
        3,
        6,
        4,
        5
    ],
    "specific_actions": [
        null,
        11,
        null,
        null,
        null,
        25,
        null,
        11,
        null,
        null,
        11
    ],
    "rewards": [
        0,
        0,
        0.0547945205479452,
        0.051948051948051965,
        0.01851851851851838,
        0.0181818181818183,
        0.03571428571428559,
        0.04597701149425282,
        0.0421245421245422,
        0.03163444639718804,
        0.047700170357751315
    ],
    "states": [
        7.0588235294117645,
        8.588235294117647,
        9.058823529411764,
        9.529411764705882,
        9.705882352941176,
        9.882352941176471,
        10.235294117647058,
        10.705882352941176,
        11.156862745098039,
        11.509803921568627,
        12.058823529411764
    ],
    "selections": [
        null,
        null,
        "_entity_novelty:Instance-attribute",
        "_subject_gaps:Instance-ancestry-character",
        "_subject_gaps:Instance-ancestry-character",
        "_subject_gaps:Instance-ancestry-character",
        "_statement_novelty:Actor-Source",
        "_subject_gaps:Instance-age-character",
        "_entity_novelty:Instance-attribute",
        "_overlaps:character",
        "_subject_gaps:Instance-ancestry-character"
    ]
}