{
    "actions": [
        null,
        4,
        4,
        7,
        2,
        7,
        7,
        5,
        7,
        4,
        4,
        7,
        5,
        5,
        5,
        7,
        2,
        4,
        4,
        5,
        6,
        4,
        7,
        4,
        7,
        5
    ],
    "rewards": [
        0,
        0,
        0.0018939393939394478,
        0.0017391304347824654,
        0.0,
        0.0,
        0.0,
        0.0,
        0.0016025641025640969,
        0.0,
        0.001481481481481417,
        0.0,
        0.0,
        0.0013736263736263687,
        0.0012771392081736277,
        0.0011904761904761862,
        0.0,
        0.0,
        0.0,
        0.0011123470522802492,
        0.0010416666666666075,
        0.0,
        0.0009775171065493637,
        0.0,
        0.0009191176470588758,
        0.0
    ],
    "states": [
        0.9545454545454546,
        0.9565217391304348,
        0.9583333333333334,
        0.96,
        0.96,
        0.96,
        0.96,
        0.96,
        0.9615384615384616,
        0.9615384615384616,
        0.9629629629629629,
        0.9629629629629629,
        0.9629629629629629,
        0.9642857142857143,
        0.9655172413793104,
        0.9666666666666667,
        0.9666666666666667,
        0.9666666666666667,
        0.9666666666666667,
        0.967741935483871,
        0.96875,
        0.96875,
        0.9696969696969697,
        0.9696969696969697,
        0.9705882352941176,
        0.9705882352941176
    ],
    "selections": [
        null,
        null,
        "_subject_gaps:Instance-attribute-character",
        "_subject_gaps:Instance-attribute-character",
        "_trust:Source",
        "_statement_novelty:Actor-Source",
        "_trust:Source",
        "_trust:Source",
        "_complement_gaps:Instance-attribute-character",
        "_trust:Source",
        "_subject_gaps:Instance-attribute-character",
        "_subject_gaps:Instance-attribute-character",
        "_trust:Source",
        "_complement_gaps:Instance-attribute-character",
        "_complement_gaps:Instance-attribute-character",
        "_complement_gaps:Instance-attribute-character",
        "_trust:Source",
        "_statement_novelty:Actor-Source",
        "_subject_gaps:Instance-attribute-character",
        "_subject_gaps:Instance-attribute-character",
        "_complement_gaps:Instance-attribute-character",
        "_overlaps:character",
        "_subject_gaps:Instance-attribute-character",
        "_trust:Source",
        "_subject_gaps:Instance-attribute-character",
        "_trust:Source"
    ]
}