{
    "abstract_actions": [
        null,
        5,
        7,
        5,
        7,
        5,
        7,
        2,
        4,
        7,
        5
    ],
    "specific_actions": [
        null,
        11,
        25,
        11,
        25,
        11,
        25,
        25,
        null,
        25,
        11
    ],
    "rewards": [
        0,
        0,
        0.04510108864696738,
        0.02083333333333348,
        0.013119533527696792,
        0.012949640287769792,
        0.03409090909090917,
        0.019230769230769162,
        0.0121293800539084,
        0.031957390146471365,
        0.01806451612903226
    ],
    "states": [
        11.96078431372549,
        12.607843137254902,
        13.176470588235293,
        13.450980392156863,
        13.627450980392156,
        13.803921568627452,
        14.27450980392157,
        14.549019607843137,
        14.72549019607843,
        15.196078431372548,
        15.470588235294118
    ],
    "selections": [
        null,
        null,
        "_complement_gaps:Instance-attribute-character",
        "_trust:Source",
        "_complement_gaps:Instance-attribute-character",
        "_trust:Source",
        "_complement_gaps:Instance-attribute-character",
        "_trust:Source",
        "_statement_novelty:Actor-Source",
        "_subject_gaps:Instance-attribute-character",
        "_trust:Source"
    ]
}