{
    "abstract_actions": [
        null,
        3,
        4,
        3,
        5,
        3,
        3,
        3,
        7,
        6,
        4
    ],
    "specific_actions": [
        null,
        11,
        null,
        null,
        11,
        null,
        11,
        null,
        25,
        null,
        null
    ],
    "rewards": [
        0,
        0,
        -0.011647254575707144,
        -0.017656592214898015,
        -0.01704409237381954,
        -0.02047369210038774,
        -0.016435472657919892,
        -0.01647135478438999,
        -0.01267406961362827,
        -0.009298246766257678,
        -0.008941389802123112
    ],
    "states": [
        0.008707682291666666,
        0.008417508417508417,
        0.008319467554076539,
        0.008172574108029134,
        0.00803328,
        0.007868809098723797,
        0.007739481501931331,
        0.007612001756265797,
        0.007515526716107823,
        0.0074456454941230505,
        0.007379071075431675
    ],
    "selections": [
        null,
        null,
        "_entity_novelty:Instance-attribute",
        "_subject_gaps:Instance-attribute-character",
        "_entity_novelty:Instance-character",
        "_complement_gaps:Instance-attribute-character",
        "_entity_novelty:Instance-character",
        "_entity_novelty:Instance-attribute",
        "_entity_novelty:Instance-character",
        "_trust:Source",
        "_overlaps:character"
    ]
}