{
    "abstract_actions": [
        null,
        4,
        4,
        7,
        7,
        6,
        5,
        3,
        3,
        3,
        7
    ],
    "specific_actions": [
        null,
        null,
        null,
        25,
        25,
        11,
        11,
        null,
        11,
        null,
        25
    ],
    "rewards": [
        0,
        0,
        0.029042045947117456,
        0.02695871946082562,
        0.024610336341263306,
        0.015612489991993606,
        0.022861647615293634,
        0.026974951830443183,
        0.024015009380863095,
        0.02308537925980203,
        0.022922636103151817
    ],
    "states": [
        2096.0,
        2307.0,
        2374.0,
        2438.0,
        2498.0,
        2537.0,
        2595.0,
        2665.0,
        2729.0,
        2792.0,
        2856.0
    ],
    "selections": [
        null,
        null,
        "_subject_gaps:Instance-character-object",
        "_subject_gaps:Instance-attribute-character",
        "_trust:Source",
        "_trust:Source",
        "_overlaps:attribute-object",
        "_complement_gaps:Instance-attribute-character-object",
        "_entity_novelty:Instance-character",
        "_entity_novelty:Instance-attribute",
        "_entity_novelty:Instance-character"
    ]
}