{
    "actions": [
        null,
        5,
        7,
        5,
        7,
        5,
        5,
        7,
        6,
        4,
        5
    ],
    "rewards": [
        0,
        0,
        0.011533907175554026,
        0.0035839347828992008,
        0.009647961840782315,
        0.0046954279134965304,
        0.008781943836578376,
        0.008263545861076249,
        0.004068202185209424,
        0.003564964692841066,
        0.007364265469502085
    ],
    "states": [
        2.2621093381172694,
        2.347540138706822,
        2.374616448757554,
        2.3831269192443005,
        2.4061192368229105,
        2.4174169962506897,
        2.4386466165413534,
        2.4587984846961013,
        2.468801374064532,
        2.4776025637967094,
        2.4958482868044274
    ],
    "selections": [
        null,
        null,
        "_complement_gaps:Instance-attribute-character",
        "_trust:Source",
        "_complement_gaps:Instance-attribute-character",
        "_trust:Source",
        "_complement_gaps:Instance-attribute-character",
        "_complement_gaps:Instance-attribute-character",
        "_trust:Source",
        "_overlaps:character",
        "_subject_gaps:Instance-attribute-character"
    ]
}