{
    "actions": [
        null,
        5,
        5,
        4,
        4,
        3,
        7,
        5,
        7,
        6,
        3
    ],
    "rewards": [
        0,
        0,
        -0.019448169355335665,
        -0.005801959184844385,
        -0.02052945951451768,
        -0.016474529008523753,
        -0.005582895913977315,
        -0.005560469819345326,
        -0.016054213596291778,
        -0.005457011491389885,
        -0.015729390186714376
    ],
    "states": [
        0.008547008547008548,
        0.008267122100938096,
        0.008106341710237814,
        0.008059309046496613,
        0.007893855787711575,
        0.007763808231547817,
        0.0077204636982950055,
        0.007677534292909285,
        0.007554277517478065,
        0.007513053738256038,
        0.007394877984513256
    ],
    "selections": [
        null,
        null,
        "_complement_gaps:Instance-attribute-character",
        "_complement_gaps:Instance-attribute-character",
        "_subject_gaps:Instance-attribute-character",
        "_subject_gaps:Instance-attribute-character",
        "_entity_novelty:Instance-attribute",
        "_trust:Source",
        "_complement_gaps:Instance-attribute-character",
        "_trust:Source",
        "_overlaps:character"
    ]
}