{
    "abstract_actions": [
        null,
        4,
        5,
        7,
        5,
        5,
        4,
        7,
        7,
        2,
        2
    ],
    "specific_actions": [
        null,
        null,
        11,
        25,
        11,
        11,
        null,
        25,
        25,
        25,
        25
    ],
    "rewards": [
        0,
        0,
        0.022831050228310668,
        0.0625,
        0.037815126050420034,
        0.05668016194331993,
        0.05363984674329525,
        0.043636363636363695,
        0.024390243902439046,
        0.015306122448979442,
        0.015075376884422287
    ],
    "states": [
        7.0588235294117645,
        8.588235294117647,
        8.784313725490197,
        9.333333333333334,
        9.686274509803921,
        10.235294117647058,
        10.784313725490197,
        11.254901960784315,
        11.529411764705882,
        11.705882352941176,
        11.882352941176471
    ],
    "selections": [
        null,
        null,
        "_subject_gaps:Instance-character-institution",
        "_complement_gaps:Instance-attribute-character",
        "_trust:Source",
        "_complement_gaps:Instance-attribute-character",
        "_complement_gaps:Instance-attribute-character",
        "_subject_gaps:Instance-character-product",
        "_trust:Source",
        "_trust:Source",
        "_statement_novelty:Actor-Source"
    ]
}