{
    "abstract_actions": [
        null,
        7,
        4,
        4,
        4,
        3,
        4,
        4,
        4,
        4,
        4
    ],
    "specific_actions": [
        null,
        25,
        null,
        null,
        null,
        11,
        null,
        null,
        null,
        null,
        null
    ],
    "rewards": [
        0,
        0,
        -0.012993174129931062,
        -0.0094923748043646,
        -0.006065914578960663,
        -0.017559367510219137,
        -0.00919079706185888,
        -0.009107832972004903,
        -0.005842488387257205,
        -0.00897657219550041,
        -0.008897330925974889
    ],
    "states": [
        0.008899963273008194,
        0.008671344802049315,
        0.008558676509095616,
        0.00847743434384197,
        0.008426010951263477,
        0.00827805552832511,
        0.008201973599897475,
        0.008127271394308815,
        0.008079787905567478,
        0.00800725910610882,
        0.007936015872031745
    ],
    "selections": [
        null,
        null,
        "_trust:Source",
        "_subject_gaps:Instance-character-designation",
        "_subject_gaps:Instance-character-designation",
        "_subject_gaps:Instance-attribute-character",
        "_entity_novelty:Instance-attribute",
        "_subject_gaps:Instance-character-designation",
        "_subject_gaps:Instance-character-designation",
        "_subject_gaps:Instance-character-designation",
        "_subject_gaps:Instance-character-designation"
    ]
}