{
    "actions": [
        null,
        7,
        5,
        3,
        6,
        6,
        5,
        3,
        4,
        7,
        7
    ],
    "rewards": [
        0,
        0,
        0.0016923434860454112,
        -0.0025726281599839362,
        -0.002656496891072724,
        0.003219261581330457,
        0.0031135489489140245,
        -0.004436653248495959,
        -0.0024143850841613634,
        -0.004022865144340471,
        0.0023734836076951815
    ],
    "states": [
        11.675070028011204,
        10.869976359338061,
        10.888372093023255,
        10.86036036036036,
        10.831509846827133,
        10.866379310344827,
        10.900212314225053,
        10.851851851851851,
        10.82565130260521,
        10.782101167315176,
        10.807692307692308
    ],
    "selections": [
        null,
        null,
        "_trust:Source",
        "_complement_gaps:Instance-attribute-character",
        "_entity_novelty:Instance-attribute",
        "_overlaps:character",
        "_overlaps:character",
        "_complement_gaps:Instance-attribute-character",
        "_entity_novelty:Instance-character",
        "_subject_gaps:Instance-attribute-character",
        "_trust:Source"
    ]
}