{
    "abstract_actions": [
        null,
        3,
        7,
        7,
        4,
        5,
        4,
        3,
        4,
        7,
        2
    ],
    "specific_actions": [
        null,
        null,
        25,
        25,
        null,
        11,
        null,
        null,
        null,
        25,
        25
    ],
    "rewards": [
        0,
        0,
        -0.020408163265306256,
        0.12500000000000022,
        0.0,
        -0.0277777777777779,
        0.0,
        -0.022222222222222143,
        0.0,
        0.0,
        0.09090909090909083
    ],
    "states": [
        1.2,
        1.1666666666666667,
        1.1428571428571428,
        1.2857142857142858,
        1.2857142857142858,
        1.25,
        1.25,
        1.2222222222222223,
        1.2222222222222223,
        1.2222222222222223,
        1.3333333333333333
    ],
    "selections": [
        null,
        null,
        "_entity_novelty:Instance-character",
        "_trust:Source",
        "_trust:Source",
        "_subject_gaps:Instance-character-enchantment",
        "_complement_gaps:Instance-attribute-character",
        "_subject_gaps:Instance-character-product",
        "_entity_novelty:Instance-character",
        "_subject_gaps:Instance-attribute-character",
        "_trust:Source"
    ]
}