{
    "actions": [
        null,
        3,
        3,
        5,
        3,
        7,
        4,
        4,
        3,
        2,
        7
    ],
    "rewards": [
        0,
        0,
        -0.03379861454528188,
        -0.035999098972573695,
        -0.024642356614691385,
        -0.010972622406122956,
        -0.010859802436258392,
        -0.027539719235249227,
        -0.026803341987515328,
        -0.010172449922364657,
        -0.010075258973176293
    ],
    "states": [
        0.013056202873306185,
        0.010384007064254536,
        0.010033042012054313,
        0.00967186153966638,
        0.009433524078478002,
        0.009330013580805794,
        0.009228691476590636,
        0.008974535904416592,
        0.00873398834939128,
        0.00864514229028458,
        0.008558040242850005
    ],
    "selections": [
        null,
        null,
        "_entity_novelty:Instance-attribute",
        "_entity_novelty:Instance-character",
        "_complement_gaps:Instance-attribute-character",
        "_entity_novelty:Instance-attribute",
        "_trust:Source",
        "_subject_gaps:Instance-attribute-character",
        "_subject_gaps:Instance-attribute-character",
        "_entity_novelty:Instance-attribute",
        "_statement_novelty:Actor-Source"
    ]
}