{"metadata": {"c": 1.999999939999995, "t": 301, "decay": 2e-10}, "data": {"subject_gap": {"value": 1.0005618496176207, "count": 39, "uncertainty": 0.7650781707888843}, "-none": {"value": 0.9962655582329601, "count": 71, "uncertainty": 0.5670337904988114}, "object_gap": {"value": 0.9936057583310168, "count": 38, "uncertainty": 0.7750796171207348}, "statement_novelty": {"value": 0.9904495493806381, "count": 51, "uncertainty": 0.6690414520011908}, "-compl": {"value": 0.9936219459145473, "count": 45, "uncertainty": 0.7122490152762421}, "character": {"value": 0.9937617756674273, "count": 64, "uncertainty": 0.5972389556493614}, "_trust": {"value": 0.9946366720531964, "count": 51, "uncertainty": 0.6690414520011908}, "-subj": {"value": 0.9954475667908766, "count": 45, "uncertainty": 0.7122490152762421}, "person": {"value": 0.9911874985302043, "count": 6, "uncertainty": 1.9505742611381973}, "attribute": {"value": 0.9951487378158919, "count": 64, "uncertainty": 0.5972389556493614}, "entity_novelty": {"value": 0.9917156175064187, "count": 38, "uncertainty": 0.7750796171207348}, "overlap": {"value": 0.9951925715081417, "count": 46, "uncertainty": 0.7044646393027975}, "no_statement_novelty": {"value": 0.9937102193380757, "count": 37, "uncertainty": 0.7854838359045135}}}