{"metadata": {"c": 1.9999999599999967, "t": 201, "decay": 2e-10}, "data": {"subject_gap": {"value": 1.002419292246455, "count": 27, "uncertainty": 0.8863829701471835}, "-none": {"value": 0.9965470311740389, "count": 49, "uncertainty": 0.6579687168251697}, "object_gap": {"value": 0.9925114591508143, "count": 26, "uncertainty": 0.9032679724990776}, "statement_novelty": {"value": 0.988205413931383, "count": 34, "uncertainty": 0.7898849280248406}, "-compl": {"value": 0.9922714283323346, "count": 31, "uncertainty": 0.8272226907668789}, "character": {"value": 0.9924321421408967, "count": 43, "uncertainty": 0.7023750204759175}, "_trust": {"value": 0.9938118170236291, "count": 35, "uncertainty": 0.7785190847042764}, "-subj": {"value": 0.995006118377234, "count": 31, "uncertainty": 0.8272226907668789}, "person": {"value": 0.9911874985302043, "count": 6, "uncertainty": 1.8803022267580396}, "attribute": {"value": 0.9944994456569868, "count": 43, "uncertainty": 0.7023750204759175}, "entity_novelty": {"value": 0.9899909622094634, "count": 26, "uncertainty": 0.9032679724990776}, "overlap": {"value": 0.9945632696719704, "count": 32, "uncertainty": 0.8141947475824551}, "no_statement_novelty": {"value": 0.9913624375131808, "count": 20, "uncertainty": 1.0298839445225723}}}