{
    "abstract_actions": [
        null,
        5,
        7,
        4,
        3,
        4,
        5,
        5,
        3,
        7,
        4
    ],
    "specific_actions": [
        null,
        11,
        25,
        null,
        11,
        null,
        11,
        11,
        null,
        25,
        null
    ],
    "rewards": [
        0,
        0,
        0.08644429717988356,
        -0.016297262059973838,
        0.07752234993614304,
        -0.012298959318826852,
        0.06932696360826207,
        0.060388300554715,
        0.054586894586894585,
        -0.011423550087873546,
        -0.014434180138568009
    ],
    "states": [
        0.0027874564459930314,
        0.003049813622500847,
        0.0033134526176275677,
        0.003259452411994785,
        0.00351213282247765,
        0.003468937243771681,
        0.0037094281298299847,
        0.003933434190620273,
        0.004148148148148148,
        0.004100761570005858,
        0.0040415704387990765
    ],
    "selections": [
        null,
        null,
        "_complement_gaps:Instance-attribute-character",
        "_trust:Source",
        "_subject_gaps:Instance-activity-character",
        "_entity_novelty:Instance-attribute",
        "_subject_gaps:Instance-activity-character",
        "_complement_gaps:Instance-attribute-character",
        "_complement_gaps:Instance-attribute-character",
        "_entity_novelty:Instance-character",
        "_trust:Source"
    ]
}