{
    "actions": [
        null,
        3,
        7,
        2,
        7,
        7,
        5,
        7,
        5,
        3,
        5
    ],
    "rewards": [
        0,
        0,
        -0.01510565743796577,
        -0.011902572447349491,
        -0.00728243992932931,
        -0.011698763297934733,
        -0.011569273919524226,
        -0.03465538486385367,
        -0.011041691541611387,
        -0.033141826754952475,
        -0.02699447497927354
    ],
    "states": [
        0.013056202873306185,
        0.010384007064254536,
        0.010227149810708491,
        0.010105420419156637,
        0.010031828301993511,
        0.009914468317242967,
        0.009799765117514339,
        0.009460150485791512,
        0.009355694422190176,
        0.009045629618477675,
        0.008801447596069904
    ],
    "selections": [
        null,
        null,
        "_entity_novelty:Instance-attribute",
        "_trust:Source",
        "_statement_novelty:Actor-Source",
        "_trust:Source",
        "_trust:Source",
        "_complement_gaps:Instance-attribute-character",
        "_trust:Source",
        "_complement_gaps:Instance-attribute-character",
        "_entity_novelty:Instance-character"
    ]
}