{
    "abstract_actions": [
        null,
        3,
        4,
        4,
        7,
        7,
        2,
        5,
        7,
        7,
        2
    ],
    "specific_actions": [
        null,
        11,
        null,
        null,
        25,
        25,
        25,
        11,
        25,
        25,
        25
    ],
    "rewards": [
        0,
        0,
        0.022831050228310668,
        0.0535714285714286,
        0.05084745762711851,
        0.03629032258064524,
        0.017509727626459304,
        0.017208413001911893,
        0.05263157894736836,
        0.025000000000000133,
        0.015679442508710784
    ],
    "states": [
        7.0588235294117645,
        8.588235294117647,
        8.784313725490197,
        9.254901960784315,
        9.72549019607843,
        10.07843137254902,
        10.254901960784315,
        10.431372549019608,
        10.980392156862745,
        11.254901960784315,
        11.431372549019608
    ],
    "selections": [
        null,
        null,
        "_entity_novelty:Instance-attribute",
        "_subject_gaps:Instance-age-character",
        "_subject_gaps:Instance-character-designation",
        "_trust:Source",
        "_trust:Source",
        "_statement_novelty:Actor-Source",
        "_complement_gaps:Instance-attribute-character",
        "_trust:Source",
        "_trust:Source"
    ]
}