{
    "abstract_actions": [
        null,
        5,
        3,
        5,
        4,
        5,
        5,
        4,
        4,
        5,
        3
    ],
    "specific_actions": [
        null,
        11,
        null,
        11,
        null,
        11,
        11,
        null,
        null,
        11,
        11
    ],
    "rewards": [
        0,
        0,
        0.06392694063926929,
        0.0193133047210301,
        0.05894736842105264,
        0.04771371769383692,
        0.05313092979127143,
        0.043243243243243246,
        0.015544041450777035,
        0.04081632653061229,
        0.045751633986928164
    ],
    "states": [
        7.0588235294117645,
        8.588235294117647,
        9.137254901960784,
        9.313725490196079,
        9.862745098039216,
        10.333333333333334,
        10.882352941176471,
        11.352941176470589,
        11.529411764705882,
        12.0,
        12.549019607843137
    ],
    "selections": [
        null,
        null,
        "_complement_gaps:Instance-attribute-character",
        "_entity_novelty:Instance-character",
        "_complement_gaps:Instance-attribute-character",
        "_subject_gaps:Instance-attribute-character",
        "_complement_gaps:Instance-attribute-character",
        "_complement_gaps:Instance-attribute-character",
        "_subject_gaps:Instance-ancestry-character",
        "_subject_gaps:Instance-character-personality-trait",
        "_complement_gaps:Instance-attribute-character"
    ]
}