{
    "actions": [
        null,
        5,
        4,
        5,
        4,
        5,
        7,
        7,
        4,
        4,
        5
    ],
    "rewards": [
        0,
        0,
        0.055776892430278835,
        0.051572327044025146,
        0.04186602870813405,
        0.04018369690011481,
        0.032008830022074886,
        0.011764705882353121,
        0.011627906976744207,
        0.036572622779519115,
        0.011088709677419484
    ],
    "states": [
        13.862745098039216,
        14.764705882352942,
        15.588235294117647,
        16.392156862745097,
        17.07843137254902,
        17.764705882352942,
        18.333333333333332,
        18.54901960784314,
        18.764705882352942,
        19.45098039215686,
        19.666666666666668
    ],
    "selections": [
        null,
        null,
        "_complement_gaps:Instance-attribute-character",
        "_subject_gaps:Instance-attribute-character",
        "_complement_gaps:Instance-attribute-character",
        "_subject_gaps:Instance-attribute-character",
        "_complement_gaps:Instance-attribute-character",
        "_trust:Source",
        "_trust:Source",
        "_subject_gaps:Instance-attribute-character",
        "_subject_gaps:Instance-attribute-character"
    ]
}