{
    "abstract_actions": [
        null,
        4,
        4,
        4,
        4,
        4,
        4,
        4,
        4,
        4,
        7
    ],
    "specific_actions": [
        null,
        null,
        null,
        null,
        null,
        null,
        null,
        null,
        null,
        null,
        25
    ],
    "rewards": [
        0,
        0,
        -0.03433476394849788,
        -0.025990870518208475,
        -0.02957633087990985,
        -0.03097848703206485,
        -0.027867577882917827,
        -0.027114406952100545,
        -0.021794383769846104,
        -0.025840671247884472,
        -0.025191596396998972
    ],
    "states": [
        0.013134665630958265,
        0.01056689342403628,
        0.01020408163265306,
        0.009938868668181545,
        0.009644913399879438,
        0.009346128575195884,
        0.00908567460922285,
        0.008839321930434013,
        0.008646674356016917,
        0.00842323848659557,
        0.008211043662285587
    ],
    "selections": [
        null,
        null,
        "_subject_gaps:Instance-attribute-character",
        "_subject_gaps:Instance-attribute-character",
        "_subject_gaps:Instance-attribute-character",
        "_subject_gaps:Instance-attribute-character",
        "_subject_gaps:Instance-attribute-character",
        "_subject_gaps:Instance-attribute-character",
        "_subject_gaps:Instance-character-institution",
        "_subject_gaps:Instance-character-object",
        "_subject_gaps:Instance-attribute-character"
    ]
}