{
    "abstract_actions": [
        null,
        3,
        2,
        7,
        4,
        4,
        4,
        5,
        4,
        5,
        7
    ],
    "specific_actions": [
        null,
        11,
        25,
        25,
        null,
        null,
        null,
        11,
        null,
        11,
        25
    ],
    "rewards": [
        0,
        0,
        0.0016276360563287628,
        0.002461923399175836,
        0.002281247730205882,
        2.162331642185933e-06,
        2.0768313369057267e-06,
        -0.0014068412881055314,
        2.8662452330907584e-05,
        2.7595151531834006e-05,
        2.6586375811765706e-05
    ],
    "states": [
        10.66789667896679,
        10.597864768683275,
        10.61511423550088,
        10.641247833622185,
        10.665523156089193,
        10.665546218487394,
        10.665568369028007,
        10.650563607085346,
        10.65086887835703,
        10.651162790697674,
        10.65144596651446
    ],
    "selections": [
        null,
        null,
        "_entity_novelty:Instance-attribute",
        "_statement_novelty:Actor-Source",
        "_trust:Source",
        "_subject_gaps:Instance-attribute-character",
        "_subject_gaps:Instance-character-institution",
        "_subject_gaps:Instance-character-product",
        "_complement_gaps:Instance-attribute-character",
        "_subject_gaps:Instance-attribute-character",
        "_complement_gaps:Instance-attribute-character"
    ]
}