{
    "actions": [
        null,
        3,
        2,
        5,
        4,
        3,
        6,
        2,
        4,
        4,
        4
    ],
    "rewards": [
        0,
        0,
        0.014002333722286986,
        0.012658227848101111,
        0.03977272727272729,
        0.03825136612021862,
        0.03684210526315779,
        0.01725888324873104,
        0.010978043912175606,
        0.03455083909180656,
        0.02767175572519065
    ],
    "states": [
        15.901960784313726,
        16.80392156862745,
        17.03921568627451,
        17.254901960784313,
        17.941176470588236,
        18.627450980392158,
        19.313725490196077,
        19.647058823529413,
        19.862745098039216,
        20.54901960784314,
        21.11764705882353
    ],
    "selections": [
        null,
        null,
        "_entity_novelty:Instance-attribute",
        "_statement_novelty:Actor-Source",
        "_complement_gaps:Instance-attribute-character",
        "_subject_gaps:Instance-attribute-character",
        "_entity_novelty:Instance-attribute",
        "_overlaps:character",
        "_statement_novelty:Actor-Source",
        "_subject_gaps:Instance-attribute-character",
        "_subject_gaps:Instance-attribute-character"
    ]
}