{
    "abstract_actions": [
        null,
        7,
        7,
        7,
        4,
        3,
        6,
        5,
        7,
        2,
        7
    ],
    "specific_actions": [
        null,
        25,
        25,
        25,
        null,
        11,
        null,
        11,
        25,
        25,
        25
    ],
    "rewards": [
        0,
        0,
        0.04337899543378998,
        0.01969365426695835,
        0.0193133047210301,
        0.05052631578947375,
        0.04609218436873741,
        0.034482758620689724,
        0.051851851851851816,
        0.02464788732394374,
        0.015463917525773141
    ],
    "states": [
        7.0588235294117645,
        8.588235294117647,
        8.96078431372549,
        9.137254901960784,
        9.313725490196079,
        9.784313725490197,
        10.235294117647058,
        10.588235294117647,
        11.137254901960784,
        11.411764705882353,
        11.588235294117647
    ],
    "selections": [
        null,
        null,
        "_trust:Source",
        "_trust:Source",
        "_trust:Source",
        "_subject_gaps:Instance-attribute-character",
        "_entity_novelty:Instance-attribute",
        "_overlaps:character",
        "_complement_gaps:Instance-attribute-character",
        "_trust:Source",
        "_statement_novelty:Actor-Source"
    ]
}