{
    "abstract_actions": [
        null,
        4,
        4,
        7,
        4,
        5,
        5,
        3,
        4,
        4,
        5
    ],
    "specific_actions": [
        null,
        null,
        null,
        25,
        null,
        11,
        11,
        11,
        null,
        null,
        11
    ],
    "rewards": [
        0,
        0,
        0.4539915966386556,
        0.298417894162575,
        -0.02396166134185307,
        0.21884735202492211,
        0.17394285714285718,
        0.13889921904053537,
        -0.014296187683284556,
        0.11665984445354072,
        -0.013776050865418554
    ],
    "states": [
        0.0,
        0.0008669267446900737,
        0.0012605042016806723,
        0.0016366612111292963,
        0.001597444089456869,
        0.0019470404984423676,
        0.002285714285714286,
        0.0026031982149497955,
        0.002565982404692082,
        0.0028653295128939827,
        0.00282585658777817
    ],
    "selections": [
        null,
        null,
        "_subject_gaps:Instance-character-enchantment",
        "_subject_gaps:Instance-attribute-character",
        "_trust:Source",
        "_subject_gaps:Instance-ancestry-character",
        "_complement_gaps:Instance-attribute-character",
        "_complement_gaps:Instance-attribute-character",
        "_entity_novelty:Instance-attribute",
        "_subject_gaps:Instance-character-personality-trait",
        "_subject_gaps:Instance-character-designation"
    ]
}