{
    "abstract_actions": [
        null,
        5,
        5,
        3,
        3,
        7,
        5,
        7,
        4,
        3,
        7
    ],
    "specific_actions": [
        null,
        11,
        11,
        null,
        11,
        25,
        11,
        25,
        null,
        11,
        25
    ],
    "rewards": [
        0,
        0,
        0.03164282618118763,
        0.02941176470588225,
        0.026122448979591928,
        0.02505966587112174,
        0.02328288707799775,
        0.023890784982935065,
        0.0185185185185186,
        0.025454545454545396,
        0.01382978723404249
    ],
    "states": [
        2096.0,
        2307.0,
        2380.0,
        2450.0,
        2514.0,
        2577.0,
        2637.0,
        2700.0,
        2750.0,
        2820.0,
        2859.0
    ],
    "selections": [
        null,
        null,
        "_complement_gaps:Instance-attribute-character",
        "_complement_gaps:Instance-attribute-character",
        "_entity_novelty:Instance-character",
        "_entity_novelty:Instance-attribute",
        "_trust:Source",
        "_complement_gaps:Instance-attribute-character",
        "_trust:Source",
        "_subject_gaps:Instance-attribute-character",
        "_entity_novelty:Instance-attribute"
    ]
}