{
    "abstract_actions": [
        null,
        7,
        4,
        7,
        2,
        4,
        3,
        3,
        4,
        3,
        5
    ],
    "specific_actions": [
        null,
        25,
        null,
        25,
        25,
        null,
        11,
        null,
        null,
        null,
        11
    ],
    "rewards": [
        0,
        0,
        -0.026582278481012578,
        0.46055875102711585,
        -0.020128824476650542,
        -0.015457788347205792,
        0.3003478933127175,
        0.22028301886792456,
        0.17170228445099478,
        0.14019925579162162,
        0.11711168099763669
    ],
    "states": [
        0.0,
        0.0008669267446900737,
        0.0008438818565400844,
        0.0012325390304026294,
        0.0012077294685990338,
        0.0011890606420927466,
        0.0015461925009663702,
        0.0018867924528301887,
        0.002210759027266028,
        0.0025207057976233344,
        0.0028159098908834917
    ],
    "selections": [
        null,
        null,
        "_trust:Source",
        "_subject_gaps:Instance-character-designation",
        "_trust:Source",
        "_statement_novelty:Actor-Source",
        "_subject_gaps:Instance-ancestry-character",
        "_entity_novelty:Instance-attribute",
        "_entity_novelty:Instance-character",
        "_subject_gaps:Instance-ability-character",
        "_entity_novelty:Instance-character"
    ]
}