{
    "abstract_actions": [
        null,
        3,
        2,
        5,
        3,
        3,
        6,
        6,
        2,
        5,
        7
    ],
    "specific_actions": [
        null,
        11,
        25,
        11,
        null,
        11,
        null,
        null,
        25,
        11,
        25
    ],
    "rewards": [
        0,
        0,
        0.003065056227047336,
        0.004013923062870406,
        0.005201768689429231,
        0.004958302993625541,
        0.004741098266014543,
        0.0030234452075024176,
        0.0028005770789936157,
        0.002739739310719136,
        0.004692221128586249
    ],
    "states": [
        2.4936900832940436,
        2.5179519864032294,
        2.525669650818561,
        2.5358074944791733,
        2.548998178506375,
        2.561636883805609,
        2.5737818559935786,
        2.5815635444112393,
        2.588793412101683,
        2.595886031180149,
        2.6080665024630543
    ],
    "selections": [
        null,
        null,
        "_entity_novelty:Instance-attribute",
        "_statement_novelty:Actor-Source",
        "_complement_gaps:Instance-attribute-character",
        "_entity_novelty:Instance-character",
        "_entity_novelty:Instance-attribute",
        "_overlaps:character",
        "_overlaps:character",
        "_statement_novelty:Actor-Source",
        "_complement_gaps:Instance-attribute-character"
    ]
}