{
    "abstract_actions": [
        null,
        4,
        3,
        5,
        4,
        3,
        2,
        4,
        2,
        2,
        7
    ],
    "specific_actions": [
        null,
        null,
        11,
        11,
        null,
        null,
        25,
        null,
        25,
        25,
        25
    ],
    "rewards": [
        0,
        0,
        0.03164282618118763,
        0.026470588235294024,
        0.027834629553827206,
        0.02508960573476693,
        0.015151515151515138,
        0.02296211251435132,
        0.014590347923681302,
        0.014380530973451267,
        0.014176663031624903
    ],
    "states": [
        2096.0,
        2307.0,
        2380.0,
        2443.0,
        2511.0,
        2574.0,
        2613.0,
        2673.0,
        2712.0,
        2751.0,
        2790.0
    ],
    "selections": [
        null,
        null,
        "_subject_gaps:Instance-attribute-character",
        "_entity_novelty:Instance-attribute",
        "_complement_gaps:Instance-attribute-character",
        "_subject_gaps:Instance-attribute-character",
        "_entity_novelty:Instance-character",
        "_statement_novelty:Actor-Source",
        "_subject_gaps:Instance-character-institution",
        "_statement_novelty:Actor-Source",
        "_statement_novelty:Actor-Source"
    ]
}