{
    "actions": [
        null,
        3,
        4,
        7,
        4,
        7,
        2,
        7,
        5,
        4,
        5
    ],
    "rewards": [
        0,
        0,
        0.004219275631349717,
        0.005022417947416535,
        0.0020870567344781765,
        0.0047347772536912025,
        0.001971973968564855,
        0.001939805962070551,
        0.001908419346868362,
        0.004869998758039618,
        0.0036168039412785014
    ],
    "states": [
        2.4550418422458304,
        2.477345185119011,
        2.487797787289025,
        2.5002925475454485,
        2.5055107999449686,
        2.5173738354894257,
        2.5223380311621573,
        2.527230877513363,
        2.532053893814013,
        2.5443849931321765,
        2.5535875348034667
    ],
    "selections": [
        null,
        null,
        "_entity_novelty:Instance-attribute",
        "_subject_gaps:Instance-attribute-character",
        "_trust:Source",
        "_subject_gaps:Instance-attribute-character",
        "_trust:Source",
        "_statement_novelty:Actor-Source",
        "_trust:Source",
        "_complement_gaps:Instance-attribute-character",
        "_subject_gaps:Instance-attribute-character"
    ]
}