{
    "abstract_actions": [
        null,
        5,
        3,
        4,
        3,
        6,
        2,
        5,
        7,
        6,
        4
    ],
    "specific_actions": [
        null,
        11,
        11,
        null,
        11,
        null,
        25,
        11,
        25,
        11,
        null
    ],
    "rewards": [
        0,
        0,
        -0.020408163265306256,
        0.0,
        -0.015625,
        -0.012345679012345623,
        0.10000000000000009,
        0.0,
        -0.0181818181818183,
        0.08333333333333348,
        0.07692307692307687
    ],
    "states": [
        1.2,
        1.1666666666666667,
        1.1428571428571428,
        1.1428571428571428,
        1.125,
        1.1111111111111112,
        1.2222222222222223,
        1.2222222222222223,
        1.2,
        1.3,
        1.4
    ],
    "selections": [
        null,
        null,
        "_complement_gaps:Instance-attribute-character",
        "_entity_novelty:Instance-attribute",
        "_subject_gaps:Instance-attribute-character",
        "_entity_novelty:Instance-attribute",
        "_overlaps:character",
        "_statement_novelty:Actor-Source",
        "_complement_gaps:Instance-attribute-character",
        "_trust:Source",
        "_overlaps:attribute-object"
    ]
}