{
    "abstract_actions": [
        null,
        5,
        4,
        7,
        2,
        2,
        2,
        7,
        7,
        4,
        3
    ],
    "specific_actions": [
        null,
        11,
        null,
        25,
        25,
        25,
        25,
        25,
        25,
        null,
        11
    ],
    "rewards": [
        0,
        0,
        0.057077625570776336,
        0.05183585313174954,
        0.03696098562628336,
        0.017821782178217838,
        0.017509727626459304,
        0.017208413001911893,
        0.016917293233082553,
        0.016635859519408713,
        0.043636363636363695
    ],
    "states": [
        7.0588235294117645,
        8.588235294117647,
        9.07843137254902,
        9.549019607843137,
        9.901960784313726,
        10.07843137254902,
        10.254901960784315,
        10.431372549019608,
        10.607843137254902,
        10.784313725490197,
        11.254901960784315
    ],
    "selections": [
        null,
        null,
        "_complement_gaps:Instance-attribute-character",
        "_subject_gaps:Instance-attribute-character",
        "_trust:Source",
        "_statement_novelty:Actor-Source",
        "_statement_novelty:Actor-Source",
        "_statement_novelty:Actor-Source",
        "_trust:Source",
        "_trust:Source",
        "_subject_gaps:Instance-attribute-character"
    ]
}