{
    "abstract_actions": [
        null,
        3,
        4,
        4,
        5,
        4,
        5,
        7,
        7,
        7,
        4
    ],
    "specific_actions": [
        null,
        11,
        null,
        null,
        11,
        null,
        11,
        25,
        25,
        25,
        null
    ],
    "rewards": [
        0,
        0,
        -0.0007827322460162156,
        -0.000963550661330026,
        0.0003629843542065636,
        -0.0009100342812197182,
        0.00035863386433798716,
        0.0003451240682295076,
        0.002189065181604999,
        0.0014707642843705404,
        0.0014420232400489397
    ],
    "states": [
        11.536496350364963,
        11.477031802120141,
        11.468048359240068,
        11.456998313659359,
        11.461157024793389,
        11.450726978998384,
        11.454833597464342,
        11.458786936236391,
        11.483870967741936,
        11.50076103500761,
        11.51734539969834
    ],
    "selections": [
        null,
        null,
        "_entity_novelty:Instance-attribute",
        "_subject_gaps:Instance-attribute-character",
        "_subject_gaps:Instance-attribute-character",
        "_complement_gaps:Instance-attribute-character",
        "_subject_gaps:Instance-attribute-character",
        "_complement_gaps:Instance-attribute-character",
        "_trust:Source",
        "_trust:Source",
        "_trust:Source"
    ]
}