{
    "abstract_actions": [
        null,
        4,
        5,
        7,
        4,
        4,
        2,
        5,
        4,
        4,
        4
    ],
    "specific_actions": [
        null,
        null,
        11,
        25,
        null,
        null,
        25,
        11,
        null,
        null,
        null
    ],
    "rewards": [
        0,
        0,
        0.02373806275579815,
        0.02238805970149249,
        0.015119916579770631,
        0.019517205957883865,
        0.010327455919395545,
        0.014460234355522239,
        0.020643892848365653,
        0.009872381411028197,
        0.01812112541726285
    ],
    "states": [
        3587.0,
        3665.0,
        3752.0,
        3836.0,
        3894.0,
        3970.0,
        4011.0,
        4069.0,
        4153.0,
        4194.0,
        4270.0
    ],
    "selections": [
        null,
        null,
        "_subject_gaps:Instance-character-object",
        "_complement_gaps:Instance-attribute-character",
        "_trust:Source",
        "_subject_gaps:Instance-character-object",
        "_subject_gaps:Instance-character-object",
        "_statement_novelty:Actor-Source",
        "_complement_gaps:Instance-attribute-character",
        "_subject_gaps:Instance-character-gender",
        "_subject_gaps:Instance-character-object"
    ]
}