{
    "abstract_actions": [
        null,
        4,
        4,
        3,
        5,
        5,
        7,
        4,
        7,
        7,
        7
    ],
    "specific_actions": [
        null,
        null,
        null,
        11,
        11,
        11,
        25,
        null,
        25,
        25,
        25
    ],
    "rewards": [
        0,
        0,
        0.0,
        0.33333333333333326,
        0.0,
        0.125,
        0.06666666666666665,
        0.25,
        0.0,
        0.16666666666666674,
        0.0
    ],
    "states": [
        0.0,
        0.5,
        0.5,
        0.6666666666666666,
        0.6666666666666666,
        0.75,
        0.8,
        1.0,
        1.0,
        1.1666666666666667,
        1.1666666666666667
    ],
    "selections": [
        null,
        null,
        "_subject_gaps:Instance-ancestry-character",
        "_subject_gaps:Instance-character-object",
        "_entity_novelty:Instance-attribute",
        "_complement_gaps:Instance-attribute-character",
        "_complement_gaps:Instance-attribute-character",
        "_trust:Source",
        "_subject_gaps:Instance-character-physical-appearance",
        "_trust:Source",
        "_trust:Source"
    ]
}