{
    "actions": [
        null,
        3,
        2,
        4,
        3,
        7,
        5,
        2,
        6,
        2,
        4,
        5,
        7,
        4,
        6,
        3,
        2,
        2,
        5,
        7,
        2,
        4,
        6,
        2,
        2,
        2
    ],
    "rewards": [
        0,
        0,
        0.00037537537537546406,
        0.0,
        0.009005628517823716,
        0.0,
        0.0,
        0.0,
        0.0,
        0.002231312755671233,
        0.0,
        0.004081632653061273,
        0.008869179600886845,
        0.0,
        0.0,
        0.00219780219780219,
        0.0,
        0.0,
        0.0,
        0.006578947368421018,
        0.0,
        0.0,
        0.0,
        0.0,
        0.0,
        0.0
    ],
    "states": [
        51.72549019607843,
        52.23529411764706,
        52.254901960784316,
        52.254901960784316,
        52.72549019607843,
        52.72549019607843,
        52.72549019607843,
        52.72549019607843,
        52.72549019607843,
        52.84313725490196,
        52.84313725490196,
        53.05882352941177,
        53.529411764705884,
        53.529411764705884,
        53.529411764705884,
        53.64705882352941,
        53.64705882352941,
        53.64705882352941,
        53.64705882352941,
        54.0,
        54.0,
        54.0,
        54.0,
        54.0,
        54.0,
        54.0
    ],
    "selections": [
        null,
        null,
        "_entity_novelty:Instance-attribute",
        "_statement_novelty:Actor-Source",
        "_subject_gaps:Instance-attribute-character",
        "_entity_novelty:Instance-attribute",
        "_trust:Source",
        "_complement_gaps:Instance-attribute-character",
        "_statement_novelty:Actor-Source",
        "_overlaps:attribute",
        "_statement_novelty:Actor-Source",
        "_subject_gaps:Instance-attribute-character",
        "_complement_gaps:Instance-attribute-character",
        "_trust:Source",
        "_subject_gaps:Instance-attribute-character",
        "_overlaps:attribute",
        "_entity_novelty:Instance-attribute",
        "_statement_novelty:Actor-Source",
        "_statement_novelty:Actor-Source",
        "_complement_gaps:Instance-attribute-character",
        "_trust:Source",
        "_statement_novelty:Actor-Source",
        "_subject_gaps:Instance-attribute-character",
        "_overlaps:attribute",
        "_statement_novelty:Actor-Source",
        "_statement_novelty:Actor-Source"
    ]
}