{
    "abstract_actions": [
        null,
        5,
        5,
        2,
        5,
        3,
        7,
        7,
        5,
        7,
        7
    ],
    "specific_actions": [
        null,
        11,
        11,
        25,
        11,
        null,
        25,
        25,
        11,
        25,
        25
    ],
    "rewards": [
        0,
        0,
        0.11639930053980074,
        -0.010792313766780692,
        -0.015037593984962516,
        0.10102131438721162,
        0.09008934251652678,
        -0.01423312883435568,
        -0.009961127308066087,
        -0.009862881885975505,
        -0.009766555502620178
    ],
    "states": [
        0.0016769144773616546,
        0.0019068373740125306,
        0.0021287919105907396,
        0.0021058173203474598,
        0.002074150894477573,
        0.002283684344075108,
        0.0024894199651481204,
        0.00245398773006135,
        0.0024295432458697765,
        0.0024055809477988932,
        0.0023820867079561697
    ],
    "selections": [
        null,
        null,
        "_complement_gaps:Instance-attribute-character",
        "_complement_gaps:Instance-attribute-character",
        "_statement_novelty:Actor-Source",
        "_complement_gaps:Instance-attribute-character",
        "_entity_novelty:Instance-character",
        "_trust:Source",
        "_trust:Source",
        "_complement_gaps:Instance-attribute-character",
        "_trust:Source"
    ]
}