{
    "abstract_actions": [
        null,
        4,
        4,
        4,
        4,
        3,
        5,
        7,
        5,
        4,
        3
    ],
    "specific_actions": [
        null,
        null,
        null,
        null,
        null,
        11,
        11,
        25,
        11,
        null,
        null
    ],
    "rewards": [
        0,
        0,
        0.0053026861662266445,
        0.00609920845333356,
        0.005124169481039997,
        0.004891665951037849,
        0.0029617289617407394,
        0.005121462920667064,
        0.0032740430688069644,
        0.004717810017553781,
        0.004491465860959609
    ],
    "states": [
        2.4826653633105247,
        2.5096485286370136,
        2.522956407171908,
        2.538344444217923,
        2.5513513513513515,
        2.5638317098858914,
        2.5714250845140896,
        2.5845945427377015,
        2.5930566165860283,
        2.605290165067842,
        2.6169917369021385
    ],
    "selections": [
        null,
        null,
        "_subject_gaps:Instance-attribute-character",
        "_subject_gaps:Instance-attribute-character",
        "_subject_gaps:Instance-attribute-character",
        "_subject_gaps:Instance-character-designation",
        "_entity_novelty:Instance-attribute",
        "_complement_gaps:Instance-attribute-character",
        "_trust:Source",
        "_complement_gaps:Instance-attribute-character",
        "_subject_gaps:Instance-attribute-character"
    ]
}