{
    "abstract_actions": [
        null,
        3,
        3,
        7,
        7,
        7,
        7,
        7,
        4,
        4,
        7
    ],
    "specific_actions": [
        null,
        null,
        11,
        25,
        25,
        25,
        25,
        25,
        null,
        null,
        25
    ],
    "rewards": [
        0,
        0,
        -4.032300023937285e-05,
        0.0011689336129803163,
        0.002382313703068295,
        0.0011062957850132005,
        0.001084608927746089,
        0.0010635543060077968,
        0.001043107553459377,
        -0.0004615891856248888,
        0.00033216687048032156
    ],
    "states": [
        12.263247863247864,
        12.177339901477833,
        12.17684887459807,
        12.19108280254777,
        12.220125786163521,
        12.233644859813085,
        12.246913580246913,
        12.259938837920489,
        12.272727272727273,
        12.267062314540059,
        12.271137026239067
    ],
    "selections": [
        null,
        null,
        "_entity_novelty:Instance-character",
        "_entity_novelty:Instance-attribute",
        "_trust:Source",
        "_trust:Source",
        "_trust:Source",
        "_trust:Source",
        "_trust:Source",
        "_subject_gaps:Instance-attribute-character",
        "_subject_gaps:Instance-attribute-character"
    ]
}