{
    "abstract_actions": [
        null,
        4,
        3,
        4,
        6,
        6,
        2,
        5,
        4,
        4,
        2
    ],
    "specific_actions": [
        null,
        null,
        11,
        null,
        null,
        null,
        25,
        11,
        null,
        null,
        25
    ],
    "rewards": [
        0,
        0,
        -0.012345679012345623,
        -0.010000000000000009,
        0.0,
        0.09090909090909083,
        0.08333333333333348,
        0.0,
        -0.020979020979021046,
        -0.017857142857142794,
        0.0
    ],
    "states": [
        1.1428571428571428,
        1.125,
        1.1111111111111112,
        1.1,
        1.1,
        1.2,
        1.3,
        1.3,
        1.2727272727272727,
        1.25,
        1.25
    ],
    "selections": [
        null,
        null,
        "_subject_gaps:Instance-attribute-character",
        "_entity_novelty:Instance-attribute",
        "_subject_gaps:Instance-character-personality-trait",
        "_overlaps:character",
        "_overlaps:character",
        "_statement_novelty:Actor-Source",
        "_complement_gaps:Instance-attribute-character",
        "_subject_gaps:Instance-ability-character",
        "_subject_gaps:Instance-attribute-character"
    ]
}