{
    "abstract_actions": [
        null,
        5,
        7,
        5,
        4,
        4,
        5,
        7,
        7,
        5,
        5
    ],
    "specific_actions": [
        null,
        11,
        25,
        11,
        null,
        null,
        11,
        25,
        25,
        11,
        11
    ],
    "rewards": [
        0,
        0,
        -0.006215626155736564,
        -0.004473058711235045,
        -0.0026470796962601018,
        -0.004370365905117857,
        -0.002326245183388087,
        -0.0009635453636553937,
        0.0005798361962745524,
        0.0004766584766584536,
        -0.0037503271025207674
    ],
    "states": [
        11.742296918767506,
        10.985714285714286,
        10.917431192660551,
        10.868596881959911,
        10.83982683982684,
        10.79245283018868,
        10.76734693877551,
        10.756972111553784,
        10.76320939334638,
        10.768339768339768,
        10.727954971857411
    ],
    "selections": [
        null,
        null,
        "_complement_gaps:Instance-attribute-character",
        "_trust:Source",
        "_complement_gaps:Instance-attribute-character",
        "_subject_gaps:Instance-ability-character",
        "_subject_gaps:Instance-ability-character",
        "_complement_gaps:Instance-attribute-character",
        "_trust:Source",
        "_trust:Source",
        "_complement_gaps:Instance-attribute-character"
    ]
}