{
    "abstract_actions": [
        null,
        5,
        5,
        7,
        5,
        4,
        7,
        5,
        2,
        5,
        5
    ],
    "specific_actions": [
        null,
        11,
        11,
        25,
        11,
        null,
        25,
        11,
        25,
        11,
        11
    ],
    "rewards": [
        0,
        0,
        0.005579143726876179,
        0.00496966395927001,
        0.003553355716033435,
        0.0046358970924251786,
        0.0044495043536165735,
        0.0032057817004238487,
        0.002636668453197988,
        0.0025855305522202165,
        0.0044796730399920826
    ],
    "states": [
        2.4537549549333444,
        2.4779863643748286,
        2.491811406454915,
        2.504194871794872,
        2.513093166956626,
        2.524743608262314,
        2.535977465939043,
        2.5441072560920373,
        2.5508152234357273,
        2.5574104341289887,
        2.568866796702951
    ],
    "selections": [
        null,
        null,
        "_complement_gaps:Instance-attribute-character",
        "_complement_gaps:Instance-attribute-character",
        "_trust:Source",
        "_complement_gaps:Instance-attribute-character",
        "_subject_gaps:Instance-attribute-character",
        "_trust:Source",
        "_complement_gaps:Instance-attribute-character",
        "_statement_novelty:Actor-Source",
        "_complement_gaps:Instance-attribute-character"
    ]
}