{
    "abstract_actions": [
        null,
        5,
        6,
        6,
        2,
        5,
        4,
        3,
        4,
        3,
        7
    ],
    "specific_actions": [
        null,
        11,
        null,
        null,
        25,
        11,
        null,
        11,
        null,
        11,
        25
    ],
    "rewards": [
        0,
        0,
        0.0670443245849277,
        -0.021725032425421453,
        -0.018147086914995225,
        -0.012264150943396168,
        -0.012115563839701804,
        0.0622144380140115,
        -0.011739915713425475,
        0.0565677677313825,
        -0.011386861313868568
    ],
    "states": [
        0.0034916201117318434,
        0.003727549983056591,
        0.003977461054027179,
        0.0038910505836575876,
        0.0038204393505253103,
        0.0037735849056603774,
        0.003727865796831314,
        0.0039597928723728295,
        0.0039133052378085495,
        0.004134672179562906,
        0.004087591240875913
    ],
    "selections": [
        null,
        null,
        "_complement_gaps:Instance-attribute-character",
        "_overlaps:character",
        "_overlaps:character",
        "_statement_novelty:Actor-Source",
        "_complement_gaps:Instance-attribute-character",
        "_subject_gaps:Instance-attribute-character",
        "_entity_novelty:Instance-attribute",
        "_subject_gaps:Instance-attribute-character",
        "_entity_novelty:Instance-attribute"
    ]
}