{
    "abstract_actions": [
        null,
        5,
        4,
        7,
        2,
        4,
        6,
        5,
        5,
        5,
        4
    ],
    "specific_actions": [
        null,
        11,
        null,
        25,
        25,
        null,
        null,
        11,
        11,
        11,
        null
    ],
    "rewards": [
        0,
        0,
        -0.006215626155736564,
        -0.002614379084967311,
        -0.0042755763212413145,
        0.00041281681783500446,
        -0.0010187028625631145,
        0.0010605324075880773,
        -0.004137358828863902,
        -0.003915322288964074,
        -0.003710709740629814
    ],
    "states": [
        11.742296918767506,
        10.985714285714286,
        10.917431192660551,
        10.88888888888889,
        10.842332613390928,
        10.846808510638297,
        10.835758835758837,
        10.847250509164969,
        10.802371541501977,
        10.760076775431862,
        10.720149253731343
    ],
    "selections": [
        null,
        null,
        "_complement_gaps:Instance-attribute-character",
        "_subject_gaps:Instance-attribute-character",
        "_trust:Source",
        "_statement_novelty:Actor-Source",
        "_subject_gaps:Instance-character-gender",
        "_overlaps:character",
        "_complement_gaps:Instance-attribute-character",
        "_complement_gaps:Instance-attribute-character",
        "_complement_gaps:Instance-attribute-character"
    ]
}