{
    "abstract_actions": [
        null,
        5,
        3,
        7,
        7,
        4,
        4,
        7,
        4,
        7,
        7
    ],
    "specific_actions": [
        null,
        11,
        null,
        25,
        25,
        null,
        null,
        25,
        null,
        25,
        25
    ],
    "rewards": [
        0,
        0,
        0.011777576306545745,
        0.008560638679100396,
        0.009548274572655169,
        0.00597810674356225,
        0.008595167164372253,
        0.005466568645993153,
        0.006107948327657375,
        0.005090186939784358,
        0.00493275718069941
    ],
    "states": [
        2.261951971799956,
        2.3403682236617795,
        2.367932089001371,
        2.388203100031959,
        2.41100631896633,
        2.4254195721005143,
        2.4462664587664587,
        2.459639142289696,
        2.474662491075485,
        2.487258985767932,
        2.499528030390238
    ],
    "selections": [
        null,
        null,
        "_complement_gaps:Instance-attribute-character",
        "_entity_novelty:Instance-character",
        "_trust:Source",
        "_trust:Source",
        "_subject_gaps:Instance-attribute-character",
        "_subject_gaps:Instance-attribute-character",
        "_trust:Source",
        "_subject_gaps:Instance-character-object",
        "_trust:Source"
    ]
}