{
    "abstract_actions": [
        null,
        4,
        5,
        7,
        4,
        7,
        2,
        4,
        5,
        5,
        3
    ],
    "specific_actions": [
        null,
        null,
        11,
        25,
        null,
        25,
        25,
        null,
        11,
        11,
        11
    ],
    "rewards": [
        0,
        0,
        0.02263565891472874,
        0.023347483323226115,
        0.016000000000000014,
        0.022455526392534342,
        0.01540216771249292,
        0.011235955056179803,
        0.0213888888888889,
        0.02094098449823223,
        0.020511454448588262
    ],
    "states": [
        3131.0,
        3225.0,
        3298.0,
        3375.0,
        3429.0,
        3506.0,
        3560.0,
        3600.0,
        3677.0,
        3754.0,
        3831.0
    ],
    "selections": [
        null,
        null,
        "_subject_gaps:Instance-attribute-character",
        "_complement_gaps:Instance-attribute-character",
        "_trust:Source",
        "_subject_gaps:Instance-attribute-character",
        "_trust:Source",
        "_statement_novelty:Actor-Source",
        "_subject_gaps:Instance-character-enchantment",
        "_complement_gaps:Instance-attribute-character",
        "_complement_gaps:Instance-attribute-character"
    ]
}