{
    "abstract_actions": [
        null,
        5,
        4,
        4,
        4,
        5,
        7,
        7,
        5,
        3,
        4
    ],
    "specific_actions": [
        null,
        11,
        null,
        null,
        null,
        11,
        25,
        25,
        11,
        null,
        null
    ],
    "rewards": [
        0,
        0,
        0.4576663858466723,
        0.2983319660924255,
        0.2151116427432216,
        0.17013996889580119,
        0.13575574060055495,
        -0.022205773501110304,
        -0.01422838380153224,
        0.11439751994714631,
        0.10264121338912147
    ],
    "states": [
        0.0,
        0.0008669267446900737,
        0.0012636899747262005,
        0.0016406890894175555,
        0.001993620414673046,
        0.0023328149300155523,
        0.0026495079485238456,
        0.0025906735751295338,
        0.002553812477198103,
        0.002845962290999644,
        0.0031380753138075313
    ],
    "selections": [
        null,
        null,
        "_complement_gaps:Instance-attribute-character",
        "_subject_gaps:Instance-attribute-character",
        "_subject_gaps:Instance-attribute-character",
        "_subject_gaps:Instance-ancestry-character",
        "_complement_gaps:Instance-attribute-character",
        "_trust:Source",
        "_trust:Source",
        "_complement_gaps:Instance-attribute-character",
        "_entity_novelty:Instance-character"
    ]
}