{
    "abstract_actions": [
        null,
        5,
        7,
        7,
        5,
        4,
        3,
        7,
        7,
        5,
        5
    ],
    "specific_actions": [
        null,
        11,
        25,
        25,
        11,
        null,
        11,
        25,
        25,
        11,
        11
    ],
    "rewards": [
        0,
        0,
        0.4539915966386556,
        -0.024590163934426257,
        -0.015732150060508432,
        0.2967176670589775,
        0.216590301641848,
        -0.01467268623024831,
        -0.01846381093057614,
        -0.014197306152165967,
        0.1756062767475035
    ],
    "states": [
        0.0,
        0.0008669267446900737,
        0.0012605042016806723,
        0.0012295081967213116,
        0.0012101653892698668,
        0.001569242840329541,
        0.0019091256204658267,
        0.0018811136192626034,
        0.001846381093057607,
        0.0018201674554058974,
        0.0021398002853067048
    ],
    "selections": [
        null,
        null,
        "_complement_gaps:Instance-attribute-character",
        "_trust:Source",
        "_trust:Source",
        "_complement_gaps:Instance-attribute-character",
        "_subject_gaps:Instance-ability-character",
        "_entity_novelty:Instance-attribute",
        "_trust:Source",
        "_trust:Source",
        "_complement_gaps:Instance-attribute-character"
    ]
}