{
    "abstract_actions": [
        null,
        3,
        7,
        2,
        7,
        4,
        3,
        2,
        4,
        3,
        4
    ],
    "specific_actions": [
        null,
        11,
        25,
        25,
        25,
        null,
        null,
        25,
        null,
        null,
        null
    ],
    "rewards": [
        0,
        0,
        0.0015521102120081842,
        0.0023849221762235473,
        0.002229971742166992,
        0.003915694416793736,
        -0.0017279327008816736,
        0.0020830109061964475,
        0.002094724445208529,
        -0.0017009515747384851,
        -0.0002257881357820013
    ],
    "states": [
        10.753295668549907,
        10.678765880217785,
        10.695340501792115,
        10.720848056537102,
        10.744755244755245,
        10.78682842287695,
        10.76818950930626,
        10.790619765494137,
        10.813223140495868,
        10.794830371567043,
        10.792393026941363
    ],
    "selections": [
        null,
        null,
        "_entity_novelty:Instance-attribute",
        "_trust:Source",
        "_statement_novelty:Actor-Source",
        "_trust:Source",
        "_subject_gaps:Instance-attribute-character",
        "_entity_novelty:Instance-character",
        "_statement_novelty:Actor-Source",
        "_subject_gaps:Instance-activity-character",
        "_entity_novelty:Instance-character"
    ]
}