{
    "actions": [
        null,
        3,
        5,
        3,
        4,
        4,
        4,
        3,
        6,
        4,
        3
    ],
    "rewards": [
        0,
        0,
        0.45444959932517914,
        0.2950976375802268,
        -0.015725806451612923,
        0.21568627450980382,
        0.17061973986228018,
        0.1387851630570076,
        0.11618214025216211,
        -0.016499282639885204,
        0.09975455820476853
    ],
    "states": [
        0.0,
        0.0008699434536755111,
        0.0012652889076339097,
        0.0016386726751331422,
        0.0016129032258064516,
        0.00196078431372549,
        0.0022953328232593728,
        0.0026138909634055266,
        0.0029175784099197666,
        0.0028694404591104736,
        0.003155680224403927
    ],
    "selections": [
        null,
        null,
        "_entity_novelty:Instance-character",
        "_complement_gaps:Instance-attribute-character",
        "_entity_novelty:Instance-attribute",
        "_subject_gaps:Instance-attribute-character",
        "_subject_gaps:Instance-attribute-character",
        "_subject_gaps:Instance-attribute-character",
        "_entity_novelty:Instance-attribute",
        "_overlaps:character",
        "_subject_gaps:Instance-attribute-character"
    ]
}