{
    "actions": [
        null,
        4,
        4,
        4,
        7,
        5,
        4,
        5,
        4,
        5,
        7
    ],
    "rewards": [
        0,
        0,
        0.4538364249578415,
        0.29830322933771214,
        0.21508379888268148,
        -0.015324165029469539,
        0.16787762906309767,
        0.14135178949993743,
        0.11613340988569343,
        0.09694513715710729,
        -0.013703443429374462
    ],
    "states": [
        0.0,
        0.0008699434536755111,
        0.0012647554806070826,
        0.0016420361247947454,
        0.0019952114924181963,
        0.0019646365422396855,
        0.002294455066921606,
        0.002618780396558174,
        0.0029229082937522835,
        0.003206270039187745,
        0.003162333099086437
    ],
    "selections": [
        null,
        null,
        "_subject_gaps:Instance-attribute-character",
        "_subject_gaps:Instance-attribute-character",
        "_subject_gaps:Instance-attribute-character",
        "_trust:Source",
        "_complement_gaps:Instance-attribute-character",
        "_subject_gaps:Instance-attribute-character",
        "_complement_gaps:Instance-attribute-character",
        "_subject_gaps:Instance-attribute-character",
        "_complement_gaps:Instance-attribute-character"
    ]
}