{
    "abstract_actions": [
        null,
        7,
        5,
        5,
        3,
        4,
        5,
        4,
        4,
        4,
        4
    ],
    "specific_actions": [
        null,
        25,
        11,
        11,
        null,
        null,
        11,
        null,
        null,
        null,
        null
    ],
    "rewards": [
        0,
        0,
        0.04347826086956519,
        0.06140350877192979,
        0.05785123966942152,
        0.017578125,
        0.04606525911708248,
        0.05137614678899083,
        0.041884816753926746,
        0.015075376884422287,
        0.014851485148514865
    ],
    "states": [
        7.0588235294117645,
        8.568627450980392,
        8.941176470588236,
        9.490196078431373,
        10.03921568627451,
        10.215686274509803,
        10.686274509803921,
        11.235294117647058,
        11.705882352941176,
        11.882352941176471,
        12.058823529411764
    ],
    "selections": [
        null,
        null,
        "_trust:Source",
        "_complement_gaps:Instance-attribute-character",
        "_complement_gaps:Instance-attribute-character",
        "_entity_novelty:Instance-character",
        "_subject_gaps:Instance-character-institution",
        "_complement_gaps:Instance-attribute-character",
        "_subject_gaps:Instance-ancestry-character",
        "_subject_gaps:Instance-ancestry-character",
        "_subject_gaps:Instance-ancestry-character"
    ]
}