{
    "abstract_actions": [
        null,
        5,
        4,
        5,
        3,
        7,
        4,
        3,
        5,
        4,
        5
    ],
    "specific_actions": [
        null,
        11,
        null,
        11,
        null,
        25,
        null,
        11,
        11,
        null,
        11
    ],
    "rewards": [
        0,
        0,
        -0.003931064376784255,
        -0.0029074129651860403,
        -0.004683749686277161,
        0.00038846290560101693,
        -0.004045903856867983,
        -0.0023587089367059777,
        -0.002607528440260687,
        -0.003809828940770088,
        -0.003611538436144479
    ],
    "states": [
        11.742296918767506,
        10.985714285714286,
        10.942528735632184,
        10.910714285714286,
        10.859611231101512,
        10.863829787234042,
        10.819875776397515,
        10.794354838709678,
        10.766208251473477,
        10.725190839694656,
        10.686456400742115
    ],
    "selections": [
        null,
        null,
        "_complement_gaps:Instance-attribute-character",
        "_subject_gaps:Instance-character-gender",
        "_complement_gaps:Instance-attribute-character",
        "_entity_novelty:Instance-character",
        "_trust:Source",
        "_subject_gaps:Instance-character-object",
        "_entity_novelty:Instance-attribute",
        "_complement_gaps:Instance-attribute-character",
        "_subject_gaps:Instance-character-designation"
    ]
}