{
    "abstract_actions": [
        null,
        7,
        2,
        5,
        5,
        7,
        2,
        7,
        2,
        2,
        2
    ],
    "specific_actions": [
        null,
        25,
        25,
        11,
        11,
        25,
        25,
        25,
        25,
        25,
        25
    ],
    "rewards": [
        0,
        0,
        0.010580382047204795,
        0.006737703466092926,
        0.010858746460309376,
        0.00907451018554184,
        0.006644450178109995,
        0.005509586351806872,
        0.005331790515040513,
        0.005162524736604501,
        0.005001248242936462
    ],
    "states": [
        2.261951971799956,
        2.3403682236617795,
        2.3651302135992593,
        2.3810657596371883,
        2.406921149026412,
        2.4287627795090483,
        2.444900572791944,
        2.4583709636193234,
        2.4714784826055998,
        2.484237551408037,
        2.4966618400970533
    ],
    "selections": [
        null,
        null,
        "_trust:Source",
        "_statement_novelty:Actor-Source",
        "_complement_gaps:Instance-attribute-character",
        "_complement_gaps:Instance-attribute-character",
        "_trust:Source",
        "_statement_novelty:Actor-Source",
        "_trust:Source",
        "_statement_novelty:Actor-Source",
        "_statement_novelty:Actor-Source"
    ]
}