{
    "actions": [
        null,
        3,
        2,
        4,
        5,
        4,
        4,
        4,
        5,
        7,
        7
    ],
    "rewards": [
        0,
        0,
        1.001935716904823,
        1.002466777319121,
        1.0024308805469813,
        0.9993647412721989,
        1.0004719515119143,
        0.9993831956279803,
        1.002307807546586,
        0.9993730798798357,
        1.002249965377118
    ],
    "states": [
        11.131645569620254,
        11.085290482076639,
        11.106748466257669,
        11.134146341463415,
        11.161212121212122,
        11.154121863799283,
        11.159386068476978,
        11.152502910360885,
        11.17824074074074,
        11.17123287671233,
        11.196367763904654
    ],
    "selections": [
        null,
        null,
        "_entity_novelty:Instance-attribute",
        "_statement_novelty:Actor-Source",
        "_subject_gaps:Instance-attribute-character",
        "_complement_gaps:Instance-attribute-character",
        "_subject_gaps:Instance-attribute-character",
        "_subject_gaps:Instance-attribute-character",
        "_subject_gaps:Instance-attribute-character",
        "_complement_gaps:Instance-attribute-character",
        "_trust:Source"
    ]
}