{
    "actions": [
        null,
        7,
        7,
        7,
        7,
        7,
        4,
        4,
        2,
        5,
        4
    ],
    "rewards": [
        0,
        0,
        -0.01510565743796577,
        -0.011902572447349491,
        -0.011769293216231769,
        -0.011638734371567594,
        -0.011510825802095614,
        -0.029051508880040933,
        -0.011054312930112609,
        -0.010938637586851763,
        -0.032830367763237445
    ],
    "states": [
        0.013056202873306185,
        0.010384007064254536,
        0.010227149810708491,
        0.010105420419156637,
        0.009986486763170287,
        0.009870256696428572,
        0.009756641890974015,
        0.009473196722439004,
        0.009368477041420646,
        0.009265998666323804,
        0.008961792522414726
    ],
    "selections": [
        null,
        null,
        "_trust:Source",
        "_trust:Source",
        "_trust:Source",
        "_trust:Source",
        "_trust:Source",
        "_subject_gaps:Instance-attribute-character",
        "_subject_gaps:Instance-attribute-character",
        "_statement_novelty:Actor-Source",
        "_complement_gaps:Instance-attribute-character"
    ]
}