{
    "abstract_actions": [
        null,
        3,
        7,
        7,
        2,
        2,
        7,
        7,
        4,
        4,
        7
    ],
    "specific_actions": [
        null,
        null,
        25,
        25,
        25,
        25,
        25,
        25,
        null,
        null,
        25
    ],
    "rewards": [
        0,
        0,
        -0.004152858760854028,
        -0.0023120426443421493,
        0.0003228726231223611,
        0.00031294502364676013,
        0.00030346840518835627,
        0.000294415857436503,
        0.00028576244792466454,
        -0.0026125603091029515,
        -0.002485075266360104
    ],
    "states": [
        11.742296918767506,
        10.985714285714286,
        10.940092165898617,
        10.914798206278027,
        10.918322295805739,
        10.921739130434782,
        10.925053533190578,
        10.928270042194093,
        10.931392931392931,
        10.902834008097166,
        10.875739644970414
    ],
    "selections": [
        null,
        null,
        "_entity_novelty:Instance-character",
        "_trust:Source",
        "_trust:Source",
        "_statement_novelty:Actor-Source",
        "_statement_novelty:Actor-Source",
        "_trust:Source",
        "_trust:Source",
        "_subject_gaps:Instance-attribute-character",
        "_subject_gaps:Instance-character-gender"
    ]
}