{
    "abstract_actions": [
        null,
        6,
        6,
        6,
        6,
        6,
        6,
        4,
        3,
        7,
        6
    ],
    "specific_actions": [
        null,
        null,
        null,
        null,
        null,
        null,
        null,
        null,
        11,
        25,
        null
    ],
    "rewards": [
        0,
        0,
        0.020625644551392153,
        0.019198383294038335,
        0.012888301387970813,
        0.012724306688417508,
        0.012564432989690788,
        0.012408526885141491,
        0.020113136392206243,
        0.01756007393715331,
        0.015137753557372013
    ],
    "states": [
        2835.0,
        2909.0,
        2969.0,
        3026.0,
        3065.0,
        3104.0,
        3143.0,
        3182.0,
        3246.0,
        3303.0,
        3353.0
    ],
    "selections": [
        null,
        null,
        "_overlaps:character",
        "_overlaps:character",
        "_overlaps:character",
        "_overlaps:character",
        "_overlaps:character",
        "_overlaps:character",
        "_subject_gaps:Instance-character-personality-trait",
        "_entity_novelty:Instance-attribute",
        "_trust:Source"
    ]
}