{
    "abstract_actions": [
        null,
        6,
        6,
        7,
        7,
        7,
        7,
        7,
        2,
        4,
        7
    ],
    "specific_actions": [
        null,
        11,
        11,
        25,
        25,
        25,
        25,
        25,
        25,
        null,
        25
    ],
    "rewards": [
        0,
        0,
        0.0032746749165573075,
        0.0034762247962700776,
        0.0031015813756503086,
        0.0030359239017967443,
        0.002972338727906365,
        0.002910739170103538,
        0.0028510430496075934,
        0.002793172413479761,
        0.004336857663916005
    ],
    "states": [
        2.4521316425120774,
        2.4747247630890126,
        2.4828286821960837,
        2.4914595528260244,
        2.4991870173732558,
        2.506774358974359,
        2.5142253414836615,
        2.521543595667585,
        2.5287326250102953,
        2.5357958112195402,
        2.546793196717554
    ],
    "selections": [
        null,
        null,
        "_overlaps:ancestry-attribute",
        "_overlaps:ancestry-attribute",
        "_trust:Source",
        "_trust:Source",
        "_trust:Source",
        "_trust:Source",
        "_trust:Source",
        "_statement_novelty:Actor-Source",
        "_subject_gaps:Instance-attribute-character"
    ]
}