{
    "actions": [
        null,
        5,
        7,
        4,
        5,
        5,
        7,
        4,
        5,
        5,
        6,
        5,
        4,
        5,
        2,
        2,
        4,
        5,
        5,
        4,
        4,
        7,
        6,
        6,
        2,
        5
    ],
    "rewards": [
        0,
        0,
        -0.0005502366017386962,
        -0.0014285714285714457,
        -0.0012073317967292718,
        -0.00021946669592887158,
        -0.0012056115738711126,
        -0.0014227864725840922,
        -0.0012024486226498432,
        -0.0014190590546883097,
        -0.0014170481796381695,
        -0.002175331738090147,
        -0.0014119691539046242,
        -0.0014099783080261385,
        -0.0014079930683418285,
        -0.0014060134112048317,
        -0.0011882899427461124,
        0.014191038457404215,
        -0.0013954486904250718,
        -0.0011793717165219375,
        -0.0013918629550321304,
        -0.0011763447759599588,
        -0.0013882956001708413,
        -0.002343916471340246,
        -0.0011705863573481246,
        -0.0011692176870747861
    ],
    "states": [
        0.005739514348785872,
        0.005725611098876899,
        0.005722460658082976,
        0.005714285714285714,
        0.0057073866754472615,
        0.005706134094151213,
        0.005699254712845244,
        0.005691145890335997,
        0.005684302579798863,
        0.0056762362187534115,
        0.005668192718552431,
        0.005655862519034153,
        0.005647876615618551,
        0.005639913232104121,
        0.00563197227336727,
        0.0056240536448193814,
        0.005617370638435778,
        0.005697086961195313,
        0.0056891369686560755,
        0.0056824273614238235,
        0.005674518201284797,
        0.005667843011442626,
        0.005659974369927381,
        0.005646707862774345,
        0.005640097903586251,
        0.005633503401360544
    ],
    "selections": [
        null,
        null,
        "_complement_gaps:Instance-attribute-character",
        "_trust:Source",
        "_subject_gaps:Instance-attribute-character",
        "_complement_gaps:Instance-attribute-character",
        "_complement_gaps:Instance-attribute-character",
        "_trust:Source",
        "_subject_gaps:Instance-attribute-character",
        "_complement_gaps:Instance-attribute-character",
        "_complement_gaps:Instance-attribute-character",
        "_overlaps:attribute",
        "_complement_gaps:Instance-attribute-character",
        "_subject_gaps:Instance-attribute-character",
        "_complement_gaps:Instance-attribute-character",
        "_statement_novelty:Actor-Source",
        "_statement_novelty:Actor-Source",
        "_subject_gaps:Instance-attribute-character",
        "_complement_gaps:Instance-attribute-character",
        "_complement_gaps:Instance-attribute-character",
        "_subject_gaps:Instance-attribute-character",
        "_subject_gaps:Instance-attribute-character",
        "_trust:Source",
        "_overlaps:attribute",
        "_overlaps:attribute",
        "_statement_novelty:Actor-Source"
    ]
}