{
    "abstract_actions": [
        null,
        7,
        7,
        2,
        4,
        5,
        7,
        5,
        3,
        3,
        6
    ],
    "specific_actions": [
        null,
        25,
        25,
        25,
        null,
        11,
        25,
        11,
        null,
        11,
        null
    ],
    "rewards": [
        0,
        0,
        -0.026582278481012578,
        -0.016189290161892966,
        -0.01593137254901955,
        0.46178343949044565,
        0.29718564420345994,
        -0.018996960486322267,
        0.21761658031088071,
        0.1722342733188722,
        0.14068575468363376
    ],
    "states": [
        0.0,
        0.0008669267446900737,
        0.0008438818565400844,
        0.0008302200083022001,
        0.0008169934640522876,
        0.0011942675159235668,
        0.001549186676994578,
        0.001519756838905775,
        0.001850481125092524,
        0.0021691973969631237,
        0.002474372569812655
    ],
    "selections": [
        null,
        null,
        "_trust:Source",
        "_trust:Source",
        "_statement_novelty:Actor-Source",
        "_subject_gaps:Instance-attribute-character",
        "_complement_gaps:Instance-attribute-character",
        "_trust:Source",
        "_complement_gaps:Instance-attribute-character",
        "_entity_novelty:Instance-character",
        "_entity_novelty:Instance-attribute"
    ]
}