{
    "abstract_actions": [
        null,
        5,
        5,
        5,
        5,
        3,
        5,
        3,
        5,
        7,
        5
    ],
    "specific_actions": [
        null,
        11,
        11,
        11,
        11,
        null,
        11,
        11,
        11,
        25,
        11
    ],
    "rewards": [
        0,
        0,
        0.33333333333333326,
        0.125,
        0.06666666666666665,
        0.04166666666666674,
        0.02857142857142847,
        0.02083333333333348,
        0.0,
        0.015873015873015817,
        0.125
    ],
    "states": [
        0.0,
        0.5,
        0.6666666666666666,
        0.75,
        0.8,
        0.8333333333333334,
        0.8571428571428571,
        0.875,
        0.875,
        0.8888888888888888,
        1.0
    ],
    "selections": [
        null,
        null,
        "_complement_gaps:Instance-attribute-character",
        "_complement_gaps:Instance-attribute-character",
        "_complement_gaps:Instance-attribute-character",
        "_complement_gaps:Instance-attribute-character",
        "_entity_novelty:Instance-character",
        "_complement_gaps:Instance-attribute-character",
        "_entity_novelty:Instance-attribute",
        "_complement_gaps:Instance-attribute-character",
        "_trust:Source"
    ]
}