{
    "abstract_actions": [
        null,
        4,
        3,
        3,
        4,
        7,
        7,
        5,
        4,
        7,
        7
    ],
    "specific_actions": [
        null,
        null,
        11,
        null,
        null,
        25,
        25,
        11,
        null,
        25,
        25
    ],
    "rewards": [
        0,
        0,
        -0.004152858760854028,
        -0.0010823532967385585,
        -0.0028044409757702615,
        0.0003380622000126454,
        -0.004158926898229498,
        0.00038065843621404305,
        -0.004209088454390941,
        -0.003981130941650091,
        0.000540790623554166
    ],
    "states": [
        11.742296918767506,
        10.985714285714286,
        10.940092165898617,
        10.928251121076233,
        10.89760348583878,
        10.901287553648068,
        10.855949895615867,
        10.860082304526749,
        10.81437125748503,
        10.771317829457365,
        10.777142857142858
    ],
    "selections": [
        null,
        null,
        "_subject_gaps:Instance-attribute-character",
        "_entity_novelty:Instance-attribute",
        "_entity_novelty:Instance-character",
        "_subject_gaps:Instance-character-physical-appearance",
        "_trust:Source",
        "_trust:Source",
        "_complement_gaps:Instance-attribute-character",
        "_subject_gaps:Instance-ancestry-character",
        "_trust:Source"
    ]
}