{
    "abstract_actions": [
        null,
        5,
        4,
        7,
        2,
        7,
        5,
        4,
        7,
        4,
        7
    ],
    "specific_actions": [
        null,
        11,
        null,
        25,
        25,
        25,
        11,
        null,
        25,
        null,
        25
    ],
    "rewards": [
        0,
        0,
        0.021600664635834876,
        0.011114123068582282,
        0.015549597855227804,
        0.010823653643083464,
        0.010707756594411144,
        0.02170542635658923,
        0.01922104198280228,
        0.014392059553349767,
        0.018590998043052753
    ],
    "states": [
        3510.0,
        3611.0,
        3689.0,
        3730.0,
        3788.0,
        3829.0,
        3870.0,
        3954.0,
        4030.0,
        4088.0,
        4164.0
    ],
    "selections": [
        null,
        null,
        "_complement_gaps:Instance-attribute-character",
        "_subject_gaps:Instance-attribute-character",
        "_trust:Source",
        "_statement_novelty:Actor-Source",
        "_trust:Source",
        "_complement_gaps:Instance-attribute-character",
        "_subject_gaps:Instance-character-designation",
        "_trust:Source",
        "_subject_gaps:Instance-character-product"
    ]
}