{
    "abstract_actions": [
        null,
        4,
        5,
        7,
        4,
        4,
        4,
        4,
        4,
        4,
        4
    ],
    "specific_actions": [
        null,
        null,
        11,
        25,
        null,
        null,
        null,
        null,
        null,
        null,
        null
    ],
    "rewards": [
        0,
        0,
        0.010534907521621006,
        0.009800879678259822,
        0.009548274572655169,
        0.008923391940454772,
        0.008393013420662232,
        0.004120258466643767,
        0.008522364107156788,
        0.00720883393759264,
        0.00754783629126643
    ],
    "states": [
        2.261951971799956,
        2.3403682236617795,
        2.365023786464597,
        2.388203100031959,
        2.41100631896633,
        2.43252067332138,
        2.4529368519786043,
        2.4630435858111115,
        2.4840345400611907,
        2.501941532555736,
        2.520825777653787
    ],
    "selections": [
        null,
        null,
        "_subject_gaps:Instance-attribute-character",
        "_complement_gaps:Instance-attribute-character",
        "_trust:Source",
        "_subject_gaps:Instance-attribute-character",
        "_subject_gaps:Instance-attribute-character",
        "_subject_gaps:Instance-attribute-character",
        "_subject_gaps:Instance-attribute-character",
        "_subject_gaps:Instance-character-object",
        "_subject_gaps:Instance-attribute-character"
    ]
}