{
    "actions": [
        null,
        2,
        2,
        5,
        7,
        2,
        4,
        4,
        4,
        3,
        4
    ],
    "rewards": [
        0,
        0,
        1.0,
        1.0,
        1.0044642857142856,
        1.0,
        1.0,
        1.003921568627451,
        1.0034722222222223,
        1.0030959752321982,
        1.0027777777777778
    ],
    "states": [
        0.9333333333333333,
        0.9333333333333333,
        0.9333333333333333,
        0.9333333333333333,
        0.9375,
        0.9375,
        0.9375,
        0.9411764705882353,
        0.9444444444444444,
        0.9473684210526315,
        0.95
    ],
    "selections": [
        null,
        null,
        "_statement_novelty:Actor-Source",
        "_statement_novelty:Actor-Source",
        "_complement_gaps:Instance-attribute-character",
        "_trust:Source",
        "_statement_novelty:Actor-Source",
        "_subject_gaps:Instance-attribute-character",
        "_subject_gaps:Instance-attribute-character",
        "_subject_gaps:Instance-attribute-character",
        "_entity_novelty:Instance-attribute"
    ]
}