{
    "actions": [
        null,
        4,
        5,
        7,
        2,
        2,
        2,
        2,
        2,
        2,
        5
    ],
    "rewards": [
        0,
        0,
        0.04597701149425282,
        0.042735042735042805,
        0.012880562060889833,
        0.012716763005780285,
        0.01255707762557079,
        0.012401352874859217,
        0.012249443207126953,
        0.012101210121012063,
        0.011956521739130421
    ],
    "states": [
        14.450980392156863,
        15.352941176470589,
        16.058823529411764,
        16.745098039215687,
        16.96078431372549,
        17.176470588235293,
        17.392156862745097,
        17.607843137254903,
        17.823529411764707,
        18.03921568627451,
        18.254901960784313
    ],
    "selections": [
        null,
        null,
        "_subject_gaps:Instance-attribute-character",
        "_complement_gaps:Instance-attribute-character",
        "_trust:Source",
        "_statement_novelty:Actor-Source",
        "_statement_novelty:Actor-Source",
        "_statement_novelty:Actor-Source",
        "_statement_novelty:Actor-Source",
        "_statement_novelty:Actor-Source",
        "_statement_novelty:Actor-Source"
    ]
}