{
    "abstract_actions": [
        null,
        7,
        7,
        7,
        5,
        4,
        5,
        7,
        5,
        7,
        7
    ],
    "specific_actions": [
        null,
        25,
        25,
        25,
        11,
        null,
        11,
        25,
        11,
        25,
        25
    ],
    "rewards": [
        0,
        0,
        -0.016314522599625625,
        -0.01084656084656066,
        -0.010730175346768012,
        0.10306004618937648,
        0.08985653158822049,
        -0.010214250124564006,
        -0.010110974106041892,
        0.07976276930525295,
        -0.013845786583910225
    ],
    "states": [
        0.0016868147315153219,
        0.002175095160413268,
        0.0021396095212623694,
        0.0021164021164021165,
        0.002093692750588851,
        0.0023094688221709007,
        0.0025169896803423106,
        0.002491280518186348,
        0.002466091245376079,
        0.002662793512466715,
        0.0026259250417760803
    ],
    "selections": [
        null,
        null,
        "_trust:Source",
        "_trust:Source",
        "_trust:Source",
        "_complement_gaps:Instance-attribute-character",
        "_subject_gaps:Instance-age-character",
        "_complement_gaps:Instance-attribute-character",
        "_trust:Source",
        "_complement_gaps:Instance-attribute-character",
        "_trust:Source"
    ]
}