{
    "abstract_actions": [
        null,
        4,
        4,
        6,
        6,
        5,
        4,
        7,
        7,
        7,
        7
    ],
    "specific_actions": [
        null,
        null,
        null,
        null,
        null,
        11,
        null,
        25,
        25,
        25,
        25
    ],
    "rewards": [
        0,
        0,
        0.005538912757426129,
        0.004305434419953791,
        0.004473323680425301,
        0.003090291234619569,
        0.004448952823215002,
        0.0042776289118307,
        0.0030900631364860764,
        0.002546248731737588,
        0.002497913806533969
    ],
    "states": [
        2.455726281936752,
        2.479810795770729,
        2.4935462514234263,
        2.5042820512820514,
        2.5154845154845153,
        2.523258095233538,
        2.5344839514600275,
        2.5453255332873637,
        2.5531907498881314,
        2.5596918085969182,
        2.5660856981060842
    ],
    "selections": [
        null,
        null,
        "_subject_gaps:Instance-character-enchantment",
        "_subject_gaps:Instance-attribute-character",
        "_overlaps:character",
        "_overlaps:character",
        "_complement_gaps:Instance-attribute-character",
        "_subject_gaps:Instance-attribute-character",
        "_trust:Source",
        "_trust:Source",
        "_trust:Source"
    ]
}