{
    "actions": [
        null,
        3,
        5,
        7,
        2,
        5,
        5,
        3,
        5,
        3,
        5
    ],
    "rewards": [
        0,
        0,
        0.9820589491670226,
        1.4564496059726255,
        0.9840816326530611,
        0.9843310566492568,
        1.2968607528982676,
        1.2176437000380662,
        1.1714604236343367,
        1.1370880115900035,
        0.9860714285714286
    ],
    "states": [
        0.0,
        0.0008699434536755111,
        0.0008543357539513029,
        0.001244296972210701,
        0.0012244897959183673,
        0.0012053033346725592,
        0.0015631105900742479,
        0.001903311762466692,
        0.002229654403567447,
        0.0025353132922854038,
        0.0025
    ],
    "selections": [
        null,
        null,
        "_entity_novelty:Instance-attribute",
        "_complement_gaps:Instance-attribute-character",
        "_trust:Source",
        "_statement_novelty:Actor-Source",
        "_complement_gaps:Instance-attribute-character",
        "_complement_gaps:Instance-attribute-character",
        "_entity_novelty:Instance-character",
        "_complement_gaps:Instance-attribute-character",
        "_entity_novelty:Instance-attribute"
    ]
}