{
    "abstract_actions": [
        null,
        7,
        7,
        7,
        7,
        7,
        7,
        7,
        4,
        3,
        4
    ],
    "specific_actions": [
        null,
        25,
        25,
        25,
        25,
        25,
        25,
        25,
        null,
        11,
        null
    ],
    "rewards": [
        0,
        0,
        -0.026582278481012578,
        -0.016189290161892966,
        -0.01593137254901955,
        -0.01568154402895061,
        -0.015439429928741144,
        -0.01520467836257311,
        -0.01497695852534564,
        0.4640179910044977,
        0.30257536921762473
    ],
    "states": [
        0.0,
        0.0008669267446900737,
        0.0008438818565400844,
        0.0008302200083022001,
        0.0008169934640522876,
        0.0008041817450743868,
        0.000791765637371338,
        0.0007797270955165692,
        0.0007680491551459293,
        0.0011244377811094452,
        0.0014646649578908824
    ],
    "selections": [
        null,
        null,
        "_trust:Source",
        "_trust:Source",
        "_trust:Source",
        "_trust:Source",
        "_trust:Source",
        "_trust:Source",
        "_trust:Source",
        "_subject_gaps:Instance-character-gender",
        "_entity_novelty:Instance-attribute"
    ]
}