{
    "abstract_actions": [
        null,
        7,
        2,
        4,
        5,
        3,
        4,
        4,
        4,
        4,
        6
    ],
    "specific_actions": [
        null,
        25,
        25,
        null,
        11,
        null,
        null,
        null,
        null,
        null,
        11
    ],
    "rewards": [
        0,
        0,
        0.027308192457737412,
        0.016455696202531733,
        0.02656704026567036,
        0.025475131419328667,
        0.025236593059936974,
        0.024615384615384706,
        0.021396396396396344,
        0.014332965821389099,
        0.01413043478260878
    ],
    "states": [
        2096.0,
        2307.0,
        2370.0,
        2409.0,
        2473.0,
        2536.0,
        2600.0,
        2664.0,
        2721.0,
        2760.0,
        2799.0
    ],
    "selections": [
        null,
        null,
        "_trust:Source",
        "_statement_novelty:Actor-Source",
        "_subject_gaps:Instance-ancestry-character",
        "_complement_gaps:Instance-attribute-character",
        "_entity_novelty:Instance-character",
        "_subject_gaps:Instance-ancestry-character",
        "_subject_gaps:Instance-ancestry-character",
        "_subject_gaps:Instance-ancestry-character",
        "_subject_gaps:Instance-ancestry-character"
    ]
}