{
    "abstract_actions": [
        null,
        5,
        3,
        3,
        4,
        6,
        7,
        6,
        6,
        6,
        6
    ],
    "specific_actions": [
        null,
        11,
        11,
        null,
        null,
        null,
        25,
        null,
        null,
        null,
        null
    ],
    "rewards": [
        0,
        0,
        0.03164282618118763,
        0.026470588235294024,
        0.026197298403602076,
        0.015556441962504941,
        0.026315789473684292,
        0.014925373134328401,
        0.014705882352941124,
        0.021181716833890807,
        0.01419213973799116
    ],
    "states": [
        2096.0,
        2307.0,
        2380.0,
        2443.0,
        2507.0,
        2546.0,
        2613.0,
        2652.0,
        2691.0,
        2748.0,
        2787.0
    ],
    "selections": [
        null,
        null,
        "_complement_gaps:Instance-attribute-character",
        "_entity_novelty:Instance-attribute",
        "_entity_novelty:Instance-character",
        "_subject_gaps:Instance-attribute-character",
        "_overlaps:character",
        "_trust:Source",
        "_overlaps:character",
        "_overlaps:character",
        "_overlaps:character"
    ]
}