{
    "abstract_actions": [
        null,
        4,
        4,
        4,
        5,
        7,
        5,
        4,
        4,
        3,
        7
    ],
    "specific_actions": [
        null,
        null,
        null,
        null,
        11,
        25,
        11,
        null,
        null,
        11,
        25
    ],
    "rewards": [
        0,
        0,
        -0.004152858760854028,
        0.0002941923750685582,
        -0.002652300041442235,
        -0.004622925253425447,
        -0.004045903856867983,
        -0.0023587089367059777,
        -0.002243516589326422,
        -0.0021365639690186233,
        0.00048724765726859687
    ],
    "states": [
        11.742296918767506,
        10.985714285714286,
        10.940092165898617,
        10.943310657596372,
        10.914285714285715,
        10.863829787234042,
        10.819875776397515,
        10.794354838709678,
        10.770137524557956,
        10.74712643678161,
        10.752362948960302
    ],
    "selections": [
        null,
        null,
        "_subject_gaps:Instance-attribute-character",
        "_subject_gaps:Instance-attribute-character",
        "_subject_gaps:Instance-character-physical-appearance",
        "_complement_gaps:Instance-attribute-character",
        "_trust:Source",
        "_complement_gaps:Instance-attribute-character",
        "_subject_gaps:Instance-attribute-character",
        "_subject_gaps:Instance-character-institution",
        "_entity_novelty:Instance-attribute"
    ]
}