{
    "abstract_actions": [
        null,
        3,
        2,
        4,
        4,
        3,
        5,
        4,
        5,
        4,
        7
    ],
    "specific_actions": [
        null,
        11,
        25,
        null,
        null,
        null,
        11,
        null,
        11,
        null,
        25
    ],
    "rewards": [
        0,
        0,
        0.01820546163849146,
        0.025542784163473886,
        0.02656704026567036,
        0.02830570157703205,
        0.02516712544239086,
        0.026850786344457145,
        0.026148673888681362,
        0.02329814342919545,
        0.01387406616862319
    ],
    "states": [
        2096.0,
        2307.0,
        2349.0,
        2409.0,
        2473.0,
        2543.0,
        2607.0,
        2677.0,
        2747.0,
        2811.0,
        2850.0
    ],
    "selections": [
        null,
        null,
        "_entity_novelty:Instance-attribute",
        "_statement_novelty:Actor-Source",
        "_subject_gaps:Instance-attribute-character",
        "_subject_gaps:Instance-activity-character",
        "_entity_novelty:Instance-character",
        "_complement_gaps:Instance-attribute-character",
        "_subject_gaps:Instance-attribute-character",
        "_complement_gaps:Instance-attribute-character",
        "_subject_gaps:Instance-attribute-character"
    ]
}