{
    "abstract_actions": [
        null,
        5,
        5,
        6,
        3,
        7,
        5,
        6,
        4,
        7,
        5
    ],
    "specific_actions": [
        null,
        11,
        11,
        null,
        null,
        25,
        11,
        null,
        null,
        25,
        11
    ],
    "rewards": [
        0,
        0,
        -0.0027963169562195134,
        0.0010350274414323568,
        0.002794019766248823,
        0.0021360323390702263,
        0.0021267996824132496,
        -0.0007109652720810322,
        0.0019984436898699,
        -0.0018967629372108608,
        0.001964792555563921
    ],
    "states": [
        10.86785009861933,
        10.818355640535373,
        10.788104089219331,
        10.799270072992702,
        10.829443447037702,
        10.852575488454708,
        10.875656742556918,
        10.867924528301886,
        10.889643463497453,
        10.868988391376451,
        10.890343698854338
    ],
    "selections": [
        null,
        null,
        "_complement_gaps:Instance-attribute-character",
        "_complement_gaps:Instance-attribute-character",
        "_overlaps:character",
        "_entity_novelty:Instance-character",
        "_trust:Source",
        "_complement_gaps:Instance-attribute-character",
        "_overlaps:character",
        "_subject_gaps:Instance-character-institution",
        "_trust:Source"
    ]
}