{
    "actions": [
        null,
        5,
        4,
        7,
        5,
        3,
        5,
        5,
        5,
        5,
        4
    ],
    "rewards": [
        0,
        0,
        -0.023700114015344664,
        -0.01715441330905998,
        -0.005807325828240617,
        -0.02049553045736452,
        -0.005671329418261095,
        -0.016370447983548475,
        -0.019665607936544705,
        -0.012299494238090847,
        -0.015623338431349443
    ],
    "states": [
        0.00871984877126654,
        0.008428859459290372,
        0.008229094529085873,
        0.00808792924037461,
        0.00804096,
        0.00787615625941355,
        0.007831487982716717,
        0.007703283016061868,
        0.007551793272443752,
        0.007458910034602076,
        0.0073423769588024995
    ],
    "selections": [
        null,
        null,
        "_complement_gaps:Instance-attribute-character",
        "_subject_gaps:Instance-attribute-character",
        "_trust:Source",
        "_complement_gaps:Instance-attribute-character",
        "_entity_novelty:Instance-character",
        "_complement_gaps:Instance-attribute-character",
        "_complement_gaps:Instance-attribute-character",
        "_complement_gaps:Instance-attribute-character",
        "_complement_gaps:Instance-attribute-character"
    ]
}