{
    "actions": [
        null,
        7,
        7,
        7,
        5,
        4,
        4,
        4,
        7,
        6,
        7
    ],
    "rewards": [
        0,
        0,
        -0.017941050832977368,
        -0.01638655462184868,
        -0.016122364613476714,
        0.4578143832864605,
        0.29686075289826763,
        -0.015011547344111031,
        0.21994740796393697,
        -0.01443909663087739,
        -0.01674554058973432
    ],
    "states": [
        0.0,
        0.0008699434536755111,
        0.0008543357539513029,
        0.0008403361344537816,
        0.0008267879288962381,
        0.0012053033346725592,
        0.0015631105900742479,
        0.001539645881447267,
        0.0018782870022539444,
        0.0018511662347278786,
        0.0018201674554058974
    ],
    "selections": [
        null,
        null,
        "_trust:Source",
        "_trust:Source",
        "_trust:Source",
        "_complement_gaps:Instance-attribute-character",
        "_subject_gaps:Instance-attribute-character",
        "_subject_gaps:Instance-attribute-character",
        "_subject_gaps:Instance-attribute-character",
        "_trust:Source",
        "_overlaps:character"
    ]
}