{
    "actions": [
        null,
        5,
        7,
        4,
        5,
        4,
        7,
        7,
        5,
        5,
        3
    ],
    "rewards": [
        0,
        0,
        -0.02308075303432866,
        -0.005737234312010009,
        -0.005714248044523473,
        -0.020197620002940675,
        -0.016215801431650134,
        -0.005501009827309056,
        -0.005479026471780002,
        -0.019292737973168883,
        -0.015511363690821955
    ],
    "states": [
        0.008480321746624534,
        0.008204748095567867,
        0.008015376331065187,
        0.007969390238954927,
        0.007923851166365934,
        0.007763808231547817,
        0.0076379118589116266,
        0.0075958956307156334,
        0.007554277517478065,
        0.00740853482075676,
        0.007293618342735883
    ],
    "selections": [
        null,
        null,
        "_complement_gaps:Instance-attribute-character",
        "_trust:Source",
        "_subject_gaps:Instance-attribute-character",
        "_complement_gaps:Instance-attribute-character",
        "_subject_gaps:Instance-attribute-character",
        "_trust:Source",
        "_trust:Source",
        "_complement_gaps:Instance-attribute-character",
        "_complement_gaps:Instance-attribute-character"
    ]
}