{
    "actions": [
        null,
        5,
        4,
        4,
        6,
        3,
        4,
        5,
        6,
        6,
        6
    ],
    "rewards": [
        0,
        0,
        -0.0237626826097449,
        -0.01718831143624222,
        -0.016907979322738687,
        -0.0060468980769886604,
        -0.0057008509237373994,
        -0.01646668941471663,
        -0.005592488927416039,
        -0.00556950047126481,
        -0.005886888513457977
    ],
    "states": [
        0.008747366128799752,
        0.008454374338826419,
        0.008253475724748915,
        0.008111612413560466,
        0.007974461438597915,
        0.007926240683059837,
        0.00788105436654005,
        0.0077512794920257385,
        0.0077079305472932775,
        0.007665001224477651,
        0.007619878216813632
    ],
    "selections": [
        null,
        null,
        "_complement_gaps:Instance-attribute-character",
        "_subject_gaps:Instance-attribute-character",
        "_subject_gaps:Instance-attribute-character",
        "_overlaps:attribute",
        "_entity_novelty:Instance-attribute",
        "_subject_gaps:Instance-attribute-character",
        "_complement_gaps:Instance-attribute-character",
        "_overlaps:attribute",
        "_overlaps:attribute"
    ]
}