{
    "abstract_actions": [
        null,
        7,
        7,
        2,
        7,
        7,
        5,
        5,
        4,
        2,
        7
    ],
    "specific_actions": [
        null,
        25,
        25,
        25,
        25,
        25,
        11,
        11,
        null,
        25,
        25
    ],
    "rewards": [
        0,
        0,
        0.0033509578455028777,
        0.0030421764513834937,
        0.002973286813959586,
        0.002906717033172246,
        0.0019222503864966267,
        0.004922847065951252,
        0.004173544702240628,
        0.002575680072832487,
        0.002970216863571462
    ],
    "states": [
        2.521785168603205,
        2.545705329153605,
        2.554235880398671,
        2.5620063166452987,
        2.5696238962438613,
        2.57709306579192,
        2.5820468839336765,
        2.5947579058603982,
        2.605587243971999,
        2.612298403114324,
        2.620057495883935
    ],
    "selections": [
        null,
        null,
        "_trust:Source",
        "_trust:Source",
        "_statement_novelty:Actor-Source",
        "_trust:Source",
        "_trust:Source",
        "_complement_gaps:Instance-attribute-character",
        "_complement_gaps:Instance-attribute-character",
        "_subject_gaps:Instance-character-designation",
        "_statement_novelty:Actor-Source"
    ]
}