{
    "abstract_actions": [
        null,
        7,
        4,
        5,
        5,
        3,
        6,
        4,
        7,
        5,
        7
    ],
    "specific_actions": [
        null,
        25,
        null,
        11,
        11,
        null,
        null,
        null,
        25,
        11,
        25
    ],
    "rewards": [
        0,
        0,
        -0.00583078149251226,
        -0.002863912251390044,
        -0.0046420301145033704,
        -0.004370365905117857,
        -0.0008956207726700249,
        0.0010728166648277249,
        -0.0039731071452330236,
        0.000578953263700166,
        -0.0024154800003487464
    ],
    "states": [
        11.742296918767506,
        10.985714285714286,
        10.921658986175116,
        10.890380313199104,
        10.83982683982684,
        10.79245283018868,
        10.782786885245901,
        10.794354838709678,
        10.75146771037182,
        10.757692307692308,
        10.731707317073171
    ],
    "selections": [
        null,
        null,
        "_trust:Source",
        "_subject_gaps:Instance-attribute-character",
        "_complement_gaps:Instance-attribute-character",
        "_complement_gaps:Instance-attribute-character",
        "_entity_novelty:Instance-character",
        "_overlaps:character",
        "_subject_gaps:Instance-activity-character",
        "_trust:Source",
        "_complement_gaps:Instance-attribute-character"
    ]
}