{
    "actions": [
        null,
        5,
        7,
        5,
        7,
        4,
        4,
        3,
        4,
        5,
        5
    ],
    "rewards": [
        0,
        0,
        0.45875634517766484,
        -0.01622971285892627,
        0.29559239789729075,
        -0.015525477707006297,
        0.21611154144074352,
        0.1683257918552037,
        0.1391752577319587,
        0.11654676258992813,
        0.10200845665961933
    ],
    "states": [
        0.0,
        0.0008699434536755111,
        0.0012690355329949238,
        0.0012484394506866417,
        0.0016174686615446825,
        0.0015923566878980893,
        0.0019364833462432224,
        0.0022624434389140274,
        0.002577319587628866,
        0.0028776978417266188,
        0.003171247357293869
    ],
    "selections": [
        null,
        null,
        "_complement_gaps:Instance-attribute-character",
        "_trust:Source",
        "_complement_gaps:Instance-attribute-character",
        "_trust:Source",
        "_subject_gaps:Instance-attribute-character",
        "_subject_gaps:Instance-attribute-character",
        "_entity_novelty:Instance-attribute",
        "_subject_gaps:Instance-attribute-character",
        "_complement_gaps:Instance-attribute-character"
    ]
}