{
    "abstract_actions": [
        null,
        5,
        4,
        3,
        5,
        4,
        4,
        4,
        4,
        4,
        4
    ],
    "specific_actions": [
        null,
        11,
        null,
        11,
        11,
        null,
        null,
        null,
        null,
        null,
        null
    ],
    "rewards": [
        0,
        0,
        0.005378953321602875,
        0.004848649178270215,
        0.0029368382042664898,
        0.005080464095120307,
        0.004302307603436528,
        0.00412410065406732,
        0.003956765158744657,
        0.003799432628065702,
        0.0015792821467479623
    ],
    "states": [
        2.5118594966503713,
        2.5363443895553988,
        2.5499872676343265,
        2.562351261304141,
        2.569876472381089,
        2.582932637527916,
        2.5940452082535166,
        2.604743311793555,
        2.615049669377133,
        2.6249853744149765,
        2.6291309669522644
    ],
    "selections": [
        null,
        null,
        "_complement_gaps:Instance-attribute-character",
        "_subject_gaps:Instance-attribute-character",
        "_entity_novelty:Instance-attribute",
        "_complement_gaps:Instance-attribute-character",
        "_subject_gaps:Instance-attribute-character",
        "_subject_gaps:Instance-character-designation",
        "_subject_gaps:Instance-attribute-character",
        "_subject_gaps:Instance-attribute-character",
        "_subject_gaps:Instance-attribute-character"
    ]
}