{
    "abstract_actions": [
        null,
        5,
        3,
        3,
        7,
        2,
        5,
        3,
        5,
        7,
        2
    ],
    "specific_actions": [
        null,
        11,
        11,
        null,
        25,
        25,
        11,
        null,
        11,
        25,
        25
    ],
    "rewards": [
        0,
        0,
        0.011777576306545745,
        0.010076801556041293,
        0.008001359522005647,
        0.00896236637663983,
        0.005650586548630043,
        0.008978190654219897,
        0.007574885892622341,
        0.0071587111625688316,
        0.005338341756979004
    ],
    "states": [
        2.261951971799956,
        2.3403682236617795,
        2.367932089001371,
        2.39179327076042,
        2.410930868622088,
        2.4325385143754295,
        2.446283783783784,
        2.4682469859889213,
        2.486943675262596,
        2.5047469867113787,
        2.5181181821412073
    ],
    "selections": [
        null,
        null,
        "_complement_gaps:Instance-attribute-character",
        "_entity_novelty:Instance-attribute",
        "_entity_novelty:Instance-character",
        "_trust:Source",
        "_statement_novelty:Actor-Source",
        "_complement_gaps:Instance-attribute-character",
        "_entity_novelty:Instance-character",
        "_complement_gaps:Instance-attribute-character",
        "_trust:Source"
    ]
}