{
    "abstract_actions": [
        null,
        4,
        7,
        4,
        3,
        5,
        3,
        5,
        4,
        6,
        6
    ],
    "specific_actions": [
        null,
        null,
        25,
        null,
        11,
        11,
        null,
        11,
        null,
        null,
        null
    ],
    "rewards": [
        0,
        0,
        -0.04018678793601638,
        -0.03212547046370984,
        -0.029235502034304917,
        -0.015315707816747737,
        -0.03327220917194429,
        -0.027083642820349696,
        -0.02637109403934257,
        -0.021201512415381707,
        -0.01706960144221037
    ],
    "states": [
        0.013134665630958265,
        0.01056689342403628,
        0.01014224391886205,
        0.009816419561410905,
        0.009529431607353686,
        0.009383481617195776,
        0.009071272454067345,
        0.008825589350995307,
        0.00859284890426759,
        0.008410667511540262,
        0.008267100769255322
    ],
    "selections": [
        null,
        null,
        "_subject_gaps:Instance-attribute-character",
        "_trust:Source",
        "_subject_gaps:Instance-character-designation",
        "_entity_novelty:Instance-attribute",
        "_complement_gaps:Instance-attribute-character",
        "_entity_novelty:Instance-character",
        "_complement_gaps:Instance-attribute-character",
        "_subject_gaps:Instance-attribute-character",
        "_overlaps:character"
    ]
}