{
    "abstract_actions": [
        null,
        7,
        4,
        5,
        4,
        5,
        3,
        7,
        2,
        2,
        5
    ],
    "specific_actions": [
        null,
        25,
        null,
        11,
        null,
        11,
        null,
        25,
        25,
        25,
        11
    ],
    "rewards": [
        0,
        0,
        -0.00583078149251226,
        -0.0048584289513499135,
        -0.004566492368569874,
        -0.0009746278045712486,
        -0.004177830072426225,
        -0.0022021831845483453,
        0.000608137032580558,
        0.0004979797152060428,
        0.00048448423893043824
    ],
    "states": [
        11.742296918767506,
        10.985714285714286,
        10.921658986175116,
        10.868596881959911,
        10.818965517241379,
        10.808421052631578,
        10.763265306122449,
        10.739562624254473,
        10.74609375,
        10.751445086705202,
        10.756653992395437
    ],
    "selections": [
        null,
        null,
        "_trust:Source",
        "_subject_gaps:Instance-attribute-character",
        "_complement_gaps:Instance-attribute-character",
        "_subject_gaps:Instance-character-institution",
        "_complement_gaps:Instance-attribute-character",
        "_entity_novelty:Instance-character",
        "_trust:Source",
        "_statement_novelty:Actor-Source",
        "_statement_novelty:Actor-Source"
    ]
}