{
    "actions": [
        null,
        3,
        4,
        7,
        4,
        7,
        5,
        7,
        5,
        4,
        3
    ],
    "rewards": [
        0,
        0,
        1.0016923434860454,
        0.9971911060369525,
        1.0026364894961777,
        0.997311199438859,
        1.0025303643724697,
        0.9955738940221963,
        1.0024497680339264,
        0.9958091293746415,
        0.9977422087754426
    ],
    "states": [
        11.675070028011204,
        10.869976359338061,
        10.888372093023255,
        10.857787810383748,
        10.88641425389755,
        10.857142857142858,
        10.884615384615385,
        10.836438923395445,
        10.862985685071575,
        10.817460317460318,
        10.793036750483559
    ],
    "selections": [
        null,
        null,
        "_entity_novelty:Instance-attribute",
        "_subject_gaps:Instance-attribute-character",
        "_trust:Source",
        "_subject_gaps:Instance-attribute-character",
        "_trust:Source",
        "_complement_gaps:Instance-attribute-character",
        "_trust:Source",
        "_complement_gaps:Instance-attribute-character",
        "_subject_gaps:Instance-attribute-character"
    ]
}