{
    "actions": [
        null,
        3,
        6,
        4,
        4,
        4,
        5,
        3,
        6,
        7,
        2
    ],
    "rewards": [
        0,
        0,
        0.0010383066783634654,
        0.0035500553876810503,
        0.0006293306130009668,
        0.0006053128405645314,
        -0.00048639214527435026,
        -0.0004662006406329633,
        0.0016052819046166178,
        0.003131736039994504,
        0.0024027968859641202
    ],
    "states": [
        12.280276816608996,
        12.207357859531772,
        12.220032840722496,
        12.263414634146342,
        12.271132376395535,
        12.278560250391235,
        12.272588055130168,
        12.266866566716642,
        12.28655834564254,
        12.325036603221083,
        12.354651162790697
    ],
    "selections": [
        null,
        null,
        "_entity_novelty:Instance-character",
        "_overlaps:character",
        "_subject_gaps:Instance-attribute-character",
        "_subject_gaps:Instance-attribute-character",
        "_subject_gaps:Instance-attribute-character",
        "_complement_gaps:Instance-attribute-character",
        "_entity_novelty:Instance-attribute",
        "_overlaps:character",
        "_trust:Source"
    ]
}