{
    "actions": [
        null,
        4,
        7,
        4,
        7,
        2,
        5,
        3,
        2,
        7,
        7,
        7,
        7,
        7,
        4,
        7,
        7,
        4,
        4,
        3,
        4,
        7,
        2,
        7,
        5,
        4
    ],
    "rewards": [
        0,
        0,
        -0.006967764217652217,
        -0.004933470948070173,
        -0.02120272336515283,
        -0.004816763024866,
        -0.004806458833828797,
        -0.016820407530224957,
        -0.004717489770577399,
        -0.0047068413202604464,
        -0.004695917060004939,
        -0.004684734604434193,
        -0.004673310644339623,
        -0.004661660998324657,
        -0.0046498006612525344,
        -0.012462345709073896,
        -0.004584569008837858,
        -0.004572498316977369,
        -0.015686433420178725,
        -0.015444172736732709,
        -0.0044202294047600565,
        -0.015143162536491395,
        -0.004342101933572096,
        -0.004330697792998217,
        -0.004319182586942971,
        -0.014726764157806493
    ],
    "states": [
        0.007047400423446796,
        0.006825719786990059,
        0.006778159780898549,
        0.006744719926538108,
        0.0066017134957602865,
        0.00656991460629315,
        0.006538336582196231,
        0.006428359096313912,
        0.006398033378035454,
        0.006367918850163311,
        0.006338015631398102,
        0.006308323710246247,
        0.006278842953903213,
        0.006249573116590397,
        0.006220513847380329,
        0.006142991653326194,
        0.006114828684170805,
        0.0060868686403038295,
        0.00599138738064033,
        0.00589885535900104,
        0.005872781065088758,
        0.0057838485868788895,
        0.005758734526746315,
        0.005733795187840872,
        0.005709029879508452,
        0.005624954342903061
    ],
    "selections": [
        null,
        null,
        "_subject_gaps:Instance-attribute-character",
        "_trust:Source",
        "_subject_gaps:Instance-attribute-character",
        "_trust:Source",
        "_statement_novelty:Actor-Source",
        "_complement_gaps:Instance-attribute-character",
        "_entity_novelty:Instance-attribute",
        "_statement_novelty:Actor-Source",
        "_trust:Source",
        "_trust:Source",
        "_trust:Source",
        "_trust:Source",
        "_trust:Source",
        "_subject_gaps:Instance-attribute-character",
        "_trust:Source",
        "_trust:Source",
        "_subject_gaps:Instance-attribute-character",
        "_subject_gaps:Instance-attribute-character",
        "_entity_novelty:Instance-attribute",
        "_subject_gaps:Instance-attribute-character",
        "_trust:Source",
        "_statement_novelty:Actor-Source",
        "_trust:Source",
        "_complement_gaps:Instance-attribute-character"
    ]
}