{
    "abstract_actions": [
        null,
        3,
        3,
        6,
        3,
        7,
        7,
        7,
        2,
        2,
        5
    ],
    "specific_actions": [
        null,
        null,
        11,
        null,
        null,
        25,
        25,
        25,
        25,
        25,
        11
    ],
    "rewards": [
        0,
        0,
        0.005214288588172078,
        0.004606808799100914,
        0.0034579815030564287,
        0.0030883142964999166,
        0.0036017079717891587,
        0.0029439222592368974,
        0.001986452765085245,
        0.0028389099011254526,
        0.0027813041730968546
    ],
    "states": [
        2.4388325372206467,
        2.4623667440890955,
        2.4752062349026938,
        2.4866090367652327,
        2.4952076848197,
        2.502913670385465,
        2.5119284345047923,
        2.519323356536741,
        2.524327873384477,
        2.531494212777915,
        2.538535068196085
    ],
    "selections": [
        null,
        null,
        "_entity_novelty:Instance-character",
        "_entity_novelty:Instance-attribute",
        "_overlaps:character",
        "_entity_novelty:Instance-character",
        "_trust:Source",
        "_trust:Source",
        "_trust:Source",
        "_statement_novelty:Actor-Source",
        "_statement_novelty:Actor-Source"
    ]
}