{
    "abstract_actions": [
        null,
        5,
        3,
        3,
        4,
        7,
        5,
        7,
        2,
        7,
        5
    ],
    "specific_actions": [
        null,
        11,
        11,
        null,
        null,
        25,
        11,
        25,
        25,
        25,
        11
    ],
    "rewards": [
        0,
        0,
        0.022976680384087844,
        0.021119678176332535,
        0.012803676953381471,
        0.02269043760129663,
        0.015847860538827252,
        0.019968798751950123,
        0.015295197308045294,
        0.011750527267249122,
        0.011614055985705862
    ],
    "states": [
        2829.0,
        2916.0,
        2983.0,
        3046.0,
        3085.0,
        3155.0,
        3205.0,
        3269.0,
        3319.0,
        3358.0,
        3397.0
    ],
    "selections": [
        null,
        null,
        "_complement_gaps:Instance-attribute-character",
        "_entity_novelty:Instance-attribute",
        "_entity_novelty:Instance-character",
        "_subject_gaps:Instance-attribute-character",
        "_trust:Source",
        "_complement_gaps:Instance-attribute-character",
        "_trust:Source",
        "_statement_novelty:Actor-Source",
        "_trust:Source"
    ]
}