{
    "abstract_actions": [
        null,
        7,
        6,
        5,
        7,
        2,
        5,
        4,
        5,
        5,
        3
    ],
    "specific_actions": [
        null,
        25,
        11,
        11,
        25,
        25,
        11,
        null,
        11,
        11,
        11
    ],
    "rewards": [
        0,
        0,
        0.0016506264041360463,
        0.0031594900088267597,
        -0.0016638250606793026,
        0.0022672339525444674,
        0.0021281208145882413,
        -0.0001849400607184526,
        -0.00017776748013598187,
        -0.0015753309870958354,
        -0.0001380471845275899
    ],
    "states": [
        10.743396226415094,
        10.686131386861314,
        10.703770197486534,
        10.73758865248227,
        10.719723183391004,
        10.744027303754267,
        10.766891891891891,
        10.764900662251655,
        10.762987012987013,
        10.746031746031745,
        10.744548286604362
    ],
    "selections": [
        null,
        null,
        "_trust:Source",
        "_overlaps:attribute-physical-appearance",
        "_complement_gaps:Instance-attribute-character-physical-appearance",
        "_trust:Source",
        "_statement_novelty:Actor-Source",
        "_complement_gaps:Instance-attribute-character",
        "_subject_gaps:Instance-attribute-character",
        "_complement_gaps:Instance-attribute-character",
        "_complement_gaps:Instance-attribute-character"
    ]
}