{
    "actions": [
        null,
        5,
        4,
        7,
        5,
        5,
        7,
        4,
        3,
        5,
        7
    ],
    "rewards": [
        0,
        0,
        0.011533907175554026,
        0.009878084993553582,
        0.003355245892057157,
        0.009052243319251252,
        0.008510362268351335,
        0.004180478612308969,
        0.008639141434873654,
        0.007301429016083105,
        0.007264963582881645
    ],
    "states": [
        2.2621093381172694,
        2.347540138706822,
        2.374616448757554,
        2.3980731118654712,
        2.4061192368229105,
        2.427900013609763,
        2.448562322276917,
        2.4587984846961013,
        2.4800403925652437,
        2.4981482314485777,
        2.516297187374692
    ],
    "selections": [
        null,
        null,
        "_complement_gaps:Instance-attribute-character",
        "_subject_gaps:Instance-attribute-character",
        "_trust:Source",
        "_complement_gaps:Instance-attribute-character",
        "_complement_gaps:Instance-attribute-character",
        "_trust:Source",
        "_subject_gaps:Instance-attribute-character",
        "_entity_novelty:Instance-character",
        "_complement_gaps:Instance-attribute-character"
    ]
}