{
    "abstract_actions": [
        null,
        7,
        2,
        2,
        4,
        7,
        5,
        7,
        7,
        2,
        7
    ],
    "specific_actions": [
        null,
        25,
        25,
        25,
        null,
        25,
        11,
        25,
        25,
        25,
        25
    ],
    "rewards": [
        0,
        0,
        -0.0022380034117036596,
        0.0023018554894405074,
        0.004015683298551842,
        -0.00018341051859338542,
        0.0022039863166902762,
        -0.0016928079320143175,
        0.002116627709550123,
        0.002000222741953328,
        0.0019576553480178394
    ],
    "states": [
        10.795411089866157,
        10.718232044198896,
        10.694244604316546,
        10.718861209964412,
        10.761904761904763,
        10.75993091537133,
        10.783645655877342,
        10.765391014975041,
        10.788177339901479,
        10.809756097560976,
        10.830917874396135
    ],
    "selections": [
        null,
        null,
        "_trust:Source",
        "_statement_novelty:Actor-Source",
        "_statement_novelty:Actor-Source",
        "_subject_gaps:Instance-attribute-character",
        "_trust:Source",
        "_complement_gaps:Instance-attribute-character",
        "_trust:Source",
        "_trust:Source",
        "_statement_novelty:Actor-Source"
    ]
}