{
    "abstract_actions": [
        null,
        7,
        5,
        7,
        7,
        2,
        4,
        7,
        2,
        5,
        6
    ],
    "specific_actions": [
        null,
        25,
        11,
        25,
        25,
        25,
        null,
        25,
        25,
        11,
        11
    ],
    "rewards": [
        0,
        0,
        -0.014429634336180608,
        -0.02490107994077695,
        -0.011615455181099521,
        -0.00893551414005167,
        -0.00886036872133289,
        -0.01966067837357255,
        -0.011085856557977447,
        -0.008527137639087523,
        -0.018559069183088472
    ],
    "states": [
        0.008418842941236916,
        0.008064296510123773,
        0.00794793166030415,
        0.007750019578667084,
        0.007659999573598433,
        0.007591553539095755,
        0.007524289575571627,
        0.007376356938236689,
        0.007294583703298955,
        0.00723238178404108,
        0.007098155510152552
    ],
    "selections": [
        null,
        null,
        "_trust:Source",
        "_complement_gaps:Instance-attribute-character",
        "_trust:Source",
        "_trust:Source",
        "_statement_novelty:Actor-Source",
        "_subject_gaps:Instance-character-personality-trait",
        "_trust:Source",
        "_statement_novelty:Actor-Source",
        "_complement_gaps:Instance-attribute-character"
    ]
}