{
    "actions": [
        null,
        3,
        7,
        4,
        4,
        6,
        4,
        2,
        6,
        6,
        5
    ],
    "rewards": [
        0,
        0,
        0.9985932808473416,
        1.0033578805318593,
        1.0007752140224289,
        0.9993167433831991,
        1.0035857340259922,
        1.0031116057239153,
        1.0030546677880572,
        1.0029992931181417,
        1.0033151126300204
    ],
    "states": [
        11.101549053356282,
        11.04,
        11.02446982055465,
        11.06148867313916,
        11.070063694267516,
        11.0625,
        11.102167182662539,
        11.136712749615976,
        11.170731707317072,
        11.204236006051437,
        11.241379310344827
    ],
    "selections": [
        null,
        null,
        "_entity_novelty:Instance-character",
        "_trust:Source",
        "_subject_gaps:Instance-attribute-character",
        "_subject_gaps:Instance-attribute-character",
        "_overlaps:attribute",
        "_subject_gaps:Instance-attribute-character",
        "_statement_novelty:Actor-Source",
        "_overlaps:attribute",
        "_overlaps:attribute"
    ]
}