{
    "abstract_actions": [
        null,
        3,
        7,
        6,
        6,
        7,
        6,
        2,
        5,
        2,
        7
    ],
    "specific_actions": [
        null,
        11,
        25,
        null,
        null,
        25,
        null,
        25,
        11,
        25,
        25
    ],
    "rewards": [
        0,
        0,
        0.0005056363582285339,
        0.0023859144807760746,
        0.002970408318999418,
        0.002176204001994586,
        0.0031713414407523732,
        0.00144242135357886,
        0.0014119159333823017,
        0.0030159461549097433,
        0.0013379346769364364
    ],
    "states": [
        11.597014925373134,
        11.517985611510792,
        11.523809523809524,
        11.551304347826086,
        11.585616438356164,
        11.61082910321489,
        11.64765100671141,
        11.664451827242525,
        11.680921052631579,
        11.716150081566068,
        11.731825525040387
    ],
    "selections": [
        null,
        null,
        "_entity_novelty:Instance-attribute",
        "_trust:Source",
        "_overlaps:character",
        "_overlaps:character",
        "_trust:Source",
        "_overlaps:character",
        "_statement_novelty:Actor-Source",
        "_complement_gaps:Instance-attribute-character",
        "_statement_novelty:Actor-Source"
    ]
}