{
    "abstract_actions": [
        null,
        4,
        4,
        3,
        5,
        7,
        2,
        5,
        4,
        3,
        7
    ],
    "specific_actions": [
        null,
        null,
        null,
        11,
        11,
        25,
        25,
        11,
        null,
        11,
        25
    ],
    "rewards": [
        0,
        0,
        -0.004152858760854028,
        -0.00290808893512684,
        -0.0031503013874522034,
        -0.0044739998737347575,
        -0.003923809705989267,
        0.00047222510164357523,
        -0.0022339201981773638,
        -0.0021271905499383736,
        0.0004961606775402139
    ],
    "states": [
        11.742296918767506,
        10.985714285714286,
        10.940092165898617,
        10.9082774049217,
        10.873913043478261,
        10.825263157894737,
        10.782786885245901,
        10.787878787878787,
        10.763779527559056,
        10.740882917466411,
        10.746212121212121
    ],
    "selections": [
        null,
        null,
        "_subject_gaps:Instance-character-object",
        "_subject_gaps:Instance-attribute-character",
        "_entity_novelty:Instance-attribute",
        "_complement_gaps:Instance-attribute-character",
        "_trust:Source",
        "_statement_novelty:Actor-Source",
        "_complement_gaps:Instance-attribute-character",
        "_subject_gaps:Instance-character-personality-trait",
        "_entity_novelty:Instance-attribute"
    ]
}