{
    "abstract_actions": [
        null,
        7,
        7,
        5,
        5,
        7,
        5,
        7,
        7,
        4,
        7
    ],
    "specific_actions": [
        null,
        25,
        25,
        11,
        11,
        25,
        11,
        25,
        25,
        null,
        25
    ],
    "rewards": [
        0,
        0,
        -0.01604840831360166,
        -0.01067152524726711,
        0.08955816459644939,
        0.07906860290435658,
        -0.014313919052319934,
        0.06875329699314237,
        -0.013829279923700533,
        -0.009681227863046038,
        0.06423490296141643
    ],
    "states": [
        0.0021935837674801205,
        0.0024064171122994654,
        0.0023677979479084454,
        0.002342529932326913,
        0.002552322613578356,
        0.002754131196795193,
        0.0027147087857847976,
        0.0029013539651837525,
        0.002861230329041488,
        0.002833530106257379,
        0.003015541637671074
    ],
    "selections": [
        null,
        null,
        "_trust:Source",
        "_trust:Source",
        "_complement_gaps:Instance-attribute-character",
        "_complement_gaps:Instance-attribute-character",
        "_trust:Source",
        "_complement_gaps:Instance-attribute-character",
        "_trust:Source",
        "_trust:Source",
        "_subject_gaps:Instance-attribute-character"
    ]
}