{
    "actions": [
        null,
        3,
        7,
        2,
        5,
        5,
        4,
        4,
        7,
        5,
        4
    ],
    "rewards": [
        0,
        0,
        0.0016923434860454112,
        0.0026688194882609206,
        0.002589452070420828,
        -0.004834990678282636,
        -0.00454967960722108,
        -0.0024647192242458482,
        -0.0023418110107223944,
        0.002436776720364575,
        -0.003965241582873591
    ],
    "states": [
        11.675070028011204,
        10.869976359338061,
        10.888372093023255,
        10.917431192660551,
        10.945701357466064,
        10.89277899343545,
        10.84322033898305,
        10.816494845360825,
        10.791164658634537,
        10.817460317460318,
        10.77456647398844
    ],
    "selections": [
        null,
        null,
        "_entity_novelty:Instance-character",
        "_trust:Source",
        "_statement_novelty:Actor-Source",
        "_complement_gaps:Instance-attribute-character",
        "_complement_gaps:Instance-attribute-character",
        "_subject_gaps:Instance-attribute-character",
        "_subject_gaps:Instance-attribute-character",
        "_trust:Source",
        "_complement_gaps:Instance-attribute-character"
    ]
}