{
    "abstract_actions": [
        null,
        7,
        7,
        7,
        7,
        7,
        7,
        7,
        7,
        7,
        7
    ],
    "specific_actions": [
        null,
        25,
        25,
        25,
        25,
        25,
        25,
        25,
        25,
        25,
        25
    ],
    "rewards": [
        0,
        0,
        0.003631757037038774,
        0.003207312837231857,
        0.003138029256869901,
        0.0030709768049528297,
        0.0030060602733374964,
        0.0029431895009786047,
        0.002882279054861936,
        0.002823247934323536,
        0.0027660192968073094
    ],
    "states": [
        2.448268893978176,
        2.4729158092102255,
        2.4818968386023292,
        2.4898570581934636,
        2.4976703024874984,
        2.505340590052857,
        2.5128717948717947,
        2.520267652755767,
        2.527531767423951,
        2.5346676162652675,
        2.5416785558028496
    ],
    "selections": [
        null,
        null,
        "_trust:Source",
        "_trust:Source",
        "_trust:Source",
        "_trust:Source",
        "_trust:Source",
        "_trust:Source",
        "_trust:Source",
        "_trust:Source",
        "_trust:Source"
    ]
}