{
    "actions": [
        null,
        7,
        4,
        5,
        3,
        5,
        3,
        7,
        7,
        4,
        3
    ],
    "rewards": [
        0,
        0,
        -0.017941050832977368,
        -0.01638655462184868,
        0.4571428571428571,
        0.29939008220631136,
        0.2161377708978327,
        0.17099697885196385,
        -0.01451432824711596,
        -0.014306676449009403,
        0.13827248866618946
    ],
    "states": [
        0.0,
        0.0008699434536755111,
        0.0008543357539513029,
        0.0008403361344537816,
        0.0012244897959183673,
        0.0015910898965791568,
        0.001934984520123839,
        0.0022658610271903325,
        0.002232973576479345,
        0.0022010271460014674,
        0.0025053686471009306
    ],
    "selections": [
        null,
        null,
        "_trust:Source",
        "_subject_gaps:Instance-attribute-character",
        "_complement_gaps:Instance-attribute-character",
        "_entity_novelty:Instance-character",
        "_complement_gaps:Instance-attribute-character",
        "_entity_novelty:Instance-attribute",
        "_trust:Source",
        "_trust:Source",
        "_subject_gaps:Instance-attribute-character"
    ]
}