{
    "abstract_actions": [
        null,
        7,
        5,
        4,
        3,
        3,
        5,
        5,
        7,
        4,
        null
    ],
    "specific_actions": [
        null,
        25,
        11,
        null,
        11,
        null,
        11,
        11,
        25,
        null,
        24
    ],
    "rewards": [
        0,
        0,
        0.023622047244094446,
        0.043076923076923235,
        0.03539823008849563,
        0.03276353276353272,
        0.03310344827586209,
        0.030707610146862407,
        0.031088082901554515,
        0.017587939698492594,
        0.011111111111111072
    ],
    "states": [
        11.882352941176471,
        12.450980392156863,
        12.745098039215685,
        13.294117647058824,
        13.764705882352942,
        14.215686274509803,
        14.686274509803921,
        15.137254901960784,
        15.607843137254902,
        15.882352941176471,
        16.058823529411764
    ],
    "selections": [
        null,
        null,
        "_trust:Source",
        "_complement_gaps:Instance-attribute-character",
        "_subject_gaps:Instance-ancestry-character",
        "_entity_novelty:Instance-attribute",
        "_entity_novelty:Instance-character",
        "_complement_gaps:Instance-attribute-character",
        "_complement_gaps:Instance-attribute-character",
        "_trust:Source",
        "_subject_gaps:Instance-ancestry-character"
    ]
}