{
    "abstract_actions": [
        null,
        7,
        4,
        3,
        7,
        7,
        7,
        7,
        7,
        7,
        7
    ],
    "specific_actions": [
        null,
        25,
        null,
        null,
        25,
        25,
        25,
        25,
        25,
        25,
        25
    ],
    "rewards": [
        0,
        0,
        0.010580382047204795,
        0.011307030304885668,
        0.004834821852765403,
        0.007101593633748626,
        0.005865203950569997,
        0.005669547288741583,
        0.0054835932722667735,
        0.0053067061829206175,
        0.0051383018862569685
    ],
    "states": [
        2.261951971799956,
        2.3403682236617795,
        2.3651302135992593,
        2.391872812599427,
        2.4034370915428185,
        2.4205053250912343,
        2.4347020824863352,
        2.448505741076989,
        2.4619323506858652,
        2.474997102313182,
        2.4877143845924783
    ],
    "selections": [
        null,
        null,
        "_trust:Source",
        "_subject_gaps:Instance-attribute-character",
        "_entity_novelty:Instance-character",
        "_trust:Source",
        "_trust:Source",
        "_trust:Source",
        "_trust:Source",
        "_trust:Source",
        "_trust:Source"
    ]
}