{
    "abstract_actions": [
        null,
        7,
        7,
        5,
        3,
        2,
        5,
        4,
        7,
        2,
        7
    ],
    "specific_actions": [
        null,
        25,
        25,
        11,
        11,
        25,
        11,
        null,
        25,
        25,
        25
    ],
    "rewards": [
        0,
        0,
        -0.014263350667135799,
        -0.00915485547561301,
        -0.01994211157860215,
        -0.008899728856350597,
        -0.011351142437649453,
        -0.023466625842777034,
        -0.008528456632292625,
        -0.010884937581326692,
        -0.00837394136061409
    ],
    "states": [
        0.008321061178342916,
        0.007974359060055012,
        0.007860617980435795,
        0.0077886551588759005,
        0.007633332928650342,
        0.007565398335315101,
        0.007479522421213383,
        0.007304003267072107,
        0.007241711391966759,
        0.007162885815483218,
        0.007102904229691587
    ],
    "selections": [
        null,
        null,
        "_trust:Source",
        "_trust:Source",
        "_complement_gaps:Instance-attribute-character",
        "_entity_novelty:Instance-attribute",
        "_statement_novelty:Actor-Source",
        "_complement_gaps:Instance-attribute-character",
        "_subject_gaps:Instance-age-character",
        "_trust:Source",
        "_statement_novelty:Actor-Source"
    ]
}