{
    "actions": [
        null,
        5,
        7,
        5,
        7,
        4,
        4,
        4,
        5,
        6,
        6
    ],
    "rewards": [
        0,
        0,
        0.9750875241608559,
        0.9948102964072956,
        0.9818550376767501,
        0.9949138063642796,
        0.9822648983516205,
        0.9864704865882942,
        0.9828044015071877,
        0.986873264471565,
        0.9955298677016396
    ],
    "states": [
        0.0075417474407373395,
        0.007281068954597106,
        0.007099679500182563,
        0.007062834267973416,
        0.00693467940628568,
        0.006899408284023668,
        0.006777046576792837,
        0.006685356434240363,
        0.006570397729215827,
        0.006484149855907781,
        0.006455164848209479
    ],
    "selections": [
        null,
        null,
        "_complement_gaps:Instance-attribute-character",
        "_trust:Source",
        "_complement_gaps:Instance-attribute-character",
        "_trust:Source",
        "_subject_gaps:Instance-attribute-character",
        "_subject_gaps:Instance-attribute-character",
        "_subject_gaps:Instance-attribute-character",
        "_complement_gaps:Instance-attribute-character",
        "_overlaps:character"
    ]
}