{
    "abstract_actions": [
        null,
        7,
        2,
        2,
        2,
        5,
        3,
        7,
        5,
        4,
        6
    ],
    "specific_actions": [
        null,
        25,
        25,
        25,
        25,
        11,
        null,
        25,
        11,
        null,
        null
    ],
    "rewards": [
        0,
        0,
        0.018415566365531655,
        0.013306038894575156,
        0.013131313131313105,
        0.012961116650049842,
        0.02296587926509197,
        0.02052597819114821,
        0.015713387806411072,
        0.017636138613861485,
        0.017330495591365125
    ],
    "states": [
        2791.0,
        2878.0,
        2931.0,
        2970.0,
        3009.0,
        3048.0,
        3118.0,
        3182.0,
        3232.0,
        3289.0,
        3346.0
    ],
    "selections": [
        null,
        null,
        "_trust:Source",
        "_statement_novelty:Actor-Source",
        "_statement_novelty:Actor-Source",
        "_statement_novelty:Actor-Source",
        "_complement_gaps:Instance-attribute-character",
        "_entity_novelty:Instance-character",
        "_trust:Source",
        "_complement_gaps:Instance-attribute-character",
        "_subject_gaps:Instance-attribute-character"
    ]
}