{
    "abstract_actions": [
        null,
        3,
        4,
        3,
        4,
        3,
        4,
        5,
        3,
        3,
        6
    ],
    "specific_actions": [
        null,
        null,
        null,
        11,
        null,
        11,
        null,
        11,
        null,
        11,
        null
    ],
    "rewards": [
        0,
        0,
        0.015873015873015817,
        0.012500000000000178,
        0.0,
        0.010101010101009944,
        0.0,
        0.008333333333333304,
        0.006993006993007089,
        0.005952380952380931,
        0.00512820512820511
    ],
    "states": [
        0.8571428571428571,
        0.875,
        0.8888888888888888,
        0.9,
        0.9,
        0.9090909090909091,
        0.9090909090909091,
        0.9166666666666666,
        0.9230769230769231,
        0.9285714285714286,
        0.9333333333333333
    ],
    "selections": [
        null,
        null,
        "_entity_novelty:Instance-character",
        "_subject_gaps:Instance-attribute-character",
        "_entity_novelty:Instance-attribute",
        "_subject_gaps:Instance-character-personality-trait",
        "_entity_novelty:Instance-attribute",
        "_subject_gaps:Instance-character-physical-appearance",
        "_complement_gaps:Instance-attribute-character",
        "_entity_novelty:Instance-character",
        "_entity_novelty:Instance-attribute"
    ]
}