{
    "abstract_actions": [
        null,
        5,
        4,
        7,
        4,
        4,
        4,
        4,
        4,
        4,
        4
    ],
    "specific_actions": [
        null,
        11,
        null,
        25,
        null,
        null,
        null,
        null,
        null,
        null,
        null
    ],
    "rewards": [
        0,
        0,
        -0.022643030931517982,
        -0.019901296762492304,
        -0.01141040769844126,
        -0.005395410794690747,
        -0.01920455837931201,
        -0.019209816185809525,
        -0.014673496800266306,
        -0.018225438771024338,
        -0.008149997396829312
    ],
    "states": [
        0.008259166963332147,
        0.00795527199104907,
        0.007775140521287108,
        0.007620405142402894,
        0.007533453212900779,
        0.007492807138114597,
        0.007348911086005749,
        0.007207739854877721,
        0.007101977107180021,
        0.006972540458259895,
        0.006915714271675789
    ],
    "selections": [
        null,
        null,
        "_complement_gaps:Instance-attribute-character",
        "_subject_gaps:Instance-attribute-character",
        "_trust:Source",
        "_subject_gaps:Instance-character-institution",
        "_subject_gaps:Instance-attribute-character",
        "_subject_gaps:Instance-character-enchantment",
        "_subject_gaps:Instance-character-product",
        "_subject_gaps:Instance-attribute-character",
        "_subject_gaps:Instance-attribute-character"
    ]
}