{
    "actions": [
        null,
        7,
        4,
        5,
        4,
        4,
        4,
        5,
        5,
        5,
        6
    ],
    "rewards": [
        0,
        0,
        0.0019985498893826392,
        -0.0004899189749386634,
        -0.00046816479400757505,
        0.0006417661404183317,
        0.0026358571018059163,
        0.0016371009663886937,
        0.0015849721383947024,
        0.00048715120466003015,
        0.0004698542431951225
    ],
    "states": [
        12.312280701754386,
        12.23728813559322,
        12.261744966442953,
        12.255737704918033,
        12.25,
        12.257861635220126,
        12.290171606864275,
        12.310291858678955,
        12.329803328290469,
        12.335809806835067,
        12.341605839416058
    ],
    "selections": [
        null,
        null,
        "_trust:Source",
        "_subject_gaps:Instance-attribute-character",
        "_complement_gaps:Instance-attribute-character",
        "_subject_gaps:Instance-attribute-character",
        "_subject_gaps:Instance-attribute-character",
        "_subject_gaps:Instance-attribute-character",
        "_complement_gaps:Instance-attribute-character",
        "_complement_gaps:Instance-attribute-character",
        "_complement_gaps:Instance-attribute-character"
    ]
}