{
    "abstract_actions": [
        null,
        7,
        5,
        3,
        2,
        4,
        7,
        4,
        7,
        2,
        7
    ],
    "specific_actions": [
        null,
        25,
        11,
        11,
        25,
        null,
        25,
        null,
        25,
        25,
        25
    ],
    "rewards": [
        0,
        0,
        0.010580382047204795,
        0.010156387672066058,
        0.004875206684692435,
        0.007159855873338561,
        0.008809383976538632,
        0.006464756830916185,
        0.007932154183181828,
        0.0058683576784293034,
        0.004902373670164106
    ],
    "states": [
        2.261951971799956,
        2.3403682236617795,
        2.3651302135992593,
        2.3891513929434898,
        2.4007989997851102,
        2.417988374604427,
        2.439289362647124,
        2.455058775216878,
        2.4745326799506717,
        2.4890541228035845,
        2.5012563961988303
    ],
    "selections": [
        null,
        null,
        "_trust:Source",
        "_complement_gaps:Instance-attribute-character",
        "_entity_novelty:Instance-attribute",
        "_statement_novelty:Actor-Source",
        "_subject_gaps:Instance-age-character",
        "_trust:Source",
        "_subject_gaps:Instance-attribute-character",
        "_trust:Source",
        "_statement_novelty:Actor-Source"
    ]
}