{
    "abstract_actions": [
        null,
        5,
        6,
        3,
        4,
        4,
        7,
        5,
        4,
        7,
        4
    ],
    "specific_actions": [
        null,
        11,
        11,
        11,
        null,
        null,
        25,
        11,
        null,
        25,
        null
    ],
    "rewards": [
        0,
        0,
        -0.022268754234541,
        -0.011743915066824484,
        -0.019361415581273245,
        -0.018995258856588038,
        -0.008484606750727486,
        -0.010828516655741582,
        -0.00833190501904657,
        -0.014407111881815537,
        -0.010491738797256067
    ],
    "states": [
        0.008113854595336078,
        0.00782042882285685,
        0.007646277615391929,
        0.007556480380499405,
        0.007410176223520818,
        0.007269418007982106,
        0.007207739854877721,
        0.007129690723808925,
        0.007070286817882972,
        0.006968424404661206,
        0.0068953135159790764
    ],
    "selections": [
        null,
        null,
        "_complement_gaps:Instance-attribute-character",
        "_overlaps:attribute-physical-appearance",
        "_entity_novelty:Instance-attribute-physical-appearance",
        "_subject_gaps:Instance-attribute-character",
        "_subject_gaps:Instance-character-enchantment",
        "_trust:Source",
        "_complement_gaps:Instance-attribute-character",
        "_subject_gaps:Instance-attribute-character",
        "_trust:Source"
    ]
}