{
    "actions": [
        null,
        3,
        3,
        2,
        5,
        5,
        3,
        4,
        4,
        7,
        5
    ],
    "rewards": [
        0,
        0,
        0.33333333333333326,
        0.0,
        0.0,
        0.125,
        0.06666666666666665,
        0.04166666666666674,
        0.02857142857142847,
        0.02083333333333348,
        0.0
    ],
    "states": [
        0.0,
        0.5,
        0.6666666666666666,
        0.6666666666666666,
        0.6666666666666666,
        0.75,
        0.8,
        0.8333333333333334,
        0.8571428571428571,
        0.875,
        0.875
    ],
    "selections": [
        null,
        null,
        "_entity_novelty:Instance-character",
        "_entity_novelty:Instance-attribute",
        "_statement_novelty:Actor-Source",
        "_complement_gaps:Instance-attribute-character",
        "_complement_gaps:Instance-attribute-character",
        "_entity_novelty:Instance-attribute",
        "_subject_gaps:Instance-attribute-character",
        "_subject_gaps:Instance-attribute-character",
        "_trust:Source"
    ]
}