{
    "actions": [
        null,
        4,
        4,
        4,
        4,
        3,
        4,
        4,
        4,
        7,
        2
    ],
    "rewards": [
        0,
        0,
        0.021467391304347716,
        0.02021814312317116,
        0.01981747066492834,
        0.021477882894400446,
        0.010262828535669621,
        0.01883052527254714,
        0.009970817120622533,
        0.018300024078979016,
        0.009694963348309216
    ],
    "states": [
        3579.0,
        3680.0,
        3759.0,
        3835.0,
        3911.0,
        3995.0,
        4036.0,
        4112.0,
        4153.0,
        4229.0,
        4270.0
    ],
    "selections": [
        null,
        null,
        "_subject_gaps:Instance-attribute-character",
        "_subject_gaps:Instance-attribute-character",
        "_subject_gaps:Instance-attribute-character",
        "_subject_gaps:Instance-attribute-character",
        "_entity_novelty:Instance-attribute",
        "_subject_gaps:Instance-attribute-character",
        "_subject_gaps:Instance-attribute-character",
        "_subject_gaps:Instance-attribute-character",
        "_trust:Source"
    ]
}