{
    "actions": [
        null,
        3,
        7,
        6,
        7,
        2,
        2,
        4,
        4,
        3,
        4
    ],
    "rewards": [
        0,
        0,
        0.0021202669888857884,
        0.002384810000472859,
        0.0020144370839894066,
        0.0023024745014974535,
        0.0022596307966566975,
        0.0022201475284731043,
        0.005687739736282671,
        0.00480333456928661,
        0.001999428587532215
    ],
    "states": [
        2.430155890621007,
        2.4539888337841,
        2.459191945299467,
        2.465056650843699,
        2.4700223523752936,
        2.475709515859766,
        2.481303705325379,
        2.4868125656141484,
        2.500956908260279,
        2.5129698410340215,
        2.517994344773791
    ],
    "selections": [
        null,
        null,
        "_entity_novelty:Instance-attribute",
        "_trust:Source",
        "_overlaps:attribute",
        "_trust:Source",
        "_statement_novelty:Actor-Source",
        "_statement_novelty:Actor-Source",
        "_subject_gaps:Instance-attribute-character",
        "_subject_gaps:Instance-attribute-character",
        "_entity_novelty:Instance-attribute"
    ]
}