{
    "abstract_actions": [
        null,
        4,
        5,
        4,
        2,
        2,
        4,
        7,
        2,
        2,
        2
    ],
    "specific_actions": [
        null,
        null,
        11,
        null,
        25,
        25,
        null,
        25,
        25,
        25,
        25
    ],
    "rewards": [
        0,
        0,
        -0.004152858760854028,
        -0.002685341196293045,
        0.0003273322422259195,
        -0.00428469145746635,
        0.002483859888400497,
        -0.0025687232888566003,
        0.0004084070904348813,
        0.0003480600079051044,
        0.002303688991211139
    ],
    "states": [
        11.742296918767506,
        10.985714285714286,
        10.940092165898617,
        10.910714285714286,
        10.914285714285715,
        10.867521367521368,
        10.89451476793249,
        10.86652977412731,
        10.870967741935484,
        10.874751491053678,
        10.899803536345775
    ],
    "selections": [
        null,
        null,
        "_subject_gaps:Instance-attribute-character",
        "_complement_gaps:Instance-attribute-character",
        "_subject_gaps:Instance-attribute-character",
        "_statement_novelty:Actor-Source",
        "_statement_novelty:Actor-Source",
        "_subject_gaps:Instance-attribute-character",
        "_trust:Source",
        "_statement_novelty:Actor-Source",
        "_statement_novelty:Actor-Source"
    ]
}