{
    "actions": [
        null,
        4,
        7,
        4,
        4,
        4,
        3,
        7,
        5,
        4,
        3
    ],
    "rewards": [
        0,
        0,
        -0.005850815596758263,
        0.00273698770297659,
        -0.00452184733017158,
        -0.004255499692399023,
        -0.0022194767722075737,
        0.0025870677576425027,
        0.0025184626978145275,
        -0.0021780531288613236,
        -0.0020749119765656188
    ],
    "states": [
        11.675070028011204,
        10.869976359338061,
        10.806378132118452,
        10.835955056179776,
        10.78695652173913,
        10.741052631578947,
        10.717213114754099,
        10.744939271255062,
        10.772,
        10.748538011695906,
        10.726235741444867
    ],
    "selections": [
        null,
        null,
        "_subject_gaps:Instance-attribute-character",
        "_trust:Source",
        "_subject_gaps:Instance-attribute-character",
        "_subject_gaps:Instance-attribute-character",
        "_subject_gaps:Instance-attribute-character",
        "_entity_novelty:Instance-attribute",
        "_trust:Source",
        "_complement_gaps:Instance-attribute-character",
        "_subject_gaps:Instance-attribute-character"
    ]
}