{
    "abstract_actions": [
        null,
        5,
        5,
        5,
        5,
        5,
        5,
        7,
        5,
        5,
        5
    ],
    "specific_actions": [
        null,
        11,
        11,
        11,
        11,
        11,
        11,
        25,
        11,
        11,
        11
    ],
    "rewards": [
        0,
        0,
        0.09907284768211921,
        0.08918318474277975,
        0.0765184243964423,
        0.07023866186169836,
        0.06318815757279195,
        0.057262698867310835,
        -0.013740819710968966,
        0.05247847335350242,
        0.048128668343623726
    ],
    "states": [
        0.0019514914970727628,
        0.0021691973969631237,
        0.0023841059602649007,
        0.0025967281225655675,
        0.0027954256670902162,
        0.0029917726252804786,
        0.0031808172253486667,
        0.0033629594042757626,
        0.003316749585406302,
        0.003490807540144287,
        0.003658815458495312
    ],
    "selections": [
        null,
        null,
        "_complement_gaps:Instance-attribute-character",
        "_complement_gaps:Instance-attribute-character",
        "_complement_gaps:Instance-attribute-character",
        "_complement_gaps:Instance-attribute-character",
        "_complement_gaps:Instance-attribute-character",
        "_complement_gaps:Instance-attribute-character",
        "_trust:Source",
        "_complement_gaps:Instance-attribute-character",
        "_complement_gaps:Instance-attribute-character"
    ]
}