{
    "actions": [
        null,
        3,
        2,
        2,
        2,
        4,
        4,
        2,
        4,
        3,
        6,
        7,
        4,
        2,
        4,
        2,
        4,
        6,
        2,
        4,
        2,
        5,
        4,
        5,
        6,
        2
    ],
    "rewards": [
        0,
        0,
        0.007739938080495445,
        0.00691244239631339,
        0.00686498855835227,
        0.006818181818181834,
        0.014296463506395796,
        0.00667655786350152,
        0.006632277081798144,
        0.01683748169838939,
        0.00647948164146861,
        0.009298998569384986,
        0.006378454996456284,
        0.006338028169013965,
        0.006298110566829829,
        0.006258692628650975,
        0.0062197650310988895,
        0.013049450549450503,
        0.00881355932203376,
        0.006048387096774244,
        0.006012024048096309,
        0.005976095617529875,
        0.015181518151815121,
        0.012353706111833729,
        0.012202954399486154,
        0.008248730964466988
    ],
    "states": [
        24.784313725490197,
        25.333333333333332,
        25.529411764705884,
        25.705882352941178,
        25.88235294117647,
        26.058823529411764,
        26.431372549019606,
        26.607843137254903,
        26.784313725490197,
        27.235294117647058,
        27.41176470588235,
        27.666666666666668,
        27.84313725490196,
        28.019607843137255,
        28.19607843137255,
        28.372549019607842,
        28.54901960784314,
        28.92156862745098,
        29.176470588235293,
        29.352941176470587,
        29.529411764705884,
        29.705882352941178,
        30.15686274509804,
        30.529411764705884,
        30.901960784313726,
        31.15686274509804
    ],
    "selections": [
        null,
        null,
        "_entity_novelty:Instance-attribute",
        "_statement_novelty:Actor-Source",
        "_statement_novelty:Actor-Source",
        "_statement_novelty:Actor-Source",
        "_subject_gaps:Instance-attribute-character",
        "_subject_gaps:Instance-attribute-character",
        "_statement_novelty:Actor-Source",
        "_subject_gaps:Instance-attribute-character",
        "_entity_novelty:Instance-attribute",
        "_overlaps:attribute",
        "_trust:Source",
        "_subject_gaps:Instance-attribute-character",
        "_statement_novelty:Actor-Source",
        "_subject_gaps:Instance-attribute-character",
        "_statement_novelty:Actor-Source",
        "_subject_gaps:Instance-attribute-character",
        "_overlaps:character",
        "_statement_novelty:Actor-Source",
        "_subject_gaps:Instance-attribute-character",
        "_statement_novelty:Actor-Source",
        "_complement_gaps:Instance-attribute-character",
        "_subject_gaps:Instance-attribute-character",
        "_complement_gaps:Instance-attribute-character",
        "_overlaps:character"
    ]
}