{
    "abstract_actions": [
        null,
        5,
        7,
        2,
        4,
        5,
        7,
        5,
        5,
        5,
        5
    ],
    "specific_actions": [
        null,
        11,
        25,
        25,
        null,
        11,
        25,
        11,
        11,
        11,
        11
    ],
    "rewards": [
        0,
        0,
        -0.03576878128939076,
        -0.032254299409646636,
        -0.015836221150482443,
        -0.028906955736224038,
        -0.03340023308747597,
        -0.01765605206984644,
        -0.031775536205525645,
        -0.025897507858105073,
        -0.013589590889565906
    ],
    "states": [
        0.013134665630958265,
        0.01056689342403628,
        0.010188928524243626,
        0.009860291772959183,
        0.009704142011834319,
        0.009423624808240192,
        0.009108873543116049,
        0.008948046797541145,
        0.00866371781255714,
        0.008439349112426036,
        0.008324661810613945
    ],
    "selections": [
        null,
        null,
        "_complement_gaps:Instance-attribute-character",
        "_trust:Source",
        "_statement_novelty:Actor-Source",
        "_subject_gaps:Instance-attribute-character",
        "_complement_gaps:Instance-attribute-character",
        "_trust:Source",
        "_complement_gaps:Instance-attribute-character",
        "_complement_gaps:Instance-attribute-character",
        "_complement_gaps:Instance-attribute-character"
    ]
}