{
    "abstract_actions": [
        null,
        7,
        2,
        2,
        2,
        5,
        5,
        3,
        7,
        5,
        3
    ],
    "specific_actions": [
        null,
        25,
        25,
        25,
        25,
        11,
        11,
        null,
        25,
        11,
        11
    ],
    "rewards": [
        0,
        0,
        0.01696329254727469,
        0.011211375444353244,
        0.01108707409410492,
        0.010965498796469575,
        0.020105820105820182,
        0.0194502074688796,
        0.019333502925464208,
        0.014474669328674805,
        0.020664206642066363
    ],
    "states": [
        3483.0,
        3596.0,
        3657.0,
        3698.0,
        3739.0,
        3780.0,
        3856.0,
        3931.0,
        4007.0,
        4065.0,
        4149.0
    ],
    "selections": [
        null,
        null,
        "_trust:Source",
        "_statement_novelty:Actor-Source",
        "_statement_novelty:Actor-Source",
        "_statement_novelty:Actor-Source",
        "_complement_gaps:Instance-attribute-character",
        "_complement_gaps:Instance-attribute-character",
        "_entity_novelty:Instance-character",
        "_trust:Source",
        "_complement_gaps:Instance-attribute-character"
    ]
}