{
    "abstract_actions": [
        null,
        3,
        5,
        5,
        5,
        7,
        2,
        5,
        7,
        7,
        2
    ],
    "specific_actions": [
        null,
        null,
        11,
        11,
        11,
        25,
        25,
        11,
        25,
        25,
        25
    ],
    "rewards": [
        0,
        0,
        -0.03433476394849788,
        -0.03604644818230063,
        -0.02507255413041054,
        -0.029037028674032905,
        -0.02958108782011326,
        -0.014534148006757674,
        -0.02659529888812351,
        -0.016813685377995546,
        -0.013719376818442375
    ],
    "states": [
        0.013134665630958265,
        0.01056689342403628,
        0.01020408163265306,
        0.009836260732833666,
        0.009589640553168863,
        0.00931118588545283,
        0.009035750878065851,
        0.008904423937451852,
        0.008667608121408758,
        0.008521873685475632,
        0.008404958889185424
    ],
    "selections": [
        null,
        null,
        "_entity_novelty:Instance-character",
        "_complement_gaps:Instance-attribute-character",
        "_complement_gaps:Instance-attribute-character",
        "_complement_gaps:Instance-attribute-character",
        "_trust:Source",
        "_statement_novelty:Actor-Source",
        "_complement_gaps:Instance-attribute-character",
        "_trust:Source",
        "_trust:Source"
    ]
}