{
    "abstract_actions": [
        null,
        4,
        4,
        2,
        5,
        5,
        5,
        6,
        7,
        4,
        4
    ],
    "specific_actions": [
        null,
        null,
        null,
        25,
        11,
        11,
        11,
        11,
        25,
        null,
        null
    ],
    "rewards": [
        0,
        0,
        -0.0277777777777779,
        0.0,
        0.10000000000000009,
        -0.030303030303030387,
        -0.02499999999999991,
        -0.020979020979021046,
        0.0,
        0.0,
        -0.017857142857142794
    ],
    "states": [
        1.3333333333333333,
        1.2857142857142858,
        1.25,
        1.25,
        1.375,
        1.3333333333333333,
        1.3,
        1.2727272727272727,
        1.2727272727272727,
        1.2727272727272727,
        1.25
    ],
    "selections": [
        null,
        null,
        "_subject_gaps:Instance-attribute-character",
        "_subject_gaps:Instance-attribute-character",
        "_statement_novelty:Actor-Source",
        "_complement_gaps:Instance-attribute-character",
        "_complement_gaps:Instance-attribute-character",
        "_complement_gaps:Instance-attribute-character",
        "_overlaps:attribute-physical-appearance",
        "_trust:Source",
        "_subject_gaps:Instance-character-enchantment"
    ]
}