{
    "actions": [
        null,
        3,
        4,
        3,
        5,
        7,
        2,
        5,
        5,
        7,
        5
    ],
    "rewards": [
        0,
        0,
        0.03250270855904658,
        0.036726128016788984,
        0.03542510121457498,
        0.02834799608993155,
        0.010456273764258617,
        0.010348071495766664,
        0.03258845437616387,
        0.03155996393146965,
        0.009615384615384803
    ],
    "states": [
        17.19607843137255,
        18.098039215686274,
        18.686274509803923,
        19.372549019607842,
        20.058823529411764,
        20.627450980392158,
        20.84313725490196,
        21.058823529411764,
        21.745098039215687,
        22.431372549019606,
        22.647058823529413
    ],
    "selections": [
        null,
        null,
        "_entity_novelty:Instance-attribute",
        "_subject_gaps:Instance-attribute-character",
        "_entity_novelty:Instance-attribute",
        "_complement_gaps:Instance-attribute-character",
        "_trust:Source",
        "_statement_novelty:Actor-Source",
        "_complement_gaps:Instance-attribute-character",
        "_complement_gaps:Instance-attribute-character",
        "_trust:Source"
    ]
}