{
    "abstract_actions": [
        null,
        5,
        3,
        4,
        2,
        2,
        4,
        3,
        5,
        2,
        6
    ],
    "specific_actions": [
        null,
        11,
        null,
        null,
        25,
        25,
        null,
        11,
        11,
        25,
        null
    ],
    "rewards": [
        0,
        0,
        0.020894722743102,
        0.019942272369456893,
        0.010547980447646044,
        0.014765784114052938,
        0.010286001003512402,
        0.018872609883287872,
        0.0182793078235437,
        0.00981330780277645,
        0.013747333491348712
    ],
    "states": [
        3640.0,
        3733.0,
        3811.0,
        3887.0,
        3928.0,
        3986.0,
        4027.0,
        4103.0,
        4178.0,
        4219.0,
        4277.0
    ],
    "selections": [
        null,
        null,
        "_complement_gaps:Instance-attribute-character",
        "_entity_novelty:Instance-character",
        "_subject_gaps:Instance-character-object",
        "_statement_novelty:Actor-Source",
        "_statement_novelty:Actor-Source",
        "_subject_gaps:Instance-character-enchantment",
        "_entity_novelty:Instance-attribute",
        "_complement_gaps:Instance-attribute-character",
        "_statement_novelty:Actor-Source"
    ]
}