{
    "abstract_actions": [
        null,
        7,
        7,
        7,
        7,
        7,
        7,
        7,
        7,
        5,
        7
    ],
    "specific_actions": [
        null,
        25,
        25,
        25,
        25,
        25,
        25,
        25,
        25,
        11,
        25
    ],
    "rewards": [
        0,
        0,
        0.003548392836187242,
        0.0031952516189674984,
        0.0031207942741222627,
        0.003048916653189515,
        0.0029795006220336706,
        0.0029124347501072734,
        0.0028476138579072163,
        0.002784938599770914,
        0.00477315331271666
    ],
    "states": [
        2.506231655001129,
        2.5313711814757984,
        2.540353480841878,
        2.548470549414288,
        2.5564238017126693,
        2.564218124814321,
        2.5718582143122353,
        2.5793485835479473,
        2.586693572318832,
        2.5938973550941617,
        2.6062784248474764
    ],
    "selections": [
        null,
        null,
        "_trust:Source",
        "_trust:Source",
        "_trust:Source",
        "_trust:Source",
        "_trust:Source",
        "_trust:Source",
        "_trust:Source",
        "_trust:Source",
        "_complement_gaps:Instance-attribute-character"
    ]
}