{
    "actions": [
        null,
        5,
        4,
        7,
        7,
        7,
        4,
        3,
        3,
        2,
        5
    ],
    "rewards": [
        0,
        0,
        0.011533907175554026,
        0.009878084993553582,
        0.004799282794528903,
        0.004660724696629481,
        0.004528114969325481,
        0.009392054206138534,
        0.007904778303834403,
        0.0039047874665818494,
        0.00380342117133714
    ],
    "states": [
        2.2621093381172694,
        2.347540138706822,
        2.374616448757554,
        2.3980731118654712,
        2.4095821428912694,
        2.4208125418932003,
        2.431774259402078,
        2.4546136150634745,
        2.474016791512125,
        2.483677301271735,
        2.493123772102161
    ],
    "selections": [
        null,
        null,
        "_complement_gaps:Instance-attribute-character",
        "_subject_gaps:Instance-attribute-character",
        "_trust:Source",
        "_trust:Source",
        "_trust:Source",
        "_subject_gaps:Instance-attribute-character",
        "_entity_novelty:Instance-character",
        "_entity_novelty:Instance-attribute",
        "_statement_novelty:Actor-Source"
    ]
}