{
    "abstract_actions": [
        null,
        3,
        7,
        7,
        4,
        7,
        4,
        5,
        5,
        6,
        7
    ],
    "specific_actions": [
        null,
        null,
        25,
        25,
        null,
        25,
        null,
        11,
        11,
        null,
        25
    ],
    "rewards": [
        0,
        0,
        0.016528925619834656,
        0.02276422764227659,
        0.014308426073131875,
        0.037617554858934144,
        0.021148036253776592,
        0.041420118343195256,
        0.03977272727272729,
        0.025956284153005438,
        0.017310252996005415
    ],
    "states": [
        11.215686274509803,
        11.862745098039216,
        12.058823529411764,
        12.333333333333334,
        12.509803921568627,
        12.980392156862745,
        13.254901960784315,
        13.803921568627452,
        14.352941176470589,
        14.72549019607843,
        14.980392156862745
    ],
    "selections": [
        null,
        null,
        "_entity_novelty:Instance-character",
        "_trust:Source",
        "_trust:Source",
        "_subject_gaps:Instance-attribute-character",
        "_trust:Source",
        "_subject_gaps:Instance-attribute-character",
        "_complement_gaps:Instance-attribute-character",
        "_complement_gaps:Instance-attribute-character",
        "_overlaps:character"
    ]
}