{
    "actions": [
        null,
        5,
        4,
        7,
        7,
        4,
        6,
        2,
        5,
        7,
        5
    ],
    "rewards": [
        0,
        0,
        0.06378132118451019,
        0.04925053533190571,
        0.01836734693877573,
        0.018036072144288484,
        0.04330708661417315,
        0.024528301886792336,
        0.016574585635359185,
        0.048913043478260754,
        0.015544041450777035
    ],
    "states": [
        7.0588235294117645,
        8.607843137254902,
        9.156862745098039,
        9.607843137254902,
        9.784313725490197,
        9.96078431372549,
        10.392156862745098,
        10.647058823529411,
        10.823529411764707,
        11.352941176470589,
        11.529411764705882
    ],
    "selections": [
        null,
        null,
        "_complement_gaps:Instance-attribute-character",
        "_subject_gaps:Instance-attribute-character",
        "_trust:Source",
        "_trust:Source",
        "_subject_gaps:Instance-attribute-character",
        "_overlaps:attribute",
        "_statement_novelty:Actor-Source",
        "_complement_gaps:Instance-attribute-character",
        "_trust:Source"
    ]
}