{
    "abstract_actions": [
        null,
        4,
        3,
        4,
        4,
        5,
        3,
        4,
        3,
        4,
        7
    ],
    "specific_actions": [
        null,
        null,
        11,
        null,
        null,
        11,
        null,
        null,
        11,
        null,
        25
    ],
    "rewards": [
        0,
        0,
        0.03164282618118763,
        0.01638655462184868,
        0.026457213724679685,
        0.025775271848570203,
        0.027483313702394874,
        0.02445548337791359,
        0.023871689668034213,
        0.022950819672131084,
        0.01388888888888884
    ],
    "states": [
        2096.0,
        2307.0,
        2380.0,
        2419.0,
        2483.0,
        2547.0,
        2617.0,
        2681.0,
        2745.0,
        2808.0,
        2847.0
    ],
    "selections": [
        null,
        null,
        "_subject_gaps:Instance-attribute-character",
        "_entity_novelty:Instance-attribute",
        "_subject_gaps:Instance-attribute-character",
        "_subject_gaps:Instance-character-object",
        "_complement_gaps:Instance-attribute-character",
        "_entity_novelty:Instance-character",
        "_subject_gaps:Instance-ancestry-character",
        "_entity_novelty:Instance-attribute",
        "_subject_gaps:Instance-ancestry-character"
    ]
}