{
    "abstract_actions": [
        null,
        5,
        5,
        7,
        4,
        6,
        6,
        3,
        5,
        6,
        5
    ],
    "specific_actions": [
        null,
        11,
        11,
        25,
        null,
        null,
        null,
        null,
        11,
        11,
        11
    ],
    "rewards": [
        0,
        0,
        -0.002287815726842224,
        -0.0014341638312663774,
        -0.0011774352936229082,
        0.0012271317317331665,
        0.002811200895878274,
        0.0027225845778724445,
        -2.6336754916811422e-05,
        -2.536349052362219e-05,
        0.0028272914302551744
    ],
    "states": [
        10.717472118959108,
        10.661870503597122,
        10.637478108581437,
        10.622222222222222,
        10.609715242881071,
        10.622734761120263,
        10.652597402597403,
        10.6816,
        10.68131868131868,
        10.681047765793528,
        10.711246200607903
    ],
    "selections": [
        null,
        null,
        "_complement_gaps:Instance-attribute-character",
        "_complement_gaps:Instance-attribute-character",
        "_trust:Source",
        "_subject_gaps:Instance-attribute-character",
        "_overlaps:character",
        "_overlaps:character",
        "_entity_novelty:Instance-character",
        "_complement_gaps:Instance-attribute-character",
        "_overlaps:attribute-object"
    ]
}