{
    "abstract_actions": [
        null,
        7,
        7,
        4,
        3,
        5,
        7,
        2,
        4,
        7,
        2
    ],
    "specific_actions": [
        null,
        25,
        25,
        null,
        null,
        11,
        25,
        25,
        null,
        25,
        25
    ],
    "rewards": [
        0,
        0,
        0.027308192457737412,
        0.016455696202531733,
        0.02905770029057697,
        0.025816861637757205,
        0.02752654345261507,
        0.019135093761959432,
        0.014645137063462155,
        0.02590673575129543,
        0.018037518037518074
    ],
    "states": [
        2096.0,
        2307.0,
        2370.0,
        2409.0,
        2479.0,
        2543.0,
        2613.0,
        2663.0,
        2702.0,
        2772.0,
        2822.0
    ],
    "selections": [
        null,
        null,
        "_trust:Source",
        "_trust:Source",
        "_subject_gaps:Instance-attribute-character",
        "_entity_novelty:Instance-character",
        "_complement_gaps:Instance-attribute-character",
        "_trust:Source",
        "_statement_novelty:Actor-Source",
        "_subject_gaps:Instance-ancestry-character",
        "_trust:Source"
    ]
}