{
    "actions": [
        null,
        4,
        5,
        4,
        4,
        7,
        2,
        7,
        7,
        5,
        5
    ],
    "rewards": [
        0,
        0,
        0.024687854710556234,
        0.021046801440044227,
        0.018443178736099908,
        0.020239680426098472,
        0.010702166536152413,
        0.01058884297520657,
        0.010477894198824389,
        0.010369246332827542,
        0.021026282853567002
    ],
    "states": [
        3423.0,
        3524.0,
        3611.0,
        3687.0,
        3755.0,
        3831.0,
        3872.0,
        3913.0,
        3954.0,
        3995.0,
        4079.0
    ],
    "selections": [
        null,
        null,
        "_subject_gaps:Instance-attribute-character",
        "_complement_gaps:Instance-attribute-character",
        "_subject_gaps:Instance-attribute-character",
        "_subject_gaps:Instance-attribute-character",
        "_trust:Source",
        "_statement_novelty:Actor-Source",
        "_trust:Source",
        "_trust:Source",
        "_complement_gaps:Instance-attribute-character"
    ]
}