{
    "abstract_actions": [
        null,
        7,
        2,
        5,
        7,
        2,
        2,
        4,
        7,
        5,
        3
    ],
    "specific_actions": [
        null,
        25,
        25,
        11,
        25,
        25,
        25,
        null,
        25,
        11,
        null
    ],
    "rewards": [
        0,
        0,
        0.027308192457737412,
        0.016455696202531733,
        0.02905770029057697,
        0.020169423154497768,
        0.01542111506524324,
        0.015186915887850372,
        0.026850786344457145,
        0.018677624206201004,
        0.02566923359002571
    ],
    "states": [
        2096.0,
        2307.0,
        2370.0,
        2409.0,
        2479.0,
        2529.0,
        2568.0,
        2607.0,
        2677.0,
        2727.0,
        2797.0
    ],
    "selections": [
        null,
        null,
        "_trust:Source",
        "_statement_novelty:Actor-Source",
        "_complement_gaps:Instance-attribute-character",
        "_trust:Source",
        "_statement_novelty:Actor-Source",
        "_statement_novelty:Actor-Source",
        "_subject_gaps:Instance-attribute-character",
        "_trust:Source",
        "_complement_gaps:Instance-attribute-character"
    ]
}