{
    "actions": [
        null,
        5,
        7,
        5,
        6,
        5,
        2,
        2,
        4,
        5,
        5,
        7,
        7,
        7,
        5,
        4,
        5,
        7,
        7,
        7,
        2,
        7,
        2,
        7,
        4,
        7
    ],
    "rewards": [
        0,
        0,
        -0.013279772993854855,
        -0.004056161184250895,
        -0.004042711733232562,
        -0.011546939861960759,
        -0.003985043829432544,
        -0.003971934249623388,
        -0.003958867153412204,
        -0.008819189679500017,
        -0.00391404257468253,
        -0.011150385995553402,
        -0.0038595533501232238,
        -0.0038470293789570897,
        -0.0038345513652270347,
        -0.003822119994240314,
        -0.003809735906158185,
        -0.010828347844572317,
        -0.003757778444307913,
        -0.003745725991995852,
        -0.0037337215800059553,
        -0.0037217656490978746,
        -0.003709858606576799,
        -0.0036980008277778254,
        -0.003686192657486931,
        -0.010448127257017048
    ],
    "states": [
        0.005679476843142525,
        0.00558214822522835,
        0.005508018563979268,
        0.005485677152877922,
        0.005463500141487256,
        0.005400413433917689,
        0.0053788925496864705,
        0.005357527942143327,
        0.005336318200749687,
        0.005289256198347108,
        0.005268553824398374,
        0.005209807415617983,
        0.005189699885953538,
        0.0051697349580243045,
        0.0051499113437831505,
        0.005130227764667512,
        0.005110682951745688,
        0.00505534269902086,
        0.00503634584119789,
        0.005017481069675835,
        0.004998747192328715,
        0.004980143026739782,
        0.0049616674002700475,
        0.004943319150116691,
        0.004925097123361916,
        0.004873639081863862
    ],
    "selections": [
        null,
        null,
        "_complement_gaps:Instance-attribute-character",
        "_trust:Source",
        "_complement_gaps:Instance-attribute-character",
        "_overlaps:character",
        "_complement_gaps:Instance-attribute-character",
        "_statement_novelty:Actor-Source",
        "_statement_novelty:Actor-Source",
        "_subject_gaps:Instance-attribute-character",
        "_complement_gaps:Instance-attribute-character",
        "_complement_gaps:Instance-attribute-character",
        "_trust:Source",
        "_trust:Source",
        "_trust:Source",
        "_complement_gaps:Instance-attribute-character",
        "_subject_gaps:Instance-attribute-character",
        "_complement_gaps:Instance-attribute-character",
        "_trust:Source",
        "_trust:Source",
        "_trust:Source",
        "_statement_novelty:Actor-Source",
        "_trust:Source",
        "_statement_novelty:Actor-Source",
        "_trust:Source",
        "_subject_gaps:Instance-attribute-character"
    ]
}