{
    "abstract_actions": [
        null,
        3,
        2,
        5,
        7,
        2,
        7,
        4,
        7,
        4,
        7
    ],
    "specific_actions": [
        null,
        11,
        25,
        11,
        25,
        25,
        25,
        null,
        25,
        null,
        25
    ],
    "rewards": [
        0,
        0,
        0.01480959097320178,
        0.017373175816539188,
        0.02390710382513661,
        0.016677785190126748,
        0.012795275590551158,
        0.01263362487852282,
        0.020473448496481028,
        0.01567398119122254,
        0.017592592592592604
    ],
    "states": [
        2749.0,
        2836.0,
        2878.0,
        2928.0,
        2998.0,
        3048.0,
        3087.0,
        3126.0,
        3190.0,
        3240.0,
        3297.0
    ],
    "selections": [
        null,
        null,
        "_entity_novelty:Instance-attribute",
        "_statement_novelty:Actor-Source",
        "_complement_gaps:Instance-attribute-character",
        "_trust:Source",
        "_statement_novelty:Actor-Source",
        "_trust:Source",
        "_subject_gaps:Instance-attribute-character",
        "_trust:Source",
        "_subject_gaps:Instance-ancestry-character"
    ]
}