{
    "abstract_actions": [
        null,
        7,
        7,
        2,
        7,
        5,
        7,
        7,
        7,
        7,
        7
    ],
    "specific_actions": [
        null,
        25,
        25,
        25,
        25,
        11,
        25,
        25,
        25,
        25,
        25
    ],
    "rewards": [
        0,
        0,
        1.0,
        0.0,
        0.0,
        0.0,
        0.0,
        0.33333333333333326,
        0.0,
        0.0,
        0.0
    ],
    "states": [
        0.0,
        0.5,
        1.0,
        1.0,
        1.0,
        1.0,
        1.0,
        1.3333333333333333,
        1.3333333333333333,
        1.3333333333333333,
        1.3333333333333333
    ],
    "selections": [
        null,
        null,
        "_trust:Source",
        "_trust:Source",
        "_statement_novelty:Actor-Source",
        "_trust:Source",
        "_complement_gaps:Instance-attribute-character",
        "_trust:Source",
        "_trust:Source",
        "_trust:Source",
        "_trust:Source"
    ]
}