{
    "abstract_actions": [
        null,
        5,
        4,
        5,
        3,
        7,
        2,
        4,
        4,
        2,
        5
    ],
    "specific_actions": [
        null,
        11,
        null,
        11,
        null,
        25,
        25,
        null,
        null,
        25,
        11
    ],
    "rewards": [
        0,
        0,
        0.03164282618118763,
        0.02941176470588225,
        0.02857142857142847,
        0.025396825396825307,
        0.023219814241486114,
        0.014750378214825943,
        0.02385389489377565,
        0.014197306152166078,
        0.01794687724335975
    ],
    "states": [
        2096.0,
        2307.0,
        2380.0,
        2450.0,
        2520.0,
        2584.0,
        2644.0,
        2683.0,
        2747.0,
        2786.0,
        2836.0
    ],
    "selections": [
        null,
        null,
        "_complement_gaps:Instance-attribute-character",
        "_subject_gaps:Instance-character-product",
        "_complement_gaps:Instance-attribute-character",
        "_entity_novelty:Instance-character",
        "_trust:Source",
        "_statement_novelty:Actor-Source",
        "_subject_gaps:Instance-attribute-character",
        "_subject_gaps:Instance-attribute-character",
        "_statement_novelty:Actor-Source"
    ]
}