{
    "abstract_actions": [
        null,
        3,
        6,
        7,
        7,
        4,
        3,
        7,
        2,
        4,
        4
    ],
    "specific_actions": [
        null,
        null,
        null,
        25,
        25,
        null,
        11,
        25,
        25,
        null,
        null
    ],
    "rewards": [
        0,
        0,
        0.01885267977376781,
        0.01321702352630183,
        0.010696582311505276,
        0.010583376355188356,
        0.0214559386973181,
        0.010252563140785265,
        0.01435643564356437,
        0.010004880429477891,
        0.01836192316984775
    ],
    "states": [
        3612.0,
        3713.0,
        3783.0,
        3833.0,
        3874.0,
        3915.0,
        3999.0,
        4040.0,
        4098.0,
        4139.0,
        4215.0
    ],
    "selections": [
        null,
        null,
        "_entity_novelty:Instance-character",
        "_overlaps:character",
        "_trust:Source",
        "_trust:Source",
        "_subject_gaps:Instance-character-institution",
        "_entity_novelty:Instance-attribute",
        "_trust:Source",
        "_statement_novelty:Actor-Source",
        "_subject_gaps:Instance-character-institution"
    ]
}