{
    "abstract_actions": [
        null,
        3,
        7,
        5,
        3,
        5,
        7,
        2,
        2,
        5,
        7
    ],
    "specific_actions": [
        null,
        11,
        25,
        11,
        11,
        11,
        25,
        25,
        25,
        11,
        25
    ],
    "rewards": [
        0,
        0,
        -0.034837191230522535,
        -0.027948471867966895,
        -0.03506438829149772,
        -0.02897538800081545,
        -0.032945849848284525,
        -0.017414123749490695,
        -0.01420305043589587,
        -0.014004375978652894,
        -0.025651469587390396
    ],
    "states": [
        0.013134665630958265,
        0.01056689342403628,
        0.010198772537110578,
        0.00991373242976935,
        0.009566113466433905,
        0.009288931617084157,
        0.008982899870776719,
        0.008826470540797729,
        0.00870110773453583,
        0.008579254150390625,
        0.008359183673469387
    ],
    "selections": [
        null,
        null,
        "_entity_novelty:Instance-attribute",
        "_trust:Source",
        "_complement_gaps:Instance-attribute-character",
        "_entity_novelty:Instance-attribute",
        "_complement_gaps:Instance-attribute-character",
        "_trust:Source",
        "_statement_novelty:Actor-Source",
        "_statement_novelty:Actor-Source",
        "_complement_gaps:Instance-attribute-character"
    ]
}