{
    "abstract_actions": [
        null,
        3,
        3,
        3,
        5,
        3,
        6,
        7,
        7,
        6,
        2
    ],
    "specific_actions": [
        null,
        null,
        11,
        null,
        11,
        null,
        null,
        25,
        25,
        null,
        25
    ],
    "rewards": [
        0,
        0,
        0.010534907521621006,
        0.01016791061461042,
        0.004876255415744657,
        0.010257546702967968,
        0.007645872146459842,
        0.007800118092952113,
        0.005215980447346169,
        0.005053037077702438,
        0.004897663329956892
    ],
    "states": [
        2.261951971799956,
        2.3403682236617795,
        2.365023786464597,
        2.3890711369267965,
        2.400720857996835,
        2.425346364318527,
        2.443890252530988,
        2.462952885106944,
        2.475799599198397,
        2.488309906370107,
        2.5004968105521046
    ],
    "selections": [
        null,
        null,
        "_entity_novelty:Instance-character",
        "_entity_novelty:Instance-attribute",
        "_entity_novelty:Instance-character",
        "_complement_gaps:Instance-attribute-character",
        "_entity_novelty:Instance-character",
        "_overlaps:character",
        "_trust:Source",
        "_trust:Source",
        "_overlaps:character"
    ]
}