{
    "abstract_actions": [
        null,
        7,
        7,
        7,
        7,
        7,
        4,
        7,
        4,
        7,
        2
    ],
    "specific_actions": [
        null,
        25,
        25,
        25,
        25,
        25,
        null,
        25,
        null,
        25,
        25
    ],
    "rewards": [
        0,
        0,
        0.0014876621066588491,
        0.002228359801644597,
        0.0021739962490909814,
        0.003960358989391288,
        0.00387301393675088,
        -0.0006127595390164053,
        0.0019500762281838835,
        -0.0006184251212179026,
        0.0018634527935892375
    ],
    "states": [
        10.917835671342685,
        10.832369942196532,
        10.848484848484848,
        10.872659176029963,
        10.896296296296295,
        10.939449541284404,
        10.981818181818182,
        10.97508896797153,
        10.996491228070175,
        10.989690721649485,
        11.010169491525424
    ],
    "selections": [
        null,
        null,
        "_trust:Source",
        "_trust:Source",
        "_trust:Source",
        "_trust:Source",
        "_trust:Source",
        "_subject_gaps:Instance-attribute-character",
        "_trust:Source",
        "_subject_gaps:Instance-character-product",
        "_trust:Source"
    ]
}