{
    "abstract_actions": [
        null,
        4,
        4,
        7,
        2,
        2,
        5,
        4,
        5,
        3,
        3
    ],
    "specific_actions": [
        null,
        null,
        null,
        25,
        25,
        25,
        11,
        null,
        11,
        null,
        11
    ],
    "rewards": [
        0,
        0,
        -0.004152858760854028,
        -0.0006724568475374726,
        -0.004409128522432582,
        0.0003565083826719828,
        0.00034583304513913227,
        -0.004399055595153412,
        -0.004154964393532912,
        -0.003930661147156123,
        -0.0020725094398547084
    ],
    "states": [
        11.742296918767506,
        10.985714285714286,
        10.940092165898617,
        10.932735426008968,
        10.884531590413943,
        10.888412017167383,
        10.89217758985201,
        10.844262295081966,
        10.79920477137177,
        10.756756756756756,
        10.734463276836157
    ],
    "selections": [
        null,
        null,
        "_subject_gaps:Instance-attribute-character",
        "_subject_gaps:Instance-character-object",
        "_trust:Source",
        "_statement_novelty:Actor-Source",
        "_statement_novelty:Actor-Source",
        "_complement_gaps:Instance-attribute-character",
        "_subject_gaps:Instance-attribute-character",
        "_complement_gaps:Instance-attribute-character",
        "_entity_novelty:Instance-character"
    ]
}