{
    "abstract_actions": [
        null,
        7,
        7,
        4,
        3,
        7,
        7,
        7,
        7,
        2,
        7
    ],
    "specific_actions": [
        null,
        25,
        25,
        null,
        11,
        25,
        25,
        25,
        25,
        25,
        25
    ],
    "rewards": [
        0,
        0,
        0.003880812197477379,
        0.0034515953150837664,
        0.005381400906485201,
        0.003224232336840327,
        0.0037465250400607886,
        0.0030569697601874335,
        0.0029869737695504828,
        0.002919361050490288,
        0.0028540243361498963
    ],
    "states": [
        2.483662536294115,
        2.5087262426900585,
        2.5184621380928216,
        2.527154850209879,
        2.5407544836116265,
        2.548946466377659,
        2.558496158139717,
        2.566317403526706,
        2.5739829262953813,
        2.5814973117950353,
        2.588864967946604
    ],
    "selections": [
        null,
        null,
        "_trust:Source",
        "_trust:Source",
        "_subject_gaps:Instance-character-designation",
        "_entity_novelty:Instance-attribute",
        "_trust:Source",
        "_trust:Source",
        "_trust:Source",
        "_trust:Source",
        "_statement_novelty:Actor-Source"
    ]
}