{
    "actions": [
        null,
        3,
        3,
        4,
        5,
        5,
        4,
        3,
        5,
        4,
        5
    ],
    "rewards": [
        0,
        0,
        0.11836956100585061,
        0.10227876694127014,
        -0.010778128286014654,
        0.0871056241426611,
        0.07891019172552993,
        0.07038703870387031,
        -0.01004655721636849,
        0.06352738352978915,
        0.05559283913445667
    ],
    "states": [
        0.001710863986313088,
        0.0019401330376940134,
        0.0021697857336588013,
        0.0023917087430241827,
        0.002365930599369085,
        0.00257201646090535,
        0.0027749747729566097,
        0.0029702970297029703,
        0.00294045577064445,
        0.0031272552321385616,
        0.0033011082291912286
    ],
    "selections": [
        null,
        null,
        "_entity_novelty:Instance-attribute",
        "_entity_novelty:Instance-character",
        "_subject_gaps:Instance-attribute-character",
        "_complement_gaps:Instance-attribute-character",
        "_complement_gaps:Instance-attribute-character",
        "_subject_gaps:Instance-attribute-character",
        "_entity_novelty:Instance-attribute",
        "_complement_gaps:Instance-attribute-character",
        "_subject_gaps:Instance-attribute-character"
    ]
}