{
    "actions": [
        null,
        4,
        7,
        4,
        6,
        3,
        4,
        7,
        4,
        7,
        5,
        7,
        5,
        7,
        4,
        4,
        3,
        4,
        2,
        4,
        4,
        7,
        5,
        4,
        4,
        4
    ],
    "rewards": [
        0,
        0,
        0.0011123470522802492,
        0.0,
        0.0,
        0.0,
        0.0010416666666666075,
        0.0009775171065493637,
        0.0,
        0.0009191176470588758,
        0.0,
        0.0008658008658009031,
        0.0,
        0.0,
        0.0,
        0.0,
        0.0008169934640522847,
        0.0,
        0.0,
        0.0,
        0.0,
        0.0007722007722008595,
        0.0,
        0.0,
        0.0007309941520468044,
        0.0006930006930006005
    ],
    "states": [
        0.9655172413793104,
        0.9666666666666667,
        0.967741935483871,
        0.967741935483871,
        0.967741935483871,
        0.967741935483871,
        0.96875,
        0.9696969696969697,
        0.9696969696969697,
        0.9705882352941176,
        0.9705882352941176,
        0.9714285714285714,
        0.9714285714285714,
        0.9714285714285714,
        0.9714285714285714,
        0.9714285714285714,
        0.9722222222222222,
        0.9722222222222222,
        0.9722222222222222,
        0.9722222222222222,
        0.9722222222222222,
        0.972972972972973,
        0.972972972972973,
        0.972972972972973,
        0.9736842105263158,
        0.9743589743589743
    ],
    "selections": [
        null,
        null,
        "_subject_gaps:Instance-attribute-character",
        "_trust:Source",
        "_subject_gaps:Instance-attribute-character",
        "_overlaps:character",
        "_entity_novelty:Instance-character",
        "_subject_gaps:Instance-attribute-character",
        "_trust:Source",
        "_subject_gaps:Instance-attribute-character",
        "_trust:Source",
        "_complement_gaps:Instance-attribute-character",
        "_trust:Source",
        "_complement_gaps:Instance-attribute-character",
        "_trust:Source",
        "_subject_gaps:Instance-attribute-character",
        "_subject_gaps:Instance-attribute-character",
        "_entity_novelty:Instance-attribute",
        "_subject_gaps:Instance-attribute-character",
        "_statement_novelty:Actor-Source",
        "_subject_gaps:Instance-attribute-character",
        "_subject_gaps:Instance-attribute-character",
        "_trust:Source",
        "_complement_gaps:Instance-attribute-character",
        "_subject_gaps:Instance-attribute-character",
        "_subject_gaps:Instance-attribute-character"
    ]
}