{
    "abstract_actions": [
        null,
        3,
        6,
        4,
        5,
        2,
        7,
        5,
        4,
        7,
        7
    ],
    "specific_actions": [
        null,
        11,
        null,
        null,
        11,
        25,
        25,
        11,
        null,
        25,
        25
    ],
    "rewards": [
        0,
        0,
        -0.018397868264666828,
        -0.022169936629121145,
        -0.005440562226968426,
        -0.008828520492459302,
        -0.011261591349466693,
        -0.008663599713226167,
        -0.02308434390828007,
        -0.008395397467093169,
        -0.010718027414073683
    ],
    "states": [
        0.008232517383684777,
        0.007930578512396693,
        0.007784672773663022,
        0.007612087071592468,
        0.0075706730382023675,
        0.007503835196142889,
        0.007419330070610183,
        0.007355051964738114,
        0.007185265415720828,
        0.007124942256649293,
        0.007048576930218834
    ],
    "selections": [
        null,
        null,
        "_entity_novelty:Instance-attribute",
        "_overlaps:character",
        "_subject_gaps:Instance-attribute-character",
        "_complement_gaps:Instance-attribute-character",
        "_statement_novelty:Actor-Source",
        "_trust:Source",
        "_complement_gaps:Instance-attribute-character",
        "_subject_gaps:Instance-character-physical-appearance",
        "_trust:Source"
    ]
}