{
    "abstract_actions": [
        null,
        5,
        7,
        7,
        4,
        7,
        7,
        7,
        7,
        4,
        5
    ],
    "specific_actions": [
        null,
        11,
        25,
        25,
        null,
        25,
        25,
        25,
        25,
        null,
        11
    ],
    "rewards": [
        0,
        0,
        0.005279943500626327,
        0.004145262641137348,
        0.0028664024199691607,
        0.004467345011309742,
        0.0032144273367360476,
        0.0026430088767903648,
        0.001770560390214726,
        0.0025545730370839514,
        0.003935054333875199
    ],
    "states": [
        2.4663862137700057,
        2.4930254698715273,
        2.5061885034980715,
        2.51657731307327,
        2.5237908363735024,
        2.5350654807759647,
        2.5432142645577867,
        2.5499360024345927,
        2.554450818118086,
        2.5609763493026074,
        2.5710539303848825
    ],
    "selections": [
        null,
        null,
        "_complement_gaps:Instance-attribute-character",
        "_trust:Source",
        "_trust:Source",
        "_subject_gaps:Instance-ability-character",
        "_trust:Source",
        "_trust:Source",
        "_trust:Source",
        "_trust:Source",
        "_subject_gaps:Instance-character-personality-trait"
    ]
}