{
    "actions": [
        null,
        4,
        7,
        5,
        5,
        5,
        7,
        6,
        4,
        3,
        5
    ],
    "rewards": [
        0,
        0,
        0.03175293605915619,
        0.016441821247892063,
        0.02903359601824973,
        0.025796049979846858,
        0.02514734774066807,
        0.014948256036795726,
        0.017371601208459264,
        0.02375649591685236,
        0.014140681653372011
    ],
    "states": [
        2084.0,
        2299.0,
        2372.0,
        2411.0,
        2481.0,
        2545.0,
        2609.0,
        2648.0,
        2694.0,
        2758.0,
        2797.0
    ],
    "selections": [
        null,
        null,
        "_subject_gaps:Instance-attribute-character",
        "_trust:Source",
        "_complement_gaps:Instance-attribute-character",
        "_complement_gaps:Instance-attribute-character",
        "_complement_gaps:Instance-attribute-character",
        "_trust:Source",
        "_overlaps:character",
        "_subject_gaps:Instance-attribute-character",
        "_entity_novelty:Instance-attribute"
    ]
}