{
    "abstract_actions": [
        null,
        7,
        7,
        7,
        5,
        2,
        7,
        2,
        7,
        2,
        7
    ],
    "specific_actions": [
        null,
        25,
        25,
        25,
        11,
        25,
        25,
        25,
        25,
        25,
        25
    ],
    "rewards": [
        0,
        0,
        0.0016176648832095797,
        0.001138078730751113,
        0.0011152004550083472,
        0.0010930059770977163,
        0.0022661588528263277,
        0.0010351214624975125,
        0.0010151930193538217,
        0.000995835192622252,
        0.0009770263811716973
    ],
    "states": [
        12.282793867120954,
        12.196399345335516,
        12.216129032258065,
        12.23003194888179,
        12.24367088607595,
        12.25705329153605,
        12.284829721362229,
        12.297546012269938,
        12.310030395136778,
        12.322289156626505,
        12.334328358208955
    ],
    "selections": [
        null,
        null,
        "_trust:Source",
        "_trust:Source",
        "_trust:Source",
        "_complement_gaps:Instance-attribute-character",
        "_statement_novelty:Actor-Source",
        "_trust:Source",
        "_statement_novelty:Actor-Source",
        "_trust:Source",
        "_statement_novelty:Actor-Source"
    ]
}