{
    "abstract_actions": [
        null,
        4,
        3,
        3,
        7,
        5,
        6,
        6,
        5,
        7,
        2
    ],
    "specific_actions": [
        null,
        null,
        11,
        null,
        25,
        11,
        null,
        null,
        11,
        25,
        25
    ],
    "rewards": [
        0,
        0,
        -0.003931064376784255,
        -0.0033153886554622147,
        -0.0027410202064777067,
        -0.004149562659153561,
        -0.002806910326854206,
        0.0011162029209477176,
        0.00042385146590584455,
        -0.0022577912245573817,
        0.0005042451994494712
    ],
    "states": [
        11.742296918767506,
        10.985714285714286,
        10.942528735632184,
        10.90625,
        10.876355748373102,
        10.831223628691983,
        10.80082135523614,
        10.81287726358149,
        10.817460317460318,
        10.793036750483559,
        10.798479087452472
    ],
    "selections": [
        null,
        null,
        "_subject_gaps:Instance-character-enchantment",
        "_entity_novelty:Instance-attribute",
        "_entity_novelty:Instance-character",
        "_trust:Source",
        "_complement_gaps:Instance-attribute-character",
        "_overlaps:character",
        "_overlaps:character",
        "_complement_gaps:Instance-attribute-character",
        "_trust:Source"
    ]
}