{
    "actions": [
        null,
        5,
        6,
        7,
        5,
        7,
        5,
        4,
        4,
        4,
        5
    ],
    "rewards": [
        0,
        0,
        0.9823135976746656,
        0.9949562776813307,
        0.99555400410095,
        0.9845077173658848,
        0.9956309942013013,
        0.9956407294963926,
        0.9848726124185145,
        0.9957153254892273,
        0.9851600539163425
    ],
    "states": [
        0.006359893747642626,
        0.006179222245963188,
        0.006069934035263427,
        0.006039318973496918,
        0.006012468186107695,
        0.005919321329639889,
        0.005893459780426331,
        0.005867768595041322,
        0.005779004585265664,
        0.005754243431621537,
        0.005668850769344033
    ],
    "selections": [
        null,
        null,
        "_complement_gaps:Instance-attribute-character",
        "_overlaps:attribute",
        "_trust:Source",
        "_complement_gaps:Instance-attribute-character",
        "_trust:Source",
        "_complement_gaps:Instance-attribute-character",
        "_subject_gaps:Instance-attribute-character",
        "_subject_gaps:Instance-attribute-character",
        "_subject_gaps:Instance-attribute-character"
    ]
}