{
    "abstract_actions": [
        null,
        7,
        5,
        5,
        5,
        5,
        4,
        5,
        5,
        6,
        7
    ],
    "specific_actions": [
        null,
        25,
        11,
        11,
        11,
        11,
        null,
        11,
        11,
        null,
        25
    ],
    "rewards": [
        0,
        0,
        0.016576086956521685,
        0.020315423683507028,
        0.019648938957296247,
        0.019527235354573458,
        0.019153225806451513,
        0.01879327398615227,
        0.016262135922330057,
        0.017912586577501832,
        0.013843266072266491
    ],
    "states": [
        3579.0,
        3680.0,
        3741.0,
        3817.0,
        3892.0,
        3968.0,
        4044.0,
        4120.0,
        4187.0,
        4262.0,
        4321.0
    ],
    "selections": [
        null,
        null,
        "_trust:Source",
        "_complement_gaps:Instance-attribute-character",
        "_complement_gaps:Instance-attribute-character",
        "_complement_gaps:Instance-attribute-character",
        "_complement_gaps:Instance-attribute-character",
        "_subject_gaps:Instance-character-physical-appearance",
        "_complement_gaps:Instance-attribute-character",
        "_complement_gaps:Instance-attribute-character",
        "_overlaps:character"
    ]
}