{
    "abstract_actions": [
        null,
        3,
        6,
        2,
        7,
        5,
        3,
        6,
        7,
        7,
        6
    ],
    "specific_actions": [
        null,
        11,
        null,
        25,
        25,
        11,
        11,
        null,
        25,
        25,
        null
    ],
    "rewards": [
        0,
        0,
        0.0,
        0.09090909090909083,
        0.0,
        0.0,
        -0.00694444444444442,
        -0.00591715976331364,
        0.0714285714285714,
        0.0,
        0.0
    ],
    "states": [
        1.0,
        1.0,
        1.0,
        1.0909090909090908,
        1.0909090909090908,
        1.0909090909090908,
        1.0833333333333333,
        1.0769230769230769,
        1.1538461538461537,
        1.1538461538461537,
        1.1538461538461537
    ],
    "selections": [
        null,
        null,
        "_entity_novelty:Instance-attribute",
        "_overlaps:character",
        "_statement_novelty:Actor-Source",
        "_trust:Source",
        "_complement_gaps:Instance-attribute-character",
        "_entity_novelty:Instance-attribute",
        "_overlaps:character",
        "_trust:Source",
        "_trust:Source"
    ]
}