{
    "actions": [
        null,
        5,
        3,
        7,
        5,
        2,
        7,
        7,
        5,
        5,
        4
    ],
    "rewards": [
        0,
        0,
        -0.005850815596758263,
        -0.0025556268560941175,
        0.0026996794802849333,
        0.0026227795193312087,
        0.0025491291321788623,
        0.002478547235580608,
        0.002410865222068459,
        -0.004378226791383,
        -0.004139815114772349
    ],
    "states": [
        11.675070028011204,
        10.869976359338061,
        10.806378132118452,
        10.778761061946902,
        10.807860262008735,
        10.836206896551724,
        10.863829787234042,
        10.890756302521009,
        10.91701244813278,
        10.869215291750503,
        10.82421875
    ],
    "selections": [
        null,
        null,
        "_complement_gaps:Instance-attribute-character",
        "_entity_novelty:Instance-character",
        "_trust:Source",
        "_complement_gaps:Instance-attribute-character",
        "_statement_novelty:Actor-Source",
        "_trust:Source",
        "_trust:Source",
        "_complement_gaps:Instance-attribute-character",
        "_complement_gaps:Instance-attribute-character"
    ]
}