{
    "abstract_actions": [
        null,
        4,
        7,
        4,
        5,
        5,
        7,
        5,
        4,
        3,
        4
    ],
    "specific_actions": [
        null,
        null,
        25,
        null,
        11,
        11,
        25,
        11,
        null,
        11,
        null
    ],
    "rewards": [
        0,
        0,
        0.011972789115646254,
        0.011024468943264365,
        0.019946808510638236,
        0.021903520208604865,
        0.01939270221995404,
        0.014518147684605687,
        0.01011596348383903,
        0.01856375183194925,
        0.00983213429256602
    ],
    "states": [
        3562.0,
        3675.0,
        3719.0,
        3760.0,
        3835.0,
        3919.0,
        3995.0,
        4053.0,
        4094.0,
        4170.0,
        4211.0
    ],
    "selections": [
        null,
        null,
        "_subject_gaps:Instance-character-object",
        "_trust:Source",
        "_subject_gaps:Instance-character-object",
        "_complement_gaps:Instance-attribute-character",
        "_complement_gaps:Instance-attribute-character",
        "_trust:Source",
        "_complement_gaps:Instance-attribute-character",
        "_subject_gaps:Instance-character-object",
        "_entity_novelty:Instance-attribute"
    ]
}