{
    "actions": [
        null,
        2,
        4,
        7,
        4,
        5,
        6,
        5,
        4,
        5,
        7,
        2,
        7,
        5,
        5,
        4,
        4,
        3,
        5,
        4,
        4,
        4,
        6,
        5,
        2,
        7
    ],
    "rewards": [
        0,
        0,
        0.001698204754973398,
        0.005812545410511127,
        0.001565133638333771,
        0.0013222743118164182,
        0.0015606242496999378,
        0.005513604219105739,
        0.005721778519489851,
        0.0047410216901742075,
        0.00023593252329834336,
        0.00023587687227277776,
        0.00153283810871363,
        0.0015304921120791182,
        0.00023510050546615702,
        0.0012927488541545351,
        0.0046948356807512415,
        0.005607476635514086,
        0.0015102230483270418,
        0.0015079457139544061,
        0.004401204540189996,
        0.001499077490774825,
        0.0014968336211860223,
        0.00149459645895611,
        0.00126277120881646,
        0.0014904838339830917
    ],
    "states": [
        8222.0,
        8244.0,
        8258.0,
        8306.0,
        8319.0,
        8330.0,
        8343.0,
        8389.0,
        8437.0,
        8477.0,
        8479.0,
        8481.0,
        8494.0,
        8507.0,
        8509.0,
        8520.0,
        8560.0,
        8608.0,
        8621.0,
        8634.0,
        8672.0,
        8685.0,
        8698.0,
        8711.0,
        8722.0,
        8735.0
    ],
    "selections": [
        null,
        null,
        "_statement_novelty:Actor-Source",
        "_subject_gaps:Instance-attribute-character",
        "_trust:Source",
        "_subject_gaps:Instance-attribute-character",
        "_complement_gaps:Instance-attribute-character",
        "_overlaps:character",
        "_complement_gaps:Instance-attribute-character",
        "_subject_gaps:Instance-attribute-character",
        "_complement_gaps:Instance-attribute-character",
        "_trust:Source",
        "_statement_novelty:Actor-Source",
        "_trust:Source",
        "_complement_gaps:Instance-attribute-character",
        "_complement_gaps:Instance-attribute-character",
        "_subject_gaps:Instance-attribute-character",
        "_subject_gaps:Instance-attribute-character",
        "_entity_novelty:Instance-attribute",
        "_complement_gaps:Instance-attribute-character",
        "_subject_gaps:Instance-attribute-character",
        "_subject_gaps:Instance-attribute-character",
        "_subject_gaps:Instance-attribute-character",
        "_overlaps:character",
        "_complement_gaps:Instance-attribute-character",
        "_statement_novelty:Actor-Source"
    ]
}