{
    "abstract_actions": [
        null,
        5,
        5,
        4,
        5,
        7,
        2,
        5,
        7,
        5,
        5
    ],
    "specific_actions": [
        null,
        11,
        11,
        null,
        11,
        25,
        25,
        11,
        25,
        11,
        11
    ],
    "rewards": [
        0,
        0,
        0.4539915966386556,
        0.298417894162575,
        0.21519490851233103,
        -0.01527614571092828,
        -0.02296211251435132,
        -0.014705882352941235,
        0.16914033798677441,
        -0.018037518037518074,
        0.13793103448275867
    ],
    "states": [
        0.0,
        0.0008669267446900737,
        0.0012605042016806723,
        0.0016366612111292963,
        0.001988862370723946,
        0.0019584802193497847,
        0.0019135093761959434,
        0.001885369532428356,
        0.002204261572373255,
        0.0021645021645021645,
        0.0024630541871921183
    ],
    "selections": [
        null,
        null,
        "_complement_gaps:Instance-attribute-character",
        "_complement_gaps:Instance-attribute-character",
        "_subject_gaps:Instance-character-enchantment",
        "_complement_gaps:Instance-attribute-character",
        "_trust:Source",
        "_statement_novelty:Actor-Source",
        "_complement_gaps:Instance-attribute-character",
        "_trust:Source",
        "_complement_gaps:Instance-attribute-character"
    ]
}