{
    "abstract_actions": [
        null,
        4,
        4,
        5,
        5,
        7,
        7,
        6,
        3,
        4,
        6
    ],
    "specific_actions": [
        null,
        null,
        null,
        11,
        11,
        25,
        25,
        null,
        null,
        null,
        null
    ],
    "rewards": [
        0,
        0,
        -0.01793414329395282,
        -0.01943652875836699,
        -0.019068036002930278,
        -0.014840215783479382,
        -0.010783934322223798,
        -0.00830177061398818,
        -0.011238277872629432,
        -0.021924364817715536,
        -0.007975020748483885
    ],
    "states": [
        0.008054970510329017,
        0.007729462502642215,
        0.007590841214534594,
        0.007443301610968095,
        0.007301372467869487,
        0.007193018524930748,
        0.007115449485579356,
        0.007056378656134656,
        0.006977077112022523,
        0.006824109128057208,
        0.0067696867161710335
    ],
    "selections": [
        null,
        null,
        "_subject_gaps:Instance-character-enchantment",
        "_subject_gaps:Instance-attribute-character",
        "_complement_gaps:Instance-attribute-character",
        "_complement_gaps:Instance-attribute-character",
        "_trust:Source",
        "_trust:Source",
        "_overlaps:character",
        "_entity_novelty:Instance-character",
        "_subject_gaps:Instance-character-designation"
    ]
}