{
    "actions": [
        null,
        4,
        7,
        7,
        4,
        5,
        5,
        4,
        3,
        4,
        6
    ],
    "rewards": [
        0,
        0,
        0.45752324598478444,
        -0.01621621621621616,
        -0.015957446808510745,
        0.29930887825624675,
        0.2188958009331261,
        0.1682059046177138,
        0.13655358898721737,
        -0.014176663031624792,
        0.11687388987566583
    ],
    "states": [
        0.0,
        0.0008699434536755111,
        0.001267962806424345,
        0.0012474012474012475,
        0.0012274959083469722,
        0.001594896331738437,
        0.0019440124416796269,
        0.002271006813020439,
        0.0025811209439528023,
        0.002544529262086514,
        0.002841918294849023
    ],
    "selections": [
        null,
        null,
        "_subject_gaps:Instance-attribute-character",
        "_trust:Source",
        "_trust:Source",
        "_subject_gaps:Instance-attribute-character",
        "_complement_gaps:Instance-attribute-character",
        "_complement_gaps:Instance-attribute-character",
        "_subject_gaps:Instance-attribute-character",
        "_entity_novelty:Instance-attribute",
        "_subject_gaps:Instance-attribute-character"
    ]
}