{
    "abstract_actions": [
        null,
        7,
        2,
        2,
        2,
        5,
        7,
        2,
        4,
        4,
        5
    ],
    "specific_actions": [
        null,
        25,
        25,
        25,
        25,
        11,
        25,
        25,
        null,
        null,
        11
    ],
    "rewards": [
        0,
        0,
        0.0015865928914260419,
        0.0011184466019416028,
        0.0010957125175010685,
        0.0010736653742917657,
        -0.0005220085542048114,
        0.002207782744255482,
        0.0010000492075687983,
        0.0013013913002397626,
        0.0004608294930874557
    ],
    "states": [
        12.287648054145516,
        12.235489220563847,
        12.254901960784315,
        12.268608414239482,
        12.282051282051283,
        12.295238095238096,
        12.288819875776397,
        12.315950920245399,
        12.328267477203648,
        12.344311377245509,
        12.35
    ],
    "selections": [
        null,
        null,
        "_trust:Source",
        "_statement_novelty:Actor-Source",
        "_statement_novelty:Actor-Source",
        "_statement_novelty:Actor-Source",
        "_complement_gaps:Instance-attribute-character",
        "_trust:Source",
        "_statement_novelty:Actor-Source",
        "_subject_gaps:Instance-attribute-character",
        "_subject_gaps:Instance-ability-character"
    ]
}