{
    "abstract_actions": [
        null,
        5,
        5,
        7,
        5,
        4,
        3,
        7,
        7,
        5,
        5
    ],
    "specific_actions": [
        null,
        11,
        11,
        25,
        11,
        null,
        11,
        25,
        25,
        11,
        11
    ],
    "rewards": [
        0,
        0,
        -0.00021676511605828175,
        -0.0005072184784666867,
        0.0023243211810719533,
        -0.0005285463756818931,
        0.0005631131264633993,
        0.0025388082294288683,
        0.00211862990810352,
        0.0024433577003009077,
        0.00016327292235196467
    ],
    "states": [
        12.33160621761658,
        12.277495769881556,
        12.274834437086092,
        12.268608414239482,
        12.297124600638977,
        12.290625,
        12.297546012269938,
        12.32876712328767,
        12.354887218045112,
        12.385074626865672,
        12.387096774193548
    ],
    "selections": [
        null,
        null,
        "_complement_gaps:Instance-attribute-character",
        "_complement_gaps:Instance-attribute-character",
        "_trust:Source",
        "_complement_gaps:Instance-attribute-character",
        "_subject_gaps:Instance-attribute-character",
        "_entity_novelty:Instance-attribute",
        "_trust:Source",
        "_trust:Source",
        "_complement_gaps:Instance-attribute-character"
    ]
}