{
    "abstract_actions": [
        null,
        3,
        3,
        4,
        7,
        4,
        7,
        2,
        4,
        7,
        4
    ],
    "specific_actions": [
        null,
        null,
        11,
        null,
        25,
        null,
        25,
        25,
        null,
        25,
        null
    ],
    "rewards": [
        0,
        0,
        0.057077625570776336,
        0.019438444924406273,
        0.04872881355932179,
        0.036363636363636376,
        0.04678362573099415,
        0.026070763500931182,
        0.016333938294010864,
        0.050000000000000044,
        0.023809523809523947
    ],
    "states": [
        7.0588235294117645,
        8.588235294117647,
        9.07843137254902,
        9.254901960784315,
        9.705882352941176,
        10.058823529411764,
        10.529411764705882,
        10.803921568627452,
        10.980392156862745,
        11.529411764705882,
        11.803921568627452
    ],
    "selections": [
        null,
        null,
        "_entity_novelty:Instance-character",
        "_entity_novelty:Instance-attribute",
        "_subject_gaps:Instance-character-product",
        "_trust:Source",
        "_subject_gaps:Instance-attribute-character",
        "_trust:Source",
        "_statement_novelty:Actor-Source",
        "_subject_gaps:Instance-character-enchantment",
        "_trust:Source"
    ]
}