{
    "abstract_actions": [
        null,
        7,
        2,
        4,
        4,
        7,
        5,
        5,
        3,
        2,
        7
    ],
    "specific_actions": [
        null,
        25,
        25,
        null,
        null,
        25,
        11,
        11,
        11,
        25,
        25
    ],
    "rewards": [
        0,
        0,
        0.010580382047204795,
        0.006737703466092926,
        0.009759659008009347,
        0.009151858938382773,
        0.006696754499454949,
        0.008224588500612917,
        0.007752763553509956,
        0.004989987489044223,
        0.005562292300174576
    ],
    "states": [
        2.261951971799956,
        2.3403682236617795,
        2.3651302135992593,
        2.3810657596371883,
        2.4043041495268938,
        2.4263080019483323,
        2.4425563909774435,
        2.462645412182775,
        2.4817377197795643,
        2.4941215599523536,
        2.507994593100976
    ],
    "selections": [
        null,
        null,
        "_trust:Source",
        "_statement_novelty:Actor-Source",
        "_subject_gaps:Instance-character-personality-trait",
        "_subject_gaps:Instance-character-designation",
        "_trust:Source",
        "_complement_gaps:Instance-attribute-character",
        "_complement_gaps:Instance-attribute-character",
        "_entity_novelty:Instance-attribute",
        "_statement_novelty:Actor-Source"
    ]
}