{
    "abstract_actions": [
        null,
        7,
        7,
        7,
        2,
        7,
        7,
        7,
        5,
        7,
        7
    ],
    "specific_actions": [
        null,
        25,
        25,
        25,
        25,
        25,
        25,
        25,
        11,
        25,
        25
    ],
    "rewards": [
        0,
        0,
        -0.01649540292049756,
        -0.010965498796469575,
        -0.010846560846560882,
        -0.0107301753467679,
        -0.010616261004660843,
        -0.010504739943633101,
        -0.010395537525354936,
        0.1237667842005914,
        -0.014254116490538316
    ],
    "states": [
        0.0019558535903883767,
        0.00192466318394281,
        0.0018929150892374256,
        0.0018721583311045735,
        0.001851851851851852,
        0.0018319811567652448,
        0.0018125323666494044,
        0.0017934921854983346,
        0.0017748478701825558,
        0.0019945150835203192,
        0.001966085033177685
    ],
    "selections": [
        null,
        null,
        "_trust:Source",
        "_trust:Source",
        "_trust:Source",
        "_statement_novelty:Actor-Source",
        "_trust:Source",
        "_trust:Source",
        "_trust:Source",
        "_complement_gaps:Instance-attribute-character",
        "_trust:Source"
    ]
}