{
    "actions": [
        null,
        3,
        7,
        6,
        3,
        5,
        4,
        2,
        4,
        5,
        4
    ],
    "rewards": [
        0,
        0,
        0.019860139860139903,
        0.01124520021941855,
        0.022782750203417468,
        0.02015380535666922,
        0.019755653756173608,
        0.010451185317359224,
        0.01034308779011095,
        0.01897627965043691,
        0.018622886547414952
    ],
    "states": [
        3474.0,
        3575.0,
        3646.0,
        3687.0,
        3771.0,
        3847.0,
        3923.0,
        3964.0,
        4005.0,
        4081.0,
        4157.0
    ],
    "selections": [
        null,
        null,
        "_entity_novelty:Instance-character",
        "_trust:Source",
        "_overlaps:character",
        "_entity_novelty:Instance-character",
        "_complement_gaps:Instance-attribute-character",
        "_subject_gaps:Instance-attribute-character",
        "_statement_novelty:Actor-Source",
        "_subject_gaps:Instance-attribute-character",
        "_complement_gaps:Instance-attribute-character"
    ]
}