{
    "abstract_actions": [
        null,
        4,
        7,
        5,
        4,
        4,
        7,
        4,
        7,
        2,
        7
    ],
    "specific_actions": [
        null,
        null,
        25,
        11,
        null,
        null,
        25,
        null,
        25,
        25,
        25
    ],
    "rewards": [
        0,
        0,
        0.005023323810073421,
        0.003855866093882332,
        0.005610822320193831,
        0.0047308242082861884,
        0.00452451121741837,
        0.003271429203670184,
        0.004206295046174535,
        0.003055477289960473,
        0.0025235757223840416
    ],
    "states": [
        2.4976640935600143,
        2.523443317866758,
        2.536119390768769,
        2.545898327537672,
        2.560182910698764,
        2.572294685990338,
        2.583933062151607,
        2.592386216231459,
        2.6032905575305643,
        2.6112448527082672,
        2.617834526823762
    ],
    "selections": [
        null,
        null,
        "_subject_gaps:Instance-attribute-character",
        "_trust:Source",
        "_complement_gaps:Instance-attribute-character",
        "_subject_gaps:Instance-character-product",
        "_subject_gaps:Instance-attribute-character",
        "_trust:Source",
        "_subject_gaps:Instance-attribute-character",
        "_trust:Source",
        "_statement_novelty:Actor-Source"
    ]
}