{
    "abstract_actions": [
        null,
        5,
        3,
        4,
        7,
        7,
        7,
        5,
        3,
        7,
        7
    ],
    "specific_actions": [
        null,
        11,
        11,
        null,
        25,
        25,
        25,
        11,
        null,
        25,
        25
    ],
    "rewards": [
        0,
        0,
        -0.03576878128939076,
        -0.01635218153478124,
        -0.024636777420141365,
        -0.030990725717448875,
        -0.015223425352438591,
        -0.014995497507719668,
        -0.03259329239489839,
        -0.01430136029586826,
        -0.016994335570676977
    ],
    "states": [
        0.013134665630958265,
        0.01056689342403628,
        0.010188928524243626,
        0.010022317315370283,
        0.009775399714437477,
        0.009472452983108916,
        0.009328249802216073,
        0.009188368055555556,
        0.008888888888888889,
        0.008761765686258948,
        0.008612865299995021
    ],
    "selections": [
        null,
        null,
        "_complement_gaps:Instance-attribute-character",
        "_entity_novelty:Instance-attribute",
        "_subject_gaps:Instance-character-institution",
        "_trust:Source",
        "_trust:Source",
        "_trust:Source",
        "_complement_gaps:Instance-attribute-character",
        "_entity_novelty:Instance-character",
        "_trust:Source"
    ]
}