{
    "abstract_actions": [
        null,
        3,
        5,
        3,
        3,
        5,
        3,
        5,
        7,
        5,
        4
    ],
    "specific_actions": [
        null,
        null,
        11,
        null,
        11,
        11,
        11,
        11,
        25,
        11,
        null
    ],
    "rewards": [
        0,
        0,
        0.057077625570776336,
        0.06047516198704095,
        0.048879837067209886,
        0.01747572815533993,
        0.05343511450381677,
        0.016304347826086918,
        0.04278074866310155,
        0.030769230769230882,
        0.03980099502487566
    ],
    "states": [
        7.0588235294117645,
        8.588235294117647,
        9.07843137254902,
        9.627450980392156,
        10.098039215686274,
        10.27450980392157,
        10.823529411764707,
        11.0,
        11.470588235294118,
        11.823529411764707,
        12.294117647058824
    ],
    "selections": [
        null,
        null,
        "_entity_novelty:Instance-character",
        "_complement_gaps:Instance-attribute-character",
        "_entity_novelty:Instance-character",
        "_entity_novelty:Instance-attribute",
        "_complement_gaps:Instance-attribute-character",
        "_entity_novelty:Instance-attribute",
        "_complement_gaps:Instance-attribute-character",
        "_trust:Source",
        "_complement_gaps:Instance-attribute-character"
    ]
}