{
    "abstract_actions": [
        null,
        5,
        3,
        5,
        3,
        5,
        3,
        6,
        6,
        6,
        6
    ],
    "specific_actions": [
        null,
        11,
        null,
        11,
        11,
        11,
        11,
        null,
        null,
        null,
        null
    ],
    "rewards": [
        0,
        0,
        0.04948216340621414,
        0.012061403508771829,
        0.0455037919826653,
        0.0362694300518136,
        0.03599999999999981,
        0.027992277992278103,
        0.026291079812206464,
        0.025617566331198605,
        0.009812667261373642
    ],
    "states": [
        16.11764705882353,
        17.03921568627451,
        17.88235294117647,
        18.098039215686274,
        18.92156862745098,
        19.607843137254903,
        20.313725490196077,
        20.88235294117647,
        21.431372549019606,
        21.980392156862745,
        22.19607843137255
    ],
    "selections": [
        null,
        null,
        "_complement_gaps:Instance-attribute-character",
        "_entity_novelty:Instance-character",
        "_complement_gaps:Instance-attribute-character",
        "_entity_novelty:Instance-attribute",
        "_complement_gaps:Instance-attribute-character",
        "_entity_novelty:Instance-attribute",
        "_overlaps:character",
        "_overlaps:character",
        "_overlaps:character"
    ]
}