{
    "abstract_actions": [
        null,
        7,
        7,
        2,
        7,
        4,
        5,
        7,
        5,
        3,
        5
    ],
    "specific_actions": [
        null,
        25,
        25,
        25,
        25,
        null,
        11,
        25,
        11,
        11,
        11
    ],
    "rewards": [
        0,
        0,
        -0.036344473076596606,
        -0.011869156059600594,
        -0.01615282841520227,
        -0.015896533156616766,
        -0.015648230947732378,
        -0.033957564293396136,
        -0.017954153856420962,
        -0.03227995327102806,
        -0.021709984098702728
    ],
    "states": [
        0.013134665630958265,
        0.01056689342403628,
        0.010182845250483128,
        0.010061983471074381,
        0.009899453978549515,
        0.009742086980147101,
        0.009589640553168863,
        0.009263999717534072,
        0.009097672441279625,
        0.008804,
        0.008612865299995021
    ],
    "selections": [
        null,
        null,
        "_trust:Source",
        "_trust:Source",
        "_statement_novelty:Actor-Source",
        "_trust:Source",
        "_subject_gaps:Instance-age-character",
        "_complement_gaps:Instance-attribute-character",
        "_trust:Source",
        "_complement_gaps:Instance-attribute-character",
        "_entity_novelty:Instance-attribute"
    ]
}