{
    "abstract_actions": [
        null,
        5,
        3,
        3,
        3,
        7,
        2,
        5,
        3,
        4,
        3
    ],
    "specific_actions": [
        null,
        11,
        11,
        null,
        11,
        25,
        25,
        11,
        11,
        null,
        11
    ],
    "rewards": [
        0,
        0,
        0.03164282618118763,
        0.026470588235294024,
        0.026197298403602076,
        0.015556441962504941,
        0.023566378633150142,
        0.014965464313123622,
        0.026465028355387554,
        0.01436464088397793,
        0.02541757443718229
    ],
    "states": [
        2096.0,
        2307.0,
        2380.0,
        2443.0,
        2507.0,
        2546.0,
        2606.0,
        2645.0,
        2715.0,
        2754.0,
        2824.0
    ],
    "selections": [
        null,
        null,
        "_complement_gaps:Instance-attribute-character",
        "_entity_novelty:Instance-attribute",
        "_entity_novelty:Instance-character",
        "_entity_novelty:Instance-attribute",
        "_trust:Source",
        "_statement_novelty:Actor-Source",
        "_complement_gaps:Instance-attribute-character",
        "_entity_novelty:Instance-attribute",
        "_subject_gaps:Instance-attribute-character"
    ]
}