{
    "actions": [
        null,
        5,
        5,
        5,
        5,
        4,
        7,
        7,
        5,
        4,
        5
    ],
    "rewards": [
        0,
        0,
        0.001953139650891389,
        0.0005574753448811531,
        0.0005354570221614008,
        0.0005147180870594958,
        0.0004951612903225655,
        0.002544738943531133,
        0.002499229227686195,
        0.00037605165241738625,
        -0.0006905033113917547
    ],
    "states": [
        12.359154929577464,
        12.296928327645052,
        12.320945945945946,
        12.327814569536423,
        12.334415584415584,
        12.340764331210192,
        12.346875,
        12.37829457364341,
        12.409230769230769,
        12.413897280966767,
        12.405325443786982
    ],
    "selections": [
        null,
        null,
        "_complement_gaps:Instance-attribute-character",
        "_complement_gaps:Instance-attribute-character",
        "_complement_gaps:Instance-attribute-character",
        "_complement_gaps:Instance-attribute-character",
        "_subject_gaps:Instance-attribute-character",
        "_trust:Source",
        "_trust:Source",
        "_complement_gaps:Instance-attribute-character",
        "_subject_gaps:Instance-attribute-character"
    ]
}