{
    "abstract_actions": [
        null,
        4,
        4,
        3,
        6,
        3,
        6,
        7,
        4,
        7,
        5
    ],
    "specific_actions": [
        null,
        null,
        null,
        11,
        null,
        null,
        null,
        25,
        null,
        25,
        11
    ],
    "rewards": [
        0,
        0,
        0.02121374865735759,
        0.019984222981856536,
        0.01933488012374318,
        0.01694486595852296,
        0.018652076597861278,
        0.016357421875,
        0.009848666826807628,
        0.01807802093244537,
        0.01355140186915893
    ],
    "states": [
        3631.0,
        3724.0,
        3803.0,
        3879.0,
        3954.0,
        4021.0,
        4096.0,
        4163.0,
        4204.0,
        4280.0,
        4338.0
    ],
    "selections": [
        null,
        null,
        "_subject_gaps:Instance-character-object",
        "_subject_gaps:Instance-character-enchantment",
        "_entity_novelty:Instance-attribute",
        "_overlaps:character",
        "_entity_novelty:Instance-character",
        "_overlaps:character",
        "_trust:Source",
        "_subject_gaps:Instance-attribute-character",
        "_trust:Source"
    ]
}