{
    "abstract_actions": [
        null,
        3,
        4,
        7,
        4,
        5,
        5,
        7,
        5,
        2,
        5
    ],
    "specific_actions": [
        null,
        null,
        null,
        25,
        null,
        11,
        11,
        25,
        11,
        25,
        11
    ],
    "rewards": [
        0,
        0,
        0.03969270166453254,
        0.036945812807881895,
        0.021377672209025977,
        0.011627906976744207,
        0.04022988505747138,
        0.011049723756906049,
        0.01967213114754096,
        0.010718113612004254,
        0.019088016967126364
    ],
    "states": [
        14.647058823529411,
        15.313725490196079,
        15.92156862745098,
        16.50980392156863,
        16.862745098039216,
        17.058823529411764,
        17.745098039215687,
        17.941176470588236,
        18.294117647058822,
        18.49019607843137,
        18.84313725490196
    ],
    "selections": [
        null,
        null,
        "_entity_novelty:Instance-character",
        "_subject_gaps:Instance-attribute-character",
        "_trust:Source",
        "_subject_gaps:Instance-attribute-character",
        "_complement_gaps:Instance-attribute-character",
        "_complement_gaps:Instance-attribute-character",
        "_trust:Source",
        "_complement_gaps:Instance-attribute-character",
        "_statement_novelty:Actor-Source"
    ]
}