{
    "abstract_actions": [
        null,
        3,
        7,
        4,
        7,
        7,
        5,
        3,
        2,
        2,
        7
    ],
    "specific_actions": [
        null,
        null,
        25,
        null,
        25,
        25,
        11,
        null,
        25,
        25,
        25
    ],
    "rewards": [
        0,
        0,
        0.057077625570776336,
        0.0388768898488121,
        0.047817047817047875,
        0.02777777777777768,
        0.01737451737451745,
        0.05313092979127143,
        0.01621621621621605,
        0.024822695035461084,
        0.015570934256055269
    ],
    "states": [
        7.0588235294117645,
        8.588235294117647,
        9.07843137254902,
        9.431372549019608,
        9.882352941176471,
        10.156862745098039,
        10.333333333333334,
        10.882352941176471,
        11.058823529411764,
        11.333333333333334,
        11.509803921568627
    ],
    "selections": [
        null,
        null,
        "_entity_novelty:Instance-character",
        "_trust:Source",
        "_subject_gaps:Instance-character-object",
        "_trust:Source",
        "_trust:Source",
        "_complement_gaps:Instance-attribute-character",
        "_entity_novelty:Instance-character",
        "_statement_novelty:Actor-Source",
        "_statement_novelty:Actor-Source"
    ]
}