{
    "abstract_actions": [
        null,
        3,
        4,
        4,
        5,
        4,
        4,
        4,
        7,
        2,
        7
    ],
    "specific_actions": [
        null,
        null,
        null,
        null,
        11,
        null,
        null,
        null,
        25,
        25,
        25
    ],
    "rewards": [
        0,
        0,
        0.4576663858466723,
        0.2951445717403165,
        0.21810207336523102,
        0.16741660201706754,
        0.13840524854907899,
        -0.014546810891458373,
        0.11621129326047352,
        -0.021390374331550777,
        -0.01371308016877637
    ],
    "states": [
        0.0,
        0.0008669267446900737,
        0.0012636899747262005,
        0.0016366612111292963,
        0.001993620414673046,
        0.0023273855702094647,
        0.0026495079485238456,
        0.0026109660574412533,
        0.0029143897996357013,
        0.00285204991087344,
        0.0028129395218002813
    ],
    "selections": [
        null,
        null,
        "_entity_novelty:Instance-character",
        "_subject_gaps:Instance-character-product",
        "_subject_gaps:Instance-attribute-character",
        "_complement_gaps:Instance-attribute-character",
        "_subject_gaps:Instance-character-product",
        "_subject_gaps:Instance-attribute-character",
        "_subject_gaps:Instance-attribute-character",
        "_trust:Source",
        "_statement_novelty:Actor-Source"
    ]
}