{
    "abstract_actions": [
        null,
        7,
        2,
        5,
        5,
        7,
        7,
        2,
        5,
        7,
        5
    ],
    "specific_actions": [
        null,
        25,
        25,
        11,
        11,
        25,
        25,
        25,
        11,
        25,
        11
    ],
    "rewards": [
        0,
        0,
        0.003379086896840189,
        0.0030130115077839914,
        0.004708100903305201,
        0.005092308580049387,
        0.003235992042741609,
        0.0026604458235441886,
        0.002608558680992301,
        0.004023093729663696,
        0.0029198355082491467
    ],
    "states": [
        2.469840398774409,
        2.4930147727394285,
        2.5014388862916213,
        2.508975750442036,
        2.520788261439063,
        2.533624893131277,
        2.541823683124742,
        2.548586067326697,
        2.555234203636878,
        2.565514150339352,
        2.5730050296524283
    ],
    "selections": [
        null,
        null,
        "_trust:Source",
        "_statement_novelty:Actor-Source",
        "_complement_gaps:Instance-attribute-character",
        "_complement_gaps:Instance-attribute-character",
        "_trust:Source",
        "_trust:Source",
        "_statement_novelty:Actor-Source",
        "_complement_gaps:Instance-attribute-character",
        "_trust:Source"
    ]
}