{
    "actions": [
        null,
        3,
        5,
        4,
        7,
        5,
        3,
        7,
        4,
        3,
        5
    ],
    "rewards": [
        0,
        0,
        -0.01510565743796577,
        -0.03042643574529036,
        -0.011540511320955793,
        -0.011415317342709841,
        -0.031128379175238696,
        -0.027997428488968912,
        -0.01063388633102269,
        -0.026951861490776996,
        -0.010243262600372893
    ],
    "states": [
        0.013056202873306185,
        0.010384007064254536,
        0.010227149810708491,
        0.009915974094135511,
        0.009801538682843836,
        0.009689651008332327,
        0.009388027877669224,
        0.009125187238511733,
        0.0090281510346681,
        0.00878482555846391,
        0.008694840283370097
    ],
    "selections": [
        null,
        null,
        "_entity_novelty:Instance-attribute",
        "_complement_gaps:Instance-attribute-character",
        "_subject_gaps:Instance-attribute-character",
        "_trust:Source",
        "_complement_gaps:Instance-attribute-character",
        "_entity_novelty:Instance-character",
        "_trust:Source",
        "_subject_gaps:Instance-attribute-character",
        "_entity_novelty:Instance-attribute"
    ]
}