{
    "actions": [
        null,
        4,
        6,
        7,
        2,
        7,
        7,
        7,
        5,
        7,
        7,
        4,
        5,
        7,
        5,
        4,
        7,
        5,
        2,
        7,
        6,
        7,
        4,
        2,
        7,
        7
    ],
    "rewards": [
        0,
        0,
        0.033519553072625774,
        0.03153153153153143,
        0.009606986899563408,
        0.009515570934256035,
        0.009425878320479919,
        0.009337860780984641,
        0.00925147182506314,
        0.034166666666666456,
        0.008863819500402936,
        0.0087859424920127,
        0.0087094220110846,
        0.008634222919937207,
        0.008560311284046662,
        0.008487654320987748,
        0.026778882938025994,
        0.00819672131147553,
        0.008130081300812941,
        0.008064516129032251,
        0.008000000000000007,
        0.007936507936507908,
        0.007874015748031704,
        0.0078125,
        0.007751937984496138,
        0.007692307692307665
    ],
    "states": [
        20.15686274509804,
        21.058823529411764,
        21.764705882352942,
        22.45098039215686,
        22.666666666666668,
        22.88235294117647,
        23.098039215686274,
        23.313725490196077,
        23.529411764705884,
        24.333333333333332,
        24.54901960784314,
        24.764705882352942,
        24.980392156862745,
        25.19607843137255,
        25.41176470588235,
        25.627450980392158,
        26.313725490196077,
        26.529411764705884,
        26.745098039215687,
        26.96078431372549,
        27.176470588235293,
        27.392156862745097,
        27.607843137254903,
        27.823529411764707,
        28.03921568627451,
        28.254901960784313
    ],
    "selections": [
        null,
        null,
        "_subject_gaps:Instance-attribute-character",
        "_overlaps:character",
        "_trust:Source",
        "_statement_novelty:Actor-Source",
        "_trust:Source",
        "_trust:Source",
        "_trust:Source",
        "_complement_gaps:Instance-attribute-character",
        "_trust:Source",
        "_trust:Source",
        "_subject_gaps:Instance-attribute-character",
        "_complement_gaps:Instance-attribute-character",
        "_trust:Source",
        "_complement_gaps:Instance-attribute-character",
        "_subject_gaps:Instance-attribute-character",
        "_trust:Source",
        "_complement_gaps:Instance-attribute-character",
        "_statement_novelty:Actor-Source",
        "_trust:Source",
        "_overlaps:character",
        "_trust:Source",
        "_subject_gaps:Instance-attribute-character",
        "_statement_novelty:Actor-Source",
        "_trust:Source"
    ]
}