{
    "abstract_actions": [
        null,
        7,
        5,
        4,
        7,
        5,
        3,
        3,
        2,
        4,
        7
    ],
    "specific_actions": [
        null,
        25,
        11,
        null,
        25,
        11,
        null,
        11,
        25,
        null,
        25
    ],
    "rewards": [
        0,
        0,
        -0.036344473076596606,
        -0.03167616413581875,
        -0.029834645190929487,
        -0.018528917496883013,
        -0.033278525566885375,
        -0.02709367420869968,
        -0.014209136090606145,
        -0.016885489669899778,
        -0.030435854329935896
    ],
    "states": [
        0.013134665630958265,
        0.01056689342403628,
        0.010182845250483128,
        0.009860291772959183,
        0.009566113466433905,
        0.00938886373924853,
        0.009076416197257945,
        0.008830502733826873,
        0.008705028918733457,
        0.008558040242850005,
        0.008297568976668893
    ],
    "selections": [
        null,
        null,
        "_trust:Source",
        "_complement_gaps:Instance-attribute-character",
        "_subject_gaps:Instance-character-personality-trait",
        "_trust:Source",
        "_complement_gaps:Instance-attribute-character",
        "_entity_novelty:Instance-character",
        "_entity_novelty:Instance-attribute",
        "_statement_novelty:Actor-Source",
        "_subject_gaps:Instance-character-personality-trait"
    ]
}