{
    "abstract_actions": [
        null,
        5,
        7,
        5,
        3,
        2,
        5,
        6,
        7,
        7,
        6
    ],
    "specific_actions": [
        null,
        11,
        25,
        11,
        11,
        25,
        11,
        11,
        25,
        25,
        11
    ],
    "rewards": [
        0,
        0,
        -0.0026064447365343746,
        0.002381522626921484,
        -0.00017022000936206538,
        0.002190089458713018,
        0.002204570050297061,
        0.002083719131821704,
        0.002839583916410149,
        0.0019795221843004196,
        0.001936490399499835
    ],
    "states": [
        10.8359375,
        10.75563909774436,
        10.727605118829981,
        10.753153153153153,
        10.751322751322752,
        10.774869109947645,
        10.798623063683305,
        10.821124361158432,
        10.851851851851851,
        10.873333333333333,
        10.894389438943895
    ],
    "selections": [
        null,
        null,
        "_complement_gaps:Instance-attribute-character",
        "_trust:Source",
        "_complement_gaps:Instance-attribute-character",
        "_entity_novelty:Instance-attribute",
        "_statement_novelty:Actor-Source",
        "_complement_gaps:Instance-attribute-character",
        "_overlaps:attribute-object",
        "_trust:Source",
        "_trust:Source"
    ]
}