{
    "abstract_actions": [
        null,
        3,
        5,
        5,
        4,
        3,
        7,
        4,
        4,
        3,
        5
    ],
    "specific_actions": [
        null,
        11,
        11,
        11,
        null,
        11,
        25,
        null,
        null,
        11,
        11
    ],
    "rewards": [
        0,
        0,
        -0.0008264161491436939,
        -0.003035980959717577,
        -0.004839466050123198,
        -0.0026577314222855364,
        0.00038107115637764366,
        -0.003999829188789161,
        0.0004183124862848775,
        -0.0023129296499141416,
        0.00042862661827691717
    ],
    "states": [
        11.742296918767506,
        10.985714285714286,
        10.976635514018692,
        10.943310657596372,
        10.890350877192983,
        10.861407249466952,
        10.865546218487395,
        10.822085889570552,
        10.826612903225806,
        10.801571709233793,
        10.806201550387597
    ],
    "selections": [
        null,
        null,
        "_entity_novelty:Instance-attribute",
        "_complement_gaps:Instance-attribute-character",
        "_complement_gaps:Instance-attribute-character",
        "_subject_gaps:Instance-attribute-character",
        "_entity_novelty:Instance-attribute",
        "_trust:Source",
        "_subject_gaps:Instance-character-physical-appearance",
        "_subject_gaps:Instance-attribute-character",
        "_entity_novelty:Instance-attribute"
    ]
}