{
    "actions": [
        null,
        7,
        7,
        5,
        5,
        7,
        6,
        6,
        7,
        5,
        5
    ],
    "rewards": [
        0,
        0,
        1.002114576963539,
        1.0024400992183768,
        1.0062724650072068,
        1.004590870127485,
        1.0021766149368145,
        1.001746811671841,
        1.0020976645159816,
        1.0020594209640659,
        1.0046920512933961
    ],
    "states": [
        2.4833301776641736,
        2.4995277851233424,
        2.50481322899749,
        2.5109252217997464,
        2.5266749123891983,
        2.538274548766352,
        2.543799395062933,
        2.5482429335370513,
        2.553588292316833,
        2.558847205579623,
        2.5708534479201663
    ],
    "selections": [
        null,
        null,
        "_trust:Source",
        "_trust:Source",
        "_complement_gaps:Instance-attribute-character",
        "_complement_gaps:Instance-attribute-character",
        "_trust:Source",
        "_overlaps:character",
        "_overlaps:character",
        "_trust:Source",
        "_complement_gaps:Instance-attribute-character"
    ]
}