{
    "abstract_actions": [
        null,
        7,
        2,
        7,
        4,
        2,
        4,
        7,
        7,
        7,
        2
    ],
    "specific_actions": [
        null,
        25,
        25,
        25,
        null,
        25,
        null,
        25,
        25,
        25,
        25
    ],
    "rewards": [
        0,
        0,
        -0.0125804787998548,
        -0.009175938107212622,
        -0.009093166116721618,
        -0.009011860049530251,
        -0.008931981750043172,
        -0.00885349435657945,
        -0.00877636224798617,
        -0.008700550992805978,
        -0.005601241956039393
    ],
    "states": [
        0.008689060642092747,
        0.008366666666666666,
        0.008261409994041215,
        0.008185603807257585,
        0.008111170752072523,
        0.008038074016417002,
        0.00796627808599687,
        0.007895748687919554,
        0.00782645273721531,
        0.007758358286082383,
        0.007714901844140393
    ],
    "selections": [
        null,
        null,
        "_trust:Source",
        "_statement_novelty:Actor-Source",
        "_trust:Source",
        "_subject_gaps:Instance-character-designation",
        "_statement_novelty:Actor-Source",
        "_subject_gaps:Instance-character-designation",
        "_trust:Source",
        "_trust:Source",
        "_trust:Source"
    ]
}