{
    "abstract_actions": [
        null,
        4,
        7,
        7,
        5,
        7,
        5,
        5,
        4,
        7,
        7
    ],
    "specific_actions": [
        null,
        null,
        25,
        25,
        11,
        25,
        11,
        11,
        null,
        25,
        25
    ],
    "rewards": [
        0,
        0,
        -0.04018678793601638,
        -0.027799779630472643,
        -0.015836221150482443,
        -0.034355022137817604,
        -0.01815580471815481,
        -0.014794285332836554,
        -0.032172999022330284,
        -0.026214153079232694,
        -0.016574816400638848
    ],
    "states": [
        0.013134665630958265,
        0.01056689342403628,
        0.01014224391886205,
        0.009860291772959183,
        0.009704142011834319,
        0.009370755998189225,
        0.009200622382224624,
        0.00906450574946231,
        0.008772873414846952,
        0.008542899968205423,
        0.008401302969703395
    ],
    "selections": [
        null,
        null,
        "_subject_gaps:Instance-attribute-character",
        "_trust:Source",
        "_trust:Source",
        "_complement_gaps:Instance-attribute-character",
        "_trust:Source",
        "_complement_gaps:Instance-attribute-character",
        "_complement_gaps:Instance-attribute-character",
        "_subject_gaps:Instance-ability-character",
        "_trust:Source"
    ]
}