{
    "actions": [
        null,
        5,
        5,
        3,
        7,
        2,
        2,
        7,
        2,
        7,
        5
    ],
    "rewards": [
        0,
        0,
        0.042735042735042805,
        0.04800936768149877,
        0.012290502793296021,
        0.012141280353200834,
        0.01199563794983649,
        0.0118534482758621,
        0.011714589989350488,
        0.011578947368420911,
        0.01144640998959412
    ],
    "states": [
        15.392156862745098,
        16.058823529411764,
        16.745098039215687,
        17.54901960784314,
        17.764705882352942,
        17.980392156862745,
        18.19607843137255,
        18.41176470588235,
        18.627450980392158,
        18.84313725490196,
        19.058823529411764
    ],
    "selections": [
        null,
        null,
        "_complement_gaps:Instance-attribute-character",
        "_complement_gaps:Instance-attribute-character",
        "_entity_novelty:Instance-attribute",
        "_trust:Source",
        "_statement_novelty:Actor-Source",
        "_statement_novelty:Actor-Source",
        "_trust:Source",
        "_statement_novelty:Actor-Source",
        "_trust:Source"
    ]
}