{
    "abstract_actions": [
        null,
        7,
        5,
        7,
        7,
        5,
        5,
        4,
        4,
        7,
        4
    ],
    "specific_actions": [
        null,
        25,
        11,
        25,
        25,
        11,
        11,
        null,
        null,
        25,
        null
    ],
    "rewards": [
        0,
        0,
        0.04337899543378998,
        0.06126914660831506,
        0.02886597938144342,
        0.018036072144288484,
        0.055118110236220375,
        0.035447761194029814,
        0.05045045045045038,
        0.04116638078902235,
        0.023064250411861442
    ],
    "states": [
        7.0588235294117645,
        8.588235294117647,
        8.96078431372549,
        9.509803921568627,
        9.784313725490197,
        9.96078431372549,
        10.509803921568627,
        10.882352941176471,
        11.431372549019608,
        11.901960784313726,
        12.176470588235293
    ],
    "selections": [
        null,
        null,
        "_trust:Source",
        "_complement_gaps:Instance-attribute-character",
        "_trust:Source",
        "_trust:Source",
        "_complement_gaps:Instance-attribute-character",
        "_complement_gaps:Instance-attribute-character",
        "_subject_gaps:Instance-attribute-character",
        "_subject_gaps:Instance-attribute-character",
        "_trust:Source"
    ]
}