{
    "abstract_actions": [
        null,
        5,
        5,
        5,
        5,
        5,
        5,
        6,
        5,
        5,
        4
    ],
    "specific_actions": [
        null,
        11,
        11,
        11,
        11,
        11,
        11,
        null,
        11,
        11,
        null
    ],
    "rewards": [
        0,
        0,
        0.4539915966386556,
        0.29894937917860553,
        0.21808934982050276,
        0.1674039580908031,
        0.13581412920287117,
        -0.014519731943410163,
        -0.02433708681438429,
        0.11728896103896091,
        0.09771309771309777
    ],
    "states": [
        0.0,
        0.0008669267446900737,
        0.0012605042016806723,
        0.001637331150225133,
        0.001994415636218588,
        0.002328288707799767,
        0.0026445032111824707,
        0.0026061057334326137,
        0.0025426807119505995,
        0.002840909090909091,
        0.0031185031185031187
    ],
    "selections": [
        null,
        null,
        "_complement_gaps:Instance-attribute-character",
        "_complement_gaps:Instance-attribute-character",
        "_complement_gaps:Instance-attribute-character",
        "_complement_gaps:Instance-attribute-character",
        "_complement_gaps:Instance-attribute-character",
        "_complement_gaps:Instance-attribute-character",
        "_overlaps:character",
        "_complement_gaps:Instance-attribute-character",
        "_complement_gaps:Instance-attribute-character"
    ]
}