{
    "abstract_actions": [
        null,
        7,
        5,
        4,
        6,
        2,
        7,
        6,
        6,
        6,
        6
    ],
    "specific_actions": [
        null,
        25,
        11,
        null,
        null,
        25,
        25,
        null,
        null,
        null,
        null
    ],
    "rewards": [
        0,
        0,
        0.027576197387518153,
        0.012711864406779627,
        0.02649930264993028,
        0.024456521739130377,
        0.011936339522546469,
        0.011795543905635641,
        0.023316062176165886,
        0.0113924050632912,
        0.01126408010012514
    ],
    "states": [
        12.941176470588236,
        13.509803921568627,
        13.882352941176471,
        14.058823529411764,
        14.431372549019608,
        14.784313725490197,
        14.96078431372549,
        15.137254901960784,
        15.490196078431373,
        15.666666666666666,
        15.843137254901961
    ],
    "selections": [
        null,
        null,
        "_trust:Source",
        "_complement_gaps:Instance-attribute-character",
        "_subject_gaps:Instance-character-enchantment",
        "_overlaps:character",
        "_statement_novelty:Actor-Source",
        "_trust:Source",
        "_overlaps:character",
        "_overlaps:character",
        "_overlaps:character"
    ]
}