{
    "actions": [
        null,
        7,
        5,
        4,
        3,
        7,
        7,
        5,
        3,
        7,
        7,
        7,
        2,
        5,
        7,
        5,
        7,
        7,
        2,
        5,
        4,
        4,
        5,
        2,
        7,
        4
    ],
    "rewards": [
        0,
        0,
        -0.011573436208321852,
        0.06455907572885633,
        0.058577834196678946,
        -0.010273972602739767,
        -0.01016949152542379,
        -0.010067114093959662,
        0.052412344248043974,
        -0.009791614361034373,
        -0.009696668324216784,
        -0.00960354592464907,
        -0.009512195121951117,
        -0.009422565837158836,
        0.04892690266888411,
        -0.00918079096045199,
        0.04527559055118102,
        -0.008951113151250856,
        -0.008871701546860788,
        -0.008793686583990934,
        0.04376135873331344,
        0.042120790968717126,
        -0.008485639686684032,
        -0.008414239482200658,
        -0.00834403080872903,
        -0.008274984086569237
    ],
    "states": [
        0.003142857142857143,
        0.003345413994981879,
        0.003306696059520529,
        0.003520173300839426,
        0.0037263774287995743,
        0.0036880927291886197,
        0.003650586701434159,
        0.0036138358286009293,
        0.0038032454361054766,
        0.0037660055234747677,
        0.0037294878170064643,
        0.0036936715094804235,
        0.003658536585365854,
        0.00362406378352259,
        0.003801377999524828,
        0.003766478342749529,
        0.003937007874015748,
        0.0039017672710580675,
        0.0038671519563239307,
        0.0038331454340473506,
        0.004000889086463659,
        0.004169409699363616,
        0.004134029590948651,
        0.004099244875943905,
        0.0040650406504065045,
        0.004031402503713134
    ],
    "selections": [
        null,
        null,
        "_trust:Source",
        "_complement_gaps:Instance-attribute-character",
        "_subject_gaps:Instance-attribute-character",
        "_entity_novelty:Instance-attribute",
        "_trust:Source",
        "_trust:Source",
        "_complement_gaps:Instance-attribute-character",
        "_entity_novelty:Instance-attribute",
        "_trust:Source",
        "_trust:Source",
        "_trust:Source",
        "_statement_novelty:Actor-Source",
        "_complement_gaps:Instance-attribute-character",
        "_trust:Source",
        "_complement_gaps:Instance-attribute-character",
        "_trust:Source",
        "_trust:Source",
        "_statement_novelty:Actor-Source",
        "_complement_gaps:Instance-attribute-character",
        "_subject_gaps:Instance-attribute-character",
        "_subject_gaps:Instance-attribute-character",
        "_complement_gaps:Instance-attribute-character",
        "_statement_novelty:Actor-Source",
        "_trust:Source"
    ]
}