{
    "abstract_actions": [
        null,
        4,
        7,
        4,
        6,
        7,
        2,
        4,
        5,
        7,
        5
    ],
    "specific_actions": [
        null,
        null,
        25,
        null,
        null,
        25,
        25,
        null,
        11,
        25,
        11
    ],
    "rewards": [
        0,
        0,
        0.10145695364238416,
        -0.015131750587007553,
        0.09202279202279207,
        -0.01688933703050166,
        -0.010229540918163638,
        -0.010125957026426269,
        0.07973333333333321,
        0.0711735301118781,
        -0.013618220239492773
    ],
    "states": [
        0.0019471488178025036,
        0.0021645021645021645,
        0.0023841059602649007,
        0.002348030263501174,
        0.002564102564102564,
        0.0025207965717166624,
        0.00249500998003992,
        0.0024697456162015314,
        0.0026666666666666666,
        0.0028564627469650082,
        0.002817562808170932
    ],
    "selections": [
        null,
        null,
        "_subject_gaps:Instance-attribute-character",
        "_trust:Source",
        "_subject_gaps:Instance-attribute-character",
        "_overlaps:character",
        "_trust:Source",
        "_statement_novelty:Actor-Source",
        "_subject_gaps:Instance-character-product",
        "_complement_gaps:Instance-attribute-character",
        "_trust:Source"
    ]
}