{
    "abstract_actions": [
        null,
        7,
        2,
        7,
        2,
        7,
        7,
        5,
        7,
        7,
        7
    ],
    "specific_actions": [
        null,
        25,
        25,
        25,
        25,
        25,
        25,
        11,
        25,
        25,
        25
    ],
    "rewards": [
        0,
        0,
        -0.026582278481012578,
        -0.016189290161892966,
        -0.01593137254901955,
        -0.01568154402895061,
        -0.015439429928741144,
        -0.01520467836257311,
        0.46015180265654654,
        -0.01862197392923648,
        -0.014317180616739922
    ],
    "states": [
        0.0,
        0.0008669267446900737,
        0.0008438818565400844,
        0.0008302200083022001,
        0.0008169934640522876,
        0.0008041817450743868,
        0.000791765637371338,
        0.0007797270955165692,
        0.0011385199240986717,
        0.0011173184357541898,
        0.0011013215859030838
    ],
    "selections": [
        null,
        null,
        "_trust:Source",
        "_statement_novelty:Actor-Source",
        "_trust:Source",
        "_statement_novelty:Actor-Source",
        "_trust:Source",
        "_trust:Source",
        "_complement_gaps:Instance-attribute-character",
        "_trust:Source",
        "_trust:Source"
    ]
}