{
    "abstract_actions": [
        null,
        7,
        7,
        5,
        7,
        5,
        7,
        5,
        4,
        3,
        6
    ],
    "specific_actions": [
        null,
        25,
        25,
        11,
        25,
        11,
        25,
        11,
        null,
        11,
        null
    ],
    "rewards": [
        0,
        0,
        0.10000000000000009,
        0.0,
        0.0,
        0.08333333333333326,
        -0.00591715976331364,
        0.0714285714285714,
        -0.00952380952380949,
        -0.008333333333333304,
        -0.007352941176470562
    ],
    "states": [
        0.9,
        0.9090909090909091,
        1.0,
        1.0,
        1.0,
        1.0833333333333333,
        1.0769230769230769,
        1.1538461538461537,
        1.1428571428571428,
        1.1333333333333333,
        1.125
    ],
    "selections": [
        null,
        null,
        "_trust:Source",
        "_trust:Source",
        "_complement_gaps:Instance-attribute-character",
        "_trust:Source",
        "_complement_gaps:Instance-attribute-character",
        "_trust:Source",
        "_complement_gaps:Instance-attribute-character",
        "_subject_gaps:Instance-character-gender",
        "_entity_novelty:Instance-attribute"
    ]
}