{
    "abstract_actions": [
        null,
        4,
        5,
        7,
        4,
        4,
        5,
        4,
        6,
        5,
        7
    ],
    "specific_actions": [
        null,
        null,
        11,
        25,
        null,
        null,
        11,
        null,
        11,
        11,
        25
    ],
    "rewards": [
        0,
        0,
        -0.022339998042119946,
        -0.02405633787360506,
        -0.01120305633918961,
        -0.015044948906997702,
        -0.02289224743574403,
        -0.00830729035512301,
        -0.018125496886355785,
        -0.010693915613641525,
        -0.017622431691585616
    ],
    "states": [
        0.008182374006463447,
        0.007846765684603522,
        0.007671468954572505,
        0.007486921505414437,
        0.007403045101982189,
        0.007291666666666667,
        0.007124744029114367,
        0.007065556711758585,
        0.006937489985579234,
        0.006863301053102967,
        0.006742352999115873
    ],
    "selections": [
        null,
        null,
        "_subject_gaps:Instance-character-product",
        "_complement_gaps:Instance-attribute-character",
        "_trust:Source",
        "_subject_gaps:Instance-character-gender",
        "_subject_gaps:Instance-character-designation",
        "_complement_gaps:Instance-attribute-character",
        "_subject_gaps:Instance-attribute-character",
        "_overlaps:attribute-physical-appearance",
        "_complement_gaps:Instance-attribute-character-physical-appearance"
    ]
}