{
    "abstract_actions": [
        null,
        5,
        5,
        5,
        3,
        3,
        3,
        7,
        4,
        3,
        4
    ],
    "specific_actions": [
        null,
        11,
        11,
        11,
        11,
        null,
        11,
        25,
        null,
        11,
        null
    ],
    "rewards": [
        0,
        0,
        0.06621004566210043,
        0.051391862955032064,
        0.05702647657841142,
        0.044315992292870865,
        0.04428044280442811,
        0.04063604240282692,
        0.03056027164685915,
        0.046128500823723106,
        0.014173228346456623
    ],
    "states": [
        7.0588235294117645,
        8.588235294117647,
        9.156862745098039,
        9.627450980392156,
        10.176470588235293,
        10.627450980392156,
        11.098039215686274,
        11.549019607843137,
        11.901960784313726,
        12.450980392156863,
        12.627450980392156
    ],
    "selections": [
        null,
        null,
        "_complement_gaps:Instance-attribute-character",
        "_complement_gaps:Instance-attribute-character",
        "_complement_gaps:Instance-attribute-character",
        "_entity_novelty:Instance-attribute",
        "_entity_novelty:Instance-character",
        "_entity_novelty:Instance-attribute",
        "_trust:Source",
        "_subject_gaps:Instance-character-physical-appearance",
        "_entity_novelty:Instance-attribute"
    ]
}