{
    "abstract_actions": [
        null,
        5,
        5,
        4,
        4,
        7,
        2,
        2,
        2,
        2,
        6
    ],
    "specific_actions": [
        null,
        11,
        11,
        null,
        null,
        25,
        25,
        25,
        25,
        25,
        null
    ],
    "rewards": [
        0,
        0,
        0.02131103318046934,
        0.02007395668251455,
        0.01734852408078713,
        0.019088826673453907,
        0.016983016983016963,
        0.01006876227897835,
        0.009968392900559175,
        0.009870004814636513,
        0.009773539928486397
    ],
    "states": [
        3595.0,
        3707.0,
        3786.0,
        3862.0,
        3929.0,
        4004.0,
        4072.0,
        4113.0,
        4154.0,
        4195.0,
        4236.0
    ],
    "selections": [
        null,
        null,
        "_complement_gaps:Instance-attribute-character",
        "_complement_gaps:Instance-attribute-character",
        "_subject_gaps:Instance-attribute-character",
        "_subject_gaps:Instance-ability-character",
        "_trust:Source",
        "_statement_novelty:Actor-Source",
        "_statement_novelty:Actor-Source",
        "_statement_novelty:Actor-Source",
        "_statement_novelty:Actor-Source"
    ]
}