{
    "abstract_actions": [
        null,
        5,
        3,
        7,
        7,
        2,
        4,
        3,
        4,
        3,
        3
    ],
    "specific_actions": [
        null,
        11,
        11,
        25,
        25,
        25,
        null,
        11,
        null,
        11,
        null
    ],
    "rewards": [
        0,
        0,
        -0.003931064376784255,
        0.00028993497851637073,
        -0.004476466072166785,
        0.00034226899898537333,
        0.000331938401716636,
        -0.0026166880599509668,
        0.00035188492504700797,
        -0.0024593355899710234,
        -0.0026987725075915403
    ],
    "states": [
        11.742296918767506,
        10.985714285714286,
        10.942528735632184,
        10.945701357466064,
        10.896703296703297,
        10.9004329004329,
        10.90405117270789,
        10.87551867219917,
        10.879345603271984,
        10.852589641434262,
        10.823300970873786
    ],
    "selections": [
        null,
        null,
        "_complement_gaps:Instance-attribute-character",
        "_entity_novelty:Instance-attribute",
        "_trust:Source",
        "_trust:Source",
        "_statement_novelty:Actor-Source",
        "_subject_gaps:Instance-attribute-character",
        "_entity_novelty:Instance-attribute",
        "_subject_gaps:Instance-attribute-character",
        "_entity_novelty:Instance-attribute"
    ]
}