{
    "abstract_actions": [
        null,
        7,
        6,
        3,
        7,
        7,
        5,
        7,
        2,
        7,
        7
    ],
    "specific_actions": [
        null,
        25,
        null,
        null,
        25,
        25,
        11,
        25,
        25,
        25,
        25
    ],
    "rewards": [
        0,
        0,
        -0.018231854145167037,
        -0.019230769230769162,
        0.13974950560316413,
        -0.01621271076523989,
        -0.012487992315081686,
        0.11780233546597452,
        -0.015417823003392006,
        -0.011882998171846348,
        -0.011743450767841002
    ],
    "states": [
        0.001802451333813987,
        0.002102312543798178,
        0.0020639834881320948,
        0.0020242914979757085,
        0.0023071852340145024,
        0.002269779507133593,
        0.002241434518091579,
        0.002505480739116818,
        0.002466851680542707,
        0.002437538086532602,
        0.002408912978018669
    ],
    "selections": [
        null,
        null,
        "_trust:Source",
        "_overlaps:character",
        "_entity_novelty:Instance-character",
        "_trust:Source",
        "_trust:Source",
        "_complement_gaps:Instance-attribute-character",
        "_trust:Source",
        "_statement_novelty:Actor-Source",
        "_trust:Source"
    ]
}