{
    "abstract_actions": [
        null,
        3,
        3,
        7,
        6,
        2,
        6,
        6,
        6,
        4,
        4
    ],
    "specific_actions": [
        null,
        null,
        11,
        25,
        null,
        25,
        null,
        null,
        null,
        null,
        null
    ],
    "rewards": [
        0,
        0,
        -0.03433476394849788,
        -0.026483540791087612,
        -0.03147428772862981,
        -0.01950803733433948,
        -0.015159774044274044,
        -0.014933787538397247,
        -0.015551007582581655,
        -0.010518450476305174,
        -0.03163274648945291
    ],
    "states": [
        0.013134665630958265,
        0.01056689342403628,
        0.01020408163265306,
        0.009933841420499105,
        0.009621180837379735,
        0.0094334904824037,
        0.00929048089824165,
        0.009151738830377771,
        0.00900942007043276,
        0.008914654931601682,
        0.008632659912109375
    ],
    "selections": [
        null,
        null,
        "_entity_novelty:Instance-character",
        "_entity_novelty:Instance-attribute",
        "_trust:Source",
        "_overlaps:character",
        "_statement_novelty:Actor-Source",
        "_overlaps:character",
        "_overlaps:character",
        "_overlaps:character",
        "_subject_gaps:Instance-character-enchantment"
    ]
}