{
    "abstract_actions": [
        null,
        4,
        4,
        4,
        4,
        7,
        7,
        5,
        4,
        4,
        4
    ],
    "specific_actions": [
        null,
        null,
        null,
        null,
        null,
        25,
        25,
        11,
        null,
        null,
        null
    ],
    "rewards": [
        0,
        0,
        0.0,
        0.0,
        0.0,
        0.0,
        0.09090909090909083,
        0.0,
        -0.00694444444444442,
        0.0,
        -0.00591715976331364
    ],
    "states": [
        1.0,
        1.0,
        1.0,
        1.0,
        1.0,
        1.0,
        1.0909090909090908,
        1.0909090909090908,
        1.0833333333333333,
        1.0833333333333333,
        1.0769230769230769
    ],
    "selections": [
        null,
        null,
        "_subject_gaps:Instance-ability-character",
        "_subject_gaps:Instance-ability-character",
        "_subject_gaps:Instance-ability-character",
        "_subject_gaps:Instance-ability-character",
        "_trust:Source",
        "_trust:Source",
        "_complement_gaps:Instance-attribute-character",
        "_subject_gaps:Instance-ability-character",
        "_subject_gaps:Instance-ability-character"
    ]
}