{
    "abstract_actions": [
        null,
        3,
        4,
        4,
        5,
        6,
        6,
        5,
        6,
        6,
        7
    ],
    "specific_actions": [
        null,
        11,
        null,
        null,
        11,
        null,
        null,
        11,
        null,
        null,
        25
    ],
    "rewards": [
        0,
        0,
        0.0,
        0.0,
        0.0,
        0.0,
        0.0,
        0.08333333333333326,
        -0.00591715976331364,
        0.0714285714285714,
        0.0
    ],
    "states": [
        1.0,
        1.0,
        1.0,
        1.0,
        1.0,
        1.0,
        1.0,
        1.0833333333333333,
        1.0769230769230769,
        1.1538461538461537,
        1.1538461538461537
    ],
    "selections": [
        null,
        null,
        "_entity_novelty:Instance-attribute",
        "_subject_gaps:Instance-ability-character",
        "_subject_gaps:Instance-attribute-character",
        "_complement_gaps:Instance-attribute-character",
        "_overlaps:character",
        "_overlaps:character",
        "_complement_gaps:Instance-attribute-character",
        "_overlaps:character",
        "_overlaps:character"
    ]
}