{
    "actions": [
        null,
        7,
        2,
        7,
        2,
        6,
        4,
        7,
        4,
        4,
        2,
        4,
        5,
        4,
        3,
        4,
        5,
        7,
        2,
        2,
        5,
        5,
        7,
        4,
        3,
        5
    ],
    "rewards": [
        0,
        0,
        -0.006336909715851546,
        -0.004462437141652065,
        -0.004455737914586644,
        -0.004448669900058766,
        -0.004441253673748702,
        -0.01924021881403737,
        -0.004347047572293539,
        -0.011896444417121232,
        -0.004294208523277998,
        -0.004286229526304419,
        -0.011672274422845796,
        -0.014882521953078043,
        -0.01466456762452939,
        -0.00411316606998402,
        -0.014395745674437022,
        -0.004047579974778337,
        -0.004039566526981564,
        -0.0040313852877300604,
        -0.004023045571684869,
        -0.013971198198006962,
        -0.013778768402599062,
        -0.0039057278212804025,
        -0.016544383740459856,
        -0.01034473535238467
    ],
    "states": [
        0.006442973859380155,
        0.0062566388525606784,
        0.006216991097027312,
        0.0061892481650466175,
        0.006161670497334833,
        0.0061342592592592594,
        0.0061070154577883475,
        0.0059895151440797914,
        0.005963478436813504,
        0.005892534247057251,
        0.00586723047626983,
        0.005842082179764809,
        0.005773891793361777,
        0.005687961721992373,
        0.005604550222674481,
        0.005581497776861055,
        0.005501147954382927,
        0.005478881618084474,
        0.0054567493112947655,
        0.005434751052402381,
        0.005412886801247804,
        0.005337262286924195,
        0.00526372138596874,
        0.005243162722908094,
        0.0051564178268066274,
        0.005103076049021995
    ],
    "selections": [
        null,
        null,
        "_trust:Source",
        "_statement_novelty:Actor-Source",
        "_trust:Source",
        "_statement_novelty:Actor-Source",
        "_overlaps:character",
        "_subject_gaps:Instance-attribute-character",
        "_trust:Source",
        "_subject_gaps:Instance-attribute-character",
        "_subject_gaps:Instance-attribute-character",
        "_statement_novelty:Actor-Source",
        "_subject_gaps:Instance-attribute-character",
        "_complement_gaps:Instance-attribute-character",
        "_subject_gaps:Instance-attribute-character",
        "_entity_novelty:Instance-attribute",
        "_subject_gaps:Instance-attribute-character",
        "_complement_gaps:Instance-attribute-character",
        "_trust:Source",
        "_statement_novelty:Actor-Source",
        "_statement_novelty:Actor-Source",
        "_complement_gaps:Instance-attribute-character",
        "_complement_gaps:Instance-attribute-character",
        "_trust:Source",
        "_subject_gaps:Instance-attribute-character",
        "_entity_novelty:Instance-character"
    ]
}