{
    "abstract_actions": [
        null,
        3,
        6,
        7,
        4,
        5,
        6,
        6,
        6,
        2,
        2
    ],
    "specific_actions": [
        null,
        11,
        11,
        25,
        null,
        11,
        11,
        11,
        11,
        25,
        25
    ],
    "rewards": [
        0,
        0,
        0.0,
        0.11111111111111116,
        0.0,
        0.0,
        -0.03749999999999998,
        0.0,
        0.0,
        0.09090909090909083,
        0.0
    ],
    "states": [
        1.3333333333333333,
        1.2857142857142858,
        1.2857142857142858,
        1.4285714285714286,
        1.4285714285714286,
        1.4285714285714286,
        1.375,
        1.375,
        1.375,
        1.5,
        1.5
    ],
    "selections": [
        null,
        null,
        "_entity_novelty:Instance-attribute",
        "_overlaps:attribute-object",
        "_trust:Source",
        "_subject_gaps:Instance-character-institution",
        "_complement_gaps:Instance-attribute-character",
        "_overlaps:attribute-object",
        "_overlaps:attribute-object",
        "_overlaps:attribute-object",
        "_statement_novelty:Actor-Source"
    ]
}