{
    "abstract_actions": [
        null,
        7,
        7,
        2,
        5,
        5,
        4,
        7,
        2,
        5,
        5
    ],
    "specific_actions": [
        null,
        25,
        25,
        25,
        11,
        11,
        null,
        25,
        25,
        11,
        11
    ],
    "rewards": [
        0,
        0,
        0.04337899543378998,
        0.01969365426695835,
        0.0193133047210301,
        0.05894736842105264,
        0.055666003976143186,
        0.05273069679849329,
        0.025044722719141266,
        0.015706806282722585,
        0.04810996563573888
    ],
    "states": [
        7.0588235294117645,
        8.588235294117647,
        8.96078431372549,
        9.137254901960784,
        9.313725490196079,
        9.862745098039216,
        10.411764705882353,
        10.96078431372549,
        11.235294117647058,
        11.411764705882353,
        11.96078431372549
    ],
    "selections": [
        null,
        null,
        "_trust:Source",
        "_trust:Source",
        "_statement_novelty:Actor-Source",
        "_complement_gaps:Instance-attribute-character",
        "_complement_gaps:Instance-attribute-character",
        "_subject_gaps:Instance-attribute-character",
        "_trust:Source",
        "_statement_novelty:Actor-Source",
        "_complement_gaps:Instance-attribute-character"
    ]
}