{
    "abstract_actions": [
        null,
        4,
        7,
        2,
        5,
        3,
        4,
        6,
        6,
        7,
        6
    ],
    "specific_actions": [
        null,
        null,
        25,
        25,
        11,
        null,
        null,
        11,
        11,
        25,
        11
    ],
    "rewards": [
        0,
        0,
        0.0773047793157482,
        -0.014921533316182067,
        -0.010437881873727184,
        0.06806852170760469,
        0.06319308545335933,
        0.05726742037981225,
        -0.016068052930056642,
        -0.015813953488372,
        -0.00944482838055749
    ],
    "states": [
        0.002461033634126333,
        0.0026666666666666666,
        0.002872812744841995,
        0.002829945973758683,
        0.00280040733197556,
        0.0029910269192422734,
        0.0031800391389432484,
        0.0033621517771373678,
        0.0033081285444234404,
        0.0032558139534883722,
        0.00322506334945865
    ],
    "selections": [
        null,
        null,
        "_subject_gaps:Instance-character-institution",
        "_trust:Source",
        "_statement_novelty:Actor-Source",
        "_complement_gaps:Instance-attribute-character",
        "_entity_novelty:Instance-character",
        "_subject_gaps:Instance-attribute-character",
        "_overlaps:attribute-physical-appearance",
        "_overlaps:attribute-physical-appearance",
        "_trust:Source"
    ]
}