{
    "abstract_actions": [
        null,
        7,
        2,
        4,
        4,
        4,
        3,
        2,
        4,
        4,
        5
    ],
    "specific_actions": [
        null,
        25,
        25,
        null,
        null,
        null,
        11,
        25,
        null,
        null,
        11
    ],
    "rewards": [
        0,
        0,
        0.004657842695343195,
        0.0030224731958843343,
        0.0029544858384404904,
        0.004549435398256918,
        0.004355310978508831,
        0.0017995375358843546,
        0.0031063911890039098,
        0.002562502592745375,
        0.0016799025056508654
    ],
    "states": [
        2.518146608392851,
        2.542194357366771,
        2.5540354987843745,
        2.5617550026207874,
        2.5693236714975844,
        2.581012643558275,
        2.592253756260434,
        2.596918614197362,
        2.604985659299065,
        2.611660941805083,
        2.6160482775651315
    ],
    "selections": [
        null,
        null,
        "_trust:Source",
        "_statement_novelty:Actor-Source",
        "_subject_gaps:Instance-attribute-character",
        "_subject_gaps:Instance-attribute-character",
        "_subject_gaps:Instance-attribute-character",
        "_entity_novelty:Instance-attribute",
        "_statement_novelty:Actor-Source",
        "_subject_gaps:Instance-attribute-character",
        "_subject_gaps:Instance-attribute-character"
    ]
}