{
    "abstract_actions": [
        null,
        7,
        4,
        7,
        7,
        7,
        5,
        3,
        3,
        3,
        2
    ],
    "specific_actions": [
        null,
        25,
        null,
        25,
        25,
        25,
        11,
        11,
        null,
        11,
        25
    ],
    "rewards": [
        0,
        0,
        -0.031888268489433824,
        -0.03613334503631682,
        -0.01908990722656445,
        -0.015538060057863845,
        -0.015300719115349581,
        -0.03323124040073633,
        -0.027500683952129235,
        -0.026335887865487906,
        -0.013816947021531134
    ],
    "states": [
        0.013134665630958265,
        0.01056689342403628,
        0.01022993348943138,
        0.009860291772959183,
        0.009672059717786535,
        0.009521774673008323,
        0.009376084673256973,
        0.00906450574946231,
        0.00881522564166409,
        0.00858306884765625,
        0.00846447704010603
    ],
    "selections": [
        null,
        null,
        "_trust:Source",
        "_subject_gaps:Instance-attribute-character",
        "_trust:Source",
        "_trust:Source",
        "_trust:Source",
        "_complement_gaps:Instance-attribute-character",
        "_entity_novelty:Instance-attribute",
        "_entity_novelty:Instance-character",
        "_entity_novelty:Instance-attribute"
    ]
}