{
    "actions": [
        null,
        3,
        7,
        6,
        6,
        3,
        6,
        2,
        4,
        5,
        5
    ],
    "rewards": [
        0,
        0,
        1.0208333333333335,
        1.0,
        1.0,
        1.0,
        1.0158730158730158,
        1.0,
        1.0,
        1.0125000000000002,
        1.01010101010101
    ],
    "states": [
        0.8333333333333334,
        0.8571428571428571,
        0.875,
        0.875,
        0.875,
        0.875,
        0.8888888888888888,
        0.8888888888888888,
        0.8888888888888888,
        0.9,
        0.9090909090909091
    ],
    "selections": [
        null,
        null,
        "_entity_novelty:Instance-character",
        "_trust:Source",
        "_overlaps:attribute",
        "_overlaps:attribute",
        "_entity_novelty:Instance-attribute",
        "_overlaps:character",
        "_statement_novelty:Actor-Source",
        "_subject_gaps:Instance-attribute-character",
        "_complement_gaps:Instance-attribute-character"
    ]
}