{
    "actions": [
        null,
        3,
        6,
        3,
        7,
        5,
        3,
        7,
        5,
        3,
        4
    ],
    "rewards": [
        0,
        0,
        -0.003827153980986542,
        0.003369811062118755,
        -0.0046065966463976205,
        0.0026071586389748713,
        -0.0043509520031734805,
        0.0025205959851528625,
        0.0024529351757396345,
        -0.004134695750685591,
        0.0023763314822287107
    ],
    "states": [
        11.675070028011204,
        10.869976359338061,
        10.82837528604119,
        10.864864864864865,
        10.814814814814815,
        10.843010752688173,
        10.795833333333333,
        10.823045267489713,
        10.84959349593496,
        10.804733727810651,
        10.830409356725147
    ],
    "selections": [
        null,
        null,
        "_entity_novelty:Instance-attribute",
        "_overlaps:character",
        "_entity_novelty:Instance-character",
        "_trust:Source",
        "_complement_gaps:Instance-attribute-character",
        "_entity_novelty:Instance-attribute",
        "_trust:Source",
        "_complement_gaps:Instance-attribute-character",
        "_entity_novelty:Instance-attribute"
    ]
}