{
    "abstract_actions": [
        null,
        4,
        4,
        3,
        4,
        4,
        4,
        4,
        6,
        2,
        4
    ],
    "specific_actions": [
        null,
        null,
        null,
        11,
        null,
        null,
        null,
        null,
        null,
        25,
        null
    ],
    "rewards": [
        0,
        0,
        0.057077625570776336,
        0.05183585313174954,
        0.04722792607802884,
        0.04705882352941182,
        0.05243445692883886,
        0.04982206405693956,
        0.03220338983050852,
        0.03612479474548436,
        0.014263074484944571
    ],
    "states": [
        7.0588235294117645,
        8.588235294117647,
        9.07843137254902,
        9.549019607843137,
        10.0,
        10.470588235294118,
        11.019607843137255,
        11.568627450980392,
        11.941176470588236,
        12.372549019607844,
        12.549019607843137
    ],
    "selections": [
        null,
        null,
        "_subject_gaps:Instance-character-institution",
        "_subject_gaps:Instance-ancestry-character",
        "_entity_novelty:Instance-attribute",
        "_subject_gaps:Instance-attribute-character",
        "_subject_gaps:Instance-attribute-character",
        "_subject_gaps:Instance-character-object",
        "_subject_gaps:Instance-ancestry-character",
        "_overlaps:character",
        "_statement_novelty:Actor-Source"
    ]
}