{
    "abstract_actions": [
        null,
        7,
        7,
        4,
        4,
        5,
        4,
        7,
        5,
        3,
        5
    ],
    "specific_actions": [
        null,
        25,
        25,
        null,
        null,
        11,
        null,
        25,
        11,
        11,
        11
    ],
    "rewards": [
        0,
        0,
        0.0226586102719033,
        0.013293943870014813,
        0.03498542274052485,
        0.033802816901408406,
        0.03133514986376018,
        0.036988110964332854,
        0.017834394904458595,
        0.030037546933667114,
        0.010935601458080146
    ],
    "states": [
        12.333333333333334,
        12.980392156862745,
        13.27450980392157,
        13.450980392156863,
        13.92156862745098,
        14.392156862745098,
        14.843137254901961,
        15.392156862745098,
        15.666666666666666,
        16.137254901960784,
        16.313725490196077
    ],
    "selections": [
        null,
        null,
        "_trust:Source",
        "_trust:Source",
        "_subject_gaps:Instance-character-product",
        "_subject_gaps:Instance-attribute-character",
        "_complement_gaps:Instance-attribute-character",
        "_subject_gaps:Instance-attribute-character",
        "_trust:Source",
        "_complement_gaps:Instance-attribute-character",
        "_entity_novelty:Instance-attribute"
    ]
}