{
    "abstract_actions": [
        null,
        5,
        7,
        2,
        2,
        4,
        3,
        4,
        4,
        7,
        7
    ],
    "specific_actions": [
        null,
        11,
        25,
        25,
        25,
        null,
        11,
        null,
        null,
        25,
        25
    ],
    "rewards": [
        0,
        0,
        -0.0002132733758013483,
        0.002359797020789145,
        0.0010714089602479326,
        0.0010497787832075556,
        -0.0005820465677618403,
        0.0013447181207089098,
        0.000482233960087175,
        0.00046486369067011424,
        0.002039523048085856
    ],
    "states": [
        12.35191637630662,
        12.276094276094277,
        12.273476112026358,
        12.302439024390244,
        12.31561996779388,
        12.328548644338118,
        12.321372854914197,
        12.33794162826421,
        12.343891402714933,
        12.34962962962963,
        12.374816983894583
    ],
    "selections": [
        null,
        null,
        "_complement_gaps:Instance-attribute-character",
        "_trust:Source",
        "_statement_novelty:Actor-Source",
        "_statement_novelty:Actor-Source",
        "_subject_gaps:Instance-attribute-character",
        "_entity_novelty:Instance-attribute",
        "_subject_gaps:Instance-age-character",
        "_subject_gaps:Instance-character-physical-appearance",
        "_trust:Source"
    ]
}