{
    "actions": [
        null,
        4,
        5,
        7,
        2,
        2,
        5,
        3,
        5,
        7,
        5
    ],
    "rewards": [
        0,
        0,
        0.03175293605915619,
        0.0295109612141653,
        0.01597051597051591,
        0.01571946795646917,
        0.015476190476190421,
        0.02735443532629933,
        0.024343856979840206,
        0.014481990345339701,
        0.014275256222547661
    ],
    "states": [
        2084.0,
        2299.0,
        2372.0,
        2442.0,
        2481.0,
        2520.0,
        2559.0,
        2629.0,
        2693.0,
        2732.0,
        2771.0
    ],
    "selections": [
        null,
        null,
        "_subject_gaps:Instance-attribute-character",
        "_complement_gaps:Instance-attribute-character",
        "_trust:Source",
        "_statement_novelty:Actor-Source",
        "_statement_novelty:Actor-Source",
        "_complement_gaps:Instance-attribute-character",
        "_entity_novelty:Instance-character",
        "_complement_gaps:Instance-attribute-character",
        "_trust:Source"
    ]
}