{
    "actions": [
        null,
        7,
        5,
        5,
        3,
        7,
        5,
        4,
        3,
        7,
        5
    ],
    "rewards": [
        0,
        0,
        0.018268812527185707,
        0.02990175138829554,
        0.02903359601824973,
        0.025796049979846858,
        0.015324165029469539,
        0.027089783281733837,
        0.024114544084400835,
        0.014348785871964642,
        0.014145810663764857
    ],
    "states": [
        2084.0,
        2299.0,
        2341.0,
        2411.0,
        2481.0,
        2545.0,
        2584.0,
        2654.0,
        2718.0,
        2757.0,
        2796.0
    ],
    "selections": [
        null,
        null,
        "_trust:Source",
        "_complement_gaps:Instance-attribute-character",
        "_complement_gaps:Instance-attribute-character",
        "_entity_novelty:Instance-character",
        "_trust:Source",
        "_complement_gaps:Instance-attribute-character",
        "_subject_gaps:Instance-attribute-character",
        "_entity_novelty:Instance-attribute",
        "_trust:Source"
    ]
}