{
    "abstract_actions": [
        null,
        5,
        7,
        6,
        4,
        7,
        7,
        5,
        5,
        5,
        3
    ],
    "specific_actions": [
        null,
        11,
        25,
        null,
        null,
        25,
        25,
        11,
        11,
        11,
        11
    ],
    "rewards": [
        0,
        0,
        0.022471910112359605,
        0.016650016650016752,
        0.018670160497870958,
        0.02057877813504816,
        0.015752993068683052,
        0.012096774193548487,
        0.021452650934722595,
        0.019201920192019273,
        0.01884015307624365
    ],
    "states": [
        2850.0,
        2937.0,
        3003.0,
        3053.0,
        3110.0,
        3174.0,
        3224.0,
        3263.0,
        3333.0,
        3397.0,
        3461.0
    ],
    "selections": [
        null,
        null,
        "_complement_gaps:Instance-attribute-character",
        "_trust:Source",
        "_overlaps:character",
        "_subject_gaps:Instance-attribute-character",
        "_trust:Source",
        "_trust:Source",
        "_complement_gaps:Instance-attribute-character",
        "_complement_gaps:Instance-attribute-character",
        "_complement_gaps:Instance-attribute-character"
    ]
}