{
    "abstract_actions": [
        null,
        7,
        4,
        7,
        7,
        5,
        5,
        3,
        3,
        5,
        3
    ],
    "specific_actions": [
        null,
        25,
        null,
        25,
        25,
        11,
        11,
        null,
        11,
        11,
        null
    ],
    "rewards": [
        0,
        0,
        -0.0035347786784072355,
        -0.004935201928872868,
        0.00039459052265322647,
        0.0003401537183216341,
        -0.004503087772651515,
        -0.00424875341341191,
        -0.002276853906677867,
        -0.002524698133918646,
        -0.002534385665986294
    ],
    "states": [
        11.742296918767506,
        10.985714285714286,
        10.946882217090069,
        10.892857142857142,
        10.897155361050329,
        10.900862068965518,
        10.851774530271399,
        10.805668016194332,
        10.781065088757396,
        10.753846153846155,
        10.726591760299625
    ],
    "selections": [
        null,
        null,
        "_trust:Source",
        "_subject_gaps:Instance-character-enchantment",
        "_trust:Source",
        "_trust:Source",
        "_complement_gaps:Instance-attribute-character",
        "_complement_gaps:Instance-attribute-character",
        "_entity_novelty:Instance-character",
        "_entity_novelty:Instance-attribute",
        "_complement_gaps:Instance-attribute-character"
    ]
}