{
    "actions": [
        null,
        7,
        4,
        4,
        4,
        7,
        4,
        4,
        5,
        3,
        4
    ],
    "rewards": [
        0,
        0,
        -0.017941050832977368,
        -0.01638655462184868,
        0.46072013093289677,
        0.296207902413153,
        -0.01527614571092839,
        0.21943064577760807,
        0.1713539723983588,
        0.1369804919423241,
        0.11687388987566583
    ],
    "states": [
        0.0,
        0.0008699434536755111,
        0.0008543357539513029,
        0.0008403361344537816,
        0.0012274959083469722,
        0.0015910898965791568,
        0.0015667841754798276,
        0.0019105846388995033,
        0.002237970906378217,
        0.002544529262086514,
        0.002841918294849023
    ],
    "selections": [
        null,
        null,
        "_trust:Source",
        "_subject_gaps:Instance-attribute-character",
        "_subject_gaps:Instance-attribute-character",
        "_subject_gaps:Instance-attribute-character",
        "_trust:Source",
        "_subject_gaps:Instance-attribute-character",
        "_subject_gaps:Instance-attribute-character",
        "_complement_gaps:Instance-attribute-character",
        "_entity_novelty:Instance-attribute"
    ]
}