{
    "abstract_actions": [
        null,
        7,
        5,
        3,
        7,
        5,
        5,
        7,
        2,
        2,
        5
    ],
    "specific_actions": [
        null,
        25,
        11,
        11,
        25,
        11,
        11,
        25,
        25,
        25,
        11
    ],
    "rewards": [
        0,
        0,
        0.022727272727272707,
        0.03555555555555556,
        0.012875536480686733,
        0.0197740112994349,
        0.03878116343490312,
        0.03066666666666662,
        0.018111254851228997,
        0.011435832274459878,
        0.011306532663316604
    ],
    "states": [
        12.294117647058824,
        12.941176470588236,
        13.235294117647058,
        13.705882352941176,
        13.882352941176471,
        14.156862745098039,
        14.705882352941176,
        15.156862745098039,
        15.431372549019608,
        15.607843137254902,
        15.784313725490197
    ],
    "selections": [
        null,
        null,
        "_trust:Source",
        "_complement_gaps:Instance-attribute-character",
        "_entity_novelty:Instance-attribute",
        "_trust:Source",
        "_complement_gaps:Instance-attribute-character",
        "_complement_gaps:Instance-attribute-character",
        "_trust:Source",
        "_statement_novelty:Actor-Source",
        "_statement_novelty:Actor-Source"
    ]
}