{
    "abstract_actions": [
        null,
        5,
        3,
        5,
        3,
        5,
        6,
        6,
        7,
        7,
        2
    ],
    "specific_actions": [
        null,
        11,
        null,
        11,
        null,
        11,
        null,
        null,
        25,
        25,
        25
    ],
    "rewards": [
        0,
        0,
        0.03164282618118763,
        0.026890756302520913,
        0.02864157119476274,
        0.025457438345266592,
        0.022110162916989973,
        0.02542694497153697,
        0.021095484826054722,
        0.01413555636100039,
        0.013938527519656851
    ],
    "states": [
        2096.0,
        2307.0,
        2380.0,
        2444.0,
        2514.0,
        2578.0,
        2635.0,
        2702.0,
        2759.0,
        2798.0,
        2837.0
    ],
    "selections": [
        null,
        null,
        "_complement_gaps:Instance-attribute-character",
        "_entity_novelty:Instance-character",
        "_complement_gaps:Instance-attribute-character",
        "_entity_novelty:Instance-character",
        "_complement_gaps:Instance-attribute-character",
        "_overlaps:character",
        "_overlaps:character",
        "_trust:Source",
        "_trust:Source"
    ]
}