{
    "abstract_actions": [
        null,
        5,
        7,
        4,
        4,
        5,
        3,
        4,
        5,
        3,
        2
    ],
    "specific_actions": [
        null,
        11,
        25,
        null,
        null,
        11,
        11,
        null,
        11,
        11,
        25
    ],
    "rewards": [
        0,
        0,
        -0.00015982345377574259,
        0.002393630013189485,
        0.0006133522057090168,
        -0.0004976667830044468,
        -0.00047666212702734967,
        0.0003392816752183503,
        0.0005668527474418372,
        0.0005468831123880413,
        0.0009658944229538058
    ],
    "states": [
        12.32,
        12.245378151260503,
        12.243421052631579,
        12.272727272727273,
        12.280254777070065,
        12.274143302180685,
        12.268292682926829,
        12.27245508982036,
        12.279411764705882,
        12.286127167630058,
        12.297994269340974
    ],
    "selections": [
        null,
        null,
        "_complement_gaps:Instance-attribute-character",
        "_trust:Source",
        "_subject_gaps:Instance-character-physical-appearance",
        "_subject_gaps:Instance-attribute-character",
        "_complement_gaps:Instance-attribute-character",
        "_entity_novelty:Instance-attribute",
        "_subject_gaps:Instance-attribute-character",
        "_complement_gaps:Instance-attribute-character",
        "_entity_novelty:Instance-attribute"
    ]
}