{
    "abstract_actions": [
        null,
        3,
        3,
        4,
        3,
        5,
        4,
        7,
        6,
        3,
        3
    ],
    "specific_actions": [
        null,
        null,
        11,
        null,
        11,
        11,
        null,
        25,
        null,
        null,
        11
    ],
    "rewards": [
        0,
        0,
        -0.023407936633964566,
        -0.0057585682778963365,
        -0.020454612701995556,
        -0.009134291768661984,
        -0.024309665055947893,
        -0.015397755416677206,
        -0.011202042640112375,
        -0.011769712915807418,
        -0.02285022934814629
    ],
    "states": [
        0.00859832763671875,
        0.008228984114421392,
        0.008036360575709115,
        0.0079900826446281,
        0.007826648598675295,
        0.007755157706804206,
        0.007566632420495743,
        0.0074501232651570486,
        0.007366666666666666,
        0.0072799631148535516,
        0.0071136142880331025
    ],
    "selections": [
        null,
        null,
        "_entity_novelty:Instance-character",
        "_entity_novelty:Instance-attribute",
        "_subject_gaps:Instance-attribute-character",
        "_entity_novelty:Instance-attribute",
        "_complement_gaps:Instance-attribute-character",
        "_subject_gaps:Instance-character-gender",
        "_trust:Source",
        "_overlaps:character",
        "_entity_novelty:Instance-character"
    ]
}