{
    "abstract_actions": [
        null,
        7,
        7,
        5,
        5,
        7,
        5,
        4,
        7,
        4,
        5
    ],
    "specific_actions": [
        null,
        25,
        25,
        11,
        11,
        25,
        11,
        null,
        25,
        null,
        11
    ],
    "rewards": [
        0,
        0,
        -0.00583078149251226,
        0.0025949367088606845,
        -0.002892941022306861,
        -0.004652814499154889,
        0.000422914549002229,
        -0.0043150884651922405,
        0.00041163814674027854,
        0.00046043467364520474,
        -0.003974165147405451
    ],
    "states": [
        11.742296918767506,
        10.985714285714286,
        10.921658986175116,
        10.95,
        10.918322295805739,
        10.867521367521368,
        10.872117400419286,
        10.825203252032521,
        10.829659318637274,
        10.834645669291339,
        10.791586998087954
    ],
    "selections": [
        null,
        null,
        "_trust:Source",
        "_trust:Source",
        "_complement_gaps:Instance-attribute-character",
        "_complement_gaps:Instance-attribute-character",
        "_trust:Source",
        "_complement_gaps:Instance-attribute-character",
        "_subject_gaps:Instance-attribute-character",
        "_trust:Source",
        "_subject_gaps:Instance-character-product"
    ]
}