{
    "actions": [
        null,
        7,
        5,
        7,
        4,
        5,
        7,
        7,
        4,
        7,
        5
    ],
    "rewards": [
        0,
        0,
        1.0146955913226032,
        1.0220689655172415,
        1.013157894736842,
        1.0213120213120213,
        1.0228236061297684,
        1.0124322601211349,
        1.01227959697733,
        1.0199066874027993,
        1.011893870082342
    ],
    "states": [
        2771.0,
        2858.0,
        2900.0,
        2964.0,
        3003.0,
        3067.0,
        3137.0,
        3176.0,
        3215.0,
        3279.0,
        3318.0
    ],
    "selections": [
        null,
        null,
        "_trust:Source",
        "_complement_gaps:Instance-attribute-character",
        "_trust:Source",
        "_subject_gaps:Instance-attribute-character",
        "_complement_gaps:Instance-attribute-character",
        "_trust:Source",
        "_trust:Source",
        "_subject_gaps:Instance-attribute-character",
        "_trust:Source"
    ]
}