{
    "actions": [
        null,
        5,
        5,
        7,
        5,
        7,
        2,
        7,
        5,
        3,
        2
    ],
    "rewards": [
        0,
        0,
        0.1158458493421819,
        0.10224248070268827,
        -0.010795155344918261,
        0.08931337119256577,
        -0.010472541507024147,
        -0.01036400404448945,
        -0.010257693269952517,
        0.07735849056603783,
        -0.009946627850557999
    ],
    "states": [
        0.0017177211565989122,
        0.0019476905954368391,
        0.0021733224667209996,
        0.0023955283470854403,
        0.002369668246445498,
        0.002581311306143521,
        0.002554278416347382,
        0.0025278058645096056,
        0.002501876407305479,
        0.0026954177897574125,
        0.002668607472100922
    ],
    "selections": [
        null,
        null,
        "_complement_gaps:Instance-attribute-character",
        "_complement_gaps:Instance-attribute-character",
        "_trust:Source",
        "_complement_gaps:Instance-attribute-character",
        "_trust:Source",
        "_statement_novelty:Actor-Source",
        "_trust:Source",
        "_complement_gaps:Instance-attribute-character",
        "_entity_novelty:Instance-attribute"
    ]
}