{
    "abstract_actions": [
        null,
        7,
        4,
        6,
        2,
        4,
        5,
        4,
        5,
        7,
        4
    ],
    "specific_actions": [
        null,
        25,
        null,
        null,
        25,
        null,
        11,
        null,
        11,
        25,
        null
    ],
    "rewards": [
        0,
        0,
        0.14285714285714302,
        -0.0625,
        0.0,
        0.0,
        -0.04761904761904756,
        -0.03749999999999998,
        -0.030303030303030387,
        -0.02499999999999991,
        0.07692307692307687
    ],
    "states": [
        1.5,
        1.4,
        1.6,
        1.5,
        1.5,
        1.5,
        1.4285714285714286,
        1.375,
        1.3333333333333333,
        1.3,
        1.4
    ],
    "selections": [
        null,
        null,
        "_trust:Source",
        "_subject_gaps:Instance-age-character",
        "_overlaps:character",
        "_statement_novelty:Actor-Source",
        "_subject_gaps:Instance-attribute-character",
        "_complement_gaps:Instance-attribute-character",
        "_subject_gaps:Instance-character-designation",
        "_complement_gaps:Instance-attribute-character",
        "_trust:Source"
    ]
}