{
    "actions": [
        null,
        7,
        5,
        3,
        7,
        2,
        4,
        5,
        7,
        7,
        7
    ],
    "rewards": [
        0,
        0,
        -0.01510565743796577,
        -0.036159494361660105,
        -0.02511097564096232,
        -0.011187211445422562,
        -0.011069561742298228,
        -0.028021828148229178,
        -0.02726010473647078,
        -0.010356332052159023,
        -0.01025530186211654
    ],
    "states": [
        0.013056202873306185,
        0.010384007064254536,
        0.010227149810708491,
        0.009857341244792324,
        0.009609813788909691,
        0.00950230677010202,
        0.009397120398616118,
        0.009133795905717878,
        0.00888480767268646,
        0.008792793654208549,
        0.008702620901073337
    ],
    "selections": [
        null,
        null,
        "_trust:Source",
        "_complement_gaps:Instance-attribute-character",
        "_entity_novelty:Instance-character",
        "_trust:Source",
        "_statement_novelty:Actor-Source",
        "_subject_gaps:Instance-attribute-character",
        "_complement_gaps:Instance-attribute-character",
        "_trust:Source",
        "_trust:Source"
    ]
}