{
    "abstract_actions": [
        null,
        5,
        4,
        4,
        4,
        4,
        4,
        4,
        5,
        4,
        4
    ],
    "specific_actions": [
        null,
        11,
        null,
        null,
        null,
        null,
        null,
        null,
        11,
        null,
        null
    ],
    "rewards": [
        0,
        0,
        -0.023575303316095142,
        -0.017064633467318013,
        -0.008934902522266586,
        -0.008856493098089002,
        -0.016499977086168793,
        -0.019828909983399257,
        -0.019446871715122716,
        -0.012439036316289953,
        -0.008207350327468554
    ],
    "states": [
        0.008707682291666666,
        0.008383631367956399,
        0.008185984715566497,
        0.008046293886826287,
        0.007974401035281985,
        0.007903775807551616,
        0.007773363687832799,
        0.007619226358998537,
        0.0074710562414266116,
        0.007378123501518462,
        0.007317568657182171
    ],
    "selections": [
        null,
        null,
        "_complement_gaps:Instance-attribute-character",
        "_subject_gaps:Instance-attribute-character",
        "_subject_gaps:Instance-ability-character",
        "_subject_gaps:Instance-attribute-character",
        "_subject_gaps:Instance-character-gender",
        "_subject_gaps:Instance-attribute-character",
        "_subject_gaps:Instance-ability-character",
        "_complement_gaps:Instance-attribute-character",
        "_subject_gaps:Instance-attribute-character"
    ]
}