{
    "abstract_actions": [
        null,
        3,
        7,
        5,
        3,
        3,
        7,
        6,
        6,
        6,
        4
    ],
    "specific_actions": [
        null,
        11,
        25,
        11,
        null,
        11,
        25,
        null,
        null,
        null,
        null
    ],
    "rewards": [
        0,
        0,
        0.0,
        0.11111111111111116,
        -0.022222222222222143,
        -0.0181818181818183,
        -0.015151515151515027,
        0.07692307692307687,
        0.0714285714285714,
        0.0,
        0.0
    ],
    "states": [
        1.1428571428571428,
        1.125,
        1.125,
        1.25,
        1.2222222222222223,
        1.2,
        1.1818181818181819,
        1.2727272727272727,
        1.3636363636363635,
        1.3636363636363635,
        1.3636363636363635
    ],
    "selections": [
        null,
        null,
        "_entity_novelty:Instance-attribute",
        "_trust:Source",
        "_complement_gaps:Instance-attribute-character",
        "_entity_novelty:Instance-character",
        "_entity_novelty:Instance-attribute",
        "_trust:Source",
        "_overlaps:character",
        "_overlaps:character",
        "_overlaps:character"
    ]
}