{
    "abstract_actions": [
        null,
        4,
        5,
        4,
        6,
        6,
        7,
        2,
        7,
        7,
        6
    ],
    "specific_actions": [
        null,
        null,
        11,
        null,
        null,
        null,
        25,
        25,
        25,
        25,
        null
    ],
    "rewards": [
        0,
        0,
        -0.023528425454688806,
        -0.020802498749604603,
        -0.016995653903185803,
        -0.01459119219153815,
        -0.008611569095909433,
        -0.008538634530874334,
        -0.00846691318162851,
        -0.00839637538060467,
        -0.008326992405578548
    ],
    "states": [
        0.008713799621928166,
        0.008366792084374974,
        0.008169934640522876,
        0.007999979585379048,
        0.007864014701113394,
        0.007749269351212367,
        0.007682535982751588,
        0.007616937615724581,
        0.007552445666222361,
        0.007489032497367137,
        0.00742667138063643
    ],
    "selections": [
        null,
        null,
        "_subject_gaps:Instance-attribute-character",
        "_complement_gaps:Instance-attribute-character",
        "_subject_gaps:Instance-attribute-character",
        "_overlaps:character",
        "_overlaps:character",
        "_trust:Source",
        "_statement_novelty:Actor-Source",
        "_trust:Source",
        "_trust:Source"
    ]
}