{
    "abstract_actions": [
        null,
        3,
        4,
        7,
        7,
        5,
        3,
        2,
        4,
        7,
        5
    ],
    "specific_actions": [
        null,
        null,
        null,
        25,
        25,
        11,
        11,
        25,
        null,
        25,
        11
    ],
    "rewards": [
        0,
        0,
        -0.004152858760854028,
        -0.00290808893512684,
        -0.002176861994455992,
        0.0003565083826719828,
        -0.004453833779809346,
        0.00040087532305821405,
        0.00044560636684809474,
        -0.0009689186663239813,
        0.00043771486143850957
    ],
    "states": [
        11.742296918767506,
        10.985714285714286,
        10.940092165898617,
        10.9082774049217,
        10.884531590413943,
        10.888412017167383,
        10.83991683991684,
        10.844262295081966,
        10.849094567404427,
        10.838582677165354,
        10.843326885880078
    ],
    "selections": [
        null,
        null,
        "_entity_novelty:Instance-character",
        "_subject_gaps:Instance-character-gender",
        "_trust:Source",
        "_trust:Source",
        "_complement_gaps:Instance-attribute-character",
        "_entity_novelty:Instance-attribute",
        "_statement_novelty:Actor-Source",
        "_subject_gaps:Instance-attribute-character",
        "_trust:Source"
    ]
}