{
    "abstract_actions": [
        null,
        7,
        4,
        5,
        4,
        4,
        5,
        3,
        7,
        7,
        4
    ],
    "specific_actions": [
        null,
        25,
        null,
        11,
        null,
        null,
        11,
        11,
        25,
        25,
        null
    ],
    "rewards": [
        0,
        0,
        -0.036344473076596606,
        -0.030287720393413653,
        -0.034938570687413795,
        -0.028407344397323064,
        -0.014887886347526691,
        -0.03237554488879957,
        -0.010279450841596982,
        -0.01694171094247121,
        -0.013822711611847671
    ],
    "states": [
        0.013134665630958265,
        0.01056689342403628,
        0.010182845250483128,
        0.009874430080727095,
        0.009529431607353686,
        0.009258725761772854,
        0.009120882904908662,
        0.008825589350995307,
        0.008734867139113629,
        0.008586883544921875,
        0.0084681895300359
    ],
    "selections": [
        null,
        null,
        "_trust:Source",
        "_subject_gaps:Instance-attribute-character",
        "_complement_gaps:Instance-attribute-character",
        "_subject_gaps:Instance-attribute-character",
        "_subject_gaps:Instance-attribute-character",
        "_complement_gaps:Instance-attribute-character",
        "_entity_novelty:Instance-attribute",
        "_trust:Source",
        "_trust:Source"
    ]
}