{
  "metadata": {
    "c": 1.9999999965999997,
    "t": 18,
    "decay": 2e-10
  },
  "data": {
    "object_gap": {
      "value": 2880.1666666666665,
      "count": 6,
      "uncertainty": 1.388133458537975
    },
    "-subj": {
      "value": 2845.5714285714284,
      "count": 7,
      "uncertainty": 1.2851618570812449
    },
    "robot": {
      "value": 2666.5,
      "count": 2,
      "uncertainty": 2.4043176778740785
    },
    "location": {
      "value": 9062.333333333334,
      "count": 3,
      "uncertainty": 1.9631171634482745
    },
    "song": {
      "value": 2679.0,
      "count": 1,
      "uncertainty": 3.400218668302908
    },
    "subject_gap": {
      "value": 5680.142857142857,
      "count": 7,
      "uncertainty": 1.2851618570812449
    },
    "-compl": {
      "value": 5847.571428571428,
      "count": 7,
      "uncertainty": 1.2851618570812449
    },
    "person": {
      "value": 3026.333333333333,
      "count": 6,
      "uncertainty": 1.388133458537975
    },
    "interest": {
      "value": 2643.0,
      "count": 1,
      "uncertainty": 3.400218668302908
    },
    "-none": {
      "value": 3234.0,
      "count": 1,
      "uncertainty": 3.400218668302908
    },
    "entity_novelty": {
      "value": 3234.0,
      "count": 1,
      "uncertainty": 3.400218668302908
    },
    "statement_novelty": {
      "value": 3715.0,
      "count": 1,
      "uncertainty": 3.400218668302908
    },
    "institution": {
      "value": 3866.0,
      "count": 1,
      "uncertainty": 3.400218668302908
    },
    "book": {
      "value": 2898.0,
      "count": 2,
      "uncertainty": 2.4043176778740785
    },
    "taste": {
      "value": 2784.0,
      "count": 1,
      "uncertainty": 3.400218668302908
    },
    "touch": {
      "value": 3016.0,
      "count": 1,
      "uncertainty": 3.400218668302908
    },
    "agent": {
      "value": 3006.0,
      "count": 3,
      "uncertainty": 1.9631171634482745
    },
    "dish": {
      "value": 4005.0,
      "count": 1,
      "uncertainty": 3.400218668302908
    },
    "smell": {
      "value": 3146.0,
      "count": 1,
      "uncertainty": 3.400218668302908
    },
    "object": {
      "value": 2712.0,
      "count": 1,
      "uncertainty": 3.400218668302908
    },
    "_trust": {
      "value": 3913.0,
      "count": 1,
      "uncertainty": 3.400218668302908
    },
    "food": {
      "value": 3074.0,
      "count": 1,
      "uncertainty": 3.400218668302908
    },
    "overlap": {
      "value": 3810.0,
      "count": 1,
      "uncertainty": 3.400218668302908
    },
    "cuisine": {
      "value": 12238.5,
      "count": 2,
      "uncertainty": 2.4043176778740785
    }
  }
}