{
    "abstract_actions": [
        null,
        6,
        4,
        3,
        2,
        7,
        7,
        2,
        2,
        5,
        3
    ],
    "specific_actions": [
        null,
        null,
        null,
        11,
        25,
        25,
        25,
        25,
        25,
        11,
        null
    ],
    "rewards": [
        0,
        0,
        -0.014141397047477633,
        -0.023154144225828288,
        -0.009162761904293215,
        -0.010785953782100122,
        -0.0089894568610418,
        -0.008911115197291819,
        -0.008834086616422265,
        -0.008758339808473625,
        -0.021440964147420694
    ],
    "states": [
        0.00862348615916955,
        0.00835140306122449,
        0.008233302554632194,
        0.00804266747982736,
        0.0079689744326343,
        0.007883021442713169,
        0.007812157361519231,
        0.007742542327331362,
        0.007674144037780401,
        0.007606931276558348,
        0.007443831335785768
    ],
    "selections": [
        null,
        null,
        "_overlaps:character",
        "_subject_gaps:Instance-character-physical-appearance",
        "_entity_novelty:Instance-attribute",
        "_statement_novelty:Actor-Source",
        "_trust:Source",
        "_trust:Source",
        "_statement_novelty:Actor-Source",
        "_statement_novelty:Actor-Source",
        "_complement_gaps:Instance-attribute-character"
    ]
}