{
    "actions": [
        null,
        4,
        5,
        4,
        7,
        7,
        4,
        3,
        2,
        5,
        5,
        5,
        5,
        5,
        7,
        7,
        5,
        5,
        7,
        4,
        7,
        7,
        5,
        6,
        3,
        5
    ],
    "rewards": [
        0,
        0,
        -0.0005842817929350153,
        0.0006353152145714969,
        0.0009126523259443964,
        0.000910180186862064,
        0.0009077184555965623,
        -0.0005210704133543631,
        0.000899745647644723,
        0.0008973358770720807,
        0.0006203798509425429,
        0.00014884836770656662,
        0.0008880337899208612,
        -0.0005318959387687894,
        0.0008803978823921366,
        0.0006081576469638694,
        0.0006067235886855205,
        -0.00013538403782309416,
        0.00013260101654588574,
        0.0008653392899693468,
        0.0008630952929022939,
        0.0008608603345658938,
        0.0008586343648853134,
        0.0008564173341427672,
        0.0011793161468662827,
        0.0001016084619527291
    ],
    "states": [
        12.931255728689276,
        12.909255898366606,
        12.901713255184852,
        12.90990990990991,
        12.921692169216922,
        12.933453237410072,
        12.945193171608265,
        12.938447814451383,
        12.950089126559714,
        12.961709706144257,
        12.969750889679716,
        12.971681415929204,
        12.983200707338638,
        12.976294995610184,
        12.987719298245613,
        12.995617879053462,
        13.003502626970228,
        13.001742160278745,
        13.003466204506067,
        13.014718614718614,
        13.025951557093425,
        13.037165082108903,
        13.048359240069084,
        13.0595340811044,
        13.074935400516797,
        13.076263924592974
    ],
    "selections": [
        null,
        null,
        "_subject_gaps:Instance-attribute-character",
        "_complement_gaps:Instance-attribute-character",
        "_subject_gaps:Instance-attribute-character",
        "_trust:Source",
        "_trust:Source",
        "_subject_gaps:Instance-attribute-character",
        "_entity_novelty:Instance-attribute",
        "_statement_novelty:Actor-Source",
        "_complement_gaps:Instance-attribute-character",
        "_complement_gaps:Instance-attribute-character",
        "_complement_gaps:Instance-attribute-character",
        "_complement_gaps:Instance-attribute-character",
        "_complement_gaps:Instance-attribute-character",
        "_trust:Source",
        "_trust:Source",
        "_complement_gaps:Instance-attribute-character",
        "_complement_gaps:Instance-attribute-character",
        "_trust:Source",
        "_subject_gaps:Instance-attribute-character",
        "_trust:Source",
        "_trust:Source",
        "_complement_gaps:Instance-attribute-character",
        "_overlaps:attribute",
        "_entity_novelty:Instance-attribute"
    ]
}