{
    "abstract_actions": [
        null,
        4,
        5,
        5,
        7,
        5,
        3,
        5,
        4,
        4,
        3
    ],
    "specific_actions": [
        null,
        null,
        11,
        11,
        25,
        11,
        null,
        11,
        null,
        null,
        11
    ],
    "rewards": [
        0,
        0,
        0.030464584920030457,
        0.025868440502586854,
        0.0277377521613833,
        0.02243252716438837,
        0.026396983201919744,
        0.013360053440213848,
        0.025379037574159602,
        0.022500803600128627,
        0.022005658597925137
    ],
    "states": [
        2406.0,
        2626.0,
        2706.0,
        2776.0,
        2853.0,
        2917.0,
        2994.0,
        3034.0,
        3111.0,
        3181.0,
        3251.0
    ],
    "selections": [
        null,
        null,
        "_subject_gaps:Instance-ability-character",
        "_complement_gaps:Instance-attribute-character",
        "_complement_gaps:Instance-attribute-character",
        "_trust:Source",
        "_complement_gaps:Instance-attribute-character",
        "_entity_novelty:Instance-character",
        "_complement_gaps:Instance-attribute-character",
        "_subject_gaps:Instance-attribute-character",
        "_subject_gaps:Instance-age-character"
    ]
}