{
    "abstract_actions": [
        null,
        4,
        5,
        4,
        7,
        2,
        7,
        7,
        2,
        7,
        7
    ],
    "specific_actions": [
        null,
        null,
        11,
        null,
        25,
        25,
        25,
        25,
        25,
        25,
        25
    ],
    "rewards": [
        0,
        0,
        0.4576663858466723,
        0.2951445717403165,
        0.21810207336523102,
        -0.02336448598130836,
        -0.014959723820483273,
        -0.01473922902494329,
        -0.01452513966480451,
        -0.014317180616740144,
        -0.014115092290988063
    ],
    "states": [
        0.0,
        0.0008669267446900737,
        0.0012636899747262005,
        0.0016366612111292963,
        0.001993620414673046,
        0.0019470404984423676,
        0.0019179133103183737,
        0.001889644746787604,
        0.00186219739292365,
        0.0018355359765051395,
        0.0018096272167933405
    ],
    "selections": [
        null,
        null,
        "_subject_gaps:Instance-age-character",
        "_complement_gaps:Instance-attribute-character",
        "_subject_gaps:Instance-attribute-character",
        "_trust:Source",
        "_statement_novelty:Actor-Source",
        "_trust:Source",
        "_trust:Source",
        "_statement_novelty:Actor-Source",
        "_trust:Source"
    ]
}