{
    "abstract_actions": [
        null,
        7,
        4,
        4,
        5,
        5,
        4,
        2,
        2,
        2,
        7
    ],
    "specific_actions": [
        null,
        25,
        null,
        null,
        11,
        11,
        null,
        25,
        25,
        25,
        25
    ],
    "rewards": [
        0,
        0,
        -0.026582278481012578,
        0.46055875102711585,
        -0.015770319450060577,
        0.29663127539651324,
        0.21978127398311598,
        -0.014744801512287298,
        -0.01855287569573283,
        -0.014264813460131753,
        -0.014064190407500843
    ],
    "states": [
        0.0,
        0.0008669267446900737,
        0.0008438818565400844,
        0.0012325390304026294,
        0.001213101496158512,
        0.0015729453401494297,
        0.001918649270913277,
        0.001890359168241966,
        0.0018552875695732839,
        0.0018288222384784199,
        0.0018031013342949874
    ],
    "selections": [
        null,
        null,
        "_trust:Source",
        "_subject_gaps:Instance-character-object",
        "_subject_gaps:Instance-attribute-character",
        "_complement_gaps:Instance-attribute-character",
        "_complement_gaps:Instance-attribute-character",
        "_subject_gaps:Instance-character-gender",
        "_statement_novelty:Actor-Source",
        "_statement_novelty:Actor-Source",
        "_statement_novelty:Actor-Source"
    ]
}