{
    "abstract_actions": [
        null,
        3,
        7,
        7,
        7,
        4,
        7,
        7,
        2,
        7,
        7
    ],
    "specific_actions": [
        null,
        11,
        25,
        25,
        25,
        null,
        25,
        25,
        25,
        25,
        25
    ],
    "rewards": [
        0,
        0,
        -0.040000000000000036,
        0.16666666666666674,
        0.0,
        0.0,
        -0.04761904761904756,
        0.125,
        0.0,
        0.0,
        0.0
    ],
    "states": [
        1.3333333333333333,
        1.25,
        1.2,
        1.4,
        1.4,
        1.4,
        1.3333333333333333,
        1.5,
        1.5,
        1.5,
        1.5
    ],
    "selections": [
        null,
        null,
        "_entity_novelty:Instance-attribute",
        "_trust:Source",
        "_trust:Source",
        "_trust:Source",
        "_subject_gaps:Instance-attribute-character",
        "_trust:Source",
        "_trust:Source",
        "_statement_novelty:Actor-Source",
        "_trust:Source"
    ]
}