{
    "actions": [
        null,
        3,
        7,
        4,
        4,
        4,
        2,
        2,
        4,
        7,
        7
    ],
    "rewards": [
        0,
        0,
        0.0546697038724373,
        0.019438444924406273,
        0.04872881355932179,
        0.05454545454545445,
        0.017241379310344973,
        0.016949152542372836,
        0.01666666666666683,
        0.041894353369763104,
        0.01573426573426584
    ],
    "states": [
        7.0588235294117645,
        8.607843137254902,
        9.07843137254902,
        9.254901960784315,
        9.705882352941176,
        10.235294117647058,
        10.411764705882353,
        10.588235294117647,
        10.764705882352942,
        11.215686274509803,
        11.392156862745098
    ],
    "selections": [
        null,
        null,
        "_entity_novelty:Instance-character",
        "_trust:Source",
        "_subject_gaps:Instance-attribute-character",
        "_subject_gaps:Instance-attribute-character",
        "_subject_gaps:Instance-attribute-character",
        "_statement_novelty:Actor-Source",
        "_statement_novelty:Actor-Source",
        "_subject_gaps:Instance-attribute-character",
        "_trust:Source"
    ]
}