{
    "actions": [
        null,
        3,
        7,
        2,
        2,
        5,
        3,
        5,
        4,
        7,
        5
    ],
    "rewards": [
        0,
        0,
        0.029143105698129723,
        0.016483516483516425,
        0.016216216216216273,
        0.015957446808510634,
        0.025775271848570203,
        0.01531213191990588,
        0.02706883217324063,
        0.026355421686746983,
        0.014306676449009625
    ],
    "states": [
        2084.0,
        2299.0,
        2366.0,
        2405.0,
        2444.0,
        2483.0,
        2547.0,
        2586.0,
        2656.0,
        2726.0,
        2765.0
    ],
    "selections": [
        null,
        null,
        "_entity_novelty:Instance-character",
        "_trust:Source",
        "_statement_novelty:Actor-Source",
        "_statement_novelty:Actor-Source",
        "_complement_gaps:Instance-attribute-character",
        "_entity_novelty:Instance-attribute",
        "_complement_gaps:Instance-attribute-character",
        "_subject_gaps:Instance-attribute-character",
        "_trust:Source"
    ]
}