{
    "abstract_actions": [
        null,
        5,
        3,
        4,
        5,
        5,
        5,
        4,
        4,
        4,
        6
    ],
    "specific_actions": [
        null,
        11,
        11,
        null,
        11,
        11,
        11,
        null,
        null,
        null,
        null
    ],
    "rewards": [
        0,
        0,
        -0.0277777777777779,
        0.0,
        -0.022222222222222143,
        -0.0181818181818183,
        0.0,
        -0.015151515151515027,
        -0.012820512820512775,
        -0.010989010989011172,
        -0.00952380952380949
    ],
    "states": [
        1.3333333333333333,
        1.2857142857142858,
        1.25,
        1.25,
        1.2222222222222223,
        1.2,
        1.2,
        1.1818181818181819,
        1.1666666666666667,
        1.1538461538461537,
        1.1428571428571428
    ],
    "selections": [
        null,
        null,
        "_complement_gaps:Instance-attribute-character",
        "_entity_novelty:Instance-attribute",
        "_subject_gaps:Instance-attribute-character",
        "_complement_gaps:Instance-attribute-character",
        "_complement_gaps:Instance-attribute-character",
        "_complement_gaps:Instance-attribute-character",
        "_subject_gaps:Instance-character-enchantment",
        "_subject_gaps:Instance-attribute-character",
        "_subject_gaps:Instance-attribute-character"
    ]
}