{
    "abstract_actions": [
        null,
        3,
        2,
        4,
        7,
        2,
        4,
        3,
        6,
        3,
        4
    ],
    "specific_actions": [
        null,
        11,
        25,
        null,
        25,
        25,
        null,
        11,
        null,
        null,
        null
    ],
    "rewards": [
        0,
        0,
        -0.014261460101867685,
        -0.016694490818029983,
        0.11894643440900388,
        -0.0160823415889354,
        -0.012388818297331627,
        0.10258405977584051,
        0.09173719452092044,
        -0.017137702946482203,
        0.07732626619552407
    ],
    "states": [
        0.002126151665485471,
        0.002411298656562177,
        0.0023769100169779285,
        0.002337228714524207,
        0.002615233736515201,
        0.002573174654229656,
        0.0025412960609911056,
        0.002801992528019925,
        0.0030590394616090547,
        0.003006614552014432,
        0.0032391048292108363
    ],
    "selections": [
        null,
        null,
        "_entity_novelty:Instance-attribute",
        "_statement_novelty:Actor-Source",
        "_subject_gaps:Instance-ability-character",
        "_trust:Source",
        "_statement_novelty:Actor-Source",
        "_subject_gaps:Instance-attribute-character",
        "_entity_novelty:Instance-attribute",
        "_overlaps:character",
        "_entity_novelty:Instance-character"
    ]
}