{
    "actions": [
        null,
        3,
        7,
        7,
        5,
        3,
        7,
        6,
        2,
        2,
        4
    ],
    "rewards": [
        0,
        0,
        0.018268812527185707,
        0.016659547202050318,
        0.01638655462184868,
        0.028937577511368273,
        0.023302531137002758,
        0.01531213191990588,
        0.017788089713843824,
        0.014817629179331382,
        0.014601272931486386
    ],
    "states": [
        2084.0,
        2299.0,
        2341.0,
        2380.0,
        2419.0,
        2489.0,
        2547.0,
        2586.0,
        2632.0,
        2671.0,
        2710.0
    ],
    "selections": [
        null,
        null,
        "_entity_novelty:Instance-character",
        "_trust:Source",
        "_trust:Source",
        "_complement_gaps:Instance-attribute-character",
        "_entity_novelty:Instance-character",
        "_trust:Source",
        "_overlaps:character",
        "_statement_novelty:Actor-Source",
        "_statement_novelty:Actor-Source"
    ]
}