{
    "abstract_actions": [
        null,
        7,
        4,
        5,
        7,
        4,
        4,
        7,
        4,
        3,
        7
    ],
    "specific_actions": [
        null,
        25,
        null,
        11,
        25,
        null,
        null,
        25,
        null,
        null,
        25
    ],
    "rewards": [
        0,
        0,
        -0.00583078149251226,
        0.0025949367088606845,
        -0.004867278839881473,
        0.0003816541708976384,
        -0.002636917003845607,
        -0.002503600746121659,
        0.000442737186831188,
        -0.0040786317071030975,
        -0.002189987010404737
    ],
    "states": [
        11.742296918767506,
        10.985714285714286,
        10.921658986175116,
        10.95,
        10.896703296703297,
        10.900862068965518,
        10.872117400419286,
        10.844897959183674,
        10.849699398797595,
        10.805447470817121,
        10.78178368121442
    ],
    "selections": [
        null,
        null,
        "_trust:Source",
        "_subject_gaps:Instance-character-institution",
        "_complement_gaps:Instance-attribute-character",
        "_trust:Source",
        "_subject_gaps:Instance-character-institution",
        "_subject_gaps:Instance-attribute-character",
        "_trust:Source",
        "_subject_gaps:Instance-character-product",
        "_entity_novelty:Instance-character"
    ]
}