{
    "actions": [
        null,
        3,
        4,
        5,
        2,
        5,
        7,
        4,
        7,
        5,
        3,
        2,
        4,
        5,
        7,
        5,
        7,
        5,
        6,
        2,
        4,
        5,
        6,
        6,
        3,
        3
    ],
    "rewards": [
        0,
        0,
        0.00846944948578332,
        0.007798440311937549,
        0.007738095238095211,
        0.007678676904902648,
        0.007620164126612039,
        0.0075625363583478045,
        0.011162432640492659,
        0.007422915873620095,
        0.01209144152654451,
        0.007280194138510332,
        0.0072275759822091334,
        0.010671573137074564,
        0.011651192426724855,
        0.007018175274428717,
        0.011436740528949274,
        0.006890459363957602,
        0.011230040357957494,
        0.007981953843484213,
        0.006713720089516206,
        0.006668946648426877,
        0.0066247664345167045,
        0.007762402969962778,
        0.007702612190221059,
        0.010634762379527984
    ],
    "states": [
        4878.0,
        4959.0,
        5001.0,
        5040.0,
        5079.0,
        5118.0,
        5157.0,
        5196.0,
        5254.0,
        5293.0,
        5357.0,
        5396.0,
        5435.0,
        5493.0,
        5557.0,
        5596.0,
        5660.0,
        5699.0,
        5763.0,
        5809.0,
        5848.0,
        5887.0,
        5926.0,
        5972.0,
        6018.0,
        6082.0
    ],
    "selections": [
        null,
        null,
        "_entity_novelty:Instance-attribute",
        "_subject_gaps:Instance-attribute-character",
        "_complement_gaps:Instance-attribute-character",
        "_statement_novelty:Actor-Source",
        "_complement_gaps:Instance-attribute-character",
        "_trust:Source",
        "_subject_gaps:Instance-attribute-character",
        "_trust:Source",
        "_complement_gaps:Instance-attribute-character",
        "_entity_novelty:Instance-character",
        "_statement_novelty:Actor-Source",
        "_subject_gaps:Instance-attribute-character",
        "_complement_gaps:Instance-attribute-character",
        "_trust:Source",
        "_complement_gaps:Instance-attribute-character",
        "_trust:Source",
        "_complement_gaps:Instance-attribute-character",
        "_overlaps:attribute",
        "_statement_novelty:Actor-Source",
        "_subject_gaps:Instance-attribute-character",
        "_complement_gaps:Instance-attribute-character",
        "_overlaps:character",
        "_overlaps:character",
        "_entity_novelty:Instance-character"
    ]
}