{
    "abstract_actions": [
        null,
        4,
        6,
        5,
        6,
        7,
        2,
        2,
        6,
        2,
        5
    ],
    "specific_actions": [
        null,
        null,
        null,
        11,
        null,
        25,
        25,
        25,
        null,
        25,
        11
    ],
    "rewards": [
        0,
        0,
        0.021074815595363505,
        0.015823873409012812,
        0.019302404334575085,
        0.015282392026578107,
        0.012761780104711962,
        0.012600969305331278,
        0.012444160816847516,
        0.017964071856287456,
        0.012074303405572806
    ],
    "states": [
        2760.0,
        2847.0,
        2907.0,
        2953.0,
        3010.0,
        3056.0,
        3095.0,
        3134.0,
        3173.0,
        3230.0,
        3269.0
    ],
    "selections": [
        null,
        null,
        "_subject_gaps:Instance-attribute-character",
        "_overlaps:character",
        "_complement_gaps:Instance-attribute-character",
        "_overlaps:character",
        "_trust:Source",
        "_statement_novelty:Actor-Source",
        "_statement_novelty:Actor-Source",
        "_overlaps:character",
        "_statement_novelty:Actor-Source"
    ]
}