{
    "actions": [
        null,
        5,
        5,
        4,
        5,
        5,
        4,
        4,
        4,
        5,
        4
    ],
    "rewards": [
        0,
        0,
        -0.004421219470049476,
        -0.0045547265766898715,
        -0.0023992119890240415,
        -0.002274440227577501,
        -0.0021591571055896708,
        0.0025909107554840105,
        -0.002088826791493248,
        -0.001989338096766602,
        -0.0035163631856327537
    ],
    "states": [
        11.675070028011204,
        10.869976359338061,
        10.821917808219178,
        10.772626931567329,
        10.746781115879829,
        10.722338204592901,
        10.699186991869919,
        10.726907630522089,
        10.70450097847358,
        10.683206106870228,
        10.645640074211503
    ],
    "selections": [
        null,
        null,
        "_complement_gaps:Instance-attribute-character",
        "_complement_gaps:Instance-attribute-character",
        "_subject_gaps:Instance-attribute-character",
        "_complement_gaps:Instance-attribute-character",
        "_complement_gaps:Instance-attribute-character",
        "_subject_gaps:Instance-attribute-character",
        "_subject_gaps:Instance-attribute-character",
        "_subject_gaps:Instance-attribute-character",
        "_complement_gaps:Instance-attribute-character"
    ]
}