{
    "abstract_actions": [
        null,
        5,
        3,
        5,
        3,
        5,
        5,
        7,
        5,
        7,
        2
    ],
    "specific_actions": [
        null,
        11,
        null,
        11,
        null,
        11,
        11,
        25,
        11,
        25,
        25
    ],
    "rewards": [
        0,
        0,
        -0.03576878128939076,
        -0.03029826969647753,
        -0.03494464880682646,
        -0.02841763432090927,
        -0.032853568423513724,
        -0.03181854888172553,
        -0.027642235539346527,
        -0.02523594183074307,
        -0.015957061611320156
    ],
    "states": [
        0.013134665630958265,
        0.01056689342403628,
        0.010188928524243626,
        0.00988022161989796,
        0.009534960745257011,
        0.009263999717534072,
        0.008959644268938655,
        0.00867456138980456,
        0.00843477712066706,
        0.008221917575894624,
        0.008090719930572877
    ],
    "selections": [
        null,
        null,
        "_complement_gaps:Instance-attribute-character",
        "_entity_novelty:Instance-character",
        "_complement_gaps:Instance-attribute-character",
        "_entity_novelty:Instance-character",
        "_complement_gaps:Instance-attribute-character",
        "_complement_gaps:Instance-attribute-character",
        "_trust:Source",
        "_complement_gaps:Instance-attribute-character",
        "_trust:Source"
    ]
}