{
    "abstract_actions": [
        null,
        3,
        7,
        5,
        7,
        5,
        7,
        7,
        5,
        3,
        5
    ],
    "specific_actions": [
        null,
        11,
        25,
        11,
        25,
        11,
        25,
        25,
        11,
        11,
        11
    ],
    "rewards": [
        0,
        0,
        -0.011533420707732667,
        -0.014975471210947666,
        0.07883008356545962,
        -0.014474669328674916,
        0.07296826884455743,
        -0.014036786060019346,
        -0.00982506589983223,
        0.061956777073056246,
        0.06023624848786735
    ],
    "states": [
        0.0021971985718209283,
        0.0026518164942985947,
        0.002621231979030144,
        0.002581977794990963,
        0.002785515320334262,
        0.0027451959071624656,
        0.0029455081001472753,
        0.002904162633107454,
        0.002875629043853343,
        0.00305379375146817,
        0.0032377428307123032
    ],
    "selections": [
        null,
        null,
        "_entity_novelty:Instance-attribute",
        "_trust:Source",
        "_complement_gaps:Instance-attribute-character",
        "_trust:Source",
        "_complement_gaps:Instance-attribute-character",
        "_trust:Source",
        "_trust:Source",
        "_complement_gaps:Instance-attribute-character",
        "_entity_novelty:Instance-attribute"
    ]
}