{
    "abstract_actions": [
        null,
        5,
        5,
        6,
        6,
        4,
        3,
        6,
        2,
        6,
        6
    ],
    "specific_actions": [
        null,
        11,
        11,
        null,
        null,
        null,
        11,
        null,
        25,
        null,
        null
    ],
    "rewards": [
        0,
        0,
        -0.0012714336157735318,
        0.001509704651847299,
        0.003020448897042005,
        0.0029280900346790872,
        0.0005053974872268885,
        0.00024685316586459116,
        0.0022968037525601392,
        0.0009204788140297904,
        0.002623638766792169
    ],
    "states": [
        12.298657718120806,
        12.24671052631579,
        12.231139646869984,
        12.249605055292259,
        12.286604361370717,
        12.32258064516129,
        12.328808446455506,
        12.331851851851852,
        12.360175695461201,
        12.37155297532656,
        12.404011461318051
    ],
    "selections": [
        null,
        null,
        "_complement_gaps:Instance-attribute-character",
        "_complement_gaps:Instance-attribute-character",
        "_overlaps:character",
        "_overlaps:character",
        "_subject_gaps:Instance-character-gender",
        "_entity_novelty:Instance-attribute",
        "_overlaps:character",
        "_statement_novelty:Actor-Source",
        "_overlaps:character"
    ]
}