{
    "abstract_actions": [
        null,
        5,
        7,
        7,
        5,
        3,
        7,
        5,
        4,
        7,
        4
    ],
    "specific_actions": [
        null,
        11,
        25,
        25,
        11,
        11,
        25,
        11,
        null,
        25,
        null
    ],
    "rewards": [
        0,
        0,
        0.004849732606567514,
        0.003708962823675277,
        0.0030267385905440314,
        0.0047016399617823,
        0.0028493266493443414,
        0.0033072241638656408,
        0.004275141068699639,
        0.0026195792158094644,
        0.0025669103110743663
    ],
    "states": [
        2.481424076833913,
        2.5059044800049333,
        2.5180574466705568,
        2.5273968281281367,
        2.535046597641451,
        2.546965474029902,
        2.554222610630015,
        2.5626699973677827,
        2.573625773119054,
        2.580367589703588,
        2.58699116187596
    ],
    "selections": [
        null,
        null,
        "_complement_gaps:Instance-attribute-character",
        "_trust:Source",
        "_trust:Source",
        "_complement_gaps:Instance-attribute-character",
        "_entity_novelty:Instance-attribute",
        "_trust:Source",
        "_complement_gaps:Instance-attribute-character",
        "_subject_gaps:Instance-attribute-character",
        "_trust:Source"
    ]
}