{
    "abstract_actions": [
        null,
        4,
        7,
        5,
        6,
        6,
        2,
        5,
        7,
        5,
        3
    ],
    "specific_actions": [
        null,
        null,
        25,
        11,
        null,
        null,
        25,
        11,
        25,
        11,
        null
    ],
    "rewards": [
        0,
        0,
        -0.020408163265306256,
        0.12500000000000022,
        -0.0277777777777779,
        0.10000000000000009,
        0.0,
        0.0,
        -0.030303030303030387,
        0.08333333333333348,
        -0.03076923076923077
    ],
    "states": [
        1.2,
        1.1666666666666667,
        1.1428571428571428,
        1.2857142857142858,
        1.25,
        1.375,
        1.375,
        1.375,
        1.3333333333333333,
        1.4444444444444444,
        1.4
    ],
    "selections": [
        null,
        null,
        "_subject_gaps:Instance-character-physical-appearance",
        "_trust:Source",
        "_complement_gaps:Instance-attribute-character",
        "_overlaps:character",
        "_overlaps:character",
        "_statement_novelty:Actor-Source",
        "_complement_gaps:Instance-attribute-character",
        "_trust:Source",
        "_complement_gaps:Instance-attribute-character"
    ]
}