{
    "abstract_actions": [
        null,
        3,
        7,
        7,
        7,
        2,
        5,
        7,
        7,
        5,
        5
    ],
    "specific_actions": [
        null,
        11,
        25,
        25,
        25,
        25,
        11,
        25,
        25,
        11,
        11
    ],
    "rewards": [
        0,
        0,
        0.022831050228310668,
        0.040178571428571175,
        0.0193133047210301,
        0.0189473684210526,
        0.018595041322313932,
        0.05679513184584173,
        0.026871401151631558,
        0.016822429906542036,
        0.05147058823529416
    ],
    "states": [
        7.0588235294117645,
        8.588235294117647,
        8.784313725490197,
        9.137254901960784,
        9.313725490196079,
        9.490196078431373,
        9.666666666666666,
        10.215686274509803,
        10.490196078431373,
        10.666666666666666,
        11.215686274509803
    ],
    "selections": [
        null,
        null,
        "_entity_novelty:Instance-attribute",
        "_trust:Source",
        "_trust:Source",
        "_trust:Source",
        "_statement_novelty:Actor-Source",
        "_complement_gaps:Instance-attribute-character",
        "_trust:Source",
        "_trust:Source",
        "_complement_gaps:Instance-attribute-character"
    ]
}