{
    "actions": [
        null,
        5,
        4,
        5,
        4,
        5,
        3,
        4,
        5,
        7,
        7
    ],
    "rewards": [
        0,
        0,
        -0.003827153980986542,
        -0.004581871498141155,
        -0.0043072682074380975,
        -0.002236299547751952,
        -0.0038910505836576847,
        -0.0019685039370077595,
        -0.0018739565469227948,
        -0.001786062219913065,
        0.00250706214689278
    ],
    "states": [
        11.675070028011204,
        10.869976359338061,
        10.82837528604119,
        10.778761061946902,
        10.732334047109207,
        10.708333333333334,
        10.666666666666666,
        10.645669291338583,
        10.625719769673704,
        10.606741573033707,
        10.633333333333333
    ],
    "selections": [
        null,
        null,
        "_complement_gaps:Instance-attribute-character",
        "_subject_gaps:Instance-attribute-character",
        "_complement_gaps:Instance-attribute-character",
        "_subject_gaps:Instance-attribute-character",
        "_complement_gaps:Instance-attribute-character",
        "_entity_novelty:Instance-character",
        "_subject_gaps:Instance-attribute-character",
        "_complement_gaps:Instance-attribute-character",
        "_trust:Source"
    ]
}