{
    "abstract_actions": [
        null,
        3,
        4,
        5,
        4,
        3,
        5,
        7,
        4,
        5,
        5
    ],
    "specific_actions": [
        null,
        null,
        null,
        11,
        null,
        11,
        11,
        25,
        null,
        11,
        11
    ],
    "rewards": [
        0,
        0,
        -0.0277777777777779,
        -0.022222222222222143,
        -0.0181818181818183,
        -0.015151515151515027,
        0.0,
        -0.012820512820512775,
        0.0714285714285714,
        -0.01538461538461533,
        -0.013392857142857317
    ],
    "states": [
        1.3333333333333333,
        1.2857142857142858,
        1.25,
        1.2222222222222223,
        1.2,
        1.1818181818181819,
        1.1818181818181819,
        1.1666666666666667,
        1.25,
        1.2307692307692308,
        1.2142857142857142
    ],
    "selections": [
        null,
        null,
        "_entity_novelty:Instance-character",
        "_subject_gaps:Instance-character-enchantment",
        "_complement_gaps:Instance-attribute-character",
        "_subject_gaps:Instance-character-personality-trait",
        "_entity_novelty:Instance-attribute",
        "_complement_gaps:Instance-attribute-character",
        "_trust:Source",
        "_subject_gaps:Instance-attribute-character",
        "_complement_gaps:Instance-attribute-character"
    ]
}