{
    "abstract_actions": [
        null,
        5,
        3,
        6,
        5,
        4,
        7,
        4,
        5,
        5,
        5
    ],
    "specific_actions": [
        null,
        11,
        11,
        null,
        11,
        null,
        25,
        null,
        11,
        11,
        11
    ],
    "rewards": [
        0,
        0,
        -0.03576878128939076,
        -0.03078727712476992,
        -0.03217108244169964,
        -0.03385329290926853,
        -0.027549951917939963,
        -0.017409933731554972,
        -0.021756372544644687,
        -0.02579923753478619,
        -0.02075554677317748
    ],
    "states": [
        0.013134665630958265,
        0.01056689342403628,
        0.010188928524243626,
        0.009875239158163265,
        0.009557542025074493,
        0.009233987755407003,
        0.008979591836734694,
        0.00882325773792073,
        0.008631295655517108,
        0.008408614808667454,
        0.008234089410708524
    ],
    "selections": [
        null,
        null,
        "_complement_gaps:Instance-attribute-character",
        "_entity_novelty:Instance-attribute",
        "_overlaps:character",
        "_complement_gaps:Instance-attribute-character",
        "_subject_gaps:Instance-character-institution",
        "_trust:Source",
        "_subject_gaps:Instance-age-character",
        "_complement_gaps:Instance-attribute-character",
        "_complement_gaps:Instance-attribute-character"
    ]
}