{
    "abstract_actions": [
        null,
        7,
        7,
        7,
        7,
        2,
        2,
        7,
        7,
        7,
        4
    ],
    "specific_actions": [
        null,
        25,
        25,
        25,
        25,
        25,
        25,
        25,
        25,
        25,
        null
    ],
    "rewards": [
        0,
        0,
        0.008977299755272838,
        0.006787950586005342,
        0.006543356212113549,
        0.006311860584794715,
        0.006092537180807822,
        0.004545787006495994,
        0.005725097055435446,
        0.005535721026422191,
        0.0041198094229046855
    ],
    "states": [
        2.261951971799956,
        2.3403682236617795,
        2.3613784107433067,
        2.377407330710292,
        2.3929635537364193,
        2.4080676060720987,
        2.422738847495992,
        2.433752102269072,
        2.4476855692634323,
        2.461235273735274,
        2.471375094007994
    ],
    "selections": [
        null,
        null,
        "_trust:Source",
        "_trust:Source",
        "_trust:Source",
        "_trust:Source",
        "_statement_novelty:Actor-Source",
        "_statement_novelty:Actor-Source",
        "_trust:Source",
        "_trust:Source",
        "_trust:Source"
    ]
}