{
    "abstract_actions": [
        null,
        5,
        3,
        5,
        4,
        4,
        4,
        5,
        3,
        5,
        6
    ],
    "specific_actions": [
        null,
        11,
        null,
        11,
        null,
        null,
        null,
        11,
        11,
        11,
        11
    ],
    "rewards": [
        0,
        0,
        0.03164282618118763,
        0.026890756302520913,
        0.02864157119476274,
        0.025457438345266592,
        0.02482544608223436,
        0.02649507948523855,
        0.02359882005899716,
        0.0140489913544668,
        0.022735346358792263
    ],
    "states": [
        2096.0,
        2307.0,
        2380.0,
        2444.0,
        2514.0,
        2578.0,
        2642.0,
        2712.0,
        2776.0,
        2815.0,
        2879.0
    ],
    "selections": [
        null,
        null,
        "_complement_gaps:Instance-attribute-character",
        "_entity_novelty:Instance-character",
        "_complement_gaps:Instance-attribute-character",
        "_subject_gaps:Instance-character-institution",
        "_subject_gaps:Instance-character-physical-appearance",
        "_subject_gaps:Instance-character-personality-trait",
        "_complement_gaps:Instance-attribute-character",
        "_entity_novelty:Instance-attribute",
        "_complement_gaps:Instance-attribute-character"
    ]
}