{
    "abstract_actions": [
        null,
        3,
        3,
        7,
        6,
        3,
        3,
        7,
        2,
        6,
        3
    ],
    "specific_actions": [
        null,
        null,
        11,
        25,
        null,
        null,
        null,
        25,
        25,
        11,
        11
    ],
    "rewards": [
        0,
        0,
        0.33333333333333326,
        0.125,
        0.33333333333333326,
        0.25,
        -0.040000000000000036,
        -0.02777777777777768,
        0.1428571428571428,
        0.0,
        0.125
    ],
    "states": [
        0.0,
        0.5,
        0.6666666666666666,
        0.75,
        1.0,
        1.25,
        1.2,
        1.1666666666666667,
        1.3333333333333333,
        1.3333333333333333,
        1.5
    ],
    "selections": [
        null,
        null,
        "_entity_novelty:Instance-character",
        "_entity_novelty:Instance-attribute",
        "_trust:Source",
        "_overlaps:character",
        "_entity_novelty:Instance-character",
        "_entity_novelty:Instance-character",
        "_trust:Source",
        "_statement_novelty:Actor-Source",
        "_overlaps:attribute-object"
    ]
}