{
    "abstract_actions": [
        null,
        5,
        4,
        7,
        4,
        7,
        5,
        7,
        5,
        5,
        5
    ],
    "specific_actions": [
        null,
        11,
        null,
        25,
        null,
        25,
        11,
        25,
        11,
        11,
        11
    ],
    "rewards": [
        0,
        0,
        -0.027039747258684077,
        -0.019695936839486894,
        -0.011288734723777671,
        -0.01515652201855111,
        -0.011013332160207834,
        -0.005217327248281278,
        -0.010859452870272901,
        -0.008354870068815634,
        -0.018193915878926048
    ],
    "states": [
        0.008249367820372321,
        0.007908406098794141,
        0.007694564796663712,
        0.0075430131344212835,
        0.007457862060128831,
        0.0073448268096031714,
        0.007263935792289812,
        0.007226037462150932,
        0.007147566648891878,
        0.007087849658232186,
        0.006958893917787835
    ],
    "selections": [
        null,
        null,
        "_complement_gaps:Instance-attribute-character",
        "_subject_gaps:Instance-character-object",
        "_trust:Source",
        "_subject_gaps:Instance-character-gender",
        "_trust:Source",
        "_complement_gaps:Instance-attribute-character",
        "_trust:Source",
        "_complement_gaps:Instance-attribute-character",
        "_complement_gaps:Instance-attribute-character"
    ]
}