{
    "actions": [
        null,
        3,
        5,
        7,
        5,
        3,
        5,
        7,
        2,
        2,
        7
    ],
    "rewards": [
        0,
        0,
        -0.003827153980986542,
        -0.004581871498141155,
        0.0026996794802849333,
        -0.0043265637345977215,
        0.0026061170332758454,
        -0.002309396158977184,
        0.0025024569577403177,
        0.002436776720364575,
        0.00237365672607992
    ],
    "states": [
        11.675070028011204,
        10.869976359338061,
        10.82837528604119,
        10.778761061946902,
        10.807860262008735,
        10.761099365750528,
        10.789144050104385,
        10.764227642276422,
        10.791164658634537,
        10.817460317460318,
        10.843137254901961
    ],
    "selections": [
        null,
        null,
        "_entity_novelty:Instance-attribute",
        "_complement_gaps:Instance-attribute-character",
        "_trust:Source",
        "_complement_gaps:Instance-attribute-character",
        "_entity_novelty:Instance-attribute",
        "_complement_gaps:Instance-attribute-character",
        "_trust:Source",
        "_statement_novelty:Actor-Source",
        "_statement_novelty:Actor-Source"
    ]
}