{
    "abstract_actions": [
        null,
        4,
        4,
        4,
        4,
        4,
        4,
        4,
        4,
        4,
        5
    ],
    "specific_actions": [
        null,
        null,
        null,
        null,
        null,
        null,
        null,
        null,
        null,
        null,
        11
    ],
    "rewards": [
        0,
        0,
        -0.04018678793601638,
        -0.03584324495562907,
        -0.024926822249360936,
        -0.02841763432090927,
        -0.014894221040635203,
        -0.014675952109354684,
        -0.03192337036224957,
        -0.026016357325707173,
        -0.025358280591451066
    ],
    "states": [
        0.013134665630958265,
        0.01056689342403628,
        0.01014224391886205,
        0.009778712985678537,
        0.009534960745257011,
        0.009263999717534072,
        0.009126019658020738,
        0.008992086630570596,
        0.008705028918733457,
        0.008478555775853073,
        0.008263554179478723
    ],
    "selections": [
        null,
        null,
        "_subject_gaps:Instance-character-designation",
        "_subject_gaps:Instance-ability-character",
        "_subject_gaps:Instance-attribute-character",
        "_subject_gaps:Instance-age-character",
        "_subject_gaps:Instance-ability-character",
        "_subject_gaps:Instance-attribute-character",
        "_subject_gaps:Instance-attribute-character",
        "_subject_gaps:Instance-character-object",
        "_subject_gaps:Instance-attribute-character"
    ]
}