{
    "abstract_actions": [
        null,
        3,
        4,
        4,
        3,
        4,
        4,
        4,
        7,
        5,
        5
    ],
    "specific_actions": [
        null,
        11,
        null,
        null,
        null,
        null,
        null,
        null,
        25,
        11,
        11
    ],
    "rewards": [
        0,
        0,
        -0.034837191230522535,
        -0.0259767649143523,
        -0.03512299722816625,
        -0.02538110591502507,
        -0.027855656898686187,
        -0.02237770730983535,
        -0.0315256218794977,
        -0.027390889866742207,
        -0.02976955625184108
    ],
    "states": [
        0.013134665630958265,
        0.01056689342403628,
        0.010198772537110578,
        0.009933841420499105,
        0.009584935135821872,
        0.009341658881950932,
        0.009081440837270742,
        0.008878219012262711,
        0.00859832763671875,
        0.00836281179138322,
        0.008113854595336078
    ],
    "selections": [
        null,
        null,
        "_entity_novelty:Instance-attribute",
        "_subject_gaps:Instance-character-physical-appearance",
        "_subject_gaps:Instance-attribute-character",
        "_entity_novelty:Instance-character",
        "_subject_gaps:Instance-character-designation",
        "_subject_gaps:Instance-attribute-character",
        "_subject_gaps:Instance-attribute-character",
        "_trust:Source",
        "_complement_gaps:Instance-attribute-character"
    ]
}