{
    "abstract_actions": [
        null,
        7,
        2,
        2,
        5,
        7,
        4,
        7,
        7,
        5,
        7
    ],
    "specific_actions": [
        null,
        25,
        25,
        25,
        11,
        25,
        null,
        25,
        25,
        11,
        25
    ],
    "rewards": [
        0,
        0,
        -0.026582278481012578,
        -0.016189290161892966,
        -0.01593137254901955,
        0.4583002382843526,
        -0.019470404984423872,
        0.30091185410334353,
        -0.01864280387770323,
        -0.014332965821389099,
        0.22127468581687615
    ],
    "states": [
        0.0,
        0.0008669267446900737,
        0.0008438818565400844,
        0.0008302200083022001,
        0.0008169934640522876,
        0.0011914217633042098,
        0.0011682242990654205,
        0.001519756838905775,
        0.0014914243102162564,
        0.001470047776552738,
        0.0017953321364452424
    ],
    "selections": [
        null,
        null,
        "_trust:Source",
        "_statement_novelty:Actor-Source",
        "_statement_novelty:Actor-Source",
        "_complement_gaps:Instance-attribute-character",
        "_trust:Source",
        "_subject_gaps:Instance-attribute-character",
        "_trust:Source",
        "_trust:Source",
        "_complement_gaps:Instance-attribute-character"
    ]
}