{
    "actions": [
        null,
        5,
        3,
        4,
        7,
        2,
        4,
        4,
        4,
        5,
        5
    ],
    "rewards": [
        0,
        0,
        0.029143105698129723,
        0.016483516483516425,
        0.031185031185031242,
        0.01572580645161281,
        0.015482334259626862,
        0.02501954652071925,
        0.026697177726926036,
        0.026002971768201988,
        0.023171614771904325
    ],
    "states": [
        2084.0,
        2299.0,
        2366.0,
        2405.0,
        2480.0,
        2519.0,
        2558.0,
        2622.0,
        2692.0,
        2762.0,
        2826.0
    ],
    "selections": [
        null,
        null,
        "_complement_gaps:Instance-attribute-character",
        "_entity_novelty:Instance-attribute",
        "_subject_gaps:Instance-attribute-character",
        "_trust:Source",
        "_statement_novelty:Actor-Source",
        "_subject_gaps:Instance-attribute-character",
        "_subject_gaps:Instance-attribute-character",
        "_subject_gaps:Instance-attribute-character",
        "_complement_gaps:Instance-attribute-character"
    ]
}