{
    "abstract_actions": [
        null,
        4,
        5,
        6,
        5,
        7,
        7,
        7,
        7,
        5,
        5
    ],
    "specific_actions": [
        null,
        null,
        11,
        null,
        11,
        25,
        25,
        25,
        25,
        11,
        11
    ],
    "rewards": [
        0,
        0,
        -0.012345679012345623,
        -0.010000000000000009,
        0.09090909090909083,
        -0.015151515151515027,
        0.07692307692307687,
        0.0,
        0.0,
        0.0,
        -0.017857142857142794
    ],
    "states": [
        1.1428571428571428,
        1.125,
        1.1111111111111112,
        1.1,
        1.2,
        1.1818181818181819,
        1.2727272727272727,
        1.2727272727272727,
        1.2727272727272727,
        1.2727272727272727,
        1.25
    ],
    "selections": [
        null,
        null,
        "_subject_gaps:Instance-character-physical-appearance",
        "_complement_gaps:Instance-attribute-character",
        "_overlaps:character",
        "_complement_gaps:Instance-attribute-character",
        "_trust:Source",
        "_trust:Source",
        "_trust:Source",
        "_trust:Source",
        "_complement_gaps:Instance-attribute-character"
    ]
}