{
    "actions": [
        null,
        4,
        7,
        7,
        2,
        2,
        5,
        3,
        5,
        3,
        6
    ],
    "rewards": [
        0,
        0,
        0.02857142857142847,
        0.0,
        0.0,
        0.0,
        0.0,
        0.02083333333333348,
        0.015873015873015817,
        0.012500000000000178,
        0.010101010101009944
    ],
    "states": [
        0.8,
        0.8333333333333334,
        0.8571428571428571,
        0.8571428571428571,
        0.8571428571428571,
        0.8571428571428571,
        0.8571428571428571,
        0.875,
        0.8888888888888888,
        0.9,
        0.9090909090909091
    ],
    "selections": [
        null,
        null,
        "_subject_gaps:Instance-attribute-character",
        "_trust:Source",
        "_trust:Source",
        "_statement_novelty:Actor-Source",
        "_statement_novelty:Actor-Source",
        "_complement_gaps:Instance-attribute-character",
        "_entity_novelty:Instance-character",
        "_complement_gaps:Instance-attribute-character",
        "_entity_novelty:Instance-attribute"
    ]
}