{
    "abstract_actions": [
        null,
        3,
        4,
        4,
        5,
        3,
        5,
        7,
        2,
        7,
        5
    ],
    "specific_actions": [
        null,
        11,
        null,
        null,
        11,
        null,
        11,
        25,
        25,
        25,
        11
    ],
    "rewards": [
        0,
        0,
        -0.012020462889488881,
        -0.025497158312434043,
        -0.020312047751116613,
        -0.02437027140395398,
        -0.01943340633457935,
        -0.023338721785985506,
        -0.010903063408123193,
        -0.008390364589162203,
        -0.008323962050586164
    ],
    "states": [
        0.008612865299995021,
        0.00824227464081912,
        0.00814319868437418,
        0.007935570258349086,
        0.007774382576329159,
        0.007584918762945846,
        0.007437517954610744,
        0.007263935792289812,
        0.0071847366397539405,
        0.007124454079869293,
        0.007065150394477317
    ],
    "selections": [
        null,
        null,
        "_entity_novelty:Instance-attribute",
        "_subject_gaps:Instance-attribute-character",
        "_subject_gaps:Instance-attribute-character",
        "_complement_gaps:Instance-attribute-character",
        "_entity_novelty:Instance-character",
        "_complement_gaps:Instance-attribute-character",
        "_trust:Source",
        "_statement_novelty:Actor-Source",
        "_trust:Source"
    ]
}