{
    "abstract_actions": [
        null,
        7,
        4,
        7,
        7,
        4,
        7,
        4,
        7,
        5,
        3
    ],
    "specific_actions": [
        null,
        25,
        null,
        25,
        25,
        null,
        25,
        null,
        25,
        11,
        null
    ],
    "rewards": [
        0,
        0,
        0.003316439651562142,
        0.005336049933825304,
        0.0033764885391187605,
        0.0027687243611791423,
        0.0027137041532170336,
        0.002660314373814643,
        0.0041124375444849814,
        0.002979644121240188,
        0.0043320135912992
    ],
    "states": [
        2.4759456461453135,
        2.496991180053432,
        2.505272300612562,
        2.51864055870646,
        2.5271447196870924,
        2.5341416868367155,
        2.541018597657125,
        2.5477785059566025,
        2.5582560859395302,
        2.565878778646627,
        2.57699420038935
    ],
    "selections": [
        null,
        null,
        "_trust:Source",
        "_subject_gaps:Instance-attribute-character",
        "_trust:Source",
        "_trust:Source",
        "_subject_gaps:Instance-attribute-character",
        "_trust:Source",
        "_subject_gaps:Instance-attribute-character",
        "_trust:Source",
        "_complement_gaps:Instance-attribute-character"
    ]
}