{
    "abstract_actions": [
        null,
        4,
        4,
        4,
        7,
        2,
        7,
        4,
        3,
        3,
        4
    ],
    "specific_actions": [
        null,
        null,
        null,
        null,
        25,
        25,
        25,
        null,
        11,
        null,
        null
    ],
    "rewards": [
        0,
        0,
        -0.012345679012345623,
        -0.010000000000000009,
        -0.00826446280991755,
        0.08333333333333348,
        0.0,
        0.0,
        -0.012820512820512775,
        -0.010989010989011172,
        -0.00952380952380949
    ],
    "states": [
        1.1428571428571428,
        1.125,
        1.1111111111111112,
        1.1,
        1.0909090909090908,
        1.1818181818181819,
        1.1818181818181819,
        1.1818181818181819,
        1.1666666666666667,
        1.1538461538461537,
        1.1428571428571428
    ],
    "selections": [
        null,
        null,
        "_subject_gaps:Instance-ancestry-character",
        "_subject_gaps:Instance-character-physical-appearance",
        "_subject_gaps:Instance-activity-character",
        "_trust:Source",
        "_statement_novelty:Actor-Source",
        "_trust:Source",
        "_subject_gaps:Instance-ancestry-character",
        "_entity_novelty:Instance-attribute",
        "_entity_novelty:Instance-character"
    ]
}