{
    "abstract_actions": [
        null,
        4,
        3,
        7,
        7,
        2,
        5,
        2,
        5,
        4,
        7
    ],
    "specific_actions": [
        null,
        null,
        11,
        25,
        25,
        25,
        11,
        25,
        11,
        null,
        25
    ],
    "rewards": [
        0,
        0,
        -0.00012604201980148666,
        0.0011295910711726087,
        0.0023303170960460307,
        0.0010687194651581855,
        0.0010477473432122242,
        0.0010273872075614587,
        0.0021601861083417884,
        -0.0005613922527869519,
        0.00048286733360369816
    ],
    "states": [
        12.315608919382504,
        12.227347611202635,
        12.225806451612904,
        12.23961661341853,
        12.268138801261829,
        12.28125,
        12.294117647058824,
        12.306748466257668,
        12.333333333333334,
        12.326409495548962,
        12.332361516034986
    ],
    "selections": [
        null,
        null,
        "_subject_gaps:Instance-attribute-character",
        "_entity_novelty:Instance-attribute",
        "_trust:Source",
        "_trust:Source",
        "_statement_novelty:Actor-Source",
        "_complement_gaps:Instance-attribute-character",
        "_statement_novelty:Actor-Source",
        "_complement_gaps:Instance-attribute-character",
        "_subject_gaps:Instance-character-physical-appearance"
    ]
}