{
    "abstract_actions": [
        null,
        2,
        4,
        6,
        6,
        6,
        6,
        6,
        5,
        7,
        5
    ],
    "specific_actions": [
        null,
        25,
        null,
        null,
        null,
        null,
        null,
        null,
        11,
        25,
        11
    ],
    "rewards": [
        0,
        0,
        -0.012334282435428778,
        -0.01696231188481445,
        -0.010337812224531784,
        -0.00587906169812058,
        -0.009444412099589683,
        -0.009359704680917846,
        -0.012686425259959,
        -0.02005851069656517,
        -0.011572573352431781
    ],
    "states": [
        0.008653664298038065,
        0.00845414201183432,
        0.008349866236511131,
        0.008208233201210948,
        0.008123378027681661,
        0.008075620187059764,
        0.007999350702053406,
        0.007924479141843093,
        0.007823945829485996,
        0.007667009128375905,
        0.007578282102844011
    ],
    "selections": [
        null,
        null,
        "_statement_novelty:Actor-Source",
        "_subject_gaps:Instance-attribute-character",
        "_overlaps:character",
        "_overlaps:character",
        "_overlaps:character",
        "_overlaps:character",
        "_overlaps:character",
        "_complement_gaps:Instance-attribute-character",
        "_trust:Source"
    ]
}