{
    "abstract_actions": [
        null,
        4,
        4,
        7,
        2,
        7,
        7,
        5,
        5,
        5,
        5
    ],
    "specific_actions": [
        null,
        null,
        null,
        25,
        25,
        25,
        25,
        11,
        11,
        11,
        11
    ],
    "rewards": [
        0,
        0,
        0.4539915966386556,
        0.298417894162575,
        -0.02396166134185307,
        -0.015336217066456936,
        -0.01510457010069699,
        -0.014879816863792472,
        0.21748420661464118,
        0.16957624049257514,
        -0.01392857142857129
    ],
    "states": [
        0.0,
        0.0008669267446900737,
        0.0012605042016806723,
        0.0016366612111292963,
        0.001597444089456869,
        0.0015729453401494297,
        0.001549186676994578,
        0.0015261350629530714,
        0.0018580453363062058,
        0.0021731256791017745,
        0.002142857142857143
    ],
    "selections": [
        null,
        null,
        "_subject_gaps:Instance-activity-character",
        "_subject_gaps:Instance-age-character",
        "_trust:Source",
        "_statement_novelty:Actor-Source",
        "_trust:Source",
        "_trust:Source",
        "_complement_gaps:Instance-attribute-character",
        "_complement_gaps:Instance-attribute-character",
        "_complement_gaps:Instance-attribute-character"
    ]
}