{
    "abstract_actions": [
        null,
        5,
        5,
        5,
        5,
        6,
        5,
        5,
        5,
        5,
        6
    ],
    "specific_actions": [
        null,
        11,
        11,
        11,
        11,
        null,
        11,
        11,
        11,
        11,
        null
    ],
    "rewards": [
        0,
        0,
        0.08557170115954782,
        0.07611785991212194,
        0.06989284479778779,
        0.06312189054726369,
        -0.016393442622950727,
        0.05751672642590466,
        -0.009754936949797788,
        -0.009660697455230904,
        0.05477681678099211
    ],
    "states": [
        0.0024725274725274724,
        0.0024337479718766902,
        0.002642007926023778,
        0.002843111915223572,
        0.003041825095057034,
        0.003233830845771144,
        0.0031808172253486667,
        0.003363767419509851,
        0.0033309540804187486,
        0.003298774740810556,
        0.003479471120389701
    ],
    "selections": [
        null,
        null,
        "_complement_gaps:Instance-attribute-character",
        "_complement_gaps:Instance-attribute-character",
        "_complement_gaps:Instance-attribute-character",
        "_complement_gaps:Instance-attribute-character",
        "_overlaps:character",
        "_complement_gaps:Instance-attribute-character",
        "_complement_gaps:Instance-attribute-character",
        "_complement_gaps:Instance-attribute-character",
        "_complement_gaps:Instance-attribute-character"
    ]
}