{
    "abstract_actions": [
        null,
        3,
        7,
        4,
        3,
        7,
        4,
        4,
        6,
        6,
        6
    ],
    "specific_actions": [
        null,
        11,
        25,
        null,
        11,
        25,
        null,
        null,
        11,
        11,
        11
    ],
    "rewards": [
        0,
        0,
        0.002893620533285901,
        0.0038055420406464258,
        0.004919790545346414,
        0.0029760017565607644,
        0.0034515155228762584,
        0.004443954440128239,
        0.0042559217455797604,
        0.0022355570851215756,
        0.0026435077348685443
    ],
    "states": [
        2.506284274492367,
        2.53123754552326,
        2.53856198645961,
        2.5482225908218687,
        2.5607593122316326,
        2.5683801364429635,
        2.5772449403525433,
        2.588698099448521,
        2.5997153959827046,
        2.6055272081554937,
        2.612414939483663
    ],
    "selections": [
        null,
        null,
        "_entity_novelty:Instance-attribute",
        "_trust:Source",
        "_subject_gaps:Instance-attribute-character",
        "_entity_novelty:Instance-attribute",
        "_trust:Source",
        "_subject_gaps:Instance-attribute-character",
        "_subject_gaps:Instance-attribute-character",
        "_overlaps:attribute-physical-appearance",
        "_overlaps:attribute-physical-appearance"
    ]
}