{
    "actions": [
        null,
        5,
        7,
        4,
        7,
        2,
        5,
        4,
        2,
        4,
        4
    ],
    "rewards": [
        0,
        0,
        1.0093582887700534,
        1.008609271523179,
        1.0085357846355876,
        1.0084635416666667,
        1.0083925112976113,
        1.0136577037985488,
        1.0082105263157894,
        1.0081436625600335,
        1.0132560066280034
    ],
    "states": [
        4432.0,
        4488.0,
        4530.0,
        4569.0,
        4608.0,
        4647.0,
        4686.0,
        4750.0,
        4789.0,
        4828.0,
        4892.0
    ],
    "selections": [
        null,
        null,
        "_complement_gaps:Instance-attribute-character",
        "_trust:Source",
        "_subject_gaps:Instance-attribute-character",
        "_trust:Source",
        "_statement_novelty:Actor-Source",
        "_complement_gaps:Instance-attribute-character",
        "_subject_gaps:Instance-attribute-character",
        "_statement_novelty:Actor-Source",
        "_subject_gaps:Instance-attribute-character"
    ]
}