{
    "abstract_actions": [
        null,
        5,
        4,
        3,
        6,
        6,
        6,
        4,
        7,
        5,
        6
    ],
    "specific_actions": [
        null,
        11,
        null,
        11,
        null,
        null,
        null,
        null,
        25,
        11,
        11
    ],
    "rewards": [
        0,
        0,
        0.04991394148020656,
        0.03934426229508192,
        0.0362776025236593,
        0.02739726027397249,
        0.026666666666666616,
        0.012987012987013102,
        0.03988603988603989,
        0.019178082191780854,
        0.032258064516129004
    ],
    "states": [
        10.745098039215685,
        11.392156862745098,
        11.96078431372549,
        12.431372549019608,
        12.882352941176471,
        13.235294117647058,
        13.588235294117647,
        13.764705882352942,
        14.313725490196079,
        14.588235294117647,
        15.058823529411764
    ],
    "selections": [
        null,
        null,
        "_complement_gaps:Instance-attribute-character",
        "_subject_gaps:Instance-character-institution",
        "_entity_novelty:Instance-attribute",
        "_overlaps:character",
        "_overlaps:character",
        "_overlaps:character",
        "_subject_gaps:Instance-character-object",
        "_trust:Source",
        "_complement_gaps:Instance-attribute-character"
    ]
}