{
    "actions": [
        null,
        7,
        2,
        2,
        7,
        2,
        5,
        4,
        7,
        2,
        5
    ],
    "rewards": [
        0,
        0,
        -0.01510565743796577,
        -0.011902572447349491,
        -0.011769293216231769,
        -0.011638734371567594,
        -0.011510825802095614,
        -0.03451906852317976,
        -0.028082621218177617,
        -0.010679319222390737,
        -0.010571572342173208
    ],
    "states": [
        0.013056202873306185,
        0.010384007064254536,
        0.010227149810708491,
        0.010105420419156637,
        0.009986486763170287,
        0.009870256696428572,
        0.009756641890974015,
        0.009419851700983356,
        0.009155317573733234,
        0.009057545014780973,
        0.008961792522414726
    ],
    "selections": [
        null,
        null,
        "_trust:Source",
        "_statement_novelty:Actor-Source",
        "_statement_novelty:Actor-Source",
        "_trust:Source",
        "_statement_novelty:Actor-Source",
        "_complement_gaps:Instance-attribute-character",
        "_subject_gaps:Instance-attribute-character",
        "_trust:Source",
        "_statement_novelty:Actor-Source"
    ]
}