{
    "actions": [
        null,
        7,
        2,
        5,
        5,
        3,
        2,
        7,
        5,
        5,
        5
    ],
    "rewards": [
        0,
        0,
        0.018268812527185707,
        0.016659547202050318,
        0.02941176470588225,
        0.02857142857142847,
        0.015476190476190421,
        0.015240328253223856,
        0.01501154734411081,
        0.014789533560864543,
        0.02615844544095669
    ],
    "states": [
        2084.0,
        2299.0,
        2341.0,
        2380.0,
        2450.0,
        2520.0,
        2559.0,
        2598.0,
        2637.0,
        2676.0,
        2746.0
    ],
    "selections": [
        null,
        null,
        "_trust:Source",
        "_statement_novelty:Actor-Source",
        "_complement_gaps:Instance-attribute-character",
        "_complement_gaps:Instance-attribute-character",
        "_entity_novelty:Instance-attribute",
        "_statement_novelty:Actor-Source",
        "_trust:Source",
        "_complement_gaps:Instance-attribute-character",
        "_complement_gaps:Instance-attribute-character"
    ]
}