{
    "actions": [
        null,
        4,
        7,
        5,
        7,
        4,
        7,
        7,
        4,
        3,
        4
    ],
    "rewards": [
        0,
        0,
        -0.03379861454528188,
        -0.011668237587179386,
        -0.035102829209933906,
        -0.011131252788249557,
        -0.011015026891595503,
        -0.010900996614815917,
        -0.010789110831577853,
        -0.03247738120348098,
        -0.02645869750560015
    ],
    "states": [
        0.013056202873306185,
        0.010384007064254536,
        0.010033042012054313,
        0.009915974094135511,
        0.009567895349058943,
        0.00946139268727705,
        0.009357175192394748,
        0.009255172657298213,
        0.009155317573733234,
        0.008857976834852172,
        0.008623606305267205
    ],
    "selections": [
        null,
        null,
        "_subject_gaps:Instance-attribute-character",
        "_trust:Source",
        "_complement_gaps:Instance-attribute-character",
        "_trust:Source",
        "_subject_gaps:Instance-attribute-character",
        "_trust:Source",
        "_trust:Source",
        "_subject_gaps:Instance-attribute-character",
        "_entity_novelty:Instance-character"
    ]
}