{
    "actions": [
        null,
        4,
        4,
        5,
        5,
        4,
        5,
        5,
        7,
        4,
        3
    ],
    "rewards": [
        0,
        0,
        0.010316729194527863,
        0.009966486300485577,
        0.010388513391222931,
        0.009665926795978885,
        0.008124648959173086,
        0.008496571842948164,
        0.007187229454214128,
        0.0035759343619310435,
        0.006625640550353973
    ],
    "states": [
        2.2621093381172694,
        2.347540138706822,
        2.3717590745911448,
        2.39539717891611,
        2.4202817945865776,
        2.443676061238692,
        2.4635300714061907,
        2.4844616316451567,
        2.5023180274619814,
        2.511266152480862,
        2.5279048993334707
    ],
    "selections": [
        null,
        null,
        "_subject_gaps:Instance-attribute-character",
        "_subject_gaps:Instance-attribute-character",
        "_complement_gaps:Instance-attribute-character",
        "_complement_gaps:Instance-attribute-character",
        "_subject_gaps:Instance-attribute-character",
        "_complement_gaps:Instance-attribute-character",
        "_complement_gaps:Instance-attribute-character",
        "_trust:Source",
        "_subject_gaps:Instance-attribute-character"
    ]
}