{
    "abstract_actions": [
        null,
        3,
        3,
        2,
        2,
        5,
        3,
        3,
        4,
        6,
        4
    ],
    "specific_actions": [
        null,
        null,
        11,
        25,
        25,
        11,
        null,
        11,
        null,
        null,
        null
    ],
    "rewards": [
        0,
        0,
        0.0046244202988612315,
        0.002965345774203154,
        0.004663245104852054,
        0.002799027506507956,
        0.004892729031912513,
        0.004156695177951475,
        0.0025443334639552173,
        0.003919832364261078,
        0.002525541197697878
    ],
    "states": [
        2.4712612351735457,
        2.494327571456658,
        2.505862390510112,
        2.5132931389605457,
        2.5250132408878616,
        2.5320808224034033,
        2.5444696077543254,
        2.555046192303322,
        2.5615470818323507,
        2.571587916986296,
        2.578082568214147
    ],
    "selections": [
        null,
        null,
        "_entity_novelty:Instance-character",
        "_entity_novelty:Instance-attribute",
        "_statement_novelty:Actor-Source",
        "_statement_novelty:Actor-Source",
        "_complement_gaps:Instance-attribute-character",
        "_entity_novelty:Instance-character",
        "_entity_novelty:Instance-attribute",
        "_subject_gaps:Instance-character-object",
        "_overlaps:character"
    ]
}