{
    "abstract_actions": [
        null,
        4,
        7,
        7,
        2,
        7,
        5,
        5,
        7,
        7,
        7
    ],
    "specific_actions": [
        null,
        null,
        25,
        25,
        25,
        25,
        11,
        11,
        25,
        25,
        25
    ],
    "rewards": [
        0,
        0,
        0.057077625570776336,
        0.0388768898488121,
        0.018711018711018657,
        0.01836734693877573,
        0.018036072144288484,
        0.053149606299212504,
        0.04485981308411224,
        0.025044722719141266,
        0.015706806282722585
    ],
    "states": [
        7.0588235294117645,
        8.588235294117647,
        9.07843137254902,
        9.431372549019608,
        9.607843137254902,
        9.784313725490197,
        9.96078431372549,
        10.490196078431373,
        10.96078431372549,
        11.235294117647058,
        11.411764705882353
    ],
    "selections": [
        null,
        null,
        "_subject_gaps:Instance-attribute-character",
        "_trust:Source",
        "_trust:Source",
        "_statement_novelty:Actor-Source",
        "_trust:Source",
        "_complement_gaps:Instance-attribute-character",
        "_complement_gaps:Instance-attribute-character",
        "_trust:Source",
        "_trust:Source"
    ]
}