{
    "abstract_actions": [
        null,
        4,
        3,
        7,
        5,
        4,
        4,
        7,
        5,
        5,
        7
    ],
    "specific_actions": [
        null,
        null,
        11,
        25,
        11,
        null,
        null,
        25,
        11,
        11,
        25
    ],
    "rewards": [
        0,
        0,
        -0.02804353986033936,
        -0.020820361355357253,
        -0.021573924842225534,
        -0.02397914218252184,
        -0.015163354945368468,
        -0.008566521057054022,
        -0.010929081505419602,
        -0.014667358097404493,
        -0.01822153997620002
    ],
    "states": [
        0.008579254150390625,
        0.008211317768104472,
        0.007981043350968721,
        0.00781487514440878,
        0.007646277615391929,
        0.007462926437285412,
        0.007349763434785679,
        0.007286801531557222,
        0.007207163483705016,
        0.007101453436022977,
        0.006972054018349361
    ],
    "selections": [
        null,
        null,
        "_subject_gaps:Instance-character-personality-trait",
        "_entity_novelty:Instance-attribute",
        "_trust:Source",
        "_complement_gaps:Instance-attribute-character",
        "_subject_gaps:Instance-character-gender",
        "_subject_gaps:Instance-attribute-character",
        "_trust:Source",
        "_complement_gaps:Instance-attribute-character",
        "_complement_gaps:Instance-attribute-character"
    ]
}