{
    "actions": [
        null,
        3,
        2,
        5,
        6,
        4,
        7,
        4,
        6,
        7,
        5
    ],
    "rewards": [
        0,
        0,
        -0.0081576516681785,
        -0.005846921331254307,
        -0.016921604019270786,
        -0.0060680041640023274,
        -0.016562630766900455,
        -0.005627494062016458,
        -0.01262112999018028,
        -0.0058865483739943825,
        -0.0055227366095396135
    ],
    "states": [
        0.00853820279827843,
        0.0082263759706228,
        0.008159268060962985,
        0.00811156146248992,
        0.007974300831443688,
        0.00792591274079348,
        0.007794638774577046,
        0.007750774491157551,
        0.007652950958780077,
        0.0076079014927574115,
        0.007565885056661589
    ],
    "selections": [
        null,
        null,
        "_entity_novelty:Instance-character",
        "_statement_novelty:Actor-Source",
        "_complement_gaps:Instance-attribute-character",
        "_overlaps:character",
        "_subject_gaps:Instance-attribute-character",
        "_trust:Source",
        "_subject_gaps:Instance-attribute-character",
        "_overlaps:character",
        "_trust:Source"
    ]
}