{
    "abstract_actions": [
        null,
        4,
        4,
        4,
        3,
        4,
        3,
        5,
        7,
        7,
        5
    ],
    "specific_actions": [
        null,
        null,
        null,
        null,
        11,
        null,
        11,
        11,
        25,
        25,
        11
    ],
    "rewards": [
        0,
        0,
        0.14371468926553677,
        0.1168293404318248,
        0.10218052738336714,
        -0.011458034947006479,
        0.0871325361235673,
        -0.011086474501108556,
        0.07701492537313426,
        -0.01444236426852108,
        -0.01058481079650686
    ],
    "states": [
        0.001589825119236884,
        0.0018524235875270144,
        0.00211864406779661,
        0.0023661638568470865,
        0.002607939727615184,
        0.0025780578630764826,
        0.002802690582959641,
        0.002771618625277162,
        0.0029850746268656717,
        0.002941963091735758,
        0.0029108229690394285
    ],
    "selections": [
        null,
        null,
        "_subject_gaps:Instance-character-institution",
        "_subject_gaps:Instance-attribute-character",
        "_subject_gaps:Instance-character-designation",
        "_entity_novelty:Instance-attribute",
        "_subject_gaps:Instance-character-product",
        "_entity_novelty:Instance-attribute",
        "_complement_gaps:Instance-attribute-character",
        "_trust:Source",
        "_trust:Source"
    ]
}