{
    "actions": [
        null,
        4,
        7,
        5,
        3,
        4,
        2,
        4,
        4,
        5,
        3
    ],
    "rewards": [
        0,
        0,
        0.012252854358117515,
        0.011279229711141703,
        0.020674646354733373,
        0.02025586353944564,
        0.010710553814001988,
        0.010597053502196863,
        0.020971867007672618,
        0.019038076152304573,
        0.020648967551622377
    ],
    "states": [
        3533.0,
        3591.0,
        3635.0,
        3676.0,
        3752.0,
        3828.0,
        3869.0,
        3910.0,
        3992.0,
        4068.0,
        4152.0
    ],
    "selections": [
        null,
        null,
        "_subject_gaps:Instance-attribute-character",
        "_trust:Source",
        "_complement_gaps:Instance-attribute-character",
        "_entity_novelty:Instance-character",
        "_subject_gaps:Instance-attribute-character",
        "_statement_novelty:Actor-Source",
        "_subject_gaps:Instance-attribute-character",
        "_subject_gaps:Instance-attribute-character",
        "_complement_gaps:Instance-attribute-character"
    ]
}