{
    "abstract_actions": [
        null,
        4,
        4,
        4,
        7,
        4,
        5,
        7,
        2,
        7,
        4
    ],
    "specific_actions": [
        null,
        null,
        null,
        null,
        25,
        null,
        11,
        25,
        25,
        25,
        null
    ],
    "rewards": [
        0,
        0,
        -0.0254743425121029,
        -0.01848707674026273,
        -0.01815738820577295,
        -0.010474860877770942,
        -0.008739585111151804,
        -0.021414511169345896,
        -0.010079140143272824,
        -0.008402396216244612,
        -0.005289621059036409
    ],
    "states": [
        0.008590615733472876,
        0.008250196656219955,
        0.008040028320807201,
        0.007891391700246553,
        0.007748104637661362,
        0.007666944319515447,
        0.00759993840709258,
        0.007437189441187555,
        0.007362228966537756,
        0.007300368601726193,
        0.007261752418231774
    ],
    "selections": [
        null,
        null,
        "_subject_gaps:Instance-character-physical-appearance",
        "_subject_gaps:Instance-character-institution",
        "_subject_gaps:Instance-attribute-character",
        "_trust:Source",
        "_subject_gaps:Instance-attribute-character",
        "_complement_gaps:Instance-attribute-character",
        "_trust:Source",
        "_statement_novelty:Actor-Source",
        "_trust:Source"
    ]
}