{
    "actions": [
        null,
        3,
        4,
        5,
        3,
        5,
        5,
        3,
        3,
        2,
        4
    ],
    "rewards": [
        0,
        0,
        -0.008707073557055578,
        -0.018129929986740678,
        -0.021748658811346577,
        -0.006015398190801435,
        -0.017348550977605792,
        -0.017060704009959293,
        -0.016781895476766007,
        -0.005713432580683353,
        -0.005688873558592711
    ],
    "states": [
        0.009094071623608486,
        0.008778085564789167,
        0.00870165412808642,
        0.00854389374797538,
        0.008358075517930266,
        0.008307798365581126,
        0.008163670102124172,
        0.008024392142876877,
        0.007889727632670535,
        0.007844650205761318,
        0.007800022982629353
    ],
    "selections": [
        null,
        null,
        "_entity_novelty:Instance-attribute",
        "_subject_gaps:Instance-attribute-character",
        "_complement_gaps:Instance-attribute-character",
        "_entity_novelty:Instance-attribute",
        "_complement_gaps:Instance-attribute-character",
        "_complement_gaps:Instance-attribute-character",
        "_entity_novelty:Instance-character",
        "_entity_novelty:Instance-attribute",
        "_statement_novelty:Actor-Source"
    ]
}