{
    "abstract_actions": [
        null,
        3,
        2,
        2,
        2,
        5,
        6,
        3,
        7,
        2,
        4
    ],
    "specific_actions": [
        null,
        11,
        25,
        25,
        25,
        11,
        null,
        null,
        25,
        25,
        null
    ],
    "rewards": [
        0,
        0,
        -0.011705240755520041,
        -0.015195179460309016,
        -0.010627268014515301,
        -0.010515516799179392,
        0.0923404493752451,
        -0.01661294321844775,
        0.07965441713312238,
        -0.013918886489080906,
        -0.009743346007604625
    ],
    "states": [
        0.0022087244616234127,
        0.0024226110363391655,
        0.0023942537909018356,
        0.002357872674875557,
        0.0023328149300155523,
        0.0023082841754295974,
        0.0025214321734745334,
        0.002479543763947434,
        0.002677050377220735,
        0.0026397888168946484,
        0.0026140684410646386
    ],
    "selections": [
        null,
        null,
        "_entity_novelty:Instance-attribute",
        "_statement_novelty:Actor-Source",
        "_statement_novelty:Actor-Source",
        "_statement_novelty:Actor-Source",
        "_complement_gaps:Instance-attribute-character",
        "_overlaps:character",
        "_entity_novelty:Instance-character",
        "_trust:Source",
        "_statement_novelty:Actor-Source"
    ]
}