{
    "actions": [
        null,
        4,
        5,
        4,
        3,
        4,
        3,
        5,
        7,
        4,
        5
    ],
    "rewards": [
        0,
        0,
        1.0155216284987278,
        1.0170383362565774,
        1.0157674304015767,
        1.0094591317002184,
        1.015377222489188,
        1.0092285849503075,
        1.0150058616647128,
        1.009009009009009,
        1.0146520146520146
    ],
    "states": [
        3849.0,
        3930.0,
        3991.0,
        4059.0,
        4123.0,
        4162.0,
        4226.0,
        4265.0,
        4329.0,
        4368.0,
        4432.0
    ],
    "selections": [
        null,
        null,
        "_subject_gaps:Instance-attribute-character",
        "_complement_gaps:Instance-attribute-character",
        "_subject_gaps:Instance-attribute-character",
        "_entity_novelty:Instance-attribute",
        "_subject_gaps:Instance-attribute-character",
        "_entity_novelty:Instance-attribute",
        "_complement_gaps:Instance-attribute-character",
        "_trust:Source",
        "_subject_gaps:Instance-attribute-character"
    ]
}