{
    "abstract_actions": [
        null,
        5,
        5,
        3,
        4,
        7,
        5,
        7,
        4,
        3,
        6
    ],
    "specific_actions": [
        null,
        11,
        11,
        11,
        null,
        25,
        11,
        25,
        null,
        11,
        null
    ],
    "rewards": [
        0,
        0,
        -0.001955209899135224,
        0.00029146021568049463,
        0.0016142050040355294,
        0.00024428376001583985,
        0.002243114281664793,
        -0.0010759553537647015,
        0.002147785952566039,
        0.00016143970227133764,
        -0.0001080373219840558
    ],
    "states": [
        11.588126159554731,
        11.526032315978457,
        11.503496503496503,
        11.506849315068493,
        11.525423728813559,
        11.528239202657808,
        11.554098360655738,
        11.541666666666666,
        11.566455696202532,
        11.56832298136646,
        11.567073170731707
    ],
    "selections": [
        null,
        null,
        "_complement_gaps:Instance-attribute-character",
        "_complement_gaps:Instance-attribute-character",
        "_entity_novelty:Instance-attribute",
        "_subject_gaps:Instance-age-character",
        "_trust:Source",
        "_complement_gaps:Instance-attribute-character",
        "_trust:Source",
        "_subject_gaps:Instance-attribute-character",
        "_entity_novelty:Instance-attribute"
    ]
}