{
    "actions": [
        null,
        7,
        7,
        7,
        7,
        4,
        4,
        4,
        6,
        7,
        4
    ],
    "rewards": [
        0,
        0,
        0.012117873863949358,
        0.011156462585034,
        0.011033369214208832,
        0.01091296247005591,
        0.010795155344918372,
        0.02188069809846316,
        0.01937292888095854,
        0.010502625656414022,
        0.010146003464488906
    ],
    "states": [
        3538.0,
        3631.0,
        3675.0,
        3716.0,
        3757.0,
        3798.0,
        3839.0,
        3923.0,
        3999.0,
        4041.0,
        4082.0
    ],
    "selections": [
        null,
        null,
        "_trust:Source",
        "_trust:Source",
        "_trust:Source",
        "_trust:Source",
        "_subject_gaps:Instance-attribute-character",
        "_subject_gaps:Instance-attribute-character",
        "_subject_gaps:Instance-attribute-character",
        "_overlaps:character",
        "_trust:Source"
    ]
}