{
    "abstract_actions": [
        null,
        4,
        4,
        3,
        2,
        7,
        2,
        2,
        5,
        7,
        5
    ],
    "specific_actions": [
        null,
        null,
        null,
        11,
        25,
        25,
        25,
        25,
        11,
        25,
        11
    ],
    "rewards": [
        0,
        0,
        0.022831050228310668,
        0.0535714285714286,
        0.01906779661016933,
        0.037422037422037535,
        0.018036072144288484,
        0.017716535433070835,
        0.01740812379110257,
        0.05323193916349811,
        0.025270758122743597
    ],
    "states": [
        7.0588235294117645,
        8.588235294117647,
        8.784313725490197,
        9.254901960784315,
        9.431372549019608,
        9.784313725490197,
        9.96078431372549,
        10.137254901960784,
        10.313725490196079,
        10.862745098039216,
        11.137254901960784
    ],
    "selections": [
        null,
        null,
        "_subject_gaps:Instance-attribute-character",
        "_subject_gaps:Instance-character-personality-trait",
        "_entity_novelty:Instance-attribute",
        "_statement_novelty:Actor-Source",
        "_trust:Source",
        "_statement_novelty:Actor-Source",
        "_statement_novelty:Actor-Source",
        "_complement_gaps:Instance-attribute-character",
        "_trust:Source"
    ]
}