{
    "actions": [
        null,
        4,
        3,
        4,
        5,
        4,
        3,
        4,
        6,
        2,
        2
    ],
    "rewards": [
        0,
        0,
        0.06378132118451019,
        0.04925053533190571,
        0.0469387755102042,
        0.04483430799220267,
        0.042910447761194126,
        0.041144901610017826,
        0.015463917525773141,
        0.021996615905245376,
        0.01490066225165565
    ],
    "states": [
        7.0588235294117645,
        8.607843137254902,
        9.156862745098039,
        9.607843137254902,
        10.058823529411764,
        10.509803921568627,
        10.96078431372549,
        11.411764705882353,
        11.588235294117647,
        11.843137254901961,
        12.019607843137255
    ],
    "selections": [
        null,
        null,
        "_subject_gaps:Instance-attribute-character",
        "_entity_novelty:Instance-attribute",
        "_subject_gaps:Instance-attribute-character",
        "_complement_gaps:Instance-attribute-character",
        "_subject_gaps:Instance-attribute-character",
        "_entity_novelty:Instance-attribute",
        "_subject_gaps:Instance-attribute-character",
        "_overlaps:character",
        "_statement_novelty:Actor-Source"
    ]
}