{
    "abstract_actions": [
        null,
        5,
        3,
        7,
        4,
        6,
        7,
        6,
        2,
        4,
        7
    ],
    "specific_actions": [
        null,
        11,
        null,
        25,
        null,
        11,
        25,
        11,
        25,
        null,
        25
    ],
    "rewards": [
        0,
        0,
        0.010184460965036335,
        0.01015119316534463,
        0.009548274572655169,
        0.008923391940454772,
        0.005258421958580284,
        0.005463873423555254,
        0.005288899724606555,
        0.005122257833303223,
        0.007277148526960486
    ],
    "states": [
        2.261951971799956,
        2.3403682236617795,
        2.3642036124794745,
        2.388203100031959,
        2.41100631896633,
        2.43252067332138,
        2.4453118934446736,
        2.4586727681115694,
        2.471676441837732,
        2.4843370058533263,
        2.502415895235945
    ],
    "selections": [
        null,
        null,
        "_complement_gaps:Instance-attribute-character",
        "_entity_novelty:Instance-character",
        "_trust:Source",
        "_subject_gaps:Instance-character-object",
        "_overlaps:attribute-object",
        "_trust:Source",
        "_overlaps:attribute-object",
        "_statement_novelty:Actor-Source",
        "_subject_gaps:Instance-character-gender"
    ]
}