{
    "actions": [
        null,
        5,
        7,
        2,
        7,
        4,
        5,
        5,
        5,
        6,
        3
    ],
    "rewards": [
        0,
        0,
        -0.020026461591447386,
        -0.005967498044420871,
        -0.005942853143507731,
        -0.0059181016747945625,
        -0.017112596500554744,
        -0.0168333229183808,
        -0.020216254286526292,
        -0.016238202991946005,
        -0.005856279949705057
    ],
    "states": [
        0.0088558171118153,
        0.008520594858322387,
        0.008349957492655909,
        0.008300129137647487,
        0.008250802689110298,
        0.008201973599897475,
        0.008061616535174227,
        0.00792591274079348,
        0.007765680473372781,
        0.007639579777475562,
        0.007594840259600559
    ],
    "selections": [
        null,
        null,
        "_complement_gaps:Instance-attribute-character",
        "_trust:Source",
        "_statement_novelty:Actor-Source",
        "_trust:Source",
        "_subject_gaps:Instance-attribute-character",
        "_complement_gaps:Instance-attribute-character",
        "_complement_gaps:Instance-attribute-character",
        "_complement_gaps:Instance-attribute-character",
        "_overlaps:attribute"
    ]
}