{
    "abstract_actions": [
        null,
        4,
        7,
        7,
        7,
        7,
        7,
        2,
        4,
        7,
        7
    ],
    "specific_actions": [
        null,
        null,
        25,
        25,
        25,
        25,
        25,
        25,
        null,
        25,
        25
    ],
    "rewards": [
        0,
        0,
        0.00893161469947823,
        0.010286000407361495,
        0.006388215923032403,
        0.006165457097456972,
        0.005954243982014162,
        0.005753786050264331,
        0.005563359794875211,
        0.007946848917464777,
        0.005879230748017772
    ],
    "states": [
        2.261951971799956,
        2.3403682236617795,
        2.3612714908904286,
        2.3855595304076185,
        2.4007989997851102,
        2.415601023017903,
        2.4299841008721543,
        2.4439657094941167,
        2.45756237006237,
        2.4770922469225023,
        2.4916556438262853
    ],
    "selections": [
        null,
        null,
        "_subject_gaps:Instance-character-gender",
        "_trust:Source",
        "_trust:Source",
        "_trust:Source",
        "_trust:Source",
        "_trust:Source",
        "_statement_novelty:Actor-Source",
        "_subject_gaps:Instance-attribute-character",
        "_trust:Source"
    ]
}