{
    "abstract_actions": [
        null,
        3,
        5,
        4,
        4,
        2,
        7,
        2,
        7,
        5,
        7
    ],
    "specific_actions": [
        null,
        null,
        11,
        null,
        null,
        25,
        25,
        25,
        25,
        11,
        25
    ],
    "rewards": [
        0,
        0,
        0.057077625570776336,
        0.06047516198704095,
        0.048879837067209886,
        0.01747572815533993,
        0.03435114503816772,
        0.016605166051660625,
        0.016333938294010864,
        0.016071428571428514,
        0.04920913884007039
    ],
    "states": [
        7.0588235294117645,
        8.588235294117647,
        9.07843137254902,
        9.627450980392156,
        10.098039215686274,
        10.27450980392157,
        10.627450980392156,
        10.803921568627452,
        10.980392156862745,
        11.156862745098039,
        11.705882352941176
    ],
    "selections": [
        null,
        null,
        "_entity_novelty:Instance-character",
        "_complement_gaps:Instance-attribute-character",
        "_subject_gaps:Instance-character-gender",
        "_subject_gaps:Instance-character-personality-trait",
        "_statement_novelty:Actor-Source",
        "_trust:Source",
        "_statement_novelty:Actor-Source",
        "_trust:Source",
        "_complement_gaps:Instance-attribute-character"
    ]
}