{
    "actions": [
        null,
        4,
        5,
        4,
        5,
        4,
        3,
        4,
        4,
        3,
        6
    ],
    "rewards": [
        0,
        0,
        0.029143105698129723,
        0.029585798816567976,
        0.028735632183908066,
        0.027932960893854775,
        0.024844720496894457,
        0.014772727272727382,
        0.026129152668906253,
        0.023281193161149405,
        0.02275151084251692
    ],
    "states": [
        2084.0,
        2299.0,
        2366.0,
        2436.0,
        2506.0,
        2576.0,
        2640.0,
        2679.0,
        2749.0,
        2813.0,
        2877.0
    ],
    "selections": [
        null,
        null,
        "_subject_gaps:Instance-attribute-character",
        "_complement_gaps:Instance-attribute-character",
        "_subject_gaps:Instance-attribute-character",
        "_complement_gaps:Instance-attribute-character",
        "_subject_gaps:Instance-attribute-character",
        "_entity_novelty:Instance-attribute",
        "_subject_gaps:Instance-attribute-character",
        "_subject_gaps:Instance-attribute-character",
        "_entity_novelty:Instance-attribute"
    ]
}