{
    "abstract_actions": [
        null,
        5,
        4,
        7,
        7,
        2,
        4,
        3,
        2,
        2,
        2
    ],
    "specific_actions": [
        null,
        11,
        null,
        25,
        25,
        25,
        null,
        11,
        25,
        25,
        25
    ],
    "rewards": [
        0,
        0,
        0.4539915966386556,
        0.298417894162575,
        -0.02396166134185307,
        -0.015336217066456936,
        -0.01510457010069699,
        0.2197656840513984,
        -0.01452513966480451,
        -0.018281535648994485,
        -0.014059120403749126
    ],
    "states": [
        0.0,
        0.0008669267446900737,
        0.0012605042016806723,
        0.0016366612111292963,
        0.001597444089456869,
        0.0015729453401494297,
        0.001549186676994578,
        0.001889644746787604,
        0.00186219739292365,
        0.0018281535648994515,
        0.001802451333813987
    ],
    "selections": [
        null,
        null,
        "_complement_gaps:Instance-attribute-character",
        "_subject_gaps:Instance-attribute-character",
        "_trust:Source",
        "_trust:Source",
        "_statement_novelty:Actor-Source",
        "_subject_gaps:Instance-character-designation",
        "_entity_novelty:Instance-attribute",
        "_statement_novelty:Actor-Source",
        "_statement_novelty:Actor-Source"
    ]
}