{
    "abstract_actions": [
        null,
        3,
        7,
        4,
        4,
        5,
        4,
        5,
        7,
        2,
        7
    ],
    "specific_actions": [
        null,
        null,
        25,
        null,
        null,
        11,
        null,
        11,
        25,
        25,
        25
    ],
    "rewards": [
        0,
        0,
        -0.02140822631629613,
        -0.010985423905999325,
        -0.009160513279629412,
        -0.018342313490578355,
        -0.02202074640149254,
        -0.01401288339136697,
        -0.017391435810400258,
        -0.010066203320485578,
        -0.008379287451864004
    ],
    "states": [
        0.008614096526184438,
        0.008305668728937177,
        0.008127859093079906,
        0.008038571115494192,
        0.007964933678041462,
        0.00781883836758716,
        0.007646661710740263,
        0.007539509931854429,
        0.007408387028832708,
        0.00733381269872363,
        0.007272360574002894
    ],
    "selections": [
        null,
        null,
        "_entity_novelty:Instance-character",
        "_trust:Source",
        "_subject_gaps:Instance-ancestry-character",
        "_subject_gaps:Instance-attribute-character",
        "_complement_gaps:Instance-attribute-character",
        "_subject_gaps:Instance-attribute-character",
        "_complement_gaps:Instance-attribute-character",
        "_trust:Source",
        "_statement_novelty:Actor-Source"
    ]
}