{
    "abstract_actions": [
        null,
        7,
        5,
        5,
        7,
        7,
        7,
        5,
        3,
        7,
        5
    ],
    "specific_actions": [
        null,
        25,
        11,
        11,
        25,
        25,
        25,
        11,
        11,
        25,
        11
    ],
    "rewards": [
        0,
        0,
        -0.026582278481012578,
        0.4569672131147542,
        0.29614873837981404,
        -0.01953125,
        -0.015005771450557925,
        -0.014783927217589143,
        0.21768833087149186,
        -0.014197306152165967,
        -0.017876296031462346
    ],
    "states": [
        0.0,
        0.0008669267446900737,
        0.0008438818565400844,
        0.0012295081967213116,
        0.0015936254980079682,
        0.0015625,
        0.0015390534821085034,
        0.001516300227445034,
        0.001846381093057607,
        0.0018201674554058974,
        0.001787629603146228
    ],
    "selections": [
        null,
        null,
        "_trust:Source",
        "_complement_gaps:Instance-attribute-character",
        "_complement_gaps:Instance-attribute-character",
        "_trust:Source",
        "_trust:Source",
        "_trust:Source",
        "_complement_gaps:Instance-attribute-character",
        "_entity_novelty:Instance-attribute",
        "_trust:Source"
    ]
}