{
    "abstract_actions": [
        null,
        5,
        5,
        3,
        7,
        5,
        7,
        5,
        4,
        4,
        7
    ],
    "specific_actions": [
        null,
        11,
        11,
        null,
        25,
        11,
        25,
        11,
        null,
        null,
        25
    ],
    "rewards": [
        0,
        0,
        0.011777576306545745,
        0.011207861845931921,
        0.009352262632610131,
        0.00881980916216496,
        0.009170860390413038,
        0.006048816219894837,
        0.007410387642712735,
        0.007007665067385149,
        0.003487751113627313
    ],
    "states": [
        2.261951971799956,
        2.3403682236617795,
        2.367932089001371,
        2.394471544715447,
        2.416865271467938,
        2.438181561932949,
        2.4605417846439157,
        2.475425149700599,
        2.4937690096404004,
        2.5112445076153853,
        2.5200031034434116
    ],
    "selections": [
        null,
        null,
        "_complement_gaps:Instance-attribute-character",
        "_complement_gaps:Instance-attribute-character",
        "_entity_novelty:Instance-character",
        "_trust:Source",
        "_complement_gaps:Instance-attribute-character",
        "_trust:Source",
        "_complement_gaps:Instance-attribute-character",
        "_subject_gaps:Instance-attribute-character",
        "_subject_gaps:Instance-ancestry-character"
    ]
}