{
    "actions": [
        null,
        7,
        7,
        2,
        7,
        2,
        4,
        3,
        5,
        7,
        2
    ],
    "rewards": [
        0,
        0,
        0.005152446263997135,
        0.003745151520933687,
        0.005199367096205609,
        0.005042677420019626,
        0.0048930088211629474,
        0.010184019388549626,
        0.008536207011540009,
        0.008918455766040667,
        0.003936688509248887
    ],
    "states": [
        2.2621093381172694,
        2.347540138706822,
        2.359635713124085,
        2.368472906403941,
        2.380787466501752,
        2.392793009700946,
        2.40450096700463,
        2.4289884514723914,
        2.4497227997228,
        2.4715705441511893,
        2.481300347512147
    ],
    "selections": [
        null,
        null,
        "_trust:Source",
        "_trust:Source",
        "_statement_novelty:Actor-Source",
        "_trust:Source",
        "_statement_novelty:Actor-Source",
        "_subject_gaps:Instance-attribute-character",
        "_entity_novelty:Instance-attribute",
        "_complement_gaps:Instance-attribute-character",
        "_trust:Source"
    ]
}