{
    "actions": [
        null,
        3,
        7,
        2,
        7,
        5,
        5,
        7,
        5,
        5,
        5
    ],
    "rewards": [
        0,
        0,
        -0.003827153980986542,
        0.002716245379902338,
        0.004874517374517495,
        0.002530696410160349,
        -0.0046928924790925475,
        -0.004422766280473667,
        0.0024415103441299824,
        -0.0024242225086744673,
        -0.004022469172872634
    ],
    "states": [
        11.675070028011204,
        10.869976359338061,
        10.82837528604119,
        10.857787810383748,
        10.910714285714286,
        10.938325991189428,
        10.886993603411513,
        10.838842975206612,
        10.86530612244898,
        10.8389662027833,
        10.795366795366796
    ],
    "selections": [
        null,
        null,
        "_entity_novelty:Instance-attribute",
        "_trust:Source",
        "_statement_novelty:Actor-Source",
        "_trust:Source",
        "_complement_gaps:Instance-attribute-character",
        "_complement_gaps:Instance-attribute-character",
        "_trust:Source",
        "_complement_gaps:Instance-attribute-character",
        "_complement_gaps:Instance-attribute-character"
    ]
}