{
    "abstract_actions": [
        null,
        3,
        7,
        5,
        7,
        2,
        7,
        5,
        4,
        5,
        5
    ],
    "specific_actions": [
        null,
        11,
        25,
        11,
        25,
        25,
        25,
        11,
        null,
        11,
        11
    ],
    "rewards": [
        0,
        0,
        -0.014232463571670628,
        -0.01666111296234596,
        0.09935688700748924,
        -0.016020506247997335,
        -0.012341772151898689,
        -0.012191309784307491,
        0.09165984165984153,
        0.07879518072289171,
        0.06838294448913929
    ],
    "states": [
        0.0024805102763997165,
        0.002750085940185631,
        0.0027109454422229754,
        0.0026657780739753416,
        0.002930641484858352,
        0.0028836911246395386,
        0.002848101265822785,
        0.002813379180994061,
        0.003071253071253071,
        0.0033132530120481927,
        0.0035398230088495575
    ],
    "selections": [
        null,
        null,
        "_entity_novelty:Instance-attribute",
        "_trust:Source",
        "_complement_gaps:Instance-attribute-character",
        "_trust:Source",
        "_statement_novelty:Actor-Source",
        "_trust:Source",
        "_complement_gaps:Instance-attribute-character",
        "_subject_gaps:Instance-age-character",
        "_complement_gaps:Instance-attribute-character"
    ]
}