{
    "actions": [
        null,
        4,
        3,
        7,
        7,
        5,
        7,
        7,
        2,
        5,
        7
    ],
    "rewards": [
        0,
        0,
        0.03175293605915619,
        0.016441821247892063,
        0.016175860638739215,
        0.015918367346938744,
        0.025713137806347985,
        0.01527614571092828,
        0.01504629629629628,
        0.014823261117445918,
        0.02621722846441954
    ],
    "states": [
        2084.0,
        2299.0,
        2372.0,
        2411.0,
        2450.0,
        2489.0,
        2553.0,
        2592.0,
        2631.0,
        2670.0,
        2740.0
    ],
    "selections": [
        null,
        null,
        "_subject_gaps:Instance-attribute-character",
        "_entity_novelty:Instance-attribute",
        "_trust:Source",
        "_trust:Source",
        "_complement_gaps:Instance-attribute-character",
        "_trust:Source",
        "_trust:Source",
        "_statement_novelty:Actor-Source",
        "_complement_gaps:Instance-attribute-character"
    ]
}