{
    "actions": [
        null,
        5,
        5,
        7,
        2,
        7,
        2,
        2,
        4,
        7,
        4
    ],
    "rewards": [
        0,
        0,
        -8.955039525682107e-05,
        0.0007235289233651354,
        0.0027076626482200883,
        0.0026580257577375477,
        0.0026097510909697252,
        0.0025627889132184833,
        0.002517091753795997,
        -0.0006338414950939342,
        0.002427356126737834
    ],
    "states": [
        12.277873070325901,
        12.20563847429519,
        12.204545454545455,
        12.213375796178344,
        12.246445497630331,
        12.278996865203762,
        12.311041990668741,
        12.342592592592593,
        12.373660030627871,
        12.365817091454273,
        12.395833333333334
    ],
    "selections": [
        null,
        null,
        "_complement_gaps:Instance-attribute-character",
        "_complement_gaps:Instance-attribute-character",
        "_trust:Source",
        "_statement_novelty:Actor-Source",
        "_trust:Source",
        "_statement_novelty:Actor-Source",
        "_statement_novelty:Actor-Source",
        "_subject_gaps:Instance-attribute-character",
        "_trust:Source"
    ]
}