{
    "abstract_actions": [
        null,
        3,
        3,
        4,
        7,
        4,
        5,
        5,
        3,
        4,
        7
    ],
    "specific_actions": [
        null,
        null,
        11,
        null,
        25,
        null,
        11,
        11,
        11,
        null,
        25
    ],
    "rewards": [
        0,
        0,
        0.010534907521621006,
        0.008649015431556162,
        0.01066953674849036,
        0.00896236637663983,
        0.008392565131457808,
        0.008771317276235813,
        0.008208900569820488,
        0.004759377697084899,
        0.0074413077352568635
    ],
    "states": [
        2.261951971799956,
        2.3403682236617795,
        2.365023786464597,
        2.3854789136897265,
        2.410930868622088,
        2.4325385143754295,
        2.452953752292105,
        2.4744693879173925,
        2.494782061085871,
        2.5066556711864902,
        2.525308467422116
    ],
    "selections": [
        null,
        null,
        "_entity_novelty:Instance-character",
        "_entity_novelty:Instance-attribute",
        "_subject_gaps:Instance-character-enchantment",
        "_trust:Source",
        "_subject_gaps:Instance-character-personality-trait",
        "_complement_gaps:Instance-attribute-character",
        "_complement_gaps:Instance-attribute-character",
        "_entity_novelty:Instance-attribute",
        "_subject_gaps:Instance-ancestry-character"
    ]
}