{
    "actions": [
        null,
        7,
        2,
        5,
        7,
        2,
        7,
        2,
        4,
        3,
        6,
        7,
        2,
        4,
        4,
        5,
        5,
        4,
        3,
        2,
        7,
        2,
        7,
        5,
        7,
        2
    ],
    "rewards": [
        0,
        0,
        0.018268812527185707,
        0.016659547202050318,
        0.02941176470588225,
        0.015918367346938744,
        0.015668943350743314,
        0.015427215189873333,
        0.015192832099727216,
        0.024558710667689887,
        0.014606741573033766,
        0.01698043558508666,
        0.014156079854809489,
        0.013958482462419486,
        0.013766325450052852,
        0.022284122562674202,
        0.023841961852861138,
        0.02328675981370587,
        0.02080624187256186,
        0.012420382165605037,
        0.0122680088078011,
        0.01211932877563715,
        0.011974209395148927,
        0.011832524271844669,
        0.011694152923538148,
        0.011558980438648447
    ],
    "states": [
        2084.0,
        2299.0,
        2341.0,
        2380.0,
        2450.0,
        2489.0,
        2528.0,
        2567.0,
        2606.0,
        2670.0,
        2709.0,
        2755.0,
        2794.0,
        2833.0,
        2872.0,
        2936.0,
        3006.0,
        3076.0,
        3140.0,
        3179.0,
        3218.0,
        3257.0,
        3296.0,
        3335.0,
        3374.0,
        3413.0
    ],
    "selections": [
        null,
        null,
        "_trust:Source",
        "_statement_novelty:Actor-Source",
        "_complement_gaps:Instance-attribute-character",
        "_trust:Source",
        "_statement_novelty:Actor-Source",
        "_trust:Source",
        "_statement_novelty:Actor-Source",
        "_subject_gaps:Instance-attribute-character",
        "_entity_novelty:Instance-attribute",
        "_overlaps:attribute",
        "_trust:Source",
        "_statement_novelty:Actor-Source",
        "_subject_gaps:Instance-attribute-character",
        "_subject_gaps:Instance-attribute-character",
        "_complement_gaps:Instance-attribute-character",
        "_complement_gaps:Instance-attribute-character",
        "_subject_gaps:Instance-attribute-character",
        "_entity_novelty:Instance-attribute",
        "_statement_novelty:Actor-Source",
        "_trust:Source",
        "_statement_novelty:Actor-Source",
        "_trust:Source",
        "_complement_gaps:Instance-attribute-character",
        "_trust:Source"
    ]
}