{
    "abstract_actions": [
        null,
        5,
        4,
        2,
        7,
        7,
        4,
        4,
        5,
        4,
        5
    ],
    "specific_actions": [
        null,
        11,
        null,
        25,
        25,
        25,
        null,
        null,
        11,
        null,
        11
    ],
    "rewards": [
        0,
        0,
        0.01305800182204675,
        0.011990407673860837,
        0.015995260663507205,
        0.011661807580174877,
        0.011527377521613813,
        0.021937321937322007,
        0.01951491497072766,
        0.010937927262783642,
        0.020827698133621952
    ],
    "states": [
        3214.0,
        3293.0,
        3336.0,
        3376.0,
        3430.0,
        3470.0,
        3510.0,
        3587.0,
        3657.0,
        3697.0,
        3774.0
    ],
    "selections": [
        null,
        null,
        "_complement_gaps:Instance-attribute-character",
        "_subject_gaps:Instance-attribute-character",
        "_statement_novelty:Actor-Source",
        "_trust:Source",
        "_trust:Source",
        "_subject_gaps:Instance-character-enchantment",
        "_subject_gaps:Instance-character-personality-trait",
        "_complement_gaps:Instance-attribute-character",
        "_subject_gaps:Instance-attribute-character"
    ]
}