{
    "abstract_actions": [
        null,
        5,
        7,
        2,
        2,
        4,
        7,
        2,
        4,
        4,
        6
    ],
    "specific_actions": [
        null,
        11,
        25,
        25,
        25,
        null,
        25,
        25,
        null,
        null,
        null
    ],
    "rewards": [
        0,
        0,
        -0.006215626155736564,
        -0.004473058711235045,
        0.0025860205368402056,
        0.00034226899898537333,
        -0.0026470465281550615,
        0.00040970226168446366,
        0.00034976073889270154,
        -0.0042137554142502864,
        -0.0026395722135641453
    ],
    "states": [
        11.742296918767506,
        10.985714285714286,
        10.917431192660551,
        10.868596881959911,
        10.896703296703297,
        10.9004329004329,
        10.871578947368421,
        10.87603305785124,
        10.879837067209776,
        10.83399209486166,
        10.80539499036609
    ],
    "selections": [
        null,
        null,
        "_complement_gaps:Instance-attribute-character",
        "_trust:Source",
        "_statement_novelty:Actor-Source",
        "_statement_novelty:Actor-Source",
        "_subject_gaps:Instance-character-gender",
        "_trust:Source",
        "_statement_novelty:Actor-Source",
        "_subject_gaps:Instance-ability-character",
        "_subject_gaps:Instance-attribute-character"
    ]
}