{
    "abstract_actions": [
        null,
        3,
        4,
        5,
        3,
        3,
        3,
        2,
        4,
        5,
        4
    ],
    "specific_actions": [
        null,
        11,
        null,
        11,
        11,
        null,
        11,
        25,
        null,
        11,
        null
    ],
    "rewards": [
        0,
        0,
        0.014654570830425762,
        0.022008253094910613,
        0.02355316285329745,
        0.020710059171597628,
        0.02061191626409009,
        0.012306721363205986,
        0.01558603491271815,
        0.019643953345610754,
        0.019265502709211235
    ],
    "states": [
        2779.0,
        2866.0,
        2908.0,
        2972.0,
        3042.0,
        3105.0,
        3169.0,
        3208.0,
        3258.0,
        3322.0,
        3386.0
    ],
    "selections": [
        null,
        null,
        "_entity_novelty:Instance-attribute",
        "_subject_gaps:Instance-age-character",
        "_complement_gaps:Instance-attribute-character",
        "_entity_novelty:Instance-attribute",
        "_entity_novelty:Instance-character",
        "_entity_novelty:Instance-attribute",
        "_statement_novelty:Actor-Source",
        "_subject_gaps:Instance-character-physical-appearance",
        "_complement_gaps:Instance-attribute-character"
    ]
}