{
    "abstract_actions": [
        null,
        5,
        4,
        4,
        6,
        6,
        5,
        3,
        6,
        3,
        7
    ],
    "specific_actions": [
        null,
        11,
        null,
        null,
        11,
        11,
        11,
        11,
        null,
        null,
        25
    ],
    "rewards": [
        0,
        0,
        0.025668073136427605,
        0.0219403496743229,
        0.021469305602146882,
        0.01904761904761898,
        0.01869158878504673,
        0.020246757355267375,
        0.019534883720930152,
        0.017335766423357768,
        0.019133034379671177
    ],
    "states": [
        2757.0,
        2844.0,
        2917.0,
        2981.0,
        3045.0,
        3103.0,
        3161.0,
        3225.0,
        3288.0,
        3345.0,
        3409.0
    ],
    "selections": [
        null,
        null,
        "_complement_gaps:Instance-attribute-character",
        "_subject_gaps:Instance-character-gender",
        "_subject_gaps:Instance-attribute-character",
        "_overlaps:attribute-physical-appearance",
        "_overlaps:attribute-physical-appearance",
        "_complement_gaps:Instance-attribute-character-physical-appearance",
        "_entity_novelty:Instance-attribute",
        "_overlaps:character",
        "_entity_novelty:Instance-character"
    ]
}