{
    "abstract_actions": [
        null,
        7,
        4,
        7,
        4,
        3,
        3,
        7,
        4,
        5,
        4
    ],
    "specific_actions": [
        null,
        25,
        null,
        25,
        null,
        null,
        11,
        25,
        null,
        11,
        null
    ],
    "rewards": [
        0,
        0,
        -0.00583078149251226,
        -0.0048584289513499135,
        0.00043847089984949683,
        -0.004491539095069386,
        -0.0024176954732509914,
        0.00045298817592631657,
        0.0005109116668884361,
        -0.0022480756086301623,
        -0.00380823611743375
    ],
    "states": [
        11.742296918767506,
        10.985714285714286,
        10.921658986175116,
        10.868596881959911,
        10.873362445414847,
        10.824524312896406,
        10.798353909465021,
        10.803245436105477,
        10.808764940239044,
        10.784466019417476,
        10.743396226415094
    ],
    "selections": [
        null,
        null,
        "_trust:Source",
        "_subject_gaps:Instance-attribute-character",
        "_trust:Source",
        "_subject_gaps:Instance-activity-character",
        "_entity_novelty:Instance-character",
        "_entity_novelty:Instance-attribute",
        "_trust:Source",
        "_subject_gaps:Instance-attribute-character",
        "_complement_gaps:Instance-attribute-character"
    ]
}