{
    "abstract_actions": [
        null,
        5,
        3,
        3,
        7,
        7,
        7,
        5,
        5,
        7,
        7
    ],
    "specific_actions": [
        null,
        11,
        null,
        11,
        25,
        25,
        25,
        11,
        11,
        25,
        25
    ],
    "rewards": [
        0,
        0,
        0.011777576306545745,
        0.008560638679100396,
        0.006338310184162088,
        0.00918692217428907,
        0.00577711097014455,
        0.005586161542858736,
        0.007988033406353567,
        0.008350264658053108,
        0.005558640957341376
    ],
    "states": [
        2.261951971799956,
        2.3403682236617795,
        2.367932089001371,
        2.388203100031959,
        2.403340272062739,
        2.4254195721005143,
        2.439431490117699,
        2.453058548494233,
        2.4726536621273465,
        2.493300974613814,
        2.507160339530282
    ],
    "selections": [
        null,
        null,
        "_complement_gaps:Instance-attribute-character",
        "_entity_novelty:Instance-character",
        "_entity_novelty:Instance-attribute",
        "_trust:Source",
        "_trust:Source",
        "_trust:Source",
        "_complement_gaps:Instance-attribute-character",
        "_complement_gaps:Instance-attribute-character",
        "_trust:Source"
    ]
}