{
    "abstract_actions": [
        null,
        3,
        5,
        7,
        2,
        4,
        3,
        3,
        4,
        3,
        7
    ],
    "specific_actions": [
        null,
        11,
        11,
        25,
        25,
        null,
        11,
        null,
        null,
        11,
        25
    ],
    "rewards": [
        0,
        0,
        0.012338754907459393,
        0.023268698060941784,
        0.015701136978884644,
        0.010927505330490472,
        0.020036910097548155,
        0.019384853967433502,
        0.01926977687626774,
        0.018905472636815857,
        0.016357421875
    ],
    "states": [
        3445.0,
        3566.0,
        3610.0,
        3694.0,
        3752.0,
        3793.0,
        3869.0,
        3944.0,
        4020.0,
        4096.0,
        4163.0
    ],
    "selections": [
        null,
        null,
        "_entity_novelty:Instance-attribute",
        "_complement_gaps:Instance-attribute-character",
        "_trust:Source",
        "_statement_novelty:Actor-Source",
        "_subject_gaps:Instance-ancestry-character",
        "_entity_novelty:Instance-attribute",
        "_entity_novelty:Instance-character",
        "_subject_gaps:Instance-ancestry-character",
        "_entity_novelty:Instance-attribute"
    ]
}