{
    "actions": [
        null,
        4,
        4,
        6,
        5,
        4,
        2,
        2,
        4,
        6,
        5
    ],
    "rewards": [
        0,
        0,
        0.11832964644700583,
        0.1045945585489465,
        -0.013161358252171684,
        0.08931899641577057,
        -0.010469867211440276,
        -0.010361384887541014,
        -0.010255127563781996,
        0.08160354156419092,
        -0.01214771622934896
    ],
    "states": [
        0.001713796058269066,
        0.001943364797334814,
        0.0021733224667209996,
        0.00240064017071219,
        0.0023690444853908922,
        0.0025806451612903226,
        0.002553626149131767,
        0.0025271670457417236,
        0.0025012506253126563,
        0.0027053615346778162,
        0.002672497570456754
    ],
    "selections": [
        null,
        null,
        "_subject_gaps:Instance-attribute-character",
        "_subject_gaps:Instance-attribute-character",
        "_overlaps:character",
        "_complement_gaps:Instance-attribute-character",
        "_subject_gaps:Instance-attribute-character",
        "_statement_novelty:Actor-Source",
        "_statement_novelty:Actor-Source",
        "_subject_gaps:Instance-attribute-character",
        "_overlaps:character"
    ]
}