{"metadata": {"c": 1.9999999915999993, "t": 43, "decay": 2e-10}, "data": {"object_gap": {"value": 1752.8, "count": 10, "uncertainty": 1.2265724738635673}, "-subj": {"value": 1561.0000000000002, "count": 13, "uncertainty": 1.075775224463303}, "robot": {"value": 1364.75, "count": 4, "uncertainty": 1.9393813663381112}, "location": {"value": 3061.333333333334, "count": 9, "uncertainty": 1.292920910892074}, "song": {"value": 2679.0, "count": 1, "uncertainty": 3.8787627326762224}, "subject_gap": {"value": 2131.9999999999995, "count": 19, "uncertainty": 0.8898491988267011}, "-compl": {"value": 2084.55, "count": 20, "uncertainty": 0.8673177138856879}, "person": {"value": 1840.7, "count": 10, "uncertainty": 1.2265724738635673}, "interest": {"value": 2643.0, "count": 1, "uncertainty": 3.8787627326762224}, "-none": {"value": 1118.0, "count": 3, "uncertainty": 2.2394047078333057}, "entity_novelty": {"value": 845.5000000000001, "count": 4, "uncertainty": 1.9393813663381112}, "statement_novelty": {"value": 1888.0, "count": 2, "uncertainty": 2.7426994308890205}, "institution": {"value": 1013.0000000000001, "count": 4, "uncertainty": 1.9393813663381112}, "book": {"value": 2898.0, "count": 2, "uncertainty": 2.7426994308890205}, "taste": {"value": 2784.0, "count": 1, "uncertainty": 3.8787627326762224}, "touch": {"value": 3016.0, "count": 1, "uncertainty": 3.8787627326762224}, "agent": {"value": 2269.75, "count": 4, "uncertainty": 1.9393813663381112}, "dish": {"value": 1377.0, "count": 3, "uncertainty": 2.2394047078333057}, "smell": {"value": 3146.0, "count": 1, "uncertainty": 3.8787627326762224}, "object": {"value": 2712.0, "count": 1, "uncertainty": 3.8787627326762224}, "_trust": {"value": 1338.0, "count": 3, "uncertainty": 2.2394047078333057}, "food": {"value": 1567.0, "count": 2, "uncertainty": 2.7426994308890205}, "overlap": {"value": 1306.6666666666665, "count": 3, "uncertainty": 2.2394047078333057}, "cuisine": {"value": 2765.222222222222, "count": 9, "uncertainty": 1.292920910892074}, "country": {"value": 63.0, "count": 2, "uncertainty": 2.7426994308890205}, "city": {"value": 63.0, "count": 2, "uncertainty": 2.7426994308890205}, "sensor": {"value": 62.0, "count": 1, "uncertainty": 3.8787627326762224}, "sport": {"value": 61.0, "count": 1, "uncertainty": 3.8787627326762224}, "drink": {"value": 55.0, "count": 1, "uncertainty": 3.8787627326762224}, "communication": {"value": 39.0, "count": 1, "uncertainty": 3.8787627326762224}, "no_statement_novelty": {"value": 58.0, "count": 1, "uncertainty": 3.8787627326762224}, "source": {"value": 64.0, "count": 1, "uncertainty": 3.8787627326762224}}}