{
    "abstract_actions": [
        null,
        4,
        7,
        7,
        5,
        7,
        2,
        2,
        7,
        4,
        7
    ],
    "specific_actions": [
        null,
        null,
        25,
        25,
        11,
        25,
        25,
        25,
        25,
        null,
        25
    ],
    "rewards": [
        0,
        0,
        0.06621004566210043,
        0.03854389721627416,
        0.01855670103092777,
        0.05668016194331993,
        0.026819923371647514,
        0.016791044776119257,
        0.016513761467890076,
        0.016245487364620947,
        0.04262877442273538
    ],
    "states": [
        7.0588235294117645,
        8.588235294117647,
        9.156862745098039,
        9.509803921568627,
        9.686274509803921,
        10.235294117647058,
        10.509803921568627,
        10.686274509803921,
        10.862745098039216,
        11.03921568627451,
        11.509803921568627
    ],
    "selections": [
        null,
        null,
        "_subject_gaps:Instance-attribute-character",
        "_trust:Source",
        "_trust:Source",
        "_complement_gaps:Instance-attribute-character",
        "_trust:Source",
        "_statement_novelty:Actor-Source",
        "_statement_novelty:Actor-Source",
        "_trust:Source",
        "_subject_gaps:Instance-character-institution"
    ]
}