{
    "abstract_actions": [
        null,
        4,
        7,
        7,
        4,
        4,
        4,
        4,
        4,
        5,
        3
    ],
    "specific_actions": [
        null,
        null,
        25,
        25,
        null,
        null,
        null,
        null,
        null,
        11,
        11
    ],
    "rewards": [
        0,
        0,
        0.004774061304893884,
        0.003630815339630722,
        0.0029655679061850737,
        0.0046291743646624806,
        0.005007729125041216,
        0.00425069041275683,
        0.0035811267867025265,
        0.002520337612383239,
        0.0038770297125856334
    ],
    "states": [
        2.461235086491059,
        2.484908490849085,
        2.49677159632145,
        2.505836912932928,
        2.513268142460056,
        2.5249024989166546,
        2.5375465266983688,
        2.5483328513913297,
        2.557458754426881,
        2.563904413917782,
        2.5738447475107704
    ],
    "selections": [
        null,
        null,
        "_subject_gaps:Instance-ability-character",
        "_trust:Source",
        "_trust:Source",
        "_subject_gaps:Instance-attribute-character",
        "_subject_gaps:Instance-attribute-character",
        "_subject_gaps:Instance-ancestry-character",
        "_subject_gaps:Instance-attribute-character",
        "_subject_gaps:Instance-activity-character",
        "_complement_gaps:Instance-attribute-character"
    ]
}