{
    "abstract_actions": [
        null,
        5,
        4,
        3,
        4,
        4,
        7,
        2,
        4,
        5,
        4
    ],
    "specific_actions": [
        null,
        11,
        null,
        11,
        null,
        null,
        25,
        25,
        null,
        11,
        null
    ],
    "rewards": [
        0,
        0,
        0.010184460965036335,
        0.01015119316534463,
        0.009516681638100488,
        0.008925366033158966,
        0.008394806643239328,
        0.007943128106182362,
        0.00507627870858518,
        0.007211718075847973,
        0.006824644475339703
    ],
    "states": [
        2.261951971799956,
        2.3403682236617795,
        2.3642036124794745,
        2.388203100031959,
        2.410930868622088,
        2.432449309105182,
        2.452869250724601,
        2.4723527054108216,
        2.4849030568094115,
        2.5028234771009337,
        2.519904357516681
    ],
    "selections": [
        null,
        null,
        "_complement_gaps:Instance-attribute-character",
        "_subject_gaps:Instance-attribute-character",
        "_entity_novelty:Instance-attribute",
        "_subject_gaps:Instance-age-character",
        "_subject_gaps:Instance-character-institution",
        "_trust:Source",
        "_statement_novelty:Actor-Source",
        "_subject_gaps:Instance-attribute-character",
        "_complement_gaps:Instance-attribute-character"
    ]
}