{
    "actions": [
        null,
        7,
        4,
        5,
        4,
        5,
        4,
        5,
        3,
        5,
        7
    ],
    "rewards": [
        0,
        0,
        0.001982974306540042,
        0.0018284060970310545,
        -0.00038297067780179717,
        0.0006818007889410893,
        -0.00037424899587668037,
        0.0006502475585348222,
        0.0006273850110136703,
        0.002435294117647091,
        0.0015394159409967134
    ],
    "states": [
        12.198675496688741,
        12.169105691056911,
        12.193236714975846,
        12.21553090332805,
        12.210852713178294,
        12.219178082191782,
        12.214605067064083,
        12.222547584187408,
        12.23021582733813,
        12.26,
        12.278873239436619
    ],
    "selections": [
        null,
        null,
        "_trust:Source",
        "_subject_gaps:Instance-attribute-character",
        "_complement_gaps:Instance-attribute-character",
        "_subject_gaps:Instance-attribute-character",
        "_complement_gaps:Instance-attribute-character",
        "_subject_gaps:Instance-attribute-character",
        "_complement_gaps:Instance-attribute-character",
        "_entity_novelty:Instance-attribute",
        "_complement_gaps:Instance-attribute-character"
    ]
}