{
    "abstract_actions": [
        null,
        4,
        3,
        7,
        5,
        7,
        7,
        4,
        3,
        4,
        3
    ],
    "specific_actions": [
        null,
        null,
        11,
        25,
        11,
        25,
        25,
        null,
        11,
        null,
        11
    ],
    "rewards": [
        0,
        0,
        0.022581732389619136,
        0.01285431773236656,
        0.016270745200130277,
        0.020493115593980038,
        0.015688735487919603,
        0.012048192771084265,
        0.02136752136752129,
        0.011655708308427881,
        0.018906942392909798
    ],
    "states": [
        2887.0,
        2967.0,
        3034.0,
        3073.0,
        3123.0,
        3187.0,
        3237.0,
        3276.0,
        3346.0,
        3385.0,
        3449.0
    ],
    "selections": [
        null,
        null,
        "_subject_gaps:Instance-character-enchantment",
        "_entity_novelty:Instance-attribute",
        "_trust:Source",
        "_complement_gaps:Instance-attribute-character",
        "_trust:Source",
        "_trust:Source",
        "_subject_gaps:Instance-attribute-character",
        "_entity_novelty:Instance-attribute",
        "_subject_gaps:Instance-character-designation"
    ]
}