{
    "abstract_actions": [
        null,
        4,
        7,
        7,
        7,
        7,
        4,
        4,
        3,
        7,
        5
    ],
    "specific_actions": [
        null,
        null,
        25,
        25,
        25,
        25,
        null,
        null,
        11,
        25,
        11
    ],
    "rewards": [
        0,
        0,
        -0.0013686865976062501,
        0.002404871804817521,
        0.0010966156173188857,
        0.0026888828235616113,
        0.0010371059979157327,
        0.0004900147328932292,
        0.0004716907458024444,
        0.001278975009054717,
        0.00027416188711093525
    ],
    "states": [
        12.366548042704625,
        12.273037542662117,
        12.256239600665557,
        12.285714285714286,
        12.299186991869918,
        12.332258064516129,
        12.345047923322683,
        12.351097178683386,
        12.356923076923078,
        12.372727272727273,
        12.376119402985074
    ],
    "selections": [
        null,
        null,
        "_subject_gaps:Instance-activity-character",
        "_trust:Source",
        "_trust:Source",
        "_trust:Source",
        "_trust:Source",
        "_subject_gaps:Instance-age-character",
        "_subject_gaps:Instance-ancestry-character",
        "_entity_novelty:Instance-attribute",
        "_trust:Source"
    ]
}