{
    "abstract_actions": [
        null,
        4,
        2,
        4,
        4,
        4,
        5,
        3,
        4,
        6,
        4
    ],
    "specific_actions": [
        null,
        null,
        25,
        null,
        null,
        null,
        11,
        11,
        null,
        null,
        null
    ],
    "rewards": [
        0,
        0,
        0.014383561643835696,
        0.020256583389601568,
        0.021178027796161514,
        0.020738820479585307,
        0.02031746031746029,
        0.01991288114499068,
        0.01189749847467958,
        0.017184202592704256,
        0.016893894487255423
    ],
    "states": [
        2833.0,
        2920.0,
        2962.0,
        3022.0,
        3086.0,
        3150.0,
        3214.0,
        3278.0,
        3317.0,
        3374.0,
        3431.0
    ],
    "selections": [
        null,
        null,
        "_subject_gaps:Instance-character-object",
        "_statement_novelty:Actor-Source",
        "_subject_gaps:Instance-attribute-character",
        "_subject_gaps:Instance-attribute-character",
        "_subject_gaps:Instance-ability-character",
        "_complement_gaps:Instance-attribute-character",
        "_entity_novelty:Instance-attribute",
        "_subject_gaps:Instance-attribute-character",
        "_overlaps:character"
    ]
}