{
    "abstract_actions": [
        null,
        3,
        7,
        2,
        4,
        5,
        5,
        3,
        4,
        6,
        4
    ],
    "specific_actions": [
        null,
        11,
        25,
        25,
        null,
        11,
        11,
        11,
        null,
        11,
        null
    ],
    "rewards": [
        0,
        0,
        0.00520612505538165,
        0.010565059730854642,
        0.006543356212113549,
        0.00946001423470788,
        0.0098652330714879,
        0.009193684653244771,
        0.005253529546748847,
        0.00747887909504974,
        0.005159717496083127
    ],
    "states": [
        2.261951971799956,
        2.3403682236617795,
        2.352552473309804,
        2.377407330710292,
        2.3929635537364193,
        2.415601023017903,
        2.439431490117699,
        2.4618588539710364,
        2.4747923022002984,
        2.493300974613814,
        2.50616570327553
    ],
    "selections": [
        null,
        null,
        "_entity_novelty:Instance-attribute",
        "_trust:Source",
        "_statement_novelty:Actor-Source",
        "_subject_gaps:Instance-attribute-character",
        "_complement_gaps:Instance-attribute-character",
        "_complement_gaps:Instance-attribute-character",
        "_entity_novelty:Instance-attribute",
        "_subject_gaps:Instance-character-physical-appearance",
        "_overlaps:attribute-physical-appearance"
    ]
}