{
    "actions": [
        null,
        4,
        4,
        5,
        5,
        5,
        7,
        7,
        4,
        3,
        7
    ],
    "rewards": [
        0,
        0,
        0.05239179954441919,
        0.04978354978354971,
        0.05567010309278353,
        0.052734375,
        0.05009276437847876,
        0.01590106007067149,
        0.01565217391304352,
        0.046232876712328785,
        0.014729950900163713
    ],
    "states": [
        7.0588235294117645,
        8.607843137254902,
        9.058823529411764,
        9.509803921568627,
        10.03921568627451,
        10.568627450980392,
        11.098039215686274,
        11.27450980392157,
        11.450980392156863,
        11.980392156862745,
        12.156862745098039
    ],
    "selections": [
        null,
        null,
        "_subject_gaps:Instance-attribute-character",
        "_subject_gaps:Instance-attribute-character",
        "_complement_gaps:Instance-attribute-character",
        "_complement_gaps:Instance-attribute-character",
        "_complement_gaps:Instance-attribute-character",
        "_trust:Source",
        "_trust:Source",
        "_subject_gaps:Instance-attribute-character",
        "_entity_novelty:Instance-attribute"
    ]
}