{
    "actions": [
        null,
        3,
        7,
        4,
        3,
        2,
        4,
        3,
        6,
        6,
        4
    ],
    "rewards": [
        0,
        0,
        1.0145027624309393,
        1.0132743362831858,
        1.0214981525025193,
        1.012824728707662,
        1.0126623376623376,
        1.0224430907342097,
        1.020068987143305,
        1.0141407931140485,
        1.0139436192785694
    ],
    "states": [
        2809.0,
        2896.0,
        2938.0,
        2977.0,
        3041.0,
        3080.0,
        3119.0,
        3189.0,
        3253.0,
        3299.0,
        3345.0
    ],
    "selections": [
        null,
        null,
        "_entity_novelty:Instance-attribute",
        "_trust:Source",
        "_subject_gaps:Instance-attribute-character",
        "_entity_novelty:Instance-attribute",
        "_statement_novelty:Actor-Source",
        "_subject_gaps:Instance-attribute-character",
        "_entity_novelty:Instance-attribute",
        "_overlaps:character",
        "_overlaps:character"
    ]
}