{
    "abstract_actions": [
        null,
        5,
        5,
        4,
        3,
        5,
        5,
        5,
        5,
        3,
        7
    ],
    "specific_actions": [
        null,
        11,
        11,
        null,
        11,
        11,
        11,
        11,
        11,
        11,
        25
    ],
    "rewards": [
        0,
        0,
        -0.00014081879085947602,
        0.0006761599523983364,
        0.0006503642039541457,
        0.0010741138560688146,
        0.000352218323179887,
        -0.00045424512718861276,
        -0.0004359025163463981,
        -0.0004186489058040088,
        0.0009817238171747622
    ],
    "states": [
        12.308747855917668,
        12.235489220563847,
        12.233766233766234,
        12.242038216560509,
        12.25,
        12.263157894736842,
        12.267477203647417,
        12.261904761904763,
        12.256559766763848,
        12.251428571428571,
        12.263456090651559
    ],
    "selections": [
        null,
        null,
        "_complement_gaps:Instance-attribute-character",
        "_complement_gaps:Instance-attribute-character",
        "_subject_gaps:Instance-character-personality-trait",
        "_entity_novelty:Instance-attribute",
        "_complement_gaps:Instance-attribute-character",
        "_complement_gaps:Instance-attribute-character",
        "_complement_gaps:Instance-attribute-character",
        "_complement_gaps:Instance-attribute-character",
        "_entity_novelty:Instance-attribute"
    ]
}