{
    "abstract_actions": [
        null,
        3,
        2,
        2,
        7,
        7,
        5,
        5,
        3,
        4,
        7
    ],
    "specific_actions": [
        null,
        11,
        25,
        25,
        25,
        25,
        11,
        11,
        null,
        null,
        25
    ],
    "rewards": [
        0,
        0,
        0.022831050228310668,
        0.040178571428571175,
        0.0193133047210301,
        0.0189473684210526,
        0.018595041322313932,
        0.05679513184584173,
        0.053742802303263115,
        0.016393442622950838,
        0.043010752688172005
    ],
    "states": [
        7.0588235294117645,
        8.588235294117647,
        8.784313725490197,
        9.137254901960784,
        9.313725490196079,
        9.490196078431373,
        9.666666666666666,
        10.215686274509803,
        10.764705882352942,
        10.941176470588236,
        11.411764705882353
    ],
    "selections": [
        null,
        null,
        "_entity_novelty:Instance-attribute",
        "_statement_novelty:Actor-Source",
        "_statement_novelty:Actor-Source",
        "_trust:Source",
        "_trust:Source",
        "_complement_gaps:Instance-attribute-character",
        "_complement_gaps:Instance-attribute-character",
        "_entity_novelty:Instance-character",
        "_subject_gaps:Instance-character-product"
    ]
}