{
    "abstract_actions": [
        null,
        3,
        5,
        5,
        6,
        2,
        6,
        4,
        5,
        4,
        7
    ],
    "specific_actions": [
        null,
        11,
        11,
        11,
        null,
        25,
        null,
        null,
        11,
        null,
        25
    ],
    "rewards": [
        0,
        0,
        0.0015346072250128628,
        -0.0001078570247279309,
        -0.0004272797441834397,
        0.002801734882097673,
        0.0021302677289474214,
        0.00376435823993182,
        -0.0017172143871416745,
        -0.0002208107271023385,
        0.0019592394657654832
    ],
    "states": [
        10.76280834914611,
        10.704587155963303,
        10.721014492753623,
        10.71985815602837,
        10.715277777777779,
        10.745299145299144,
        10.76818950930626,
        10.808724832214764,
        10.79016393442623,
        10.787781350482316,
        10.80891719745223
    ],
    "selections": [
        null,
        null,
        "_entity_novelty:Instance-attribute",
        "_complement_gaps:Instance-attribute-character",
        "_complement_gaps:Instance-attribute-character",
        "_overlaps:character",
        "_statement_novelty:Actor-Source",
        "_overlaps:character",
        "_subject_gaps:Instance-age-character",
        "_complement_gaps:Instance-attribute-character",
        "_subject_gaps:Instance-attribute-character"
    ]
}