{
    "actions": [
        null,
        4,
        7,
        2,
        7,
        5,
        3,
        5,
        6,
        2,
        2
    ],
    "rewards": [
        0,
        0,
        0.0546697038724373,
        0.019438444924406273,
        0.01906779661016933,
        0.018711018711018657,
        0.0591836734693878,
        0.044315992292870865,
        0.04243542435424352,
        0.02300884955752225,
        0.015570934256055269
    ],
    "states": [
        7.0588235294117645,
        8.607843137254902,
        9.07843137254902,
        9.254901960784315,
        9.431372549019608,
        9.607843137254902,
        10.176470588235293,
        10.627450980392156,
        11.07843137254902,
        11.333333333333334,
        11.509803921568627
    ],
    "selections": [
        null,
        null,
        "_subject_gaps:Instance-attribute-character",
        "_trust:Source",
        "_statement_novelty:Actor-Source",
        "_trust:Source",
        "_complement_gaps:Instance-attribute-character",
        "_entity_novelty:Instance-character",
        "_complement_gaps:Instance-attribute-character",
        "_overlaps:character",
        "_statement_novelty:Actor-Source"
    ]
}