{
    "abstract_actions": [
        null,
        7,
        5,
        3,
        7,
        2,
        2,
        7,
        4,
        3,
        4
    ],
    "specific_actions": [
        null,
        25,
        11,
        null,
        25,
        25,
        25,
        25,
        null,
        11,
        null
    ],
    "rewards": [
        0,
        0,
        -0.026582278481012578,
        0.4569672131147542,
        -0.015732150060508432,
        -0.019770660340055257,
        -0.015186915887850594,
        -0.014959723820483273,
        -0.01473922902494329,
        0.3018450184501844,
        -0.014186977082575436
    ],
    "states": [
        0.0,
        0.0008669267446900737,
        0.0008438818565400844,
        0.0012295081967213116,
        0.0012101653892698668,
        0.0011862396204033216,
        0.0011682242990654205,
        0.0011507479861910242,
        0.0011337868480725624,
        0.0014760147601476014,
        0.0014550745725718443
    ],
    "selections": [
        null,
        null,
        "_trust:Source",
        "_complement_gaps:Instance-attribute-character",
        "_entity_novelty:Instance-character",
        "_trust:Source",
        "_statement_novelty:Actor-Source",
        "_statement_novelty:Actor-Source",
        "_trust:Source",
        "_subject_gaps:Instance-attribute-character",
        "_entity_novelty:Instance-attribute"
    ]
}