{
    "abstract_actions": [
        null,
        5,
        3,
        7,
        5,
        4,
        3,
        4,
        5,
        7,
        2
    ],
    "specific_actions": [
        null,
        11,
        null,
        25,
        11,
        null,
        null,
        null,
        11,
        25,
        25
    ],
    "rewards": [
        0,
        0,
        -0.04018678793601638,
        -0.030169180358532888,
        -0.031193675504734952,
        -0.028872443801632675,
        -0.029778149717914038,
        -0.022132100605496086,
        -0.026236992571123108,
        -0.030418517561983327,
        -0.01608712041936855
    ],
    "states": [
        0.013134665630958265,
        0.01056689342403628,
        0.01014224391886205,
        0.009836260732833666,
        0.009529431607353686,
        0.009254293628808865,
        0.008978717887596657,
        0.00878,
        0.00854963920522554,
        0.008289571854912765,
        0.008156216514257774
    ],
    "selections": [
        null,
        null,
        "_complement_gaps:Instance-attribute-character",
        "_entity_novelty:Instance-character",
        "_trust:Source",
        "_complement_gaps:Instance-attribute-character",
        "_subject_gaps:Instance-attribute-character",
        "_entity_novelty:Instance-character",
        "_subject_gaps:Instance-character-physical-appearance",
        "_complement_gaps:Instance-attribute-character",
        "_trust:Source"
    ]
}