{
    "actions": [
        null,
        5,
        3,
        4,
        5,
        7,
        5,
        7,
        5,
        5,
        2
    ],
    "rewards": [
        0,
        0,
        0.03175293605915619,
        0.026981450252951067,
        0.026272577996715896,
        0.028000000000000025,
        0.015175097276264538,
        0.02683020314296658,
        0.014557670772676445,
        0.023546725533480473,
        0.014018691588784993
    ],
    "states": [
        2084.0,
        2299.0,
        2372.0,
        2436.0,
        2500.0,
        2570.0,
        2609.0,
        2679.0,
        2718.0,
        2782.0,
        2821.0
    ],
    "selections": [
        null,
        null,
        "_complement_gaps:Instance-attribute-character",
        "_entity_novelty:Instance-character",
        "_subject_gaps:Instance-attribute-character",
        "_complement_gaps:Instance-attribute-character",
        "_trust:Source",
        "_complement_gaps:Instance-attribute-character",
        "_trust:Source",
        "_complement_gaps:Instance-attribute-character",
        "_complement_gaps:Instance-attribute-character"
    ]
}