{
    "abstract_actions": [
        null,
        4,
        4,
        3,
        6,
        3,
        5,
        5,
        5,
        5,
        7
    ],
    "specific_actions": [
        null,
        null,
        null,
        11,
        null,
        null,
        11,
        11,
        11,
        11,
        25
    ],
    "rewards": [
        0,
        0,
        0.4576663858466723,
        0.2951445717403165,
        0.2185879537295572,
        -0.02602952602952613,
        0.16822995461422097,
        0.1365757799066567,
        0.11652782063149236,
        0.09966572836030974,
        0.08440170940170932
    ],
    "states": [
        0.0,
        0.0008669267446900737,
        0.0012636899747262005,
        0.0016366612111292963,
        0.001994415636218588,
        0.0019425019425019425,
        0.0022692889561270802,
        0.002579218865143699,
        0.0028797696184305254,
        0.0031667839549612948,
        0.003434065934065934
    ],
    "selections": [
        null,
        null,
        "_subject_gaps:Instance-character-institution",
        "_subject_gaps:Instance-attribute-character",
        "_entity_novelty:Instance-attribute",
        "_overlaps:character",
        "_entity_novelty:Instance-character",
        "_complement_gaps:Instance-attribute-character",
        "_complement_gaps:Instance-attribute-character",
        "_complement_gaps:Instance-attribute-character",
        "_complement_gaps:Instance-attribute-character"
    ]
}