{
    "abstract_actions": [
        null,
        7,
        4,
        4,
        7,
        5,
        3,
        4,
        4,
        5,
        3
    ],
    "specific_actions": [
        null,
        25,
        null,
        null,
        25,
        11,
        11,
        null,
        null,
        11,
        null
    ],
    "rewards": [
        0,
        0,
        0.018288474810213895,
        0.021687563537783783,
        0.018905472636815857,
        0.01627604166666674,
        0.02049967969250477,
        0.012241054613935987,
        0.017674418604651132,
        0.019500304692260828,
        0.02092050209205021
    ],
    "states": [
        2811.0,
        2898.0,
        2951.0,
        3015.0,
        3072.0,
        3122.0,
        3186.0,
        3225.0,
        3282.0,
        3346.0,
        3416.0
    ],
    "selections": [
        null,
        null,
        "_trust:Source",
        "_subject_gaps:Instance-attribute-character",
        "_subject_gaps:Instance-attribute-character",
        "_trust:Source",
        "_complement_gaps:Instance-attribute-character",
        "_entity_novelty:Instance-attribute",
        "_subject_gaps:Instance-character-designation",
        "_subject_gaps:Instance-character-gender",
        "_complement_gaps:Instance-attribute-character"
    ]
}