{
    "abstract_actions": [
        null,
        7,
        2,
        5,
        4,
        4,
        7,
        5,
        4,
        5,
        5
    ],
    "specific_actions": [
        null,
        25,
        25,
        11,
        null,
        null,
        25,
        11,
        null,
        11,
        11
    ],
    "rewards": [
        0,
        0,
        0.003729480390502582,
        0.0033064687669519532,
        0.005173371499321178,
        0.00557460793503739,
        0.005298791402595704,
        0.0033654811872141366,
        0.004894676819289456,
        0.0017975137803059038,
        0.004588250422021378
    ],
    "states": [
        2.4730042880539305,
        2.4909682245422315,
        2.5002582416890267,
        2.508525267474486,
        2.521502800598565,
        2.5355591901190007,
        2.5489945893563757,
        2.557573182693165,
        2.5700916768641298,
        2.5747114520699426,
        2.586524872976486
    ],
    "selections": [
        null,
        null,
        "_trust:Source",
        "_statement_novelty:Actor-Source",
        "_complement_gaps:Instance-attribute-character",
        "_subject_gaps:Instance-character-personality-trait",
        "_subject_gaps:Instance-attribute-character",
        "_trust:Source",
        "_complement_gaps:Instance-attribute-character",
        "_subject_gaps:Instance-character-product",
        "_complement_gaps:Instance-attribute-character"
    ]
}