{
    "abstract_actions": [
        null,
        3,
        3,
        2,
        2,
        2,
        2,
        4,
        5,
        5,
        3
    ],
    "specific_actions": [
        null,
        null,
        11,
        25,
        25,
        25,
        25,
        null,
        11,
        11,
        null
    ],
    "rewards": [
        0,
        0,
        0.029042045947117456,
        0.016427969671440668,
        0.024865312888520563,
        0.015770319450060688,
        0.015525477707006408,
        0.015288122304978335,
        0.024710424710424617,
        0.024114544084400835,
        0.02575423105224428
    ],
    "states": [
        2096.0,
        2307.0,
        2374.0,
        2413.0,
        2473.0,
        2512.0,
        2551.0,
        2590.0,
        2654.0,
        2718.0,
        2788.0
    ],
    "selections": [
        null,
        null,
        "_entity_novelty:Instance-character",
        "_entity_novelty:Instance-attribute",
        "_statement_novelty:Actor-Source",
        "_statement_novelty:Actor-Source",
        "_statement_novelty:Actor-Source",
        "_statement_novelty:Actor-Source",
        "_subject_gaps:Instance-attribute-character",
        "_complement_gaps:Instance-attribute-character",
        "_complement_gaps:Instance-attribute-character"
    ]
}