{
    "abstract_actions": [
        null,
        5,
        7,
        4,
        5,
        5,
        2,
        5,
        4,
        5,
        7
    ],
    "specific_actions": [
        null,
        11,
        25,
        null,
        11,
        11,
        25,
        11,
        null,
        11,
        25
    ],
    "rewards": [
        0,
        0,
        0.008333333333333304,
        0.09090909090909105,
        0.0,
        0.0,
        0.0,
        0.0714285714285714,
        0.0,
        -0.004444444444444473,
        -0.00390625
    ],
    "states": [
        0.9,
        0.9090909090909091,
        0.9166666666666666,
        1.0,
        1.0,
        1.0,
        1.0,
        1.0714285714285714,
        1.0714285714285714,
        1.0666666666666667,
        1.0625
    ],
    "selections": [
        null,
        null,
        "_complement_gaps:Instance-attribute-character",
        "_trust:Source",
        "_subject_gaps:Instance-attribute-character",
        "_complement_gaps:Instance-attribute-character",
        "_complement_gaps:Instance-attribute-character",
        "_statement_novelty:Actor-Source",
        "_complement_gaps:Instance-attribute-character",
        "_subject_gaps:Instance-attribute-character",
        "_complement_gaps:Instance-attribute-character"
    ]
}