{
    "actions": [
        null,
        7,
        4,
        7,
        5,
        3,
        7,
        5,
        5,
        5,
        7
    ],
    "rewards": [
        0,
        0,
        0.01243640474844554,
        0.02345058626465657,
        0.011183851609383622,
        0.022659832748853415,
        0.017937219730941756,
        0.010624514122829831,
        0.019487179487179596,
        0.010311871227364211,
        0.020911127707244237
    ],
    "states": [
        3437.0,
        3538.0,
        3582.0,
        3666.0,
        3707.0,
        3791.0,
        3859.0,
        3900.0,
        3976.0,
        4017.0,
        4101.0
    ],
    "selections": [
        null,
        null,
        "_trust:Source",
        "_subject_gaps:Instance-attribute-character",
        "_trust:Source",
        "_complement_gaps:Instance-attribute-character",
        "_entity_novelty:Instance-attribute",
        "_trust:Source",
        "_complement_gaps:Instance-attribute-character",
        "_complement_gaps:Instance-attribute-character",
        "_complement_gaps:Instance-attribute-character"
    ]
}