{
    "actions": [
        null,
        7,
        2,
        5,
        5,
        7,
        4,
        7,
        5,
        3,
        5
    ],
    "rewards": [
        0,
        0,
        0.0016923434860454112,
        0.0026688194882609206,
        -0.002841047332073132,
        -0.004611927874033528,
        0.0025491291321788623,
        -0.0006701992600934847,
        0.002432450924339191,
        -0.0024769811320753954,
        -0.002357281068059436
    ],
    "states": [
        11.675070028011204,
        10.869976359338061,
        10.888372093023255,
        10.917431192660551,
        10.88641425389755,
        10.836206896551724,
        10.863829787234042,
        10.856548856548857,
        10.882956878850102,
        10.856,
        10.830409356725147
    ],
    "selections": [
        null,
        null,
        "_trust:Source",
        "_statement_novelty:Actor-Source",
        "_complement_gaps:Instance-attribute-character",
        "_complement_gaps:Instance-attribute-character",
        "_trust:Source",
        "_subject_gaps:Instance-attribute-character",
        "_trust:Source",
        "_complement_gaps:Instance-attribute-character",
        "_entity_novelty:Instance-attribute"
    ]
}