{
    "abstract_actions": [
        null,
        5,
        3,
        5,
        5,
        3,
        2,
        2,
        2,
        2,
        7
    ],
    "specific_actions": [
        null,
        11,
        null,
        11,
        11,
        11,
        25,
        25,
        25,
        25,
        25
    ],
    "rewards": [
        0,
        0,
        0.03164282618118763,
        0.026890756302520913,
        0.02864157119476274,
        0.025457438345266592,
        0.015128006206361455,
        0.022927015666794004,
        0.014568546880836752,
        0.014359351988217917,
        0.014156079854809489
    ],
    "states": [
        2096.0,
        2307.0,
        2380.0,
        2444.0,
        2514.0,
        2578.0,
        2617.0,
        2677.0,
        2716.0,
        2755.0,
        2794.0
    ],
    "selections": [
        null,
        null,
        "_complement_gaps:Instance-attribute-character",
        "_entity_novelty:Instance-character",
        "_complement_gaps:Instance-attribute-character",
        "_complement_gaps:Instance-attribute-character",
        "_entity_novelty:Instance-attribute",
        "_statement_novelty:Actor-Source",
        "_statement_novelty:Actor-Source",
        "_statement_novelty:Actor-Source",
        "_statement_novelty:Actor-Source"
    ]
}