{
    "actions": [
        null,
        3,
        7,
        2,
        2,
        7,
        2,
        7,
        5,
        4,
        3
    ],
    "rewards": [
        0,
        0,
        -0.017941050832977368,
        -0.01638655462184868,
        -0.016122364613476714,
        -0.01586655817737992,
        -0.015618742490989157,
        -0.015378548895899069,
        -0.015145631067961074,
        0.4575471698113207,
        0.30189142716777195
    ],
    "states": [
        0.0,
        0.0008699434536755111,
        0.0008543357539513029,
        0.0008403361344537816,
        0.0008267879288962381,
        0.0008136696501220504,
        0.0008009611533840609,
        0.0007886435331230284,
        0.0007766990291262136,
        0.0011320754716981133,
        0.0014738393515106854
    ],
    "selections": [
        null,
        null,
        "_entity_novelty:Instance-attribute",
        "_trust:Source",
        "_statement_novelty:Actor-Source",
        "_statement_novelty:Actor-Source",
        "_trust:Source",
        "_statement_novelty:Actor-Source",
        "_trust:Source",
        "_complement_gaps:Instance-attribute-character",
        "_subject_gaps:Instance-attribute-character"
    ]
}