{
    "abstract_actions": [
        null,
        5,
        7,
        5,
        5,
        5,
        5,
        5,
        4,
        5,
        4
    ],
    "specific_actions": [
        null,
        11,
        25,
        11,
        11,
        11,
        11,
        11,
        null,
        11,
        null
    ],
    "rewards": [
        0,
        0,
        -0.04018678793601638,
        -0.03212547046370984,
        -0.034747146614962476,
        -0.033591326096819696,
        -0.03250937321230263,
        -0.03149446677427514,
        -0.030540596409810328,
        -0.024902316275437042,
        -0.02429817644751775
    ],
    "states": [
        0.013134665630958265,
        0.01056689342403628,
        0.01014224391886205,
        0.009816419561410905,
        0.009475326991676575,
        0.00915703819282517,
        0.008859348620695307,
        0.008580328159919099,
        0.00831827982052328,
        0.008111135385565023,
        0.007914049586776859
    ],
    "selections": [
        null,
        null,
        "_complement_gaps:Instance-attribute-character",
        "_trust:Source",
        "_complement_gaps:Instance-attribute-character",
        "_complement_gaps:Instance-attribute-character",
        "_complement_gaps:Instance-attribute-character",
        "_complement_gaps:Instance-attribute-character",
        "_complement_gaps:Instance-attribute-character",
        "_subject_gaps:Instance-attribute-character",
        "_complement_gaps:Instance-attribute-character"
    ]
}