{
    "actions": [
        null,
        5,
        4,
        4,
        3,
        2,
        5,
        3,
        5,
        3,
        4
    ],
    "rewards": [
        0,
        0,
        0.4538364249578415,
        0.29830322933771214,
        0.21799999999999997,
        -0.015360378101614724,
        -0.015128006206361566,
        0.1682779456193355,
        -0.01451432824711596,
        0.1395250212044108,
        0.11687388987566583
    ],
    "states": [
        0.0,
        0.0008699434536755111,
        0.0012647554806070826,
        0.0016420361247947454,
        0.002,
        0.0019692792437967705,
        0.001939487975174554,
        0.0022658610271903325,
        0.002232973576479345,
        0.002544529262086514,
        0.002841918294849023
    ],
    "selections": [
        null,
        null,
        "_complement_gaps:Instance-attribute-character",
        "_subject_gaps:Instance-attribute-character",
        "_subject_gaps:Instance-attribute-character",
        "_entity_novelty:Instance-attribute",
        "_statement_novelty:Actor-Source",
        "_complement_gaps:Instance-attribute-character",
        "_entity_novelty:Instance-attribute",
        "_complement_gaps:Instance-attribute-character",
        "_entity_novelty:Instance-character"
    ]
}