{
    "abstract_actions": [
        null,
        null,
        5,
        5,
        3,
        3,
        7,
        5,
        7,
        2,
        2
    ],
    "specific_actions": [
        null,
        24,
        24,
        11,
        null,
        11,
        25,
        11,
        25,
        25,
        25
    ],
    "rewards": [
        0,
        0,
        0.019330341732826994,
        0.023704707077548237,
        0.020840224942110464,
        0.020738820479585307,
        0.020000000000000018,
        0.01556178026766264,
        0.019613852283175026,
        0.015028554253080806,
        0.01154871187444484
    ],
    "states": [
        2816.0,
        2897.0,
        2953.0,
        3023.0,
        3086.0,
        3150.0,
        3213.0,
        3263.0,
        3327.0,
        3377.0,
        3416.0
    ],
    "selections": [
        null,
        null,
        "_complement_conflict:Actor-Source-org/ancestry-org/attribute",
        "_complement_gaps:Instance-character-org-ancestry-org-attribute",
        "_complement_gaps:Instance-attribute-character",
        "_entity_novelty:Instance-character",
        "_entity_novelty:Instance-attribute",
        "_trust:Source",
        "_complement_gaps:Instance-attribute-character",
        "_trust:Source",
        "_statement_novelty:Actor-Source"
    ]
}