{
    "actions": [
        null,
        5,
        5,
        5,
        7,
        5,
        4,
        5,
        3,
        7,
        4,
        3,
        4,
        5,
        5,
        4,
        4,
        7,
        7,
        2,
        5,
        3,
        7,
        5,
        6,
        4
    ],
    "rewards": [
        0,
        0,
        0.05813400380538192,
        0.05374208762566712,
        0.0475540386803186,
        -0.008669909071685411,
        -0.00859538784067082,
        -0.008522136769902322,
        0.045976570493145186,
        0.04260942740989204,
        -0.008193445243804942,
        0.03976377952755894,
        -0.008006248779535263,
        0.037238082699533104,
        0.0348663000189644,
        0.032734200429096694,
        0.03080854629241725,
        0.030560634483413507,
        -0.007408745934224692,
        -0.007354260089685982,
        -0.007300569800569701,
        0.02631578947368407,
        0.0277392510402219,
        -0.0070580134274400574,
        0.026445988926846464,
        0.023797525057394076
    ],
    "states": [
        0.0027598896044158236,
        0.0029220049449314453,
        0.0030918727915194345,
        0.003258036490008688,
        0.0034129692832764505,
        0.0033833791499259885,
        0.0033542976939203353,
        0.0033257119102057782,
        0.0034786167382852467,
        0.0036268386056820473,
        0.0035971223021582736,
        0.0037401574803149606,
        0.003710212849052919,
        0.0038483740619588225,
        0.00398255262658828,
        0.004112918302486446,
        0.00423963133640553,
        0.004369197160021846,
        0.0043368268883267076,
        0.004304932735426009,
        0.004273504273504274,
        0.0043859649122807015,
        0.004507628294036061,
        0.004475813393010846,
        0.004594180704441042,
        0.004703510834873173
    ],
    "selections": [
        null,
        null,
        "_complement_gaps:Instance-attribute-character",
        "_complement_gaps:Instance-attribute-character",
        "_complement_gaps:Instance-attribute-character",
        "_trust:Source",
        "_complement_gaps:Instance-attribute-character",
        "_subject_gaps:Instance-attribute-character",
        "_complement_gaps:Instance-attribute-character",
        "_entity_novelty:Instance-attribute",
        "_trust:Source",
        "_subject_gaps:Instance-attribute-character",
        "_entity_novelty:Instance-attribute",
        "_subject_gaps:Instance-attribute-character",
        "_complement_gaps:Instance-attribute-character",
        "_complement_gaps:Instance-attribute-character",
        "_subject_gaps:Instance-attribute-character",
        "_subject_gaps:Instance-attribute-character",
        "_trust:Source",
        "_trust:Source",
        "_statement_novelty:Actor-Source",
        "_complement_gaps:Instance-attribute-character",
        "_entity_novelty:Instance-character",
        "_trust:Source",
        "_complement_gaps:Instance-attribute-character",
        "_overlaps:character"
    ]
}