{
    "abstract_actions": [
        null,
        4,
        3,
        4,
        5,
        5,
        4,
        5,
        5,
        4,
        7
    ],
    "specific_actions": [
        null,
        null,
        11,
        null,
        11,
        11,
        null,
        11,
        11,
        null,
        25
    ],
    "rewards": [
        0,
        0,
        0.029042045947117456,
        0.026537489469250275,
        0.01600328272466145,
        0.02746365105008075,
        0.027515723270440162,
        0.014919663351185886,
        0.02412363362231429,
        0.014354066985645897,
        0.023222060957909907
    ],
    "states": [
        2096.0,
        2307.0,
        2374.0,
        2437.0,
        2476.0,
        2544.0,
        2614.0,
        2653.0,
        2717.0,
        2756.0,
        2820.0
    ],
    "selections": [
        null,
        null,
        "_subject_gaps:Instance-character-institution",
        "_entity_novelty:Instance-attribute",
        "_subject_gaps:Instance-character-institution",
        "_complement_gaps:Instance-attribute-character",
        "_complement_gaps:Instance-attribute-character",
        "_subject_gaps:Instance-character-institution",
        "_complement_gaps:Instance-attribute-character",
        "_complement_gaps:Instance-attribute-character",
        "_subject_gaps:Instance-character-enchantment"
    ]
}