{
    "abstract_actions": [
        null,
        5,
        3,
        5,
        5,
        5,
        6,
        5,
        7,
        7,
        5
    ],
    "specific_actions": [
        null,
        11,
        null,
        11,
        11,
        11,
        11,
        11,
        25,
        25,
        11
    ],
    "rewards": [
        0,
        0,
        0.011777576306545745,
        0.010068403739294629,
        0.009433209094053208,
        0.008856650760859397,
        0.008331686043809183,
        0.007489262560242738,
        0.008210583279710137,
        0.005473073726034006,
        0.003510998836156798
    ],
    "states": [
        2.261951971799956,
        2.3403682236617795,
        2.367932089001371,
        2.391773385300668,
        2.4143354837498006,
        2.435718409948923,
        2.4560120510317436,
        2.474405770133041,
        2.4947220847765132,
        2.5083758826724605,
        2.5171827874771675
    ],
    "selections": [
        null,
        null,
        "_complement_gaps:Instance-attribute-character",
        "_entity_novelty:Instance-character",
        "_complement_gaps:Instance-attribute-character",
        "_complement_gaps:Instance-attribute-character",
        "_complement_gaps:Instance-attribute-character",
        "_overlaps:attribute-physical-appearance",
        "_complement_gaps:Instance-attribute-character-physical-appearance",
        "_trust:Source",
        "_trust:Source"
    ]
}