{
    "abstract_actions": [
        null,
        3,
        3,
        7,
        5,
        5,
        7,
        5,
        5,
        5,
        7
    ],
    "specific_actions": [
        null,
        11,
        null,
        25,
        11,
        11,
        25,
        11,
        11,
        11,
        25
    ],
    "rewards": [
        0,
        0,
        -0.034837191230522535,
        -0.011892921214415764,
        -0.031909958438467,
        -0.03452762310010837,
        -0.03338678320905064,
        -0.0176472975069768,
        -0.031763286440197325,
        -0.03079439447588317,
        -0.025113249332231802
    ],
    "states": [
        0.013134665630958265,
        0.01056689342403628,
        0.010198772537110578,
        0.010077479338842975,
        0.009755907391975986,
        0.009419059098546278,
        0.009104587014389877,
        0.008943915658668781,
        0.008659827503705518,
        0.008393153359463308,
        0.008182374006463447
    ],
    "selections": [
        null,
        null,
        "_entity_novelty:Instance-attribute",
        "_entity_novelty:Instance-character",
        "_trust:Source",
        "_complement_gaps:Instance-attribute-character",
        "_complement_gaps:Instance-attribute-character",
        "_trust:Source",
        "_complement_gaps:Instance-attribute-character",
        "_complement_gaps:Instance-attribute-character",
        "_complement_gaps:Instance-attribute-character"
    ]
}