{
    "abstract_actions": [
        null,
        4,
        4,
        3,
        2,
        5,
        4,
        4,
        7,
        2,
        4
    ],
    "specific_actions": [
        null,
        null,
        null,
        11,
        25,
        11,
        null,
        null,
        25,
        25,
        null
    ],
    "rewards": [
        0,
        0,
        0.0006770145727261756,
        0.0004475384897664192,
        0.0016463913136846031,
        0.0023299803675027597,
        -0.0008830051386915505,
        0.00035291441400264745,
        0.0003399417184257736,
        0.0021390629188717813,
        0.001438152645195645
    ],
    "states": [
        11.47163120567376,
        11.400684931506849,
        11.408403361344538,
        11.41350906095552,
        11.432300163132137,
        11.458937198067632,
        11.448818897637794,
        11.452859350850078,
        11.456752655538695,
        11.481259370314843,
        11.49777117384844
    ],
    "selections": [
        null,
        null,
        "_subject_gaps:Instance-attribute-character",
        "_subject_gaps:Instance-attribute-character",
        "_entity_novelty:Instance-attribute",
        "_statement_novelty:Actor-Source",
        "_complement_gaps:Instance-attribute-character",
        "_subject_gaps:Instance-character-physical-appearance",
        "_subject_gaps:Instance-character-object",
        "_trust:Source",
        "_statement_novelty:Actor-Source"
    ]
}