{
    "abstract_actions": [
        null,
        7,
        2,
        2,
        4,
        5,
        4,
        4,
        7,
        2,
        2
    ],
    "specific_actions": [
        null,
        25,
        25,
        25,
        null,
        11,
        null,
        null,
        25,
        25,
        25
    ],
    "rewards": [
        0,
        0,
        0.018421967327076905,
        0.013310580204778155,
        0.013135735938026194,
        0.02127659574468077,
        0.02083333333333326,
        0.022321428571428603,
        0.02183406113537112,
        0.015262515262515208,
        0.011725796752856343
    ],
    "states": [
        2790.0,
        2877.0,
        2930.0,
        2969.0,
        3008.0,
        3072.0,
        3136.0,
        3206.0,
        3276.0,
        3326.0,
        3365.0
    ],
    "selections": [
        null,
        null,
        "_trust:Source",
        "_statement_novelty:Actor-Source",
        "_statement_novelty:Actor-Source",
        "_subject_gaps:Instance-character-designation",
        "_complement_gaps:Instance-attribute-character",
        "_subject_gaps:Instance-attribute-character",
        "_subject_gaps:Instance-character-enchantment",
        "_trust:Source",
        "_statement_novelty:Actor-Source"
    ]
}