{
    "abstract_actions": [
        null,
        5,
        6,
        4,
        4,
        5,
        5,
        4,
        5,
        3,
        4
    ],
    "specific_actions": [
        null,
        11,
        null,
        null,
        null,
        11,
        11,
        null,
        11,
        11,
        null
    ],
    "rewards": [
        0,
        0,
        -0.024540474589424432,
        -0.013154898246764746,
        -0.025571217833916915,
        -0.024933757993531813,
        -0.024327301722038897,
        -0.008840076826194143,
        -0.01924069236068493,
        -0.0188786849436281,
        -0.008442152438691286
    ],
    "states": [
        0.008878219012262711,
        0.008485197669937782,
        0.00827696689213243,
        0.008168084234874588,
        0.007959216373618827,
        0.007760763198740859,
        0.007571964770811794,
        0.0075050280205125825,
        0.007360626085211579,
        0.007221667144361019,
        0.007160700729466835
    ],
    "selections": [
        null,
        null,
        "_complement_gaps:Instance-attribute-character",
        "_overlaps:character",
        "_subject_gaps:Instance-attribute-character",
        "_subject_gaps:Instance-character-enchantment",
        "_complement_gaps:Instance-attribute-character",
        "_complement_gaps:Instance-attribute-character",
        "_subject_gaps:Instance-attribute-character",
        "_complement_gaps:Instance-attribute-character",
        "_entity_novelty:Instance-attribute"
    ]
}