{
    "abstract_actions": [
        null,
        3,
        4,
        3,
        3,
        5,
        7,
        7,
        4,
        7,
        7
    ],
    "specific_actions": [
        null,
        null,
        null,
        11,
        null,
        11,
        25,
        25,
        null,
        25,
        25
    ],
    "rewards": [
        0,
        0,
        0.010534907521621006,
        0.009800879678259822,
        0.009516681638100488,
        0.008925366033158966,
        0.009319770871317301,
        0.007881576079169728,
        0.005041196874818743,
        0.0071587111625688316,
        0.005338341756979004
    ],
    "states": [
        2.261951971799956,
        2.3403682236617795,
        2.365023786464597,
        2.388203100031959,
        2.410930868622088,
        2.432449309105182,
        2.455119179322136,
        2.4744693879173925,
        2.486943675262596,
        2.5047469867113787,
        2.5181181821412073
    ],
    "selections": [
        null,
        null,
        "_entity_novelty:Instance-character",
        "_subject_gaps:Instance-activity-character",
        "_entity_novelty:Instance-attribute",
        "_entity_novelty:Instance-character",
        "_complement_gaps:Instance-attribute-character",
        "_trust:Source",
        "_trust:Source",
        "_subject_gaps:Instance-attribute-character",
        "_trust:Source"
    ]
}