{
    "actions": [
        null,
        7,
        7,
        5,
        4,
        7,
        2,
        6,
        6,
        4,
        2,
        4,
        3,
        7,
        2,
        2,
        5,
        5,
        7,
        4,
        6,
        2,
        4,
        4,
        4,
        4
    ],
    "rewards": [
        0,
        0,
        0.001739422948889624,
        0.002238722788037606,
        -0.000639300862740444,
        0.00040012413091838894,
        0.0021570904530410218,
        0.0021289490948603884,
        0.0023645978225486086,
        0.0020701097367805676,
        0.0020436676426325295,
        0.002017733312426939,
        -0.0007535218221903506,
        0.0019726691474624136,
        0.0019482558192136512,
        0.001924296674413739,
        0.0019007804261494954,
        0.0018776961386359758,
        -0.001787464285221252,
        0.001841171025461108,
        0.000135812204358432,
        0.0018004051213982297,
        0.0017794284271590577,
        -0.0008357578247490949,
        0.0017438424946274456,
        0.001723987412362682
    ],
    "states": [
        11.189252336448599,
        11.15693012600229,
        11.176336746302617,
        11.201357466063348,
        11.194196428571429,
        11.198675496688741,
        11.222832052689352,
        11.246724890829695,
        11.273318872017354,
        11.29665587918015,
        11.319742489270386,
        11.342582710779082,
        11.334035827186511,
        11.356394129979035,
        11.37851929092805,
        11.400414937759336,
        11.422084623323013,
        11.4435318275154,
        11.423076923076923,
        11.444108761329305,
        11.445663010967099,
        11.466269841269842,
        11.486673247778874,
        11.477073170731707,
        11.497087378640776,
        11.516908212560386
    ],
    "selections": [
        null,
        null,
        "_trust:Source",
        "_trust:Source",
        "_complement_gaps:Instance-attribute-character",
        "_subject_gaps:Instance-attribute-character",
        "_trust:Source",
        "_statement_novelty:Actor-Source",
        "_overlaps:character",
        "_overlaps:character",
        "_subject_gaps:Instance-attribute-character",
        "_statement_novelty:Actor-Source",
        "_subject_gaps:Instance-attribute-character",
        "_entity_novelty:Instance-attribute",
        "_trust:Source",
        "_statement_novelty:Actor-Source",
        "_statement_novelty:Actor-Source",
        "_complement_gaps:Instance-attribute-character",
        "_complement_gaps:Instance-attribute-character",
        "_trust:Source",
        "_subject_gaps:Instance-attribute-character",
        "_overlaps:character",
        "_statement_novelty:Actor-Source",
        "_subject_gaps:Instance-attribute-character",
        "_subject_gaps:Instance-attribute-character",
        "_subject_gaps:Instance-attribute-character"
    ]
}