{
    "abstract_actions": [
        null,
        3,
        4,
        3,
        2,
        4,
        5,
        4,
        3,
        6,
        5
    ],
    "specific_actions": [
        null,
        11,
        null,
        11,
        25,
        null,
        11,
        null,
        11,
        null,
        11
    ],
    "rewards": [
        0,
        0,
        0.013698630136986356,
        0.04054054054054057,
        0.011904761904761862,
        0.025668449197861154,
        0.037539103232533844,
        0.03618090452261291,
        0.03491755577109612,
        0.027179006560449803,
        0.025547445255474477
    ],
    "states": [
        15.980392156862745,
        17.176470588235293,
        17.41176470588235,
        18.11764705882353,
        18.333333333333332,
        18.80392156862745,
        19.50980392156863,
        20.215686274509803,
        20.92156862745098,
        21.49019607843137,
        22.03921568627451
    ],
    "selections": [
        null,
        null,
        "_entity_novelty:Instance-attribute",
        "_subject_gaps:Instance-attribute-character",
        "_entity_novelty:Instance-attribute",
        "_statement_novelty:Actor-Source",
        "_subject_gaps:Instance-character-product",
        "_complement_gaps:Instance-attribute-character",
        "_subject_gaps:Instance-ancestry-character",
        "_entity_novelty:Instance-attribute",
        "_overlaps:character"
    ]
}