{
    "abstract_actions": [
        null,
        3,
        7,
        2,
        5,
        3,
        4,
        3,
        2,
        2,
        7
    ],
    "specific_actions": [
        null,
        11,
        25,
        25,
        11,
        null,
        null,
        11,
        25,
        25,
        25
    ],
    "rewards": [
        0,
        0,
        0.01480959097320178,
        0.017373175816539188,
        0.013319672131147486,
        0.02123356926188058,
        0.021122112211221067,
        0.020685197155785318,
        0.012349588347055018,
        0.01563966218329682,
        0.012011087157375977
    ],
    "states": [
        2749.0,
        2836.0,
        2878.0,
        2928.0,
        2967.0,
        3030.0,
        3094.0,
        3158.0,
        3197.0,
        3247.0,
        3286.0
    ],
    "selections": [
        null,
        null,
        "_entity_novelty:Instance-attribute",
        "_trust:Source",
        "_statement_novelty:Actor-Source",
        "_complement_gaps:Instance-attribute-character",
        "_entity_novelty:Instance-character",
        "_subject_gaps:Instance-attribute-character",
        "_entity_novelty:Instance-attribute",
        "_statement_novelty:Actor-Source",
        "_statement_novelty:Actor-Source"
    ]
}