{
    "actions": [
        null,
        4,
        7,
        7,
        5,
        7,
        5,
        4,
        7,
        2,
        5
    ],
    "rewards": [
        0,
        0,
        0.010316729194527863,
        0.005149264984127155,
        0.004994959144412281,
        0.010406536193397153,
        0.004528114969325481,
        0.008458035980065892,
        0.007966994535204774,
        0.003933216982232368,
        0.0038306689494487234
    ],
    "states": [
        2.2621093381172694,
        2.347540138706822,
        2.3717590745911448,
        2.3839718905447227,
        2.395879732739421,
        2.4208125418932003,
        2.431774259402078,
        2.4523422935834986,
        2.47188009123493,
        2.481602531987817,
        2.4911087297519763
    ],
    "selections": [
        null,
        null,
        "_subject_gaps:Instance-attribute-character",
        "_trust:Source",
        "_trust:Source",
        "_complement_gaps:Instance-attribute-character",
        "_trust:Source",
        "_complement_gaps:Instance-attribute-character",
        "_subject_gaps:Instance-attribute-character",
        "_trust:Source",
        "_statement_novelty:Actor-Source"
    ]
}