{
    "actions": [
        null,
        5,
        4,
        2,
        2,
        7,
        5,
        7,
        7,
        4,
        5,
        6,
        7,
        4,
        4,
        4,
        3,
        5,
        7,
        6,
        5,
        4,
        4,
        5,
        5,
        7
    ],
    "rewards": [
        0,
        0,
        0.007670569236980063,
        0.0,
        0.0,
        0.0,
        0.0,
        0.0,
        0.0,
        0.0,
        0.0,
        0.0,
        0.0,
        0.0,
        0.009615384615384803,
        0.0,
        0.00952380952380949,
        0.0,
        0.0,
        0.0,
        0.002358490566037652,
        0.00941176470588223,
        0.0,
        0.0,
        0.00932400932400923,
        0.0
    ],
    "states": [
        48.529411764705884,
        48.568627450980394,
        48.94117647058823,
        48.94117647058823,
        48.94117647058823,
        48.94117647058823,
        48.94117647058823,
        48.94117647058823,
        48.94117647058823,
        48.94117647058823,
        48.94117647058823,
        48.94117647058823,
        48.94117647058823,
        48.94117647058823,
        49.411764705882355,
        49.411764705882355,
        49.88235294117647,
        49.88235294117647,
        49.88235294117647,
        49.88235294117647,
        50.0,
        50.470588235294116,
        50.470588235294116,
        50.470588235294116,
        50.94117647058823,
        50.94117647058823
    ],
    "selections": [
        null,
        null,
        "_complement_gaps:Instance-attribute-character",
        "_subject_gaps:Instance-attribute-character",
        "_statement_novelty:Actor-Source",
        "_statement_novelty:Actor-Source",
        "_trust:Source",
        "_complement_gaps:Instance-attribute-character",
        "_trust:Source",
        "_trust:Source",
        "_subject_gaps:Instance-attribute-character",
        "_complement_gaps:Instance-attribute-character",
        "_overlaps:character",
        "_trust:Source",
        "_subject_gaps:Instance-attribute-character",
        "_subject_gaps:Instance-attribute-character",
        "_subject_gaps:Instance-attribute-character",
        "_entity_novelty:Instance-attribute",
        "_complement_gaps:Instance-attribute-character",
        "_trust:Source",
        "_overlaps:attribute",
        "_complement_gaps:Instance-attribute-character",
        "_subject_gaps:Instance-attribute-character",
        "_subject_gaps:Instance-attribute-character",
        "_complement_gaps:Instance-attribute-character",
        "_complement_gaps:Instance-attribute-character"
    ]
}