{
    "actions": [
        null,
        4,
        3,
        6,
        3,
        5,
        7,
        4,
        4,
        7,
        5,
        4,
        7,
        5,
        7,
        7,
        4,
        7,
        4,
        6,
        4,
        5,
        7,
        5,
        4,
        7
    ],
    "rewards": [
        0,
        0,
        -0.003827153980986542,
        -0.0026204564666102437,
        0.003322797633519725,
        -0.004406711207250558,
        -0.002340441039512031,
        0.002539972376337074,
        -0.0022567665546148197,
        -0.0021481212672560535,
        0.00241054110829797,
        -0.0020776797829036298,
        -0.001983404169196512,
        0.002293257931844872,
        -0.0034670148384705612,
        0.0022245878371001115,
        0.0021738840506262402,
        -0.00333028926170309,
        0.0021122130677448947,
        -0.0003347810351068681,
        0.0023337702224222046,
        -0.0017577287532051233,
        -0.0016899547343304233,
        0.0019461623695919972,
        -0.0016461982345306048,
        0.0018878411090030855
    ],
    "states": [
        11.675070028011204,
        10.869976359338061,
        10.82837528604119,
        10.8,
        10.835886214442013,
        10.788135593220339,
        10.762886597938145,
        10.790224032586558,
        10.765873015873016,
        10.742746615087041,
        10.768642447418738,
        10.746268656716419,
        10.724954462659381,
        10.749549549549549,
        10.712280701754386,
        10.73611111111111,
        10.759450171821307,
        10.72361809045226,
        10.746268656716419,
        10.742671009771987,
        10.76774193548387,
        10.748815165876778,
        10.730650154798761,
        10.751533742331288,
        10.733834586466166,
        10.754098360655737
    ],
    "selections": [
        null,
        null,
        "_subject_gaps:Instance-attribute-character",
        "_entity_novelty:Instance-attribute",
        "_overlaps:character",
        "_entity_novelty:Instance-character",
        "_complement_gaps:Instance-attribute-character",
        "_trust:Source",
        "_subject_gaps:Instance-attribute-character",
        "_subject_gaps:Instance-attribute-character",
        "_trust:Source",
        "_complement_gaps:Instance-attribute-character",
        "_subject_gaps:Instance-attribute-character",
        "_trust:Source",
        "_complement_gaps:Instance-attribute-character",
        "_trust:Source",
        "_trust:Source",
        "_subject_gaps:Instance-attribute-character",
        "_trust:Source",
        "_subject_gaps:Instance-attribute-character",
        "_overlaps:character",
        "_subject_gaps:Instance-attribute-character",
        "_complement_gaps:Instance-attribute-character",
        "_trust:Source",
        "_complement_gaps:Instance-attribute-character",
        "_subject_gaps:Instance-attribute-character"
    ]
}