{
    "abstract_actions": [
        null,
        3,
        2,
        5,
        3,
        3,
        7,
        2,
        4,
        3,
        2
    ],
    "specific_actions": [
        null,
        11,
        25,
        11,
        null,
        11,
        25,
        25,
        null,
        11,
        25
    ],
    "rewards": [
        0,
        0,
        0.0,
        0.11111111111111116,
        0.0,
        0.0,
        0.0,
        0.08333333333333326,
        0.0,
        -0.00591715976331364,
        0.0
    ],
    "states": [
        0.8888888888888888,
        0.9,
        0.9,
        1.0,
        1.0,
        1.0,
        1.0,
        1.0833333333333333,
        1.0833333333333333,
        1.0769230769230769,
        1.0769230769230769
    ],
    "selections": [
        null,
        null,
        "_entity_novelty:Instance-attribute",
        "_statement_novelty:Actor-Source",
        "_complement_gaps:Instance-attribute-character",
        "_entity_novelty:Instance-character",
        "_entity_novelty:Instance-attribute",
        "_trust:Source",
        "_statement_novelty:Actor-Source",
        "_subject_gaps:Instance-attribute-character",
        "_entity_novelty:Instance-attribute"
    ]
}