{
    "abstract_actions": [
        null,
        7,
        2,
        4,
        3,
        5,
        4,
        2,
        4,
        4,
        4
    ],
    "specific_actions": [
        null,
        25,
        25,
        null,
        11,
        11,
        null,
        25,
        null,
        null,
        null
    ],
    "rewards": [
        0,
        0,
        -0.00583078149251226,
        0.00032147880249144833,
        -0.0028280511956814136,
        0.002521141370277258,
        -0.0045926919208848505,
        0.0003623875473675042,
        0.0003970748559922743,
        -0.0042137554142502864,
        -0.003987924885561656
    ],
    "states": [
        11.742296918767506,
        10.985714285714286,
        10.921658986175116,
        10.92517006802721,
        10.894273127753303,
        10.921739130434782,
        10.871578947368421,
        10.87551867219917,
        10.879837067209776,
        10.83399209486166,
        10.790786948176583
    ],
    "selections": [
        null,
        null,
        "_trust:Source",
        "_statement_novelty:Actor-Source",
        "_subject_gaps:Instance-character-personality-trait",
        "_entity_novelty:Instance-attribute",
        "_complement_gaps:Instance-attribute-character",
        "_subject_gaps:Instance-attribute-character",
        "_statement_novelty:Actor-Source",
        "_subject_gaps:Instance-character-product",
        "_subject_gaps:Instance-character-product"
    ]
}