{
    "actions": [
        null,
        5,
        3,
        4,
        7,
        2,
        7,
        7,
        5,
        7,
        7
    ],
    "rewards": [
        0,
        0,
        -0.03958404115635705,
        -0.029701283631199393,
        -0.028846235114617036,
        -0.01092540049699342,
        -0.010813739695790248,
        -0.010704130206481977,
        -0.01059652655513399,
        -0.03195445135148256,
        -0.010151839476387536
    ],
    "states": [
        0.013056202873306185,
        0.010384007064254536,
        0.009972966101255183,
        0.009676756206437466,
        0.00939761822175974,
        0.009294945478969172,
        0.009194432358073037,
        0.009096013956937533,
        0.008999627803496975,
        0.008712049634668682,
        0.008623606305267205
    ],
    "selections": [
        null,
        null,
        "_complement_gaps:Instance-attribute-character",
        "_entity_novelty:Instance-attribute",
        "_subject_gaps:Instance-attribute-character",
        "_trust:Source",
        "_statement_novelty:Actor-Source",
        "_trust:Source",
        "_trust:Source",
        "_complement_gaps:Instance-attribute-character",
        "_trust:Source"
    ]
}