{
    "actions": [
        null,
        3,
        7,
        7,
        4,
        3,
        7,
        7,
        2,
        2,
        5
    ],
    "rewards": [
        0,
        0,
        1.0182688125271857,
        1.0166595472020503,
        1.0163865546218487,
        1.0264572137246797,
        1.0157068062827226,
        1.0154639175257731,
        1.015228426395939,
        1.015,
        1.0147783251231528
    ],
    "states": [
        2084.0,
        2299.0,
        2341.0,
        2380.0,
        2419.0,
        2483.0,
        2522.0,
        2561.0,
        2600.0,
        2639.0,
        2678.0
    ],
    "selections": [
        null,
        null,
        "_entity_novelty:Instance-attribute",
        "_trust:Source",
        "_trust:Source",
        "_subject_gaps:Instance-attribute-character",
        "_entity_novelty:Instance-attribute",
        "_trust:Source",
        "_trust:Source",
        "_statement_novelty:Actor-Source",
        "_statement_novelty:Actor-Source"
    ]
}