{
    "abstract_actions": [
        null,
        7,
        2,
        7,
        6,
        3,
        4,
        2,
        5,
        5,
        3
    ],
    "specific_actions": [
        null,
        25,
        25,
        25,
        11,
        11,
        null,
        25,
        11,
        11,
        11
    ],
    "rewards": [
        0,
        0,
        0.12500000000000022,
        0.0,
        0.0,
        0.11111111111111116,
        -0.03749999999999998,
        0.0,
        0.09090909090909083,
        -0.03703703703703709,
        -0.03076923076923077
    ],
    "states": [
        1.1666666666666667,
        1.1428571428571428,
        1.2857142857142858,
        1.2857142857142858,
        1.2857142857142858,
        1.4285714285714286,
        1.375,
        1.375,
        1.5,
        1.4444444444444444,
        1.4
    ],
    "selections": [
        null,
        null,
        "_trust:Source",
        "_statement_novelty:Actor-Source",
        "_trust:Source",
        "_overlaps:attribute-physical-appearance",
        "_entity_novelty:Instance-attribute-physical-appearance",
        "_subject_gaps:Instance-ancestry-character",
        "_statement_novelty:Actor-Source",
        "_complement_gaps:Instance-attribute-character",
        "_complement_gaps:Instance-attribute-character"
    ]
}