{
    "actions": [
        null,
        5,
        3,
        5,
        7,
        5,
        5,
        5,
        7,
        2,
        4,
        7,
        5,
        7,
        2,
        2,
        5,
        6,
        5,
        6,
        3,
        7,
        7,
        5,
        5,
        5
    ],
    "rewards": [
        0,
        0,
        0.4538364249578415,
        -0.016175860638738992,
        0.29571409377939006,
        -0.015476190476190532,
        0.21904024767801866,
        0.16834966088922387,
        0.13668624571708277,
        -0.014115092290988174,
        -0.013918629550321082,
        0.1173362576014354,
        -0.013425129087779597,
        0.09852941176470575,
        -0.01293961512939612,
        -0.012774320340648626,
        -0.012613195342820016,
        0.08857907336994786,
        -0.014366021236727033,
        0.07844458052663827,
        -0.01388888888888895,
        0.07213380091718369,
        -0.011440305074801982,
        -0.011310904872389838,
        -0.011184399197017414,
        0.06380831690603572
    ],
    "states": [
        0.0,
        0.0008699434536755111,
        0.0012647554806070826,
        0.001244296972210701,
        0.0016122531237404273,
        0.0015873015873015873,
        0.001934984520123839,
        0.002260738507912585,
        0.0025697503671071953,
        0.0025334781035106766,
        0.0024982155603140615,
        0.0027913468248429866,
        0.002753872633390706,
        0.0030252100840336134,
        0.0029860650298606504,
        0.002947920078611202,
        0.0029107373868046574,
        0.0031685678073510772,
        0.003123048094940662,
        0.0033680342927127987,
        0.003321256038647343,
        0.0035608308605341245,
        0.0035200938691698444,
        0.0034802784222737818,
        0.0034413535990823058,
        0.0036609405801182764
    ],
    "selections": [
        null,
        null,
        "_complement_gaps:Instance-attribute-character",
        "_entity_novelty:Instance-attribute",
        "_complement_gaps:Instance-attribute-character",
        "_trust:Source",
        "_complement_gaps:Instance-attribute-character",
        "_complement_gaps:Instance-attribute-character",
        "_complement_gaps:Instance-attribute-character",
        "_trust:Source",
        "_statement_novelty:Actor-Source",
        "_subject_gaps:Instance-attribute-character",
        "_trust:Source",
        "_complement_gaps:Instance-attribute-character",
        "_trust:Source",
        "_statement_novelty:Actor-Source",
        "_statement_novelty:Actor-Source",
        "_complement_gaps:Instance-attribute-character",
        "_overlaps:character",
        "_complement_gaps:Instance-attribute-character",
        "_overlaps:character",
        "_entity_novelty:Instance-character",
        "_trust:Source",
        "_trust:Source",
        "_complement_gaps:Instance-attribute-character",
        "_complement_gaps:Instance-attribute-character"
    ]
}