{
    "abstract_actions": [
        null,
        5,
        5,
        5,
        7,
        5,
        3,
        4,
        5,
        5,
        5
    ],
    "specific_actions": [
        null,
        11,
        11,
        11,
        25,
        11,
        null,
        null,
        11,
        11,
        11
    ],
    "rewards": [
        0,
        0,
        0.004674784738302407,
        0.0030415752971140186,
        0.005282924002019573,
        0.0033662748301659384,
        0.004863737839364113,
        0.0041262616988237966,
        0.003480925276807989,
        0.0024695734994621965,
        0.0037368413824032665
    ],
    "states": [
        2.5171827874771675,
        2.5395462824971022,
        2.5514181147007324,
        2.5591784450110153,
        2.572698390243615,
        2.5813588000803005,
        2.5939138525532264,
        2.604617019933065,
        2.6136834971541547,
        2.6201381806547084,
        2.629929221435794
    ],
    "selections": [
        null,
        null,
        "_complement_gaps:Instance-attribute-character",
        "_complement_gaps:Instance-attribute-character",
        "_complement_gaps:Instance-attribute-character",
        "_trust:Source",
        "_complement_gaps:Instance-attribute-character",
        "_entity_novelty:Instance-character",
        "_subject_gaps:Instance-attribute-character",
        "_complement_gaps:Instance-attribute-character",
        "_complement_gaps:Instance-attribute-character"
    ]
}