{
    "abstract_actions": [
        null,
        4,
        7,
        4,
        3,
        2,
        2,
        5,
        7,
        7,
        4
    ],
    "specific_actions": [
        null,
        null,
        25,
        null,
        11,
        25,
        25,
        11,
        25,
        25,
        null
    ],
    "rewards": [
        0,
        0,
        -0.006215626155736564,
        -0.004473058711235045,
        -0.0004836243376835636,
        0.0003848543185602793,
        0.000422914549002229,
        0.0003601559188279868,
        -0.004263846842621488,
        0.00046043467364520474,
        0.00038665613005206545
    ],
    "states": [
        11.742296918767506,
        10.985714285714286,
        10.917431192660551,
        10.868596881959911,
        10.863340563991324,
        10.867521367521368,
        10.872117400419286,
        10.87603305785124,
        10.829659318637274,
        10.834645669291339,
        10.838834951456311
    ],
    "selections": [
        null,
        null,
        "_subject_gaps:Instance-character-product",
        "_trust:Source",
        "_subject_gaps:Instance-ability-character",
        "_entity_novelty:Instance-attribute",
        "_statement_novelty:Actor-Source",
        "_statement_novelty:Actor-Source",
        "_complement_gaps:Instance-attribute-character",
        "_trust:Source",
        "_trust:Source"
    ]
}