{
    "abstract_actions": [
        null,
        5,
        4,
        7,
        4,
        7,
        2,
        2,
        5,
        5,
        4
    ],
    "specific_actions": [
        null,
        11,
        null,
        25,
        null,
        25,
        25,
        25,
        11,
        11,
        null
    ],
    "rewards": [
        0,
        0,
        -0.04018678793601638,
        -0.030169180358532888,
        -0.02698605255213682,
        -0.033902353670949625,
        -0.017918230425294723,
        -0.014604724741752895,
        -0.010432545521001813,
        -0.03144747291664285,
        -0.026061288324315424
    ],
    "states": [
        0.013134665630958265,
        0.01056689342403628,
        0.01014224391886205,
        0.009836260732833666,
        0.009570818883780897,
        0.009246345597062354,
        0.009080667446062281,
        0.008948046797541145,
        0.008854695892001743,
        0.008576238082752909,
        0.008352730269340311
    ],
    "selections": [
        null,
        null,
        "_complement_gaps:Instance-attribute-character",
        "_subject_gaps:Instance-character-institution",
        "_trust:Source",
        "_subject_gaps:Instance-activity-character",
        "_trust:Source",
        "_statement_novelty:Actor-Source",
        "_statement_novelty:Actor-Source",
        "_complement_gaps:Instance-attribute-character",
        "_complement_gaps:Instance-attribute-character"
    ]
}