{
    "abstract_actions": [
        null,
        3,
        3,
        7,
        5,
        3,
        3,
        4,
        3,
        3,
        3
    ],
    "specific_actions": [
        null,
        null,
        11,
        25,
        11,
        null,
        11,
        null,
        11,
        null,
        11
    ],
    "rewards": [
        0,
        0,
        -0.0298692659211115,
        -0.016449032946053044,
        -0.0319225924724964,
        -0.03454187554959487,
        -0.02809723614249049,
        -0.027778939786315404,
        -0.02659529888812351,
        -0.026334717235188432,
        -0.025245291892007526
    ],
    "states": [
        0.013134665630958265,
        0.01056689342403628,
        0.010251268074393697,
        0.010082644628099173,
        0.009760780472591359,
        0.009423624808240192,
        0.009158846996684835,
        0.008904423937451852,
        0.008667608121408758,
        0.008439349112426036,
        0.008226295280704286
    ],
    "selections": [
        null,
        null,
        "_entity_novelty:Instance-character",
        "_entity_novelty:Instance-attribute",
        "_trust:Source",
        "_complement_gaps:Instance-attribute-character",
        "_entity_novelty:Instance-character",
        "_entity_novelty:Instance-attribute",
        "_subject_gaps:Instance-attribute-character",
        "_entity_novelty:Instance-attribute",
        "_entity_novelty:Instance-character"
    ]
}