{
    "actions": [
        null,
        5,
        3,
        4,
        3,
        5,
        6,
        7,
        6,
        5,
        6
    ],
    "rewards": [
        0,
        0,
        1.0352947264917456,
        1.035239941832283,
        1.0316172292305943,
        0.9907779616930716,
        1.0298689198060267,
        0.9909972299168974,
        0.9910775566231984,
        0.991156462585034,
        1.029932661243237
    ],
    "states": [
        0.004816223067173638,
        0.0047488127968008,
        0.004916420845624385,
        0.005089675230247213,
        0.005250596658711217,
        0.005202175455190352,
        0.005357558816678314,
        0.00530932594644506,
        0.00526195378631892,
        0.005215419501133787,
        0.005371530886302597
    ],
    "selections": [
        null,
        null,
        "_complement_gaps:Instance-attribute-character",
        "_entity_novelty:Instance-attribute",
        "_subject_gaps:Instance-attribute-character",
        "_entity_novelty:Instance-attribute",
        "_complement_gaps:Instance-attribute-character",
        "_overlaps:attribute",
        "_trust:Source",
        "_overlaps:attribute",
        "_complement_gaps:Instance-attribute-character"
    ]
}