{
    "abstract_actions": [
        null,
        7,
        4,
        5,
        5,
        2,
        2,
        5,
        5,
        4,
        7
    ],
    "specific_actions": [
        null,
        25,
        null,
        11,
        11,
        25,
        25,
        11,
        11,
        null,
        25
    ],
    "rewards": [
        0,
        0,
        -0.012740176455977026,
        -0.01747240494170188,
        -0.01718222769425848,
        -0.005820340507549093,
        -0.009927776194059046,
        -0.008859654458294064,
        -0.005701696255155375,
        -0.008734846586100242,
        -0.01658508983448148
    ],
    "states": [
        0.008827673730671967,
        0.008494670153147846,
        0.008386446556461421,
        0.008239915166204986,
        0.008098335067637878,
        0.0080512,
        0.007971269488306391,
        0.007900646795046054,
        0.007855599706801435,
        0.00778698224852071,
        0.0076578344483894814
    ],
    "selections": [
        null,
        null,
        "_trust:Source",
        "_subject_gaps:Instance-character-personality-trait",
        "_complement_gaps:Instance-attribute-character",
        "_complement_gaps:Instance-attribute-character",
        "_statement_novelty:Actor-Source",
        "_statement_novelty:Actor-Source",
        "_complement_gaps:Instance-attribute-character",
        "_complement_gaps:Instance-attribute-character",
        "_subject_gaps:Instance-attribute-character"
    ]
}