{
    "abstract_actions": [
        null,
        7,
        5,
        4,
        4,
        7,
        5,
        7,
        2,
        7,
        2
    ],
    "specific_actions": [
        null,
        25,
        11,
        null,
        null,
        25,
        11,
        25,
        25,
        25,
        25
    ],
    "rewards": [
        0,
        0,
        0.027308192457737412,
        0.029535864978903037,
        0.026229508196721207,
        0.025559105431310014,
        0.01947040498442365,
        0.02673796791443861,
        0.018601190476190466,
        0.014243973703433221,
        0.014043932301044393
    ],
    "states": [
        2096.0,
        2307.0,
        2370.0,
        2440.0,
        2504.0,
        2568.0,
        2618.0,
        2688.0,
        2738.0,
        2777.0,
        2816.0
    ],
    "selections": [
        null,
        null,
        "_trust:Source",
        "_complement_gaps:Instance-attribute-character",
        "_subject_gaps:Instance-attribute-character",
        "_subject_gaps:Instance-ancestry-character",
        "_trust:Source",
        "_complement_gaps:Instance-attribute-character",
        "_trust:Source",
        "_statement_novelty:Actor-Source",
        "_trust:Source"
    ]
}