{
    "abstract_actions": [
        null,
        5,
        5,
        5,
        5,
        4,
        7,
        5,
        3,
        3,
        7
    ],
    "specific_actions": [
        null,
        11,
        11,
        11,
        11,
        null,
        25,
        11,
        null,
        11,
        25
    ],
    "rewards": [
        0,
        0,
        -0.003931064376784255,
        -0.004901960784313708,
        0.00035725449917389795,
        -0.0026576511117000212,
        0.0003769150610823946,
        -0.003996598639455673,
        -0.004091811896121733,
        -0.002174474253827774,
        0.0004785833931564287
    ],
    "states": [
        11.742296918767506,
        10.985714285714286,
        10.942528735632184,
        10.88888888888889,
        10.89277899343545,
        10.863829787234042,
        10.867924528301886,
        10.824489795918367,
        10.780198019801981,
        10.756756756756756,
        10.761904761904763
    ],
    "selections": [
        null,
        null,
        "_complement_gaps:Instance-attribute-character",
        "_complement_gaps:Instance-attribute-character",
        "_complement_gaps:Instance-attribute-character",
        "_complement_gaps:Instance-attribute-character",
        "_subject_gaps:Instance-attribute-character",
        "_trust:Source",
        "_complement_gaps:Instance-attribute-character",
        "_entity_novelty:Instance-character",
        "_entity_novelty:Instance-attribute"
    ]
}