{
    "abstract_actions": [
        null,
        4,
        4,
        4,
        4,
        7,
        4,
        4,
        4,
        2,
        4
    ],
    "specific_actions": [
        null,
        null,
        null,
        null,
        null,
        25,
        null,
        null,
        null,
        25,
        null
    ],
    "rewards": [
        0,
        0,
        0.4576663858466723,
        0.2983319660924255,
        -0.0157448526443279,
        -0.015500794912559512,
        -0.023291925465838692,
        0.21969696969696972,
        0.1690036900369003,
        -0.014186977082575547,
        -0.017863522686673683
    ],
    "states": [
        0.0,
        0.0008669267446900737,
        0.0012636899747262005,
        0.0016406890894175555,
        0.0016148566814695195,
        0.001589825119236884,
        0.0015527950310559005,
        0.001893939393939394,
        0.002214022140221402,
        0.0021826118588577663,
        0.0021436227224008574
    ],
    "selections": [
        null,
        null,
        "_subject_gaps:Instance-attribute-character",
        "_subject_gaps:Instance-attribute-character",
        "_subject_gaps:Instance-attribute-character",
        "_subject_gaps:Instance-character-physical-appearance",
        "_trust:Source",
        "_subject_gaps:Instance-character-gender",
        "_subject_gaps:Instance-character-enchantment",
        "_subject_gaps:Instance-character-product",
        "_statement_novelty:Actor-Source"
    ]
}