{
    "abstract_actions": [
        null,
        7,
        4,
        3,
        2,
        5,
        7,
        5,
        5,
        3,
        5
    ],
    "specific_actions": [
        null,
        25,
        null,
        11,
        25,
        11,
        25,
        11,
        11,
        11,
        11
    ],
    "rewards": [
        0,
        0,
        -0.014072790358550025,
        -0.019863411416495502,
        -0.008857771075933774,
        -0.011295514793827177,
        -0.019102522312766768,
        -0.010972389154577322,
        -0.02270440640483229,
        -0.02220043420078288,
        -0.018082824758104743
    ],
    "states": [
        0.008168398986811076,
        0.007870925970131684,
        0.007760160079026354,
        0.00760601682671879,
        0.0075386444708680144,
        0.0074534916007219214,
        0.007311111111111111,
        0.0072308907548476456,
        0.00706671767248064,
        0.006909833471777224,
        0.00678488416399939
    ],
    "selections": [
        null,
        null,
        "_trust:Source",
        "_subject_gaps:Instance-attribute-character",
        "_entity_novelty:Instance-attribute",
        "_statement_novelty:Actor-Source",
        "_complement_gaps:Instance-attribute-character",
        "_trust:Source",
        "_complement_gaps:Instance-attribute-character",
        "_complement_gaps:Instance-attribute-character",
        "_entity_novelty:Instance-attribute"
    ]
}