{
    "actions": [
        null,
        7,
        2,
        7,
        7,
        7,
        4,
        7,
        5,
        4,
        7
    ],
    "rewards": [
        0,
        0,
        0.005152446263997135,
        0.005321427795379918,
        0.005159088886758756,
        0.00500411291833891,
        0.004856058571080402,
        0.01010216911519457,
        0.004407841670001522,
        0.00912835511684662,
        0.00685001589549783
    ],
    "states": [
        2.2621093381172694,
        2.347540138706822,
        2.359635713124085,
        2.372192344194875,
        2.384430695355065,
        2.396362655800575,
        2.407999533214692,
        2.4323255517285367,
        2.4430468576504554,
        2.465347856934185,
        2.4822355289421156
    ],
    "selections": [
        null,
        null,
        "_trust:Source",
        "_statement_novelty:Actor-Source",
        "_trust:Source",
        "_trust:Source",
        "_trust:Source",
        "_subject_gaps:Instance-attribute-character",
        "_trust:Source",
        "_complement_gaps:Instance-attribute-character",
        "_subject_gaps:Instance-attribute-character"
    ]
}