{
    "abstract_actions": [
        null,
        3,
        3,
        5,
        5,
        3,
        3,
        5,
        3,
        7,
        5
    ],
    "specific_actions": [
        null,
        null,
        11,
        11,
        11,
        11,
        null,
        11,
        11,
        25,
        11
    ],
    "rewards": [
        0,
        0,
        -0.004152858760854028,
        -0.003317068390034539,
        -0.00274125350127552,
        -0.0044739998737347575,
        -0.002788032978173982,
        -0.002280935471501988,
        -0.0038788422086989405,
        0.0005166944815924168,
        -0.0033970244963285046
    ],
    "states": [
        11.742296918767506,
        10.985714285714286,
        10.940092165898617,
        10.903803131991051,
        10.873913043478261,
        10.825263157894737,
        10.795081967213115,
        10.770459081836327,
        10.728682170542635,
        10.734225621414915,
        10.697761194029852
    ],
    "selections": [
        null,
        null,
        "_entity_novelty:Instance-character",
        "_entity_novelty:Instance-attribute",
        "_complement_gaps:Instance-attribute-character",
        "_complement_gaps:Instance-attribute-character",
        "_entity_novelty:Instance-attribute",
        "_entity_novelty:Instance-character",
        "_complement_gaps:Instance-attribute-character",
        "_entity_novelty:Instance-attribute",
        "_trust:Source"
    ]
}