{
    "actions": [
        null,
        5,
        4,
        7,
        5,
        3,
        4,
        5,
        7,
        2,
        5
    ],
    "rewards": [
        0,
        0,
        0.4538364249578415,
        0.29830322933771214,
        -0.015757575757575748,
        0.21561886051080537,
        0.1705634342660023,
        0.13873300910337938,
        0.11613340988569343,
        -0.014048991354466911,
        -0.013854351687389022
    ],
    "states": [
        0.0,
        0.0008699434536755111,
        0.0012647554806070826,
        0.0016420361247947454,
        0.0016161616161616162,
        0.0019646365422396855,
        0.0022997316979685703,
        0.002618780396558174,
        0.0029229082937522835,
        0.002881844380403458,
        0.002841918294849023
    ],
    "selections": [
        null,
        null,
        "_complement_gaps:Instance-attribute-character",
        "_subject_gaps:Instance-attribute-character",
        "_trust:Source",
        "_complement_gaps:Instance-attribute-character",
        "_entity_novelty:Instance-character",
        "_subject_gaps:Instance-attribute-character",
        "_complement_gaps:Instance-attribute-character",
        "_trust:Source",
        "_statement_novelty:Actor-Source"
    ]
}