{
    "actions": [
        null,
        7,
        4,
        4,
        4,
        4,
        4,
        4,
        4,
        6,
        4
    ],
    "rewards": [
        0,
        0,
        0.014981273408239737,
        0.043050430504305126,
        0.04127358490566024,
        0.03963759909399789,
        0.03812636165577343,
        0.011542497376705096,
        0.011410788381742698,
        0.03589743589743599,
        0.016831683168316847
    ],
    "states": [
        14.803921568627452,
        15.705882352941176,
        15.941176470588236,
        16.627450980392158,
        17.313725490196077,
        18.0,
        18.686274509803923,
        18.901960784313726,
        19.11764705882353,
        19.80392156862745,
        20.137254901960784
    ],
    "selections": [
        null,
        null,
        "_trust:Source",
        "_subject_gaps:Instance-attribute-character",
        "_subject_gaps:Instance-attribute-character",
        "_subject_gaps:Instance-attribute-character",
        "_subject_gaps:Instance-attribute-character",
        "_subject_gaps:Instance-attribute-character",
        "_subject_gaps:Instance-attribute-character",
        "_subject_gaps:Instance-attribute-character",
        "_overlaps:attribute"
    ]
}