{
    "abstract_actions": [
        null,
        5,
        4,
        5,
        5,
        5,
        4,
        5,
        7,
        5,
        5
    ],
    "specific_actions": [
        null,
        11,
        null,
        11,
        11,
        11,
        null,
        11,
        25,
        11,
        11
    ],
    "rewards": [
        0,
        0,
        0.02264927934111194,
        0.021476510067114152,
        0.0206964520367936,
        0.012552301255230214,
        0.020343293070565815,
        0.012149532710280297,
        0.019698368728839677,
        0.01509206157561116,
        0.011596788581623496
    ],
    "states": [
        2858.0,
        2914.0,
        2980.0,
        3044.0,
        3107.0,
        3146.0,
        3210.0,
        3249.0,
        3313.0,
        3363.0,
        3402.0
    ],
    "selections": [
        null,
        null,
        "_complement_gaps:Instance-attribute-character",
        "_subject_gaps:Instance-character-object",
        "_complement_gaps:Instance-attribute-character",
        "_complement_gaps:Instance-attribute-character",
        "_complement_gaps:Instance-attribute-character",
        "_subject_gaps:Instance-character-institution",
        "_complement_gaps:Instance-attribute-character",
        "_trust:Source",
        "_complement_gaps:Instance-attribute-character"
    ]
}