{
    "abstract_actions": [
        null,
        3,
        7,
        7,
        4,
        5,
        4,
        2,
        4,
        2,
        4
    ],
    "specific_actions": [
        null,
        null,
        25,
        25,
        null,
        11,
        null,
        25,
        null,
        25,
        null
    ],
    "rewards": [
        0,
        0,
        0.029042045947117456,
        0.02527379949452402,
        0.0160230073952341,
        0.025879498584714833,
        0.025226645644461865,
        0.014994232987312506,
        0.018939393939394034,
        0.014498141263940445,
        0.014290949065591807
    ],
    "states": [
        2096.0,
        2307.0,
        2374.0,
        2434.0,
        2473.0,
        2537.0,
        2601.0,
        2640.0,
        2690.0,
        2729.0,
        2768.0
    ],
    "selections": [
        null,
        null,
        "_entity_novelty:Instance-character",
        "_trust:Source",
        "_trust:Source",
        "_subject_gaps:Instance-character-institution",
        "_complement_gaps:Instance-attribute-character",
        "_subject_gaps:Instance-character-institution",
        "_statement_novelty:Actor-Source",
        "_subject_gaps:Instance-character-institution",
        "_statement_novelty:Actor-Source"
    ]
}