{
    "abstract_actions": [
        null,
        3,
        7,
        7,
        6,
        5,
        7,
        2,
        2,
        4,
        5
    ],
    "specific_actions": [
        null,
        11,
        25,
        25,
        11,
        11,
        25,
        25,
        25,
        null,
        11
    ],
    "rewards": [
        0,
        0,
        0.01192735158579561,
        0.015537101526922115,
        0.010815088367185366,
        0.010699373695198355,
        0.01962303124193121,
        0.014687262598126027,
        0.010232093835787381,
        0.010128458498023685,
        0.01002690144289553
    ],
    "states": [
        3596.0,
        3689.0,
        3733.0,
        3791.0,
        3832.0,
        3873.0,
        3949.0,
        4007.0,
        4048.0,
        4089.0,
        4130.0
    ],
    "selections": [
        null,
        null,
        "_entity_novelty:Instance-attribute",
        "_trust:Source",
        "_trust:Source",
        "_overlaps:attribute-object",
        "_complement_gaps:Instance-attribute-character-object",
        "_trust:Source",
        "_statement_novelty:Actor-Source",
        "_statement_novelty:Actor-Source",
        "_subject_gaps:Instance-character-object"
    ]
}