{
    "abstract_actions": [
        null,
        3,
        2,
        4,
        5,
        4,
        7,
        7,
        4,
        5,
        5
    ],
    "specific_actions": [
        null,
        11,
        25,
        null,
        11,
        null,
        25,
        25,
        null,
        11,
        11
    ],
    "rewards": [
        0,
        0,
        0.01820546163849146,
        0.025542784163473886,
        0.02656704026567036,
        0.02830570157703205,
        0.02516712544239086,
        0.019179133103183643,
        0.014678208505833679,
        0.023738872403560762,
        0.0253623188405796
    ],
    "states": [
        2096.0,
        2307.0,
        2349.0,
        2409.0,
        2473.0,
        2543.0,
        2607.0,
        2657.0,
        2696.0,
        2760.0,
        2830.0
    ],
    "selections": [
        null,
        null,
        "_entity_novelty:Instance-attribute",
        "_statement_novelty:Actor-Source",
        "_subject_gaps:Instance-age-character",
        "_complement_gaps:Instance-attribute-character",
        "_subject_gaps:Instance-character-gender",
        "_trust:Source",
        "_trust:Source",
        "_subject_gaps:Instance-attribute-character",
        "_complement_gaps:Instance-attribute-character"
    ]
}