{
    "abstract_actions": [
        null,
        4,
        3,
        3,
        4,
        3,
        7,
        4,
        6,
        7,
        6
    ],
    "specific_actions": [
        null,
        null,
        11,
        null,
        null,
        null,
        25,
        null,
        null,
        25,
        null
    ],
    "rewards": [
        0,
        0,
        0.029042045947117456,
        0.026537489469250275,
        0.026261797291752265,
        0.027988804478208618,
        0.022170361726954413,
        0.022831050228310446,
        0.014508928571428603,
        0.020902090209020896,
        0.014008620689655249
    ],
    "states": [
        2096.0,
        2307.0,
        2374.0,
        2437.0,
        2501.0,
        2571.0,
        2628.0,
        2688.0,
        2727.0,
        2784.0,
        2823.0
    ],
    "selections": [
        null,
        null,
        "_subject_gaps:Instance-character-gender",
        "_entity_novelty:Instance-attribute",
        "_entity_novelty:Instance-character",
        "_subject_gaps:Instance-ability-character",
        "_entity_novelty:Instance-character",
        "_trust:Source",
        "_subject_gaps:Instance-attribute-character",
        "_overlaps:character",
        "_trust:Source"
    ]
}