{
    "actions": [
        null,
        3,
        5,
        4,
        4,
        4,
        5,
        2,
        7,
        2,
        7,
        4,
        5,
        6,
        2,
        2,
        4,
        6,
        4,
        7,
        7,
        4,
        7,
        2,
        2,
        2
    ],
    "rewards": [
        0,
        0,
        0.0010578038338984186,
        0.0027153372660932984,
        0.0033493379265923107,
        0.002886346800509587,
        0.0031201214618332695,
        0.00118327831558096,
        0.0011682131233468063,
        0.0011534337323002575,
        0.001138932961352923,
        0.001124703853449427,
        0.0022376939639487947,
        0.002182346273673641,
        0.0007552537411394944,
        0.0010448973294732156,
        0.0010324045573009144,
        0.002055441454313245,
        0.000699643071536471,
        0.0009852056280816868,
        0.000973779348987458,
        0.0009625506574966192,
        0.0009515150253514015,
        0.0009406680532317857,
        0.0009300054663772261,
        0.0009195231103797941
    ],
    "states": [
        2.6115677321156774,
        2.625908267651712,
        2.6286859634846995,
        2.635823732442206,
        2.6446519968370867,
        2.6522853796666186,
        2.660560832202623,
        2.6637090161426524,
        2.6668207959720873,
        2.669896797036161,
        2.6729376305017163,
        2.6759438937547713,
        2.6819318372536918,
        2.687784741204969,
        2.6898147006861417,
        2.6926252808836666,
        2.695405159494755,
        2.7009454069957504,
        2.7028351047363532,
        2.705497953093316,
        2.708132511128766,
        2.710739225857941,
        2.713318534961154,
        2.715870867025234,
        2.718396641777542,
        2.7208962703128354
    ],
    "selections": [
        null,
        null,
        "_entity_novelty:Instance-attribute",
        "_complement_gaps:Instance-attribute-character",
        "_subject_gaps:Instance-attribute-character",
        "_subject_gaps:Instance-attribute-character",
        "_subject_gaps:Instance-attribute-character",
        "_complement_gaps:Instance-attribute-character",
        "_statement_novelty:Actor-Source",
        "_trust:Source",
        "_statement_novelty:Actor-Source",
        "_trust:Source",
        "_subject_gaps:Instance-attribute-character",
        "_complement_gaps:Instance-attribute-character",
        "_overlaps:character",
        "_statement_novelty:Actor-Source",
        "_statement_novelty:Actor-Source",
        "_subject_gaps:Instance-attribute-character",
        "_overlaps:character",
        "_subject_gaps:Instance-attribute-character",
        "_trust:Source",
        "_trust:Source",
        "_subject_gaps:Instance-attribute-character",
        "_trust:Source",
        "_statement_novelty:Actor-Source",
        "_statement_novelty:Actor-Source"
    ]
}