{
    "actions": [
        null,
        5,
        5,
        5,
        5,
        4,
        4,
        7,
        5,
        7,
        4,
        5,
        3,
        5,
        5,
        6,
        4,
        4,
        3,
        7,
        7,
        7,
        4,
        2,
        4,
        4
    ],
    "rewards": [
        0,
        0,
        0.03175293605915619,
        0.026981450252951067,
        0.028735632183908066,
        0.025538707102952918,
        0.027237354085603016,
        0.024242424242424176,
        0.014423076923076872,
        0.02551950419249005,
        0.013864201919658647,
        0.020336605890603154,
        0.02405498281786933,
        0.013087248322147582,
        0.012918184829413759,
        0.02092871157619358,
        0.014734144778987934,
        0.02020202020202011,
        0.021658415841584233,
        0.011811023622047223,
        0.011673151750972721,
        0.011538461538461497,
        0.011406844106463865,
        0.011278195488721776,
        0.011152416356877248,
        0.019796380090497667
    ],
    "states": [
        2084.0,
        2299.0,
        2372.0,
        2436.0,
        2506.0,
        2570.0,
        2640.0,
        2704.0,
        2743.0,
        2813.0,
        2852.0,
        2910.0,
        2980.0,
        3019.0,
        3058.0,
        3122.0,
        3168.0,
        3232.0,
        3302.0,
        3341.0,
        3380.0,
        3419.0,
        3458.0,
        3497.0,
        3536.0,
        3606.0
    ],
    "selections": [
        null,
        null,
        "_complement_gaps:Instance-attribute-character",
        "_complement_gaps:Instance-attribute-character",
        "_complement_gaps:Instance-attribute-character",
        "_complement_gaps:Instance-attribute-character",
        "_subject_gaps:Instance-attribute-character",
        "_subject_gaps:Instance-attribute-character",
        "_trust:Source",
        "_complement_gaps:Instance-attribute-character",
        "_trust:Source",
        "_subject_gaps:Instance-attribute-character",
        "_complement_gaps:Instance-attribute-character",
        "_entity_novelty:Instance-attribute",
        "_complement_gaps:Instance-attribute-character",
        "_complement_gaps:Instance-attribute-character",
        "_overlaps:attribute",
        "_subject_gaps:Instance-attribute-character",
        "_subject_gaps:Instance-attribute-character",
        "_entity_novelty:Instance-attribute",
        "_trust:Source",
        "_trust:Source",
        "_trust:Source",
        "_subject_gaps:Instance-attribute-character",
        "_statement_novelty:Actor-Source",
        "_subject_gaps:Instance-attribute-character"
    ]
}