{
    "actions": [
        null,
        5,
        5,
        4,
        4,
        5,
        5,
        4,
        5,
        3,
        2,
        2,
        7,
        5,
        5,
        5,
        3,
        7,
        2,
        2,
        5,
        4,
        6,
        6,
        4,
        6
    ],
    "rewards": [
        0,
        0,
        0.023201856148491906,
        0.026077097505669,
        0.02541436464088398,
        0.024784482758620774,
        0.024185068349106054,
        0.02361396303901442,
        0.01905717151454356,
        0.02263779527559051,
        0.008662175168431263,
        0.00858778625954204,
        0.008514664143803197,
        0.008442776735459567,
        0.017674418604651132,
        0.017367458866544894,
        0.020664869721473522,
        0.007922535211267512,
        0.007860262008733798,
        0.0077989601386481144,
        0.007738607050730817,
        0.019624573378839605,
        0.007531380753138306,
        0.010797342192691017,
        0.007395234182415722,
        0.018760195758564358
    ],
    "states": [
        16.274509803921568,
        16.901960784313726,
        17.294117647058822,
        17.745098039215687,
        18.19607843137255,
        18.647058823529413,
        19.098039215686274,
        19.54901960784314,
        19.92156862745098,
        20.372549019607842,
        20.54901960784314,
        20.725490196078432,
        20.901960784313726,
        21.07843137254902,
        21.45098039215686,
        21.823529411764707,
        22.274509803921568,
        22.45098039215686,
        22.627450980392158,
        22.80392156862745,
        22.980392156862745,
        23.431372549019606,
        23.607843137254903,
        23.862745098039216,
        24.03921568627451,
        24.49019607843137
    ],
    "selections": [
        null,
        null,
        "_complement_gaps:Instance-attribute-character",
        "_complement_gaps:Instance-attribute-character",
        "_subject_gaps:Instance-attribute-character",
        "_subject_gaps:Instance-attribute-character",
        "_complement_gaps:Instance-attribute-character",
        "_complement_gaps:Instance-attribute-character",
        "_subject_gaps:Instance-attribute-character",
        "_complement_gaps:Instance-attribute-character",
        "_entity_novelty:Instance-attribute",
        "_statement_novelty:Actor-Source",
        "_statement_novelty:Actor-Source",
        "_trust:Source",
        "_complement_gaps:Instance-attribute-character",
        "_complement_gaps:Instance-attribute-character",
        "_complement_gaps:Instance-attribute-character",
        "_entity_novelty:Instance-attribute",
        "_trust:Source",
        "_statement_novelty:Actor-Source",
        "_statement_novelty:Actor-Source",
        "_complement_gaps:Instance-attribute-character",
        "_subject_gaps:Instance-attribute-character",
        "_overlaps:character",
        "_overlaps:character",
        "_subject_gaps:Instance-attribute-character"
    ]
}