{
    "actions": [
        null,
        7,
        4,
        7,
        7,
        7,
        2,
        7,
        4,
        7,
        7
    ],
    "rewards": [
        0,
        0,
        0.013651877133105783,
        0.04601571268237947,
        0.011802575107296098,
        0.011664899257688432,
        0.011530398322851187,
        0.011398963730569811,
        0.01127049180327866,
        0.03546099290780158,
        0.010763209393346296
    ],
    "states": [
        16.333333333333332,
        17.235294117647058,
        17.470588235294116,
        18.274509803921568,
        18.49019607843137,
        18.705882352941178,
        18.92156862745098,
        19.137254901960784,
        19.352941176470587,
        20.03921568627451,
        20.254901960784313
    ],
    "selections": [
        null,
        null,
        "_trust:Source",
        "_subject_gaps:Instance-attribute-character",
        "_trust:Source",
        "_trust:Source",
        "_trust:Source",
        "_statement_novelty:Actor-Source",
        "_trust:Source",
        "_subject_gaps:Instance-attribute-character",
        "_trust:Source"
    ]
}