{
    "abstract_actions": [
        null,
        4,
        3,
        7,
        2,
        7,
        5,
        3,
        6,
        5,
        3
    ],
    "specific_actions": [
        null,
        null,
        11,
        25,
        25,
        25,
        11,
        null,
        null,
        11,
        null
    ],
    "rewards": [
        0,
        0,
        -0.0009618269144531233,
        0.0022520905860818896,
        0.002269166980535031,
        0.002140337455905472,
        0.0020916539849415994,
        -0.0006221294833110846,
        0.0020111400620972386,
        0.0024435038148320487,
        -0.0018160458172206129
    ],
    "states": [
        10.827586206896552,
        10.749077490774908,
        10.73873873873874,
        10.762923351158646,
        10.787346221441124,
        10.810434782608695,
        10.833046471600689,
        10.826306913996627,
        10.848080133555927,
        10.874587458745875,
        10.85483870967742
    ],
    "selections": [
        null,
        null,
        "_subject_gaps:Instance-character-institution",
        "_entity_novelty:Instance-attribute",
        "_trust:Source",
        "_statement_novelty:Actor-Source",
        "_trust:Source",
        "_complement_gaps:Instance-attribute-character",
        "_entity_novelty:Instance-character",
        "_overlaps:character",
        "_complement_gaps:Instance-attribute-character"
    ]
}