{
    "actions": [
        null,
        5,
        3,
        7,
        5,
        4,
        7,
        2,
        4,
        4,
        4
    ],
    "rewards": [
        0,
        0,
        0.4538364249578415,
        0.3015089163237312,
        -0.015795868772782384,
        0.21553761323355647,
        0.17049558202074522,
        -0.014761544284632833,
        -0.014546810891458484,
        0.1369804919423241,
        0.11687388987566583
    ],
    "states": [
        0.0,
        0.0008699434536755111,
        0.0012647554806070826,
        0.0016460905349794238,
        0.0016200891049007696,
        0.0019692792437967705,
        0.002305032654629274,
        0.002271006813020439,
        0.002237970906378217,
        0.002544529262086514,
        0.002841918294849023
    ],
    "selections": [
        null,
        null,
        "_complement_gaps:Instance-attribute-character",
        "_entity_novelty:Instance-attribute",
        "_trust:Source",
        "_complement_gaps:Instance-attribute-character",
        "_subject_gaps:Instance-attribute-character",
        "_trust:Source",
        "_statement_novelty:Actor-Source",
        "_subject_gaps:Instance-attribute-character",
        "_subject_gaps:Instance-attribute-character"
    ]
}