{
    "abstract_actions": [
        null,
        5,
        5,
        7,
        7,
        4,
        7,
        4,
        7,
        5,
        4
    ],
    "specific_actions": [
        null,
        11,
        11,
        25,
        25,
        null,
        25,
        null,
        25,
        11,
        null
    ],
    "rewards": [
        0,
        0,
        0.0394904458598726,
        0.01225490196078427,
        0.021791767554479646,
        0.011848341232227444,
        0.011709601873536313,
        0.02083333333333326,
        0.039682539682539764,
        0.019629225736095934,
        0.03743315508021405
    ],
    "states": [
        14.607843137254902,
        15.392156862745098,
        16.0,
        16.19607843137255,
        16.54901960784314,
        16.745098039215687,
        16.941176470588236,
        17.294117647058822,
        17.980392156862745,
        18.333333333333332,
        19.019607843137255
    ],
    "selections": [
        null,
        null,
        "_complement_gaps:Instance-attribute-character",
        "_complement_gaps:Instance-attribute-character",
        "_trust:Source",
        "_trust:Source",
        "_subject_gaps:Instance-attribute-character",
        "_trust:Source",
        "_subject_gaps:Instance-character-personality-trait",
        "_trust:Source",
        "_complement_gaps:Instance-attribute-character"
    ]
}