{
    "abstract_actions": [
        null,
        7,
        5,
        7,
        7,
        7,
        5,
        7,
        7,
        7,
        7
    ],
    "specific_actions": [
        null,
        25,
        11,
        25,
        25,
        25,
        11,
        25,
        25,
        25,
        25
    ],
    "rewards": [
        0,
        0,
        0.010580382047204795,
        0.011307030304885668,
        0.0058638930587686655,
        0.006071256170916639,
        0.005865203950569997,
        0.009344006130851623,
        0.0061526813891092935,
        0.003937403302878284,
        0.004997142781194341
    ],
    "states": [
        2.261951971799956,
        2.3403682236617795,
        2.3651302135992593,
        2.391872812599427,
        2.4058984989826864,
        2.4205053250912343,
        2.4347020824863352,
        2.457451953671885,
        2.4725718725718724,
        2.4823073852295408,
        2.494711829660346
    ],
    "selections": [
        null,
        null,
        "_trust:Source",
        "_complement_gaps:Instance-attribute-character",
        "_trust:Source",
        "_trust:Source",
        "_trust:Source",
        "_complement_gaps:Instance-attribute-character",
        "_trust:Source",
        "_trust:Source",
        "_trust:Source"
    ]
}