{
    "actions": [
        null,
        7,
        7,
        5,
        5,
        3,
        7,
        2,
        4,
        4,
        7,
        5,
        5,
        5,
        4,
        6,
        5,
        7,
        4,
        4,
        5,
        7,
        7,
        2,
        2,
        5
    ],
    "rewards": [
        0,
        0,
        -0.017941050832977368,
        -0.01638655462184868,
        0.4571428571428571,
        0.2962962962962963,
        0.21904024767801866,
        -0.014868471216164636,
        -0.014650638617580758,
        -0.01443909663087739,
        -0.014233576642335821,
        -0.014033825116948506,
        0.17051597051597045,
        0.1410344433001487,
        0.1160385039030698,
        0.101370200196915,
        -0.014872292272874121,
        0.08652123511434273,
        -0.012179887570268555,
        -0.012033323048441735,
        0.07869894099848707,
        -0.011662679425837319,
        -0.011528229382205102,
        -0.0113968439509059,
        -0.011268419531927254,
        -0.011142857142857121
    ],
    "states": [
        0.0,
        0.0008699434536755111,
        0.0008543357539513029,
        0.0008403361344537816,
        0.0012244897959183673,
        0.0015873015873015873,
        0.001934984520123839,
        0.0019062142584826535,
        0.0018782870022539444,
        0.0018511662347278786,
        0.0018248175182481751,
        0.0017992083483267362,
        0.002106002106002106,
        0.002403020940611054,
        0.0026818638954073082,
        0.002953724975385625,
        0.002909796314258002,
        0.003161555485298767,
        0.003123048094940662,
        0.0030854674483184203,
        0.0033282904689863843,
        0.003289473684210526,
        0.00325155187703222,
        0.0032144944476914087,
        0.003178272175671771,
        0.003142857142857143
    ],
    "selections": [
        null,
        null,
        "_trust:Source",
        "_trust:Source",
        "_complement_gaps:Instance-attribute-character",
        "_complement_gaps:Instance-attribute-character",
        "_entity_novelty:Instance-character",
        "_trust:Source",
        "_statement_novelty:Actor-Source",
        "_subject_gaps:Instance-attribute-character",
        "_subject_gaps:Instance-attribute-character",
        "_trust:Source",
        "_complement_gaps:Instance-attribute-character",
        "_complement_gaps:Instance-attribute-character",
        "_complement_gaps:Instance-attribute-character",
        "_subject_gaps:Instance-attribute-character",
        "_overlaps:attribute",
        "_complement_gaps:Instance-attribute-character",
        "_trust:Source",
        "_subject_gaps:Instance-attribute-character",
        "_subject_gaps:Instance-attribute-character",
        "_complement_gaps:Instance-attribute-character",
        "_trust:Source",
        "_trust:Source",
        "_statement_novelty:Actor-Source",
        "_statement_novelty:Actor-Source"
    ]
}