{
    "abstract_actions": [
        null,
        3,
        3,
        5,
        3,
        5,
        5,
        4,
        3,
        4,
        4
    ],
    "specific_actions": [
        null,
        null,
        11,
        11,
        11,
        11,
        11,
        null,
        11,
        null,
        null
    ],
    "rewards": [
        0,
        0,
        0.029042045947117456,
        0.026537489469250275,
        0.028723840787853838,
        0.015556441962504941,
        0.02513747054202664,
        0.02452107279693494,
        0.02393418100224376,
        0.014243973703433221,
        0.023046453006841938
    ],
    "states": [
        2096.0,
        2307.0,
        2374.0,
        2437.0,
        2507.0,
        2546.0,
        2610.0,
        2674.0,
        2738.0,
        2777.0,
        2841.0
    ],
    "selections": [
        null,
        null,
        "_entity_novelty:Instance-character",
        "_entity_novelty:Instance-attribute",
        "_complement_gaps:Instance-attribute-character",
        "_entity_novelty:Instance-attribute",
        "_complement_gaps:Instance-attribute-character",
        "_complement_gaps:Instance-attribute-character",
        "_subject_gaps:Instance-character-physical-appearance",
        "_entity_novelty:Instance-attribute",
        "_subject_gaps:Instance-age-character"
    ]
}