{
    "abstract_actions": [
        null,
        7,
        4,
        3,
        2,
        7,
        4,
        6,
        null,
        5,
        3
    ],
    "specific_actions": [
        null,
        25,
        null,
        11,
        25,
        25,
        null,
        11,
        24,
        24,
        11
    ],
    "rewards": [
        0,
        0,
        0.024154589371980784,
        0.04402515723270439,
        0.013554216867469826,
        0.020802377414561812,
        0.013100436681222627,
        0.034482758620689724,
        0.026388888888889017,
        0.014884979702300294,
        0.03733333333333344
    ],
    "states": [
        11.529411764705882,
        12.176470588235293,
        12.470588235294118,
        13.019607843137255,
        13.196078431372548,
        13.470588235294118,
        13.647058823529411,
        14.117647058823529,
        14.490196078431373,
        14.705882352941176,
        15.254901960784315
    ],
    "selections": [
        null,
        null,
        "_trust:Source",
        "_subject_gaps:Instance-ability-character",
        "_entity_novelty:Instance-attribute",
        "_statement_novelty:Actor-Source",
        "_trust:Source",
        "_subject_gaps:Instance-attribute-character",
        "_overlaps:ancestry-attribute",
        "_complement_conflict:Actor-Source-org/ancestry-org/attribute",
        "_complement_gaps:Instance-character-org-ancestry-org-attribute"
    ]
}