{
    "abstract_actions": [
        null,
        5,
        7,
        2,
        5,
        7,
        4,
        7,
        6,
        2,
        5
    ],
    "specific_actions": [
        null,
        11,
        25,
        25,
        11,
        25,
        null,
        25,
        11,
        25,
        11
    ],
    "rewards": [
        0,
        0,
        0.03164282618118763,
        0.025210084033613356,
        0.015983606557377072,
        0.025816861637757205,
        0.019661816751867844,
        0.02468183571153104,
        0.01881821603312006,
        0.017362393793867836,
        0.014161220043573008
    ],
    "states": [
        2096.0,
        2307.0,
        2380.0,
        2440.0,
        2479.0,
        2543.0,
        2593.0,
        2657.0,
        2707.0,
        2754.0,
        2793.0
    ],
    "selections": [
        null,
        null,
        "_complement_gaps:Instance-attribute-character",
        "_trust:Source",
        "_statement_novelty:Actor-Source",
        "_complement_gaps:Instance-attribute-character",
        "_trust:Source",
        "_subject_gaps:Instance-character-object",
        "_trust:Source",
        "_overlaps:attribute-object",
        "_statement_novelty:Actor-Source"
    ]
}