{
    "abstract_actions": [
        null,
        4,
        3,
        5,
        2,
        7,
        2,
        2,
        7,
        4,
        7
    ],
    "specific_actions": [
        null,
        null,
        null,
        11,
        25,
        25,
        25,
        25,
        25,
        null,
        25
    ],
    "rewards": [
        0,
        0,
        0.08578581201059565,
        0.0785255586950937,
        -0.010421962379257743,
        -0.014529058116232396,
        -0.010166129432184423,
        -0.010063819342169933,
        -0.009963547995139765,
        -0.009865255052935562,
        0.07360127440638942
    ],
    "states": [
        0.002204464039680353,
        0.002412868632707775,
        0.0026198585276395073,
        0.0028255843822245054,
        0.0027961362480935434,
        0.0027555110220440883,
        0.002727498140342177,
        0.002700049091801669,
        0.0026731470230862697,
        0.0026467757459095282,
        0.0028415818138763913
    ],
    "selections": [
        null,
        null,
        "_subject_gaps:Instance-attribute-character",
        "_entity_novelty:Instance-character",
        "_complement_gaps:Instance-attribute-character",
        "_statement_novelty:Actor-Source",
        "_trust:Source",
        "_statement_novelty:Actor-Source",
        "_statement_novelty:Actor-Source",
        "_trust:Source",
        "_subject_gaps:Instance-age-character"
    ]
}