{
    "actions": [
        null,
        7,
        5,
        4,
        5,
        7,
        5,
        7,
        7,
        2,
        4
    ],
    "rewards": [
        0,
        0,
        0.0019803648927654294,
        0.0005747169055758672,
        -0.0005961124949436236,
        0.0005512003919647679,
        0.0026320621901205765,
        -0.0006220839813374512,
        0.002534301329127908,
        0.0024891828621402823,
        0.0024452666195970973
    ],
    "states": [
        12.367857142857142,
        12.289655172413793,
        12.313993174061434,
        12.321070234113712,
        12.313725490196079,
        12.320512820512821,
        12.352941176470589,
        12.345256609642302,
        12.376543209876543,
        12.407350689127105,
        12.437689969604863
    ],
    "selections": [
        null,
        null,
        "_trust:Source",
        "_complement_gaps:Instance-attribute-character",
        "_subject_gaps:Instance-attribute-character",
        "_complement_gaps:Instance-attribute-character",
        "_trust:Source",
        "_complement_gaps:Instance-attribute-character",
        "_trust:Source",
        "_trust:Source",
        "_statement_novelty:Actor-Source"
    ]
}