{
    "abstract_actions": [
        null,
        5,
        7,
        2,
        4,
        4,
        7,
        5,
        3,
        7,
        2
    ],
    "specific_actions": [
        null,
        11,
        25,
        25,
        null,
        null,
        25,
        11,
        11,
        25,
        25
    ],
    "rewards": [
        0,
        0,
        0.33333333333333326,
        0.5,
        0.0,
        0.0,
        0.0,
        0.19999999999999996,
        -0.02777777777777768,
        0.0,
        0.1428571428571428
    ],
    "states": [
        0.0,
        0.5,
        0.6666666666666666,
        1.0,
        1.0,
        1.0,
        1.0,
        1.2,
        1.1666666666666667,
        1.1666666666666667,
        1.3333333333333333
    ],
    "selections": [
        null,
        null,
        "_complement_gaps:Instance-attribute-character",
        "_trust:Source",
        "_statement_novelty:Actor-Source",
        "_subject_gaps:Instance-age-character",
        "_subject_gaps:Instance-attribute-character",
        "_trust:Source",
        "_complement_gaps:Instance-attribute-character",
        "_entity_novelty:Instance-attribute",
        "_trust:Source"
    ]
}