{
    "actions": [
        null,
        3,
        7,
        5,
        7,
        5,
        4,
        2,
        5,
        4,
        3
    ],
    "rewards": [
        0,
        0,
        0.02277904328018243,
        0.020044543429843964,
        0.058951965065502154,
        0.01855670103092777,
        0.054655870445344146,
        0.017274472168905985,
        0.016981132075471583,
        0.05009276437847876,
        0.04063604240282692
    ],
    "states": [
        7.0588235294117645,
        8.607843137254902,
        8.803921568627452,
        8.980392156862745,
        9.509803921568627,
        9.686274509803921,
        10.215686274509803,
        10.392156862745098,
        10.568627450980392,
        11.098039215686274,
        11.549019607843137
    ],
    "selections": [
        null,
        null,
        "_entity_novelty:Instance-attribute",
        "_trust:Source",
        "_complement_gaps:Instance-attribute-character",
        "_trust:Source",
        "_complement_gaps:Instance-attribute-character",
        "_subject_gaps:Instance-attribute-character",
        "_statement_novelty:Actor-Source",
        "_complement_gaps:Instance-attribute-character",
        "_subject_gaps:Instance-attribute-character"
    ]
}