{
    "abstract_actions": [
        null,
        3,
        5,
        5,
        7,
        4,
        5,
        5,
        3,
        5,
        5
    ],
    "specific_actions": [
        null,
        11,
        11,
        11,
        25,
        null,
        11,
        11,
        11,
        11,
        11
    ],
    "rewards": [
        0,
        0,
        0.0,
        -0.012345679012345623,
        -0.010000000000000009,
        0.09090909090909083,
        -0.015151515151515027,
        -0.012820512820512775,
        -0.010989010989011172,
        -0.00952380952380949,
        0.0
    ],
    "states": [
        1.1428571428571428,
        1.125,
        1.125,
        1.1111111111111112,
        1.1,
        1.2,
        1.1818181818181819,
        1.1666666666666667,
        1.1538461538461537,
        1.1428571428571428,
        1.1428571428571428
    ],
    "selections": [
        null,
        null,
        "_entity_novelty:Instance-attribute",
        "_complement_gaps:Instance-attribute-character",
        "_complement_gaps:Instance-attribute-character",
        "_trust:Source",
        "_subject_gaps:Instance-character-physical-appearance",
        "_complement_gaps:Instance-attribute-character",
        "_complement_gaps:Instance-attribute-character",
        "_entity_novelty:Instance-attribute",
        "_complement_gaps:Instance-attribute-character"
    ]
}