{
    "abstract_actions": [
        null,
        7,
        2,
        7,
        5,
        7,
        7,
        2,
        7,
        7,
        2
    ],
    "specific_actions": [
        null,
        25,
        25,
        25,
        11,
        25,
        25,
        25,
        25,
        25,
        25
    ],
    "rewards": [
        0,
        0,
        0.010580382047204795,
        0.006737703466092926,
        0.004996835577125713,
        0.010520456221511987,
        0.006849673667245204,
        0.005669547288741583,
        0.0054835932722667735,
        0.0053067061829206175,
        0.003946228219323222
    ],
    "states": [
        2.261951971799956,
        2.3403682236617795,
        2.3651302135992593,
        2.3810657596371883,
        2.3929635537364193,
        2.4181386220431773,
        2.4347020824863352,
        2.448505741076989,
        2.4619323506858652,
        2.474997102313182,
        2.4847640057210736
    ],
    "selections": [
        null,
        null,
        "_trust:Source",
        "_statement_novelty:Actor-Source",
        "_trust:Source",
        "_complement_gaps:Instance-attribute-character",
        "_trust:Source",
        "_trust:Source",
        "_statement_novelty:Actor-Source",
        "_trust:Source",
        "_trust:Source"
    ]
}