{
    "abstract_actions": [
        null,
        4,
        2,
        7,
        7,
        2,
        7,
        7,
        7,
        7,
        5
    ],
    "specific_actions": [
        null,
        null,
        25,
        25,
        25,
        25,
        25,
        25,
        25,
        25,
        11
    ],
    "rewards": [
        0,
        0,
        -0.014290575025518892,
        -0.016728002676480447,
        -0.012879788639365786,
        -0.012716009129442485,
        -0.01255634256278182,
        -0.012400635930047699,
        -0.01224874371859297,
        -0.012100527458889232,
        -0.011955855303494745
    ],
    "states": [
        0.002130681818181818,
        0.002416292716603383,
        0.0023817625042531474,
        0.00234192037470726,
        0.002311756935270806,
        0.0022823606129768505,
        0.0022537025112685126,
        0.0022257551669316376,
        0.0021984924623115578,
        0.0021718895439031957,
        0.002145922746781116
    ],
    "selections": [
        null,
        null,
        "_subject_gaps:Instance-attribute-character",
        "_statement_novelty:Actor-Source",
        "_trust:Source",
        "_trust:Source",
        "_statement_novelty:Actor-Source",
        "_trust:Source",
        "_trust:Source",
        "_trust:Source",
        "_trust:Source"
    ]
}