{
    "actions": [
        null,
        4,
        5,
        4,
        5,
        5,
        5,
        7,
        5,
        5,
        5
    ],
    "rewards": [
        0,
        0,
        0.0021196280501027953,
        0.00623515196228408,
        0.005924790627252818,
        0.005637121308446513,
        0.004762304212972968,
        0.004572522626449027,
        0.0019069347685722882,
        0.004322040823371065,
        0.0018063815892408464
    ],
    "states": [
        2.4309282448817333,
        2.454776863084922,
        2.4599800769806603,
        2.475318426584826,
        2.489984169998122,
        2.504020512820513,
        2.5159454202580886,
        2.5274496376191293,
        2.5322693192089205,
        2.5432138905823116,
        2.5478079053317613
    ],
    "selections": [
        null,
        null,
        "_subject_gaps:Instance-attribute-character",
        "_complement_gaps:Instance-attribute-character",
        "_subject_gaps:Instance-attribute-character",
        "_complement_gaps:Instance-attribute-character",
        "_complement_gaps:Instance-attribute-character",
        "_complement_gaps:Instance-attribute-character",
        "_trust:Source",
        "_complement_gaps:Instance-attribute-character",
        "_complement_gaps:Instance-attribute-character"
    ]
}