{
    "actions": [
        null,
        4,
        4,
        4,
        7,
        5,
        4,
        4,
        7,
        4,
        4
    ],
    "rewards": [
        0,
        0,
        0.06378132118451019,
        0.04925053533190571,
        0.0469387755102042,
        0.01754385964912264,
        0.044061302681992265,
        0.04954128440366978,
        0.0472027972027973,
        0.015025041736227207,
        0.014802631578947345
    ],
    "states": [
        7.0588235294117645,
        8.607843137254902,
        9.156862745098039,
        9.607843137254902,
        10.058823529411764,
        10.235294117647058,
        10.686274509803921,
        11.215686274509803,
        11.745098039215685,
        11.92156862745098,
        12.098039215686274
    ],
    "selections": [
        null,
        null,
        "_subject_gaps:Instance-attribute-character",
        "_subject_gaps:Instance-attribute-character",
        "_subject_gaps:Instance-attribute-character",
        "_trust:Source",
        "_complement_gaps:Instance-attribute-character",
        "_subject_gaps:Instance-attribute-character",
        "_subject_gaps:Instance-attribute-character",
        "_trust:Source",
        "_subject_gaps:Instance-attribute-character"
    ]
}