{
    "abstract_actions": [
        null,
        6,
        5,
        5,
        5,
        4,
        4,
        5,
        5,
        5,
        4
    ],
    "specific_actions": [
        null,
        null,
        11,
        11,
        11,
        null,
        null,
        11,
        11,
        11,
        null
    ],
    "rewards": [
        0,
        0,
        0.02022926500337152,
        0.02115003304692653,
        0.020064724919093946,
        0.022208121827411276,
        0.017690875232774683,
        0.011893870082342106,
        0.019288728149487566,
        0.018923713778829176,
        0.018572257690075533
    ],
    "states": [
        2886.0,
        2966.0,
        3026.0,
        3090.0,
        3152.0,
        3222.0,
        3279.0,
        3318.0,
        3382.0,
        3446.0,
        3510.0
    ],
    "selections": [
        null,
        null,
        "_overlaps:character",
        "_complement_gaps:Instance-attribute-character",
        "_complement_gaps:Instance-attribute-character",
        "_complement_gaps:Instance-attribute-character",
        "_subject_gaps:Instance-attribute-character",
        "_subject_gaps:Instance-age-character",
        "_complement_gaps:Instance-attribute-character",
        "_complement_gaps:Instance-attribute-character",
        "_complement_gaps:Instance-attribute-character"
    ]
}