{
    "actions": [
        null,
        3,
        7,
        5,
        5,
        7,
        4,
        3,
        7,
        4,
        5
    ],
    "rewards": [
        0,
        0,
        0.002042839614824432,
        0.002310334518416113,
        0.005924064483932012,
        0.004995203773732859,
        0.0020761977991337055,
        0.004709957231716633,
        0.00452340369371651,
        0.0018872645550158662,
        0.002361147113778328
    ],
    "states": [
        2.4406544716453378,
        2.463820781319953,
        2.468853972015861,
        2.474557850568338,
        2.4892172908443246,
        2.5016514384491915,
        2.506845361659899,
        2.518652496099844,
        2.5300453781038903,
        2.5348202430685673,
        2.5408053265694357
    ],
    "selections": [
        null,
        null,
        "_entity_novelty:Instance-attribute",
        "_trust:Source",
        "_complement_gaps:Instance-attribute-character",
        "_complement_gaps:Instance-attribute-character",
        "_trust:Source",
        "_subject_gaps:Instance-attribute-character",
        "_entity_novelty:Instance-attribute",
        "_trust:Source",
        "_subject_gaps:Instance-attribute-character"
    ]
}