{
    "abstract_actions": [
        null,
        7,
        2,
        4,
        3,
        4,
        5,
        3,
        5,
        4,
        5
    ],
    "specific_actions": [
        null,
        25,
        25,
        null,
        11,
        null,
        11,
        11,
        11,
        null,
        11
    ],
    "rewards": [
        0,
        0,
        0.01775147928994092,
        0.012239902080783294,
        0.021160822249093103,
        0.011841326228537508,
        0.022527794031597326,
        0.02002861230329045,
        0.011220196353436185,
        0.01941747572815533,
        0.01904761904761898
    ],
    "states": [
        3117.0,
        3211.0,
        3268.0,
        3308.0,
        3378.0,
        3418.0,
        3495.0,
        3565.0,
        3605.0,
        3675.0,
        3745.0
    ],
    "selections": [
        null,
        null,
        "_trust:Source",
        "_statement_novelty:Actor-Source",
        "_subject_gaps:Instance-character-designation",
        "_entity_novelty:Instance-attribute",
        "_subject_gaps:Instance-attribute-character",
        "_complement_gaps:Instance-attribute-character",
        "_entity_novelty:Instance-attribute",
        "_complement_gaps:Instance-attribute-character",
        "_subject_gaps:Instance-attribute-character"
    ]
}