{
    "abstract_actions": [
        null,
        3,
        5,
        7,
        4,
        3,
        5,
        4,
        5,
        4,
        4
    ],
    "specific_actions": [
        null,
        null,
        11,
        25,
        null,
        11,
        11,
        null,
        11,
        null,
        null
    ],
    "rewards": [
        0,
        0,
        0.0015806492403851458,
        -0.00032436617802467094,
        0.002369561799519193,
        -3.897495858906641e-05,
        0.0021644612476370284,
        -7.933456607056577e-05,
        -0.00148093840212693,
        0.0020479325903037804,
        -8.438106488906083e-05
    ],
    "states": [
        10.721495327102804,
        10.64864864864865,
        10.665480427046264,
        10.662020905923345,
        10.687285223367697,
        10.686868686868687,
        10.71,
        10.709150326797385,
        10.69329073482428,
        10.715189873417721,
        10.714285714285714
    ],
    "selections": [
        null,
        null,
        "_entity_novelty:Instance-character",
        "_complement_gaps:Instance-attribute-character",
        "_trust:Source",
        "_subject_gaps:Instance-character-designation",
        "_entity_novelty:Instance-attribute",
        "_complement_gaps:Instance-attribute-character",
        "_subject_gaps:Instance-attribute-character",
        "_complement_gaps:Instance-attribute-character",
        "_subject_gaps:Instance-attribute-character"
    ]
}