{
    "abstract_actions": [
        null,
        3,
        5,
        5,
        3,
        3,
        7,
        5,
        4,
        5,
        3
    ],
    "specific_actions": [
        null,
        11,
        11,
        11,
        null,
        11,
        25,
        11,
        null,
        11,
        11
    ],
    "rewards": [
        0,
        0,
        0.022471910112359605,
        0.01298701298701288,
        0.023011176857330673,
        0.020565552699228773,
        0.012279596977329943,
        0.015552099533437058,
        0.01960183767228174,
        0.021027335536196956,
        0.01882906737275669
    ],
    "states": [
        2856.0,
        2937.0,
        3003.0,
        3042.0,
        3112.0,
        3176.0,
        3215.0,
        3265.0,
        3329.0,
        3399.0,
        3463.0
    ],
    "selections": [
        null,
        null,
        "_entity_novelty:Instance-attribute",
        "_complement_gaps:Instance-attribute-character",
        "_complement_gaps:Instance-attribute-character",
        "_entity_novelty:Instance-character",
        "_entity_novelty:Instance-attribute",
        "_trust:Source",
        "_complement_gaps:Instance-attribute-character",
        "_subject_gaps:Instance-ability-character",
        "_complement_gaps:Instance-attribute-character"
    ]
}