{
    "abstract_actions": [
        null,
        4,
        3,
        2,
        2,
        4,
        3,
        4,
        7,
        2,
        7
    ],
    "specific_actions": [
        null,
        null,
        11,
        25,
        25,
        null,
        11,
        null,
        25,
        25,
        25
    ],
    "rewards": [
        0,
        0,
        0.4576663858466723,
        -0.0161624533775383,
        -0.02426202992317028,
        -0.015525477707006408,
        0.30020703933747406,
        0.22015915119363405,
        0.17158712541620424,
        -0.018162005085361366,
        -0.013968481375358222
    ],
    "states": [
        0.0,
        0.0008669267446900737,
        0.0012636899747262005,
        0.0012432656444260257,
        0.001213101496158512,
        0.0011942675159235668,
        0.0015527950310559005,
        0.0018946570670708603,
        0.0022197558268590455,
        0.002179440610243371,
        0.002148997134670487
    ],
    "selections": [
        null,
        null,
        "_subject_gaps:Instance-ability-character",
        "_entity_novelty:Instance-attribute",
        "_statement_novelty:Actor-Source",
        "_statement_novelty:Actor-Source",
        "_subject_gaps:Instance-character-institution",
        "_entity_novelty:Instance-attribute",
        "_subject_gaps:Instance-character-enchantment",
        "_trust:Source",
        "_statement_novelty:Actor-Source"
    ]
}