{
    "abstract_actions": [
        null,
        3,
        4,
        3,
        3,
        5,
        5,
        3,
        2,
        4,
        5
    ],
    "specific_actions": [
        null,
        11,
        null,
        null,
        11,
        11,
        11,
        11,
        25,
        null,
        11
    ],
    "rewards": [
        0,
        0,
        0.01820546163849146,
        0.0297999148573862,
        0.026457213724679685,
        0.025372533225936467,
        0.02513747054202664,
        0.026819923371647514,
        0.01455223880597023,
        0.022066936373666746,
        0.023029866858582215
    ],
    "states": [
        2096.0,
        2307.0,
        2349.0,
        2419.0,
        2483.0,
        2546.0,
        2610.0,
        2680.0,
        2719.0,
        2779.0,
        2843.0
    ],
    "selections": [
        null,
        null,
        "_entity_novelty:Instance-attribute",
        "_subject_gaps:Instance-character-product",
        "_entity_novelty:Instance-character",
        "_entity_novelty:Instance-attribute",
        "_complement_gaps:Instance-attribute-character",
        "_complement_gaps:Instance-attribute-character",
        "_entity_novelty:Instance-attribute",
        "_statement_novelty:Actor-Source",
        "_subject_gaps:Instance-character-enchantment"
    ]
}