{
    "abstract_actions": [
        null,
        7,
        4,
        4,
        4,
        4,
        4,
        5,
        5,
        4,
        4
    ],
    "specific_actions": [
        null,
        25,
        null,
        null,
        null,
        null,
        null,
        11,
        11,
        null,
        null
    ],
    "rewards": [
        0,
        0,
        0.010580382047204795,
        0.009797667148763844,
        0.009506058081847568,
        0.008923391940454772,
        0.005650840132968016,
        0.008092695535634187,
        0.008460795332217774,
        0.007164976048417149,
        0.006776077393480406
    ],
    "states": [
        2.261951971799956,
        2.3403682236617795,
        2.3651302135992593,
        2.3883029721955897,
        2.41100631896633,
        2.43252067332138,
        2.4462664587664587,
        2.4660633484162897,
        2.4869282056835234,
        2.5047469867113787,
        2.521719346144422
    ],
    "selections": [
        null,
        null,
        "_trust:Source",
        "_subject_gaps:Instance-character-product",
        "_subject_gaps:Instance-character-institution",
        "_subject_gaps:Instance-attribute-character",
        "_subject_gaps:Instance-character-object",
        "_subject_gaps:Instance-character-gender",
        "_complement_gaps:Instance-attribute-character",
        "_complement_gaps:Instance-attribute-character",
        "_subject_gaps:Instance-character-physical-appearance"
    ]
}