{
    "actions": [
        null,
        7,
        4,
        7,
        2,
        5,
        5,
        4,
        4,
        5,
        5,
        5,
        4,
        7,
        2,
        4,
        7,
        2,
        4,
        4,
        5,
        6,
        4,
        4,
        3,
        4
    ],
    "rewards": [
        0,
        0,
        -0.006921531892096988,
        -0.014457189865179187,
        -0.0049089154820964875,
        -0.004891347517730571,
        -0.017253166768968375,
        -0.016962758421542823,
        -0.004716251618995249,
        -0.013606380239803761,
        -0.013428029972121225,
        -0.00458331243189225,
        -0.013198488613486825,
        -0.004511455363282124,
        -0.004495758643492054,
        -0.004480080584275292,
        -0.012868769046857076,
        -0.004410765017399787,
        -0.004395440135014361,
        -0.012604509000870956,
        -0.004328303719399629,
        -0.004313342550847699,
        -0.015051054091613558,
        -0.014828479571944442,
        -0.014612372895666526,
        -0.004114839684846605
    ],
    "states": [
        0.00715271500516529,
        0.0069559011978115575,
        0.006907755705832629,
        0.006807888970051132,
        0.006774469618485654,
        0.0067413333333333336,
        0.006625023985088128,
        0.006512645303692151,
        0.006481930029734672,
        0.0063937344250622995,
        0.00630787916756878,
        0.006278968186561188,
        0.006196095296446414,
        0.006168141889089853,
        0.006140411411877692,
        0.006112901873931876,
        0.006034236351510147,
        0.006007620752904183,
        0.005981214615530923,
        0.005905824342073323,
        0.005880262140607407,
        0.005854898555706186,
        0.005766776160843342,
        0.0056812636383463,
        0.005598246895544193,
        0.005575211007052838
    ],
    "selections": [
        null,
        null,
        "_trust:Source",
        "_subject_gaps:Instance-attribute-character",
        "_trust:Source",
        "_statement_novelty:Actor-Source",
        "_complement_gaps:Instance-attribute-character",
        "_complement_gaps:Instance-attribute-character",
        "_subject_gaps:Instance-attribute-character",
        "_subject_gaps:Instance-attribute-character",
        "_complement_gaps:Instance-attribute-character",
        "_complement_gaps:Instance-attribute-character",
        "_complement_gaps:Instance-attribute-character",
        "_subject_gaps:Instance-attribute-character",
        "_trust:Source",
        "_statement_novelty:Actor-Source",
        "_subject_gaps:Instance-attribute-character",
        "_trust:Source",
        "_statement_novelty:Actor-Source",
        "_subject_gaps:Instance-attribute-character",
        "_subject_gaps:Instance-attribute-character",
        "_complement_gaps:Instance-attribute-character",
        "_overlaps:attribute",
        "_subject_gaps:Instance-attribute-character",
        "_subject_gaps:Instance-attribute-character",
        "_entity_novelty:Instance-attribute"
    ]
}