{
    "abstract_actions": [
        null,
        4,
        4,
        3,
        4,
        5,
        7,
        7,
        6,
        2,
        5
    ],
    "specific_actions": [
        null,
        null,
        null,
        11,
        null,
        11,
        25,
        25,
        null,
        25,
        11
    ],
    "rewards": [
        0,
        0,
        0.053884711779448535,
        0.049940546967895516,
        0.012457531143827971,
        0.01230425055928408,
        0.012154696132596676,
        0.024017467248908186,
        0.011727078891258236,
        0.017913593256059013,
        0.011387163561076497
    ],
    "states": [
        14.745098039215685,
        15.647058823529411,
        16.49019607843137,
        17.313725490196077,
        17.529411764705884,
        17.745098039215687,
        17.96078431372549,
        18.392156862745097,
        18.607843137254903,
        18.941176470588236,
        19.15686274509804
    ],
    "selections": [
        null,
        null,
        "_subject_gaps:Instance-character-personality-trait",
        "_subject_gaps:Instance-character-enchantment",
        "_entity_novelty:Instance-attribute",
        "_subject_gaps:Instance-character-enchantment",
        "_complement_gaps:Instance-attribute-character",
        "_trust:Source",
        "_trust:Source",
        "_overlaps:character",
        "_statement_novelty:Actor-Source"
    ]
}