{
    "abstract_actions": [
        null,
        4,
        3,
        4,
        4,
        7,
        6,
        null,
        7,
        2,
        4
    ],
    "specific_actions": [
        null,
        null,
        11,
        null,
        null,
        25,
        11,
        24,
        25,
        25,
        null
    ],
    "rewards": [
        0,
        0,
        0.057077625570776336,
        0.049676025917926525,
        0.04938271604938271,
        0.01764705882352935,
        0.034682080924855585,
        0.035381750465549366,
        0.028776978417266008,
        0.01573426573426584,
        0.015490533562822595
    ],
    "states": [
        7.0588235294117645,
        8.588235294117647,
        9.07843137254902,
        9.529411764705882,
        10.0,
        10.176470588235293,
        10.529411764705882,
        10.901960784313726,
        11.215686274509803,
        11.392156862745098,
        11.568627450980392
    ],
    "selections": [
        null,
        null,
        "_subject_gaps:Instance-ancestry-character",
        "_entity_novelty:Instance-attribute",
        "_subject_gaps:Instance-ancestry-character",
        "_subject_gaps:Instance-ancestry-character",
        "_trust:Source",
        "_overlaps:ancestry-attribute",
        "_complement_conflict:Actor-Source-org/ancestry-org/attribute",
        "_trust:Source",
        "_statement_novelty:Actor-Source"
    ]
}