{
    "actions": [
        null,
        7,
        5,
        2,
        7,
        5,
        5,
        5,
        4,
        2,
        2,
        4,
        5,
        2,
        7,
        5,
        5,
        5,
        6,
        6,
        6,
        5,
        7,
        2,
        2,
        4
    ],
    "rewards": [
        0,
        0,
        -0.010059442158207532,
        -0.009286523216308074,
        -0.00920107719928187,
        -0.00911718923726923,
        0.0817187841679421,
        0.07307534367117086,
        0.06590828924162251,
        -0.008602601762484285,
        -0.008529228208862039,
        -0.008457095709570983,
        0.06030119352621388,
        -0.00825780463242698,
        -0.0081901717938474,
        -0.008123637804636319,
        0.05553386687487816,
        0.05269376484941879,
        0.04716869185494588,
        -0.009403799134850455,
        -0.007652108995893969,
        -0.007593998888683062,
        0.044125705076551114,
        -0.007432922407541787,
        -0.00737808169875831,
        -0.0073240443015362144
    ],
    "states": [
        0.002128162686214235,
        0.0023094688221709007,
        0.002286236854138089,
        0.0022650056625141564,
        0.002244165170556553,
        0.0022237046920169003,
        0.0024054231357970696,
        0.002581200258120026,
        0.0027513227513227515,
        0.002727654217373059,
        0.0027043894320782193,
        0.0026815181518151814,
        0.002843216896831844,
        0.0028197381671701913,
        0.002796644027167399,
        0.0027739251040221915,
        0.002927971891469842,
        0.003082257753804662,
        0.0032276438200113918,
        0.003197291705849163,
        0.0031728256812243376,
        0.0031487312465271347,
        0.0032876712328767125,
        0.0032632342277012327,
        0.0032391578189670685,
        0.003215434083601286
    ],
    "selections": [
        null,
        null,
        "_trust:Source",
        "_complement_gaps:Instance-attribute-character",
        "_statement_novelty:Actor-Source",
        "_trust:Source",
        "_complement_gaps:Instance-attribute-character",
        "_complement_gaps:Instance-attribute-character",
        "_complement_gaps:Instance-attribute-character",
        "_subject_gaps:Instance-attribute-character",
        "_statement_novelty:Actor-Source",
        "_statement_novelty:Actor-Source",
        "_subject_gaps:Instance-attribute-character",
        "_complement_gaps:Instance-attribute-character",
        "_statement_novelty:Actor-Source",
        "_trust:Source",
        "_complement_gaps:Instance-attribute-character",
        "_complement_gaps:Instance-attribute-character",
        "_complement_gaps:Instance-attribute-character",
        "_overlaps:character",
        "_overlaps:character",
        "_overlaps:character",
        "_complement_gaps:Instance-attribute-character",
        "_trust:Source",
        "_statement_novelty:Actor-Source",
        "_statement_novelty:Actor-Source"
    ]
}