{
    "abstract_actions": [
        null,
        4,
        3,
        4,
        7,
        2,
        6,
        7,
        4,
        5,
        7
    ],
    "specific_actions": [
        null,
        null,
        null,
        null,
        25,
        25,
        null,
        25,
        null,
        11,
        25
    ],
    "rewards": [
        0,
        0,
        0.04919908466819223,
        0.03925845147219209,
        0.036726128016788984,
        0.022267206477732948,
        0.0108910891089109,
        0.027424094025465307,
        0.01048617731172552,
        0.039622641509434064,
        0.02631578947368407
    ],
    "states": [
        16.333333333333332,
        17.137254901960784,
        17.980392156862745,
        18.686274509803923,
        19.372549019607842,
        19.80392156862745,
        20.019607843137255,
        20.568627450980394,
        20.784313725490197,
        21.607843137254903,
        22.176470588235293
    ],
    "selections": [
        null,
        null,
        "_subject_gaps:Instance-character-personality-trait",
        "_entity_novelty:Instance-character",
        "_subject_gaps:Instance-character-personality-trait",
        "_trust:Source",
        "_statement_novelty:Actor-Source",
        "_overlaps:character",
        "_trust:Source",
        "_subject_gaps:Instance-character-personality-trait",
        "_complement_gaps:Instance-attribute-character"
    ]
}