{
    "actions": [
        null,
        4,
        2,
        7,
        7,
        5,
        3,
        4,
        7,
        4,
        5
    ],
    "rewards": [
        0,
        0,
        -0.01510565743796577,
        -0.011902572447349491,
        -0.011769293216231769,
        -0.011638734371567594,
        -0.03491557200162798,
        -0.011104706519049379,
        -0.028082621218177617,
        -0.010679319222390737,
        -0.02703062704201742
    ],
    "states": [
        0.013056202873306185,
        0.010384007064254536,
        0.010227149810708491,
        0.010105420419156637,
        0.009986486763170287,
        0.009870256696428572,
        0.00952563103806987,
        0.009419851700983356,
        0.009155317573733234,
        0.009057545014780973,
        0.008812713893570145
    ],
    "selections": [
        null,
        null,
        "_subject_gaps:Instance-attribute-character",
        "_statement_novelty:Actor-Source",
        "_trust:Source",
        "_trust:Source",
        "_complement_gaps:Instance-attribute-character",
        "_entity_novelty:Instance-character",
        "_subject_gaps:Instance-attribute-character",
        "_trust:Source",
        "_subject_gaps:Instance-attribute-character"
    ]
}