{
    "actions": [
        null,
        5,
        5,
        3,
        3,
        3,
        7,
        5,
        7,
        5,
        4
    ],
    "rewards": [
        0,
        0,
        0.4538364249578415,
        0.29830322933771214,
        0.21799999999999997,
        0.17004680187207488,
        -0.014982712255090402,
        -0.014761544284632833,
        0.13655358898721737,
        -0.014176663031624792,
        0.11687388987566583
    ],
    "states": [
        0.0,
        0.0008699434536755111,
        0.0012647554806070826,
        0.0016420361247947454,
        0.002,
        0.00234009360374415,
        0.002305032654629274,
        0.002271006813020439,
        0.0025811209439528023,
        0.002544529262086514,
        0.002841918294849023
    ],
    "selections": [
        null,
        null,
        "_complement_gaps:Instance-attribute-character",
        "_complement_gaps:Instance-attribute-character",
        "_entity_novelty:Instance-attribute",
        "_entity_novelty:Instance-character",
        "_entity_novelty:Instance-attribute",
        "_trust:Source",
        "_complement_gaps:Instance-attribute-character",
        "_trust:Source",
        "_complement_gaps:Instance-attribute-character"
    ]
}