{
    "abstract_actions": [
        null,
        3,
        7,
        2,
        7,
        5,
        5,
        5,
        7,
        4,
        4
    ],
    "specific_actions": [
        null,
        null,
        25,
        25,
        25,
        11,
        11,
        11,
        25,
        null,
        null
    ],
    "rewards": [
        0,
        0,
        -0.016627652150244865,
        -0.009829619086700658,
        -0.008793217954509602,
        -0.008717235719468919,
        -0.019838758955714075,
        -0.016225307873827033,
        -0.01568641456120634,
        -0.009127401555617531,
        -0.012198227747293067
    ],
    "states": [
        0.008434513485018535,
        0.008130059735381808,
        0.007994875930141167,
        0.007916289345102448,
        0.0078466796875,
        0.007778278331048894,
        0.00762396694214876,
        0.007500265731292517,
        0.007382613453712253,
        0.007315229376190317,
        0.007225996542235859
    ],
    "selections": [
        null,
        null,
        "_entity_novelty:Instance-character",
        "_trust:Source",
        "_statement_novelty:Actor-Source",
        "_trust:Source",
        "_complement_gaps:Instance-attribute-character",
        "_complement_gaps:Instance-attribute-character",
        "_complement_gaps:Instance-attribute-character",
        "_trust:Source",
        "_subject_gaps:Instance-attribute-character"
    ]
}