{
    "abstract_actions": [
        null,
        4,
        5,
        5,
        3,
        5,
        5,
        6,
        6,
        4,
        5
    ],
    "specific_actions": [
        null,
        null,
        11,
        11,
        11,
        11,
        11,
        null,
        null,
        null,
        11
    ],
    "rewards": [
        0,
        0,
        -0.04018678793601638,
        -0.016280718315999976,
        -0.02969369248446374,
        -0.0293096735188072,
        -0.03331248605762016,
        -0.014611349699862108,
        -0.02926979391705864,
        -0.017630286661451167,
        -0.030362833937356948
    ],
    "states": [
        0.013134665630958265,
        0.01056689342403628,
        0.01014224391886205,
        0.009977120902526893,
        0.009680863342566943,
        0.009397120398616118,
        0.00908407895635544,
        0.008951348302022972,
        0.008689344181942947,
        0.00853614855311528,
        0.00827696689213243
    ],
    "selections": [
        null,
        null,
        "_subject_gaps:Instance-character-product",
        "_complement_gaps:Instance-attribute-character",
        "_complement_gaps:Instance-attribute-character",
        "_entity_novelty:Instance-attribute",
        "_complement_gaps:Instance-attribute-character",
        "_complement_gaps:Instance-attribute-character",
        "_overlaps:character",
        "_overlaps:character",
        "_subject_gaps:Instance-character-product"
    ]
}