{
    "abstract_actions": [
        null,
        3,
        4,
        6,
        7,
        4,
        5,
        5,
        4,
        5,
        7
    ],
    "specific_actions": [
        null,
        null,
        null,
        11,
        25,
        null,
        11,
        11,
        null,
        11,
        25
    ],
    "rewards": [
        0,
        0,
        0.029042045947117456,
        0.02695871946082562,
        0.02789171452009853,
        0.015562649640861848,
        0.015324165029469539,
        0.027089783281733837,
        0.026375282592313587,
        0.02569750367107204,
        0.0229062276306371
    ],
    "states": [
        2096.0,
        2307.0,
        2374.0,
        2438.0,
        2506.0,
        2545.0,
        2584.0,
        2654.0,
        2724.0,
        2794.0,
        2858.0
    ],
    "selections": [
        null,
        null,
        "_entity_novelty:Instance-character",
        "_subject_gaps:Instance-character-personality-trait",
        "_overlaps:attribute-personality-trait",
        "_trust:Source",
        "_subject_gaps:Instance-attribute-character",
        "_complement_gaps:Instance-attribute-character",
        "_complement_gaps:Instance-attribute-character",
        "_subject_gaps:Instance-attribute-character",
        "_complement_gaps:Instance-attribute-character"
    ]
}