{
    "abstract_actions": [
        null,
        5,
        4,
        5,
        4,
        4,
        5,
        4,
        4,
        4,
        4
    ],
    "specific_actions": [
        null,
        11,
        null,
        11,
        null,
        null,
        11,
        null,
        null,
        null,
        null
    ],
    "rewards": [
        0,
        0,
        0.03164282618118763,
        0.02941176470588225,
        0.02857142857142847,
        0.025396825396825307,
        0.024767801857585203,
        0.02643504531722063,
        0.02575423105224428,
        0.022955523672883782,
        0.024544179523141585
    ],
    "states": [
        2096.0,
        2307.0,
        2380.0,
        2450.0,
        2520.0,
        2584.0,
        2648.0,
        2718.0,
        2788.0,
        2852.0,
        2922.0
    ],
    "selections": [
        null,
        null,
        "_complement_gaps:Instance-attribute-character",
        "_subject_gaps:Instance-attribute-character",
        "_complement_gaps:Instance-attribute-character",
        "_subject_gaps:Instance-character-gender",
        "_subject_gaps:Instance-character-designation",
        "_complement_gaps:Instance-attribute-character",
        "_subject_gaps:Instance-attribute-character",
        "_subject_gaps:Instance-attribute-character",
        "_subject_gaps:Instance-ability-character"
    ]
}