{
    "abstract_actions": [
        null,
        3,
        2,
        7,
        2,
        2,
        2,
        7,
        2,
        5,
        7
    ],
    "specific_actions": [
        null,
        null,
        25,
        25,
        25,
        25,
        25,
        25,
        25,
        11,
        25
    ],
    "rewards": [
        0,
        0,
        -0.017879948914431676,
        -0.02490660024906599,
        -0.01593137254901955,
        -0.01568154402895061,
        -0.015439429928741144,
        -0.01520467836257311,
        -0.01497695852534564,
        -0.014755959137343844,
        0.461297456690011
    ],
    "states": [
        0.0,
        0.0008669267446900737,
        0.0008514261387824606,
        0.0008302200083022001,
        0.0008169934640522876,
        0.0008041817450743868,
        0.000791765637371338,
        0.0007797270955165692,
        0.0007680491551459293,
        0.0007567158531971245,
        0.0011057869517139699
    ],
    "selections": [
        null,
        null,
        "_entity_novelty:Instance-character",
        "_statement_novelty:Actor-Source",
        "_trust:Source",
        "_statement_novelty:Actor-Source",
        "_statement_novelty:Actor-Source",
        "_statement_novelty:Actor-Source",
        "_trust:Source",
        "_statement_novelty:Actor-Source",
        "_complement_gaps:Instance-attribute-character"
    ]
}