{
    "actions": [
        null,
        5,
        3,
        4,
        3,
        5,
        7,
        5,
        4,
        5,
        6
    ],
    "rewards": [
        0,
        0,
        0.021667580910586848,
        0.020402684563758378,
        0.021573270192054794,
        0.0195724954931753,
        0.0171760545592321,
        0.010181276384405358,
        0.020648967551622377,
        0.016377649325626242,
        0.018009478672985857
    ],
    "states": [
        3545.0,
        3646.0,
        3725.0,
        3801.0,
        3883.0,
        3959.0,
        4027.0,
        4068.0,
        4152.0,
        4220.0,
        4296.0
    ],
    "selections": [
        null,
        null,
        "_complement_gaps:Instance-attribute-character",
        "_entity_novelty:Instance-attribute",
        "_subject_gaps:Instance-attribute-character",
        "_entity_novelty:Instance-character",
        "_complement_gaps:Instance-attribute-character",
        "_trust:Source",
        "_complement_gaps:Instance-attribute-character",
        "_subject_gaps:Instance-attribute-character",
        "_complement_gaps:Instance-attribute-character"
    ]
}