{
    "actions": [
        null,
        7,
        5,
        5,
        7,
        7,
        4,
        4,
        5,
        6,
        3
    ],
    "rewards": [
        0,
        0,
        0.9893319786639573,
        1.048032609599867,
        1.0457964873495456,
        0.9905109489051094,
        0.9906001446131598,
        1.0442260098715028,
        1.0412009899700405,
        1.0370694581220896,
        0.9894857142857143
    ],
    "states": [
        0.0036649214659685864,
        0.0038510911424903724,
        0.00381000762001524,
        0.00399301222859995,
        0.004175878162613608,
        0.00413625304136253,
        0.0040973728609303445,
        0.004278583313525077,
        0.004454865181711606,
        0.00462000462000462,
        0.004571428571428572
    ],
    "selections": [
        null,
        null,
        "_trust:Source",
        "_complement_gaps:Instance-attribute-character",
        "_complement_gaps:Instance-attribute-character",
        "_trust:Source",
        "_trust:Source",
        "_subject_gaps:Instance-attribute-character",
        "_subject_gaps:Instance-attribute-character",
        "_complement_gaps:Instance-attribute-character",
        "_overlaps:character"
    ]
}