{
    "actions": [
        null,
        3,
        4,
        3,
        3,
        3,
        2,
        4,
        7,
        6,
        3
    ],
    "rewards": [
        0,
        0,
        -0.03379861454528188,
        -0.02987216423103689,
        -0.029007529393210607,
        -0.02819144976961796,
        -0.010681837799621063,
        -0.010575029875757425,
        -0.026849834691135332,
        -0.010188814545724512,
        -0.010879792177489356
    ],
    "states": [
        0.013056202873306185,
        0.010384007064254536,
        0.010033042012054313,
        0.009733333333333333,
        0.00945099338057275,
        0.009184556175411342,
        0.00908644823608409,
        0.008990358774522977,
        0.008748969127613037,
        0.008659827503705518,
        0.008565610380172296
    ],
    "selections": [
        null,
        null,
        "_entity_novelty:Instance-character",
        "_subject_gaps:Instance-attribute-character",
        "_entity_novelty:Instance-attribute",
        "_entity_novelty:Instance-character",
        "_entity_novelty:Instance-attribute",
        "_statement_novelty:Actor-Source",
        "_subject_gaps:Instance-attribute-character",
        "_trust:Source",
        "_overlaps:character"
    ]
}