{
    "abstract_actions": [
        null,
        3,
        5,
        5,
        7,
        5,
        3,
        7,
        6,
        6,
        2
    ],
    "specific_actions": [
        null,
        11,
        11,
        11,
        25,
        11,
        null,
        25,
        11,
        11,
        25
    ],
    "rewards": [
        0,
        0,
        -0.01998558076365542,
        -0.0365582944604711,
        -0.03105598660601827,
        -0.03067210526705222,
        -0.03322515240059498,
        -0.027047810819660123,
        -0.017092098634299724,
        -0.017150834702019835,
        -0.010286238163760508
    ],
    "states": [
        0.013134665630958265,
        0.01056689342403628,
        0.010355707922089265,
        0.009977120902526893,
        0.009667271569411393,
        0.009370755998189225,
        0.0090594112020406,
        0.008814373961710295,
        0.00866371781255714,
        0.008515127820449027,
        0.008427539187693026
    ],
    "selections": [
        null,
        null,
        "_entity_novelty:Instance-attribute",
        "_complement_gaps:Instance-attribute-character",
        "_complement_gaps:Instance-attribute-character",
        "_trust:Source",
        "_complement_gaps:Instance-attribute-character",
        "_entity_novelty:Instance-character",
        "_trust:Source",
        "_overlaps:attribute-physical-appearance",
        "_overlaps:attribute-physical-appearance"
    ]
}