{
    "abstract_actions": [
        null,
        7,
        7,
        7,
        5,
        4,
        4,
        5,
        4,
        4,
        4
    ],
    "specific_actions": [
        null,
        25,
        25,
        25,
        11,
        null,
        null,
        11,
        null,
        null,
        null
    ],
    "rewards": [
        0,
        0,
        -0.036344473076596606,
        -0.016345394219171472,
        -0.007238797939864816,
        -0.03515221280529246,
        -0.02858541671921888,
        -0.033037655139742994,
        -0.0319915978765829,
        -0.031009248965029546,
        -0.01361197472627762
    ],
    "states": [
        0.013134665630958265,
        0.01056689342403628,
        0.010182845250483128,
        0.010016402630591163,
        0.009943895915863983,
        0.009594345970515854,
        0.0093200875928003,
        0.009012173753037166,
        0.008723859914336106,
        0.008453339570316416,
        0.008338272925732627
    ],
    "selections": [
        null,
        null,
        "_trust:Source",
        "_trust:Source",
        "_trust:Source",
        "_complement_gaps:Instance-attribute-character",
        "_subject_gaps:Instance-character-designation",
        "_subject_gaps:Instance-attribute-character",
        "_complement_gaps:Instance-attribute-character",
        "_subject_gaps:Instance-attribute-character",
        "_subject_gaps:Instance-attribute-character"
    ]
}