{
    "actions": [
        null,
        4,
        3,
        4,
        4,
        7,
        4,
        6,
        4,
        7,
        4
    ],
    "rewards": [
        0,
        0,
        0.06378132118451019,
        0.04925053533190571,
        0.0469387755102042,
        0.04483430799220267,
        0.016791044776119257,
        0.04220183486238538,
        0.022887323943661997,
        0.04647160068846823,
        0.014802631578947345
    ],
    "states": [
        7.0588235294117645,
        8.607843137254902,
        9.156862745098039,
        9.607843137254902,
        10.058823529411764,
        10.509803921568627,
        10.686274509803921,
        11.137254901960784,
        11.392156862745098,
        11.92156862745098,
        12.098039215686274
    ],
    "selections": [
        null,
        null,
        "_subject_gaps:Instance-attribute-character",
        "_entity_novelty:Instance-character",
        "_subject_gaps:Instance-attribute-character",
        "_subject_gaps:Instance-attribute-character",
        "_trust:Source",
        "_subject_gaps:Instance-attribute-character",
        "_overlaps:character",
        "_subject_gaps:Instance-attribute-character",
        "_trust:Source"
    ]
}