{
    "actions": [
        null,
        5,
        4,
        5,
        4,
        3,
        4,
        5,
        5,
        6,
        7
    ],
    "rewards": [
        0,
        0,
        1.0637813211845102,
        1.0492505353319057,
        1.0551020408163265,
        1.0444874274661509,
        1.0166666666666668,
        1.041894353369763,
        1.0472027972027973,
        1.0383973288814692,
        1.0209003215434085
    ],
    "states": [
        7.0588235294117645,
        8.607843137254902,
        9.156862745098039,
        9.607843137254902,
        10.137254901960784,
        10.588235294117647,
        10.764705882352942,
        11.215686274509803,
        11.745098039215685,
        12.196078431372548,
        12.450980392156863
    ],
    "selections": [
        null,
        null,
        "_complement_gaps:Instance-attribute-character",
        "_subject_gaps:Instance-attribute-character",
        "_complement_gaps:Instance-attribute-character",
        "_subject_gaps:Instance-attribute-character",
        "_entity_novelty:Instance-attribute",
        "_subject_gaps:Instance-attribute-character",
        "_complement_gaps:Instance-attribute-character",
        "_complement_gaps:Instance-attribute-character",
        "_overlaps:attribute"
    ]
}