{
    "abstract_actions": [
        null,
        7,
        7,
        2,
        2,
        7,
        5,
        3,
        6,
        6,
        6
    ],
    "specific_actions": [
        null,
        25,
        25,
        25,
        25,
        25,
        11,
        11,
        null,
        null,
        null
    ],
    "rewards": [
        0,
        0,
        0.0034022049653141817,
        0.0030299403714990625,
        0.0029666246501693916,
        0.0029052815622281347,
        0.0028458296578266484,
        0.0049805586273967695,
        0.004231691851277697,
        0.0027317462547193916,
        0.002522394161564856
    ],
    "states": [
        2.467228770541168,
        2.4905261463336106,
        2.498999426754912,
        2.5065712460063896,
        2.514007302052198,
        2.5213112011141567,
        2.528486423306898,
        2.5410796981767545,
        2.551832764428976,
        2.5588037240258754,
        2.565258035599949
    ],
    "selections": [
        null,
        null,
        "_trust:Source",
        "_trust:Source",
        "_statement_novelty:Actor-Source",
        "_statement_novelty:Actor-Source",
        "_trust:Source",
        "_complement_gaps:Instance-attribute-character",
        "_entity_novelty:Instance-attribute",
        "_overlaps:character",
        "_overlaps:character"
    ]
}