{
    "abstract_actions": [
        null,
        5,
        4,
        4,
        4,
        5,
        5,
        3,
        7,
        7,
        5
    ],
    "specific_actions": [
        null,
        11,
        null,
        null,
        null,
        11,
        11,
        11,
        25,
        25,
        11
    ],
    "rewards": [
        0,
        0,
        -0.006215626155736564,
        -0.004825877135776757,
        -0.00453709380748013,
        -0.004273504273504147,
        -0.0040322580645161255,
        -0.0020946275315006924,
        0.0005570638254277505,
        -0.003392794468082494,
        0.000574967881104449
    ],
    "states": [
        11.742296918767506,
        10.985714285714286,
        10.917431192660551,
        10.864745011086475,
        10.815450643776824,
        10.76923076923077,
        10.725806451612904,
        10.703339882121808,
        10.709302325581396,
        10.67296786389414,
        10.67910447761194
    ],
    "selections": [
        null,
        null,
        "_complement_gaps:Instance-attribute-character",
        "_subject_gaps:Instance-attribute-character",
        "_subject_gaps:Instance-character-object",
        "_subject_gaps:Instance-character-object",
        "_complement_gaps:Instance-attribute-character",
        "_complement_gaps:Instance-attribute-character",
        "_entity_novelty:Instance-attribute",
        "_trust:Source",
        "_trust:Source"
    ]
}