{
    "actions": [
        null,
        5,
        3,
        5,
        3,
        2,
        2,
        5,
        5,
        5,
        4
    ],
    "rewards": [
        0,
        0,
        0.4538364249578415,
        0.29830322933771214,
        0.21266427718040615,
        -0.015294117647058791,
        -0.015063731170335992,
        -0.014840182648401812,
        0.1688658265381764,
        0.13963311609944484,
        0.11460855528652147
    ],
    "states": [
        0.0,
        0.0008699434536755111,
        0.0012647554806070826,
        0.0016420361247947454,
        0.001991238550378335,
        0.00196078431372549,
        0.0019312475859405175,
        0.001902587519025875,
        0.002223869532987398,
        0.0025343953656770456,
        0.002824858757062147
    ],
    "selections": [
        null,
        null,
        "_complement_gaps:Instance-attribute-character",
        "_entity_novelty:Instance-character",
        "_complement_gaps:Instance-attribute-character",
        "_entity_novelty:Instance-character",
        "_statement_novelty:Actor-Source",
        "_statement_novelty:Actor-Source",
        "_complement_gaps:Instance-attribute-character",
        "_complement_gaps:Instance-attribute-character",
        "_complement_gaps:Instance-attribute-character"
    ]
}