{
    "abstract_actions": [
        null,
        5,
        3,
        5,
        4,
        4,
        7,
        2,
        4,
        4,
        4
    ],
    "specific_actions": [
        null,
        11,
        null,
        11,
        null,
        null,
        25,
        25,
        null,
        null,
        null
    ],
    "rewards": [
        0,
        0,
        0.004475124820808363,
        0.004058511017264621,
        0.005012946433438525,
        0.004247651980258782,
        0.004072965256878058,
        0.003928033773184625,
        0.0024288435937132036,
        0.003232643751676978,
        0.0035484464874446786
    ],
    "states": [
        2.5277743420600562,
        2.5511116790186557,
        2.562528222214086,
        2.5729282712359933,
        2.5858262228367788,
        2.5968099127128164,
        2.607386629266012,
        2.617628532005519,
        2.6239863422962015,
        2.632468755350111,
        2.6418099298583413
    ],
    "selections": [
        null,
        null,
        "_complement_gaps:Instance-attribute-character",
        "_entity_novelty:Instance-character",
        "_complement_gaps:Instance-attribute-character",
        "_subject_gaps:Instance-attribute-character",
        "_subject_gaps:Instance-attribute-character",
        "_trust:Source",
        "_statement_novelty:Actor-Source",
        "_subject_gaps:Instance-attribute-character",
        "_subject_gaps:Instance-attribute-character"
    ]
}