{
    "abstract_actions": [
        null,
        4,
        4,
        3,
        3,
        4,
        5,
        3,
        4,
        4,
        4
    ],
    "specific_actions": [
        null,
        null,
        null,
        11,
        null,
        null,
        11,
        null,
        null,
        null,
        null
    ],
    "rewards": [
        0,
        0,
        -0.020408163265306256,
        -0.015625,
        -0.012345679012345623,
        -0.010000000000000009,
        0.0,
        -0.00826446280991755,
        -0.00694444444444442,
        -0.00591715976331364,
        -0.005102040816326481
    ],
    "states": [
        1.2,
        1.1666666666666667,
        1.1428571428571428,
        1.125,
        1.1111111111111112,
        1.1,
        1.1,
        1.0909090909090908,
        1.0833333333333333,
        1.0769230769230769,
        1.0714285714285714
    ],
    "selections": [
        null,
        null,
        "_subject_gaps:Instance-ability-character",
        "_subject_gaps:Instance-attribute-character",
        "_entity_novelty:Instance-attribute",
        "_entity_novelty:Instance-character",
        "_subject_gaps:Instance-character-institution",
        "_complement_gaps:Instance-attribute-character",
        "_entity_novelty:Instance-character",
        "_subject_gaps:Instance-ability-character",
        "_subject_gaps:Instance-ability-character"
    ]
}