{
    "actions": [
        null,
        6,
        7,
        2,
        6,
        6,
        4,
        5,
        2,
        7,
        4,
        7,
        2,
        5,
        4,
        3,
        2,
        2,
        7,
        7,
        2,
        4,
        4,
        3,
        4,
        2
    ],
    "rewards": [
        0,
        0,
        0.015765765765765938,
        0.009977827050997812,
        0.009879253567508295,
        0.009782608695652062,
        0.01399354144241105,
        0.02441613588110414,
        0.00932642487046631,
        0.00924024640657084,
        0.00915564598168861,
        0.027217741935483986,
        0.008832188420019538,
        0.008754863813229541,
        0.026036644165863043,
        0.02161654135338331,
        0.008279668813247376,
        0.008211678832116931,
        0.008144796380090469,
        0.008078994614003632,
        0.00801424755120217,
        0.007950530035335746,
        0.02015775635407535,
        0.019759450171821236,
        0.0075821398483570945,
        0.007525083612040184
    ],
    "states": [
        16.941176470588236,
        17.41176470588235,
        17.686274509803923,
        17.862745098039216,
        18.03921568627451,
        18.215686274509803,
        18.470588235294116,
        18.92156862745098,
        19.098039215686274,
        19.274509803921568,
        19.45098039215686,
        19.980392156862745,
        20.15686274509804,
        20.333333333333332,
        20.862745098039216,
        21.313725490196077,
        21.49019607843137,
        21.666666666666668,
        21.84313725490196,
        22.019607843137255,
        22.19607843137255,
        22.372549019607842,
        22.823529411764707,
        23.274509803921568,
        23.45098039215686,
        23.627450980392158
    ],
    "selections": [
        null,
        null,
        "_overlaps:character",
        "_trust:Source",
        "_statement_novelty:Actor-Source",
        "_overlaps:character",
        "_overlaps:character",
        "_subject_gaps:Instance-attribute-character",
        "_complement_gaps:Instance-attribute-character",
        "_statement_novelty:Actor-Source",
        "_trust:Source",
        "_subject_gaps:Instance-attribute-character",
        "_trust:Source",
        "_statement_novelty:Actor-Source",
        "_complement_gaps:Instance-attribute-character",
        "_subject_gaps:Instance-attribute-character",
        "_entity_novelty:Instance-attribute",
        "_statement_novelty:Actor-Source",
        "_statement_novelty:Actor-Source",
        "_trust:Source",
        "_trust:Source",
        "_statement_novelty:Actor-Source",
        "_subject_gaps:Instance-attribute-character",
        "_subject_gaps:Instance-attribute-character",
        "_entity_novelty:Instance-attribute",
        "_subject_gaps:Instance-attribute-character"
    ]
}