{
    "abstract_actions": [
        null,
        3,
        6,
        6,
        6,
        2,
        6,
        2,
        6,
        6,
        5
    ],
    "specific_actions": [
        null,
        11,
        null,
        null,
        null,
        25,
        null,
        25,
        null,
        null,
        11
    ],
    "rewards": [
        0,
        0,
        -0.0017594179067320637,
        0.0027595681095149427,
        0.0021257212268448455,
        0.002589601926618501,
        0.002006574968939301,
        0.0019592581658123276,
        0.0019135996644648046,
        0.0018695226826881406,
        0.0018269548416807169
    ],
    "states": [
        10.991803278688524,
        10.920948616600791,
        10.901734104046243,
        10.931818181818182,
        10.955056179775282,
        10.98342541436464,
        11.005464480874316,
        11.027027027027026,
        11.04812834224599,
        11.068783068783068,
        11.089005235602095
    ],
    "selections": [
        null,
        null,
        "_entity_novelty:Instance-attribute",
        "_overlaps:character",
        "_overlaps:character",
        "_overlaps:character",
        "_statement_novelty:Actor-Source",
        "_overlaps:character",
        "_statement_novelty:Actor-Source",
        "_overlaps:character",
        "_overlaps:character"
    ]
}