{
    "abstract_actions": [
        null,
        4,
        4,
        7,
        7,
        4,
        4,
        5,
        3,
        7,
        2
    ],
    "specific_actions": [
        null,
        null,
        null,
        25,
        25,
        null,
        null,
        11,
        11,
        25,
        25
    ],
    "rewards": [
        0,
        0,
        -0.006215626155736564,
        0.002589452070420828,
        -0.004476466072166785,
        0.00034226899898537333,
        -0.004520908577737126,
        -0.002457180708450246,
        -0.004091811896121733,
        0.00045993869397498166,
        0.00052207849808239
    ],
    "states": [
        11.742296918767506,
        10.985714285714286,
        10.917431192660551,
        10.945701357466064,
        10.896703296703297,
        10.9004329004329,
        10.851153039832285,
        10.824489795918367,
        10.780198019801981,
        10.78515625,
        10.790786948176583
    ],
    "selections": [
        null,
        null,
        "_subject_gaps:Instance-ancestry-character",
        "_subject_gaps:Instance-attribute-character",
        "_trust:Source",
        "_trust:Source",
        "_subject_gaps:Instance-attribute-character",
        "_subject_gaps:Instance-character-physical-appearance",
        "_complement_gaps:Instance-attribute-character",
        "_entity_novelty:Instance-attribute",
        "_trust:Source"
    ]
}