{"metadata": {"c": 1.999999939999995, "t": 301, "decay": 2e-10}, "data": {"object_gap": {"value": 1.0095922945651004, "count": 39, "uncertainty": 0.7650781707888843}, "-none": {"value": 1.0069688553397418, "count": 70, "uncertainty": 0.5710696691208894}, "statement_novelty": {"value": 1.0005193101774565, "count": 50, "uncertainty": 0.6756987448454961}, "-compl": {"value": 1.0011023557333993, "count": 46, "uncertainty": 0.7044646393027975}, "age-range": {"value": 1.0000202909725462, "count": 1, "uncertainty": 4.777911645194891}, "character": {"value": 1.0020756535789317, "count": 61, "uncertainty": 0.6117488996458036}, "subject_gap": {"value": 1.0021620913266722, "count": 38, "uncertainty": 0.7750796171207348}, "-subj": {"value": 1.0019189727856037, "count": 44, "uncertainty": 0.7202972822082331}, "person": {"value": 1.0000873767217346, "count": 13, "uncertainty": 1.3251542635682063}, "attribute": {"value": 1.001949866986353, "count": 61, "uncertainty": 0.6117488996458036}, "_trust": {"value": 1.0014784678225945, "count": 50, "uncertainty": 0.6756987448454961}, "entity_novelty": {"value": 1.0037541547006645, "count": 38, "uncertainty": 0.7750796171207348}, "overlap": {"value": 1.0005343600668244, "count": 45, "uncertainty": 0.7122490152762421}, "no_statement_novelty": {"value": 1.0005827318544325, "count": 40, "uncertainty": 0.7554541628929076}}}