{"metadata": {"c": 1.9999999199999934, "t": 401, "decay": 2e-10}, "data": {"object_gap": {"value": 1.007484254301115, "count": 50, "uncertainty": 0.6924715704078904}, "-none": {"value": 1.0054220237454903, "count": 90, "uncertainty": 0.5161378346393583}, "statement_novelty": {"value": 1.0004068296548108, "count": 64, "uncertainty": 0.6120641790178964}, "-compl": {"value": 1.000861592097619, "count": 59, "uncertainty": 0.6374717513336956}, "age-range": {"value": 1.0000202909725462, "count": 1, "uncertainty": 4.896513432143172}, "character": {"value": 1.001585143992203, "count": 80, "uncertainty": 0.5474468443506467}, "subject_gap": {"value": 1.0016792970021402, "count": 49, "uncertainty": 0.6995019188775959}, "-subj": {"value": 1.0014583694697252, "count": 58, "uncertainty": 0.642943712224437}, "person": {"value": 1.0000731362309176, "count": 16, "uncertainty": 1.224128358035793}, "attribute": {"value": 1.0015080552267326, "count": 79, "uncertainty": 0.5509008019226042}, "_trust": {"value": 1.0011393605882928, "count": 65, "uncertainty": 0.6073377439683724}, "entity_novelty": {"value": 1.0029128580744173, "count": 49, "uncertainty": 0.6995019188775959}, "overlap": {"value": 1.0004097150218745, "count": 59, "uncertainty": 0.6374717513336956}, "no_statement_novelty": {"value": 1.0003678124107716, "count": 64, "uncertainty": 0.6120641790178964}}}