{
    "abstract_actions": [
        null,
        3,
        7,
        2,
        2,
        5,
        4,
        7,
        2,
        2,
        2
    ],
    "specific_actions": [
        null,
        11,
        25,
        25,
        25,
        11,
        null,
        25,
        25,
        25,
        25
    ],
    "rewards": [
        0,
        0,
        0.12147248634818797,
        -0.01526717557251911,
        -0.010677083333333282,
        -0.010564287554753915,
        0.10116645649432532,
        0.09021419340647241,
        -0.014149792632349278,
        -0.009903381642512143,
        -0.00980626644343463
    ],
    "states": [
        0.0016769144773616546,
        0.0019068373740125306,
        0.0021384656508954825,
        0.0021058173203474598,
        0.0020833333333333333,
        0.002061324400927596,
        0.002269861286254729,
        0.0024746349913387774,
        0.0024396194193705783,
        0.0024154589371980675,
        0.002391772303276728
    ],
    "selections": [
        null,
        null,
        "_entity_novelty:Instance-attribute",
        "_trust:Source",
        "_statement_novelty:Actor-Source",
        "_statement_novelty:Actor-Source",
        "_complement_gaps:Instance-attribute-character",
        "_subject_gaps:Instance-ability-character",
        "_trust:Source",
        "_statement_novelty:Actor-Source",
        "_statement_novelty:Actor-Source"
    ]
}