{
    "abstract_actions": [
        null,
        7,
        2,
        5,
        3,
        5,
        7,
        7,
        5,
        5,
        5
    ],
    "specific_actions": [
        null,
        25,
        25,
        11,
        null,
        11,
        25,
        25,
        11,
        11,
        11
    ],
    "rewards": [
        0,
        0,
        -0.013630295661820058,
        -0.00937621690031154,
        -0.0229436580333785,
        -0.01834779314392787,
        -0.022030004226973987,
        -0.010370373390061194,
        -0.008640655719546975,
        -0.013766285876132933,
        -0.01708609364912439
    ],
    "states": [
        0.00869547391186992,
        0.008347075663841942,
        0.008233302554632194,
        0.008156105324074073,
        0.0079689744326343,
        0.007822761338175076,
        0.00765042587282847,
        0.007571088099934254,
        0.007505668934240363,
        0.00740234375,
        0.007275866611464489
    ],
    "selections": [
        null,
        null,
        "_trust:Source",
        "_statement_novelty:Actor-Source",
        "_complement_gaps:Instance-attribute-character",
        "_entity_novelty:Instance-character",
        "_complement_gaps:Instance-attribute-character",
        "_trust:Source",
        "_trust:Source",
        "_complement_gaps:Instance-attribute-character",
        "_complement_gaps:Instance-attribute-character"
    ]
}