{
    "abstract_actions": [
        null,
        4,
        3,
        6,
        6,
        6,
        6,
        2,
        7,
        7,
        7
    ],
    "specific_actions": [
        null,
        null,
        11,
        null,
        null,
        null,
        null,
        25,
        25,
        25,
        25
    ],
    "rewards": [
        0,
        0,
        0.10146942017474192,
        0.08947732779508488,
        -0.017096198009696417,
        -0.010353535353535337,
        -0.010247438140465026,
        -0.010143493320138641,
        -0.010041636051922431,
        -0.00994180407371481,
        -0.009843937575030104
    ],
    "states": [
        0.001941747572815534,
        0.002163331530557058,
        0.0023828435266084196,
        0.002596053997923157,
        0.0025516713447307987,
        0.0025252525252525255,
        0.0024993751562109472,
        0.002474022761009401,
        0.0024491795248591723,
        0.0024248302618816685,
        0.0024009603841536613
    ],
    "selections": [
        null,
        null,
        "_subject_gaps:Instance-character-gender",
        "_entity_novelty:Instance-attribute",
        "_overlaps:character",
        "_overlaps:character",
        "_overlaps:character",
        "_overlaps:character",
        "_statement_novelty:Actor-Source",
        "_trust:Source",
        "_trust:Source"
    ]
}