{
    "actions": [
        null,
        7,
        2,
        4,
        5,
        7,
        7,
        7,
        5,
        4,
        3
    ],
    "rewards": [
        0,
        0,
        0.018268812527185707,
        0.016659547202050318,
        0.026890756302520913,
        0.015957446808510634,
        0.015706806282722585,
        0.015463917525773141,
        0.015228426395939021,
        0.026923076923076827,
        0.02621722846441954
    ],
    "states": [
        2084.0,
        2299.0,
        2341.0,
        2380.0,
        2444.0,
        2483.0,
        2522.0,
        2561.0,
        2600.0,
        2670.0,
        2740.0
    ],
    "selections": [
        null,
        null,
        "_trust:Source",
        "_statement_novelty:Actor-Source",
        "_subject_gaps:Instance-attribute-character",
        "_complement_gaps:Instance-attribute-character",
        "_trust:Source",
        "_trust:Source",
        "_trust:Source",
        "_complement_gaps:Instance-attribute-character",
        "_subject_gaps:Instance-attribute-character"
    ]
}