{
    "abstract_actions": [
        null,
        7,
        4,
        5,
        3,
        5,
        5,
        7,
        7,
        2,
        5
    ],
    "specific_actions": [
        null,
        25,
        null,
        11,
        11,
        11,
        11,
        25,
        25,
        25,
        11
    ],
    "rewards": [
        0,
        0,
        -0.031888268489433824,
        -0.03613334503631682,
        -0.03488643642572631,
        -0.015294317364791143,
        -0.03322515240059498,
        -0.02749289416329248,
        -0.017083816828840637,
        -0.013939377442516943,
        -0.013747942717382222
    ],
    "states": [
        0.013134665630958265,
        0.01056689342403628,
        0.01022993348943138,
        0.009860291772959183,
        0.00951630133088273,
        0.009370755998189225,
        0.0090594112020406,
        0.008810341768681151,
        0.008659827503705518,
        0.008539114899544278,
        0.008421719637048198
    ],
    "selections": [
        null,
        null,
        "_trust:Source",
        "_subject_gaps:Instance-attribute-character",
        "_complement_gaps:Instance-attribute-character",
        "_entity_novelty:Instance-attribute",
        "_complement_gaps:Instance-attribute-character",
        "_complement_gaps:Instance-attribute-character",
        "_trust:Source",
        "_trust:Source",
        "_statement_novelty:Actor-Source"
    ]
}