{
    "actions": [
        null,
        6,
        6,
        2,
        7,
        5,
        4,
        3,
        4,
        7,
        2
    ],
    "rewards": [
        0,
        0,
        1.0021516118682539,
        1.0027163491327946,
        1.0023755424521015,
        1.002339837590755,
        0.999817868314064,
        0.9990217784014616,
        1.002249689588392,
        0.9990247053926959,
        1.0021933509133039
    ],
    "states": [
        11.316556291390729,
        11.315032679738563,
        11.339378238341968,
        11.370179948586118,
        11.397190293742018,
        11.423857868020304,
        11.42177722152691,
        11.410604192355118,
        11.436274509803921,
        11.42512077294686,
        11.450180072028811
    ],
    "selections": [
        null,
        null,
        "_overlaps:character",
        "_overlaps:character",
        "_statement_novelty:Actor-Source",
        "_trust:Source",
        "_complement_gaps:Instance-attribute-character",
        "_subject_gaps:Instance-attribute-character",
        "_entity_novelty:Instance-attribute",
        "_subject_gaps:Instance-attribute-character",
        "_trust:Source"
    ]
}