{
    "actions": [
        null,
        5,
        7,
        7,
        7,
        2,
        5,
        7,
        2,
        4,
        5
    ],
    "rewards": [
        0,
        0,
        0.9824815569866477,
        0.9955817534045882,
        0.9955912109326434,
        0.9956008902062029,
        0.9956107778697842,
        0.9956208612248117,
        0.9956311281951963,
        0.9956415672949104,
        0.9849662786203268
    ],
    "states": [
        0.006296636301579455,
        0.006119546716832393,
        0.006012341786406018,
        0.005985777777777777,
        0.005959387746151484,
        0.005933171745152355,
        0.005907129736426161,
        0.00588126159554731,
        0.005855567117585848,
        0.0058300460223537146,
        0.005742398734822977
    ],
    "selections": [
        null,
        null,
        "_complement_gaps:Instance-attribute-character",
        "_trust:Source",
        "_trust:Source",
        "_trust:Source",
        "_statement_novelty:Actor-Source",
        "_complement_gaps:Instance-attribute-character",
        "_trust:Source",
        "_statement_novelty:Actor-Source",
        "_subject_gaps:Instance-attribute-character"
    ]
}