{
    "abstract_actions": [
        null,
        7,
        7,
        7,
        5,
        4,
        3,
        7,
        2,
        2,
        2
    ],
    "specific_actions": [
        null,
        25,
        25,
        25,
        11,
        null,
        11,
        25,
        25,
        25,
        25
    ],
    "rewards": [
        0,
        0,
        0.04337899543378998,
        0.01969365426695835,
        0.0193133047210301,
        0.05894736842105264,
        0.04771371769383692,
        0.017077798861480087,
        0.026119402985074647,
        0.016363636363636358,
        0.01610017889087656
    ],
    "states": [
        7.0588235294117645,
        8.588235294117647,
        8.96078431372549,
        9.137254901960784,
        9.313725490196079,
        9.862745098039216,
        10.333333333333334,
        10.509803921568627,
        10.784313725490197,
        10.96078431372549,
        11.137254901960784
    ],
    "selections": [
        null,
        null,
        "_trust:Source",
        "_trust:Source",
        "_trust:Source",
        "_complement_gaps:Instance-attribute-character",
        "_subject_gaps:Instance-attribute-character",
        "_entity_novelty:Instance-attribute",
        "_trust:Source",
        "_statement_novelty:Actor-Source",
        "_statement_novelty:Actor-Source"
    ]
}