{
    "abstract_actions": [
        null,
        7,
        4,
        4,
        3,
        4,
        6,
        4,
        5,
        5,
        5
    ],
    "specific_actions": [
        null,
        25,
        null,
        null,
        11,
        null,
        null,
        null,
        11,
        11,
        11
    ],
    "rewards": [
        0,
        0,
        -0.036344473076596606,
        -0.02593435985082959,
        -0.03507906280478401,
        -0.015379465156335481,
        -0.023201688471768844,
        -0.018674360755357444,
        -0.032053279452213035,
        -0.03106768865212739,
        -0.025336902024059693
    ],
    "states": [
        0.013134665630958265,
        0.01056689342403628,
        0.010182845250483128,
        0.009918759677451788,
        0.009570818883780897,
        0.009423624808240192,
        0.00920498080116457,
        0.009033083668937484,
        0.00874354371378181,
        0.00847190201996577,
        0.008257250268528464
    ],
    "selections": [
        null,
        null,
        "_trust:Source",
        "_subject_gaps:Instance-ancestry-character",
        "_subject_gaps:Instance-attribute-character",
        "_entity_novelty:Instance-attribute",
        "_subject_gaps:Instance-attribute-character",
        "_overlaps:character",
        "_subject_gaps:Instance-attribute-character",
        "_complement_gaps:Instance-attribute-character",
        "_complement_gaps:Instance-attribute-character"
    ]
}