{
    "abstract_actions": [
        null,
        4,
        3,
        6,
        3,
        6,
        2,
        2,
        7,
        5,
        3
    ],
    "specific_actions": [
        null,
        null,
        11,
        11,
        11,
        11,
        25,
        25,
        25,
        11,
        null
    ],
    "rewards": [
        0,
        0,
        0.004652989871189561,
        0.004156627526115786,
        0.0025584194352896716,
        0.004498446706259873,
        0.0029117111875081036,
        0.0026617136638589223,
        0.0026099664486285423,
        0.002559719640456315,
        0.0044323285582141825
    ],
    "states": [
        2.470661800073565,
        2.4920619688876093,
        2.5036575079872203,
        2.5140642797008863,
        2.5204963106156404,
        2.5318346289422697,
        2.539206600156281,
        2.5459652410592777,
        2.552610124917817,
        2.5591440911889967,
        2.570487058628959
    ],
    "selections": [
        null,
        null,
        "_subject_gaps:Instance-attribute-character",
        "_entity_novelty:Instance-attribute",
        "_overlaps:attribute-object",
        "_entity_novelty:Instance-attribute-object",
        "_overlaps:attribute-object",
        "_statement_novelty:Actor-Source",
        "_statement_novelty:Actor-Source",
        "_trust:Source",
        "_complement_gaps:Instance-attribute-character-object"
    ]
}