{
    "abstract_actions": [
        null,
        7,
        4,
        7,
        7,
        7,
        5,
        5,
        5,
        4,
        7
    ],
    "specific_actions": [
        null,
        25,
        null,
        25,
        25,
        25,
        11,
        11,
        11,
        null,
        25
    ],
    "rewards": [
        0,
        0,
        0.004363828448190832,
        0.005151531478790217,
        0.003673535736570921,
        0.002998345464838126,
        0.002935916719579268,
        0.0028754256564864633,
        0.00503974024173881,
        0.004811922112410327,
        0.0025954299413617488
    ],
    "states": [
        2.442753056693455,
        2.471290034819142,
        2.4820743205768165,
        2.4948608045719647,
        2.50402576489533,
        2.5115336991913417,
        2.5189073529705843,
        2.526150283799628,
        2.538881425041573,
        2.551098324711518,
        2.557719521686832
    ],
    "selections": [
        null,
        null,
        "_trust:Source",
        "_subject_gaps:Instance-ability-character",
        "_trust:Source",
        "_trust:Source",
        "_trust:Source",
        "_complement_gaps:Instance-attribute-character",
        "_complement_gaps:Instance-attribute-character",
        "_complement_gaps:Instance-attribute-character",
        "_subject_gaps:Instance-attribute-character"
    ]
}