{
    "abstract_actions": [
        null,
        3,
        2,
        2,
        7,
        2,
        2,
        4,
        4,
        4,
        7
    ],
    "specific_actions": [
        null,
        11,
        25,
        25,
        25,
        25,
        25,
        null,
        null,
        null,
        25
    ],
    "rewards": [
        0,
        0,
        0.01820546163849146,
        0.025542784163473886,
        0.016189290161892966,
        0.01593137254901955,
        0.01568154402895061,
        0.015439429928741033,
        0.02495126705653017,
        0.024343856979840206,
        0.014481990345339701
    ],
    "states": [
        2096.0,
        2307.0,
        2349.0,
        2409.0,
        2448.0,
        2487.0,
        2526.0,
        2565.0,
        2629.0,
        2693.0,
        2732.0
    ],
    "selections": [
        null,
        null,
        "_entity_novelty:Instance-attribute",
        "_statement_novelty:Actor-Source",
        "_statement_novelty:Actor-Source",
        "_trust:Source",
        "_statement_novelty:Actor-Source",
        "_statement_novelty:Actor-Source",
        "_subject_gaps:Instance-character-gender",
        "_subject_gaps:Instance-attribute-character",
        "_subject_gaps:Instance-attribute-character"
    ]
}