{
    "actions": [
        null,
        6,
        6,
        6,
        6,
        7,
        2,
        4,
        4,
        7,
        7
    ],
    "rewards": [
        0,
        0,
        1.0031993623213842,
        1.0033783240007654,
        1.0033150703202054,
        1.00325359527445,
        1.0031938321336031,
        1.003135717297407,
        0.999386989991805,
        1.0007374562135374,
        1.0029798884260126
    ],
    "states": [
        10.871544715447154,
        10.835443037974683,
        10.870109546165883,
        10.906832298136646,
        10.942989214175656,
        10.978593272171254,
        11.013657056145675,
        11.048192771084338,
        11.041420118343195,
        11.049562682215743,
        11.082489146164978
    ],
    "selections": [
        null,
        null,
        "_overlaps:character",
        "_overlaps:character",
        "_overlaps:character",
        "_overlaps:character",
        "_trust:Source",
        "_statement_novelty:Actor-Source",
        "_subject_gaps:Instance-attribute-character",
        "_subject_gaps:Instance-attribute-character",
        "_trust:Source"
    ]
}