{
    "abstract_actions": [
        null,
        3,
        5,
        7,
        4,
        7,
        4,
        5,
        4,
        5,
        5
    ],
    "specific_actions": [
        null,
        null,
        11,
        25,
        null,
        25,
        null,
        11,
        null,
        11,
        11
    ],
    "rewards": [
        0,
        0,
        0.03926701570680624,
        0.052896725440805925,
        0.026315789473684292,
        0.04079254079254091,
        0.024636058230683044,
        0.012021857923497192,
        0.04535637149028071,
        0.04338842975206614,
        0.04158415841584162
    ],
    "states": [
        14.058823529411764,
        14.980392156862745,
        15.568627450980392,
        16.392156862745097,
        16.823529411764707,
        17.50980392156863,
        17.941176470588236,
        18.15686274509804,
        18.980392156862745,
        19.80392156862745,
        20.627450980392158
    ],
    "selections": [
        null,
        null,
        "_entity_novelty:Instance-character",
        "_complement_gaps:Instance-attribute-character",
        "_trust:Source",
        "_subject_gaps:Instance-attribute-character",
        "_trust:Source",
        "_subject_gaps:Instance-character-object",
        "_complement_gaps:Instance-attribute-character",
        "_subject_gaps:Instance-character-enchantment",
        "_complement_gaps:Instance-attribute-character"
    ]
}