{
    "abstract_actions": [
        null,
        3,
        5,
        3,
        5,
        5,
        7,
        4,
        5,
        5,
        5
    ],
    "specific_actions": [
        null,
        11,
        11,
        11,
        11,
        11,
        25,
        null,
        11,
        11,
        11
    ],
    "rewards": [
        0,
        0,
        0.01820546163849146,
        0.027245636441038723,
        0.01616245337753841,
        0.028548123980424167,
        0.027755749405233843,
        0.02314814814814814,
        0.02639517345399689,
        0.023512123438647947,
        0.020459440057430056
    ],
    "states": [
        2096.0,
        2307.0,
        2349.0,
        2413.0,
        2452.0,
        2522.0,
        2592.0,
        2652.0,
        2722.0,
        2786.0,
        2843.0
    ],
    "selections": [
        null,
        null,
        "_entity_novelty:Instance-attribute",
        "_complement_gaps:Instance-attribute-character",
        "_entity_novelty:Instance-attribute",
        "_complement_gaps:Instance-attribute-character",
        "_complement_gaps:Instance-attribute-character",
        "_trust:Source",
        "_subject_gaps:Instance-character-designation",
        "_complement_gaps:Instance-attribute-character",
        "_complement_gaps:Instance-attribute-character"
    ]
}