{
    "abstract_actions": [
        null,
        5,
        4,
        4,
        3,
        7,
        2,
        7,
        7,
        2,
        5
    ],
    "specific_actions": [
        null,
        11,
        null,
        null,
        null,
        25,
        25,
        25,
        25,
        25,
        11
    ],
    "rewards": [
        0,
        0,
        0.11697092630155503,
        0.10117471872931838,
        0.08595659048440418,
        0.07769328263624842,
        -0.015595757953836609,
        -0.012018489984591652,
        -0.01187576126674783,
        -0.011736382786638577,
        -0.011600237953599102
    ],
    "states": [
        0.0021398002853067048,
        0.002421307506053269,
        0.002704530087897228,
        0.0029781601588352085,
        0.003234152652005175,
        0.003485424588086185,
        0.0034310667498440423,
        0.003389830508474576,
        0.0033495736906211937,
        0.0033102618116160097,
        0.003271861986912552
    ],
    "selections": [
        null,
        null,
        "_complement_gaps:Instance-attribute-character",
        "_subject_gaps:Instance-attribute-character",
        "_subject_gaps:Instance-attribute-character",
        "_entity_novelty:Instance-character",
        "_trust:Source",
        "_statement_novelty:Actor-Source",
        "_trust:Source",
        "_trust:Source",
        "_statement_novelty:Actor-Source"
    ]
}