{
    "actions": [
        null,
        2,
        2,
        7,
        2,
        4,
        2,
        4,
        5,
        4,
        5,
        6,
        7,
        4,
        5,
        7,
        7,
        5,
        6,
        4,
        5,
        5,
        5,
        3,
        4,
        5
    ],
    "rewards": [
        0,
        0,
        0.0009769015124718727,
        0.0013173190804116608,
        0.0012980470172387903,
        0.00127919392878173,
        0.001260747785550631,
        0.0012426969856136338,
        0.002807501067952911,
        0.0011843113386020843,
        0.002672753626357993,
        0.002583502572451435,
        0.0007443335797876482,
        0.0010807420263716505,
        0.0024338562653400952,
        0.002100973125665595,
        0.0010063931967243533,
        0.0009935476619034045,
        0.001994318810808915,
        0.0006204599303056835,
        0.002148818803211938,
        0.0020844040298242383,
        0.0020228460486790834,
        0.0021650311197352057,
        0.001706644583492345,
        0.0018537052940743592
    ],
    "states": [
        2.665015728532227,
        2.6745486740951887,
        2.6771614447400918,
        2.68068812059259,
        2.6841677798116725,
        2.687601350939439,
        2.690989738391079,
        2.694333823227295,
        2.701898168313427,
        2.705098056949909,
        2.7123281175912757,
        2.719335424260405,
        2.721359516931388,
        2.7243006045302023,
        2.730931160625208,
        2.7366687736017243,
        2.739422938437165,
        2.742144685692614,
        2.7476133964212504,
        2.749318180437701,
        2.755225967039838,
        2.760968971148612,
        2.7665539863224256,
        2.772543661797241,
        2.7772754084201434,
        2.782423658547834
    ],
    "selections": [
        null,
        null,
        "_statement_novelty:Actor-Source",
        "_statement_novelty:Actor-Source",
        "_trust:Source",
        "_statement_novelty:Actor-Source",
        "_subject_gaps:Instance-attribute-character",
        "_statement_novelty:Actor-Source",
        "_subject_gaps:Instance-attribute-character",
        "_complement_gaps:Instance-attribute-character",
        "_subject_gaps:Instance-attribute-character",
        "_complement_gaps:Instance-attribute-character",
        "_overlaps:attribute",
        "_trust:Source",
        "_subject_gaps:Instance-attribute-character",
        "_complement_gaps:Instance-attribute-character",
        "_trust:Source",
        "_trust:Source",
        "_complement_gaps:Instance-attribute-character",
        "_overlaps:character",
        "_subject_gaps:Instance-attribute-character",
        "_complement_gaps:Instance-attribute-character",
        "_complement_gaps:Instance-attribute-character",
        "_complement_gaps:Instance-attribute-character",
        "_entity_novelty:Instance-attribute",
        "_subject_gaps:Instance-attribute-character"
    ]
}