{
    "actions": [
        null,
        3,
        4,
        7,
        4,
        4,
        5,
        7,
        7,
        7,
        7,
        7,
        7,
        4,
        7,
        2,
        6,
        6,
        2,
        6,
        6,
        2,
        5,
        3,
        4,
        5
    ],
    "rewards": [
        0,
        0,
        0.00091149645031674,
        0.0028674086474300697,
        0.0012084070641056321,
        0.002421994625037005,
        0.0011578211595426602,
        0.002611543929815552,
        0.0011052790111101274,
        0.001090454244595529,
        0.0010759251348997356,
        0.0010616838899650816,
        0.0010477229721093106,
        0.0010340350881514748,
        0.00232587305655918,
        0.0009896828884414788,
        0.000977118506056529,
        0.0006265560136551329,
        0.0009539969407068583,
        0.0009421204291422125,
        0.0009315453413558661,
        0.000919008016880607,
        0.0009077758272095782,
        0.0020347343391069472,
        0.0008713474221377915,
        0.0008609797752794357
    ],
    "states": [
        2.673687228746074,
        2.687523705865862,
        2.6899733741839005,
        2.697686627098392,
        2.7009465306753206,
        2.707488208655129,
        2.7106229957923222,
        2.7177019068230024,
        2.720705725699068,
        2.723672530805952,
        2.7266029985410825,
        2.7294977890189642,
        2.732357546554841,
        2.735182900131354,
        2.7415445883435305,
        2.7442578481105135,
        2.7469393132392934,
        2.748660424585149,
        2.7512826382212454,
        2.753874677801058,
        2.7564400369278417,
        2.7589732274198293,
        2.7614777566235995,
        2.7670966302416815,
        2.769507732757249,
        2.771892222902633
    ],
    "selections": [
        null,
        null,
        "_entity_novelty:Instance-attribute",
        "_subject_gaps:Instance-attribute-character",
        "_trust:Source",
        "_subject_gaps:Instance-attribute-character",
        "_subject_gaps:Instance-attribute-character",
        "_complement_gaps:Instance-attribute-character",
        "_trust:Source",
        "_trust:Source",
        "_trust:Source",
        "_trust:Source",
        "_trust:Source",
        "_trust:Source",
        "_subject_gaps:Instance-attribute-character",
        "_trust:Source",
        "_statement_novelty:Actor-Source",
        "_overlaps:attribute",
        "_overlaps:attribute",
        "_statement_novelty:Actor-Source",
        "_overlaps:attribute",
        "_overlaps:attribute",
        "_statement_novelty:Actor-Source",
        "_complement_gaps:Instance-attribute-character",
        "_entity_novelty:Instance-attribute",
        "_subject_gaps:Instance-attribute-character"
    ]
}