{
    "actions": [
        null,
        3,
        7,
        7,
        7,
        4,
        4,
        4,
        7,
        2,
        7
    ],
    "rewards": [
        0,
        0,
        0.002088211123711492,
        0.0023537607194732413,
        0.0023117797131810836,
        0.0022709133049256813,
        0.005155741106877887,
        0.002140278306556942,
        0.0048566409041588265,
        0.0020207268427565594,
        0.0019873416644415887
    ],
    "states": [
        2.432178176997101,
        2.4577366905028066,
        2.4628689635990684,
        2.4686659678227976,
        2.474372979725831,
        2.479992066246839,
        2.492778263287519,
        2.49811350252749,
        2.5102459427470962,
        2.515318464105526,
        2.5203172612885822
    ],
    "selections": [
        null,
        null,
        "_entity_novelty:Instance-attribute",
        "_trust:Source",
        "_trust:Source",
        "_trust:Source",
        "_subject_gaps:Instance-attribute-character",
        "_subject_gaps:Instance-attribute-character",
        "_subject_gaps:Instance-attribute-character",
        "_trust:Source",
        "_statement_novelty:Actor-Source"
    ]
}