{
    "actions": [
        null,
        7,
        4,
        5,
        4,
        7,
        4,
        4,
        7,
        4,
        4
    ],
    "rewards": [
        0,
        0,
        0.01403508771929829,
        0.04036908881199541,
        0.04545454545454519,
        0.04347826086956519,
        0.011178861788617933,
        0.035175879396984744,
        0.03300970873786424,
        0.010338345864661536,
        0.032558139534883734
    ],
    "states": [
        16.45098039215686,
        16.764705882352942,
        17.0,
        17.686274509803923,
        18.49019607843137,
        19.294117647058822,
        19.50980392156863,
        20.19607843137255,
        20.862745098039216,
        21.07843137254902,
        21.764705882352942
    ],
    "selections": [
        null,
        null,
        "_trust:Source",
        "_subject_gaps:Instance-attribute-character",
        "_complement_gaps:Instance-attribute-character",
        "_subject_gaps:Instance-attribute-character",
        "_trust:Source",
        "_subject_gaps:Instance-attribute-character",
        "_subject_gaps:Instance-attribute-character",
        "_trust:Source",
        "_subject_gaps:Instance-attribute-character"
    ]
}