{
    "actions": [
        null,
        4,
        3,
        5,
        5,
        5,
        4,
        4,
        4,
        4,
        7
    ],
    "rewards": [
        0,
        0,
        0.010316729194527863,
        0.005149264984127155,
        0.010742682180155505,
        0.009982884023727712,
        0.009301392492878202,
        0.008687748248250804,
        0.007340935630294476,
        0.007686424537776793,
        0.005838109815645476
    ],
    "states": [
        2.2621093381172694,
        2.347540138706822,
        2.3717590745911448,
        2.3839718905447227,
        2.4095821428912694,
        2.4336367219693984,
        2.456272932305517,
        2.4776124131703803,
        2.4958004064122825,
        2.5149841878975234,
        2.5296669417710813
    ],
    "selections": [
        null,
        null,
        "_subject_gaps:Instance-attribute-character",
        "_entity_novelty:Instance-attribute",
        "_complement_gaps:Instance-attribute-character",
        "_complement_gaps:Instance-attribute-character",
        "_complement_gaps:Instance-attribute-character",
        "_subject_gaps:Instance-attribute-character",
        "_subject_gaps:Instance-attribute-character",
        "_subject_gaps:Instance-attribute-character",
        "_subject_gaps:Instance-attribute-character"
    ]
}