{
    "abstract_actions": [
        null,
        7,
        2,
        5,
        7,
        5,
        5,
        7,
        2,
        5,
        5
    ],
    "specific_actions": [
        null,
        25,
        25,
        11,
        25,
        11,
        11,
        25,
        25,
        11,
        11
    ],
    "rewards": [
        0,
        0,
        0.04337899543378998,
        0.01969365426695835,
        0.060085836909871126,
        0.028340080971660075,
        0.04724409448818889,
        0.05263157894736836,
        0.025000000000000133,
        0.015679442508710784,
        0.0480274442538593
    ],
    "states": [
        7.0588235294117645,
        8.588235294117647,
        8.96078431372549,
        9.137254901960784,
        9.686274509803921,
        9.96078431372549,
        10.431372549019608,
        10.980392156862745,
        11.254901960784315,
        11.431372549019608,
        11.980392156862745
    ],
    "selections": [
        null,
        null,
        "_trust:Source",
        "_statement_novelty:Actor-Source",
        "_complement_gaps:Instance-attribute-character",
        "_trust:Source",
        "_complement_gaps:Instance-attribute-character",
        "_complement_gaps:Instance-attribute-character",
        "_trust:Source",
        "_statement_novelty:Actor-Source",
        "_complement_gaps:Instance-attribute-character"
    ]
}