{
    "abstract_actions": [
        null,
        5,
        7,
        7,
        7,
        7,
        7,
        5,
        7,
        7,
        7
    ],
    "specific_actions": [
        null,
        11,
        25,
        25,
        25,
        25,
        25,
        11,
        25,
        25,
        25
    ],
    "rewards": [
        0,
        0,
        0.011777576306545745,
        0.008602815633454108,
        0.004912289956127358,
        0.006158890348542334,
        0.005948302980625986,
        0.004437616068034611,
        0.009207981671337073,
        0.0060715788484633215,
        0.005061782945108062
    ],
    "states": [
        2.261951971799956,
        2.3403682236617795,
        2.367932089001371,
        2.3883029721955897,
        2.400035008898095,
        2.414816561350561,
        2.429180621900108,
        2.43996039286001,
        2.4624275034362535,
        2.4773783261819915,
        2.48991827754204
    ],
    "selections": [
        null,
        null,
        "_complement_gaps:Instance-attribute-character",
        "_trust:Source",
        "_trust:Source",
        "_trust:Source",
        "_trust:Source",
        "_trust:Source",
        "_complement_gaps:Instance-attribute-character",
        "_trust:Source",
        "_trust:Source"
    ]
}