{
    "abstract_actions": [
        null,
        7,
        2,
        7,
        4,
        4,
        4,
        4,
        3,
        6,
        7
    ],
    "specific_actions": [
        null,
        25,
        25,
        25,
        null,
        null,
        null,
        null,
        11,
        null,
        25
    ],
    "rewards": [
        0,
        0,
        0.027308192457737412,
        0.016455696202531733,
        0.016189290161892966,
        0.028594771241829964,
        0.025416997617156545,
        0.0271107668474051,
        0.02413273001508287,
        0.02319587628865971,
        0.020510975170924706
    ],
    "states": [
        2096.0,
        2307.0,
        2370.0,
        2409.0,
        2448.0,
        2518.0,
        2582.0,
        2652.0,
        2716.0,
        2779.0,
        2836.0
    ],
    "selections": [
        null,
        null,
        "_trust:Source",
        "_statement_novelty:Actor-Source",
        "_trust:Source",
        "_subject_gaps:Instance-character-enchantment",
        "_subject_gaps:Instance-age-character",
        "_subject_gaps:Instance-attribute-character",
        "_subject_gaps:Instance-character-institution",
        "_entity_novelty:Instance-attribute",
        "_overlaps:character"
    ]
}