{
    "abstract_actions": [
        null,
        7,
        5,
        4,
        4,
        7,
        4,
        4,
        4,
        5,
        4
    ],
    "specific_actions": [
        null,
        25,
        11,
        null,
        null,
        25,
        null,
        null,
        null,
        11,
        null
    ],
    "rewards": [
        0,
        0,
        0.001543718954991835,
        -0.0006181865193458647,
        0.0005462154078117454,
        -0.0005911099405964126,
        0.0022180238263900254,
        0.0004764973538773365,
        0.0012830672855579373,
        0.00042871141597267126,
        0.0009236911891778998
    ],
    "states": [
        12.388591800356506,
        12.309810671256454,
        12.328813559322034,
        12.321192052980132,
        12.327922077922079,
        12.320634920634921,
        12.347962382445141,
        12.353846153846154,
        12.36969696969697,
        12.375,
        12.386430678466077
    ],
    "selections": [
        null,
        null,
        "_trust:Source",
        "_complement_gaps:Instance-attribute-character",
        "_subject_gaps:Instance-attribute-character",
        "_subject_gaps:Instance-attribute-character",
        "_trust:Source",
        "_subject_gaps:Instance-attribute-character",
        "_subject_gaps:Instance-attribute-character",
        "_subject_gaps:Instance-character-designation",
        "_complement_gaps:Instance-attribute-character"
    ]
}