{
    "abstract_actions": [
        null,
        5,
        5,
        5,
        4,
        5,
        7,
        5,
        5,
        3,
        6
    ],
    "specific_actions": [
        null,
        11,
        11,
        11,
        null,
        11,
        25,
        11,
        11,
        11,
        11
    ],
    "rewards": [
        0,
        0,
        0.03164282618118763,
        0.02941176470588225,
        0.02857142857142847,
        0.025396825396825307,
        0.027089783281733837,
        0.02260738507912574,
        0.02358142962417098,
        0.023038156947444266,
        0.013722730471498856
    ],
    "states": [
        2096.0,
        2307.0,
        2380.0,
        2450.0,
        2520.0,
        2584.0,
        2654.0,
        2714.0,
        2778.0,
        2842.0,
        2881.0
    ],
    "selections": [
        null,
        null,
        "_complement_gaps:Instance-attribute-character",
        "_complement_gaps:Instance-attribute-character",
        "_complement_gaps:Instance-attribute-character",
        "_subject_gaps:Instance-attribute-character",
        "_complement_gaps:Instance-attribute-character",
        "_trust:Source",
        "_complement_gaps:Instance-attribute-character",
        "_complement_gaps:Instance-attribute-character",
        "_entity_novelty:Instance-attribute"
    ]
}