{
    "abstract_actions": [
        null,
        5,
        7,
        7,
        7,
        2,
        5,
        7,
        7,
        4,
        7
    ],
    "specific_actions": [
        null,
        11,
        25,
        25,
        25,
        25,
        11,
        25,
        25,
        null,
        25
    ],
    "rewards": [
        0,
        0,
        -0.0008526285266555744,
        0.002398328185706955,
        0.0039990958565889745,
        0.00391389432485334,
        0.003831417624520883,
        0.0020386629497433084,
        0.0036886951779042665,
        0.0019323807117523906,
        -0.0019393004967199756
    ],
    "states": [
        10.756653992395437,
        10.698529411764707,
        10.689407540394972,
        10.71504424778761,
        10.757894736842106,
        10.8,
        10.841379310344827,
        10.863481228668942,
        10.903553299492385,
        10.924623115577889,
        10.90343698854337
    ],
    "selections": [
        null,
        null,
        "_complement_gaps:Instance-attribute-character",
        "_trust:Source",
        "_trust:Source",
        "_trust:Source",
        "_statement_novelty:Actor-Source",
        "_complement_gaps:Instance-attribute-character",
        "_trust:Source",
        "_trust:Source",
        "_subject_gaps:Instance-attribute-character"
    ]
}