{
    "abstract_actions": [
        null,
        7,
        5,
        7,
        4,
        6,
        7,
        2,
        4,
        7,
        4
    ],
    "specific_actions": [
        null,
        25,
        11,
        25,
        null,
        null,
        25,
        25,
        null,
        25,
        null
    ],
    "rewards": [
        0,
        0,
        -0.01818805765271103,
        0.13929848078641638,
        -0.016479894528674932,
        0.11960883804603517,
        -0.014635698377346462,
        -0.012256442489000596,
        -0.012108040981061774,
        0.10308219178082201,
        -0.014992503748125996
    ],
    "states": [
        0.0021390374331550803,
        0.0020971688220901784,
        0.002059025394646534,
        0.0023458445040214475,
        0.0023071852340145024,
        0.002583144979011947,
        0.002545338848234171,
        0.00251414204902577,
        0.0024837007140639552,
        0.0027397260273972603,
        0.0026986506746626685
    ],
    "selections": [
        null,
        null,
        "_trust:Source",
        "_complement_gaps:Instance-attribute-character",
        "_trust:Source",
        "_subject_gaps:Instance-activity-character",
        "_overlaps:character",
        "_trust:Source",
        "_statement_novelty:Actor-Source",
        "_subject_gaps:Instance-character-designation",
        "_trust:Source"
    ]
}