{
    "abstract_actions": [
        null,
        7,
        4,
        5,
        3,
        7,
        4,
        7,
        4,
        3,
        7
    ],
    "specific_actions": [
        null,
        25,
        null,
        11,
        11,
        25,
        null,
        25,
        null,
        11,
        25
    ],
    "rewards": [
        0,
        0,
        -0.00583078149251226,
        -0.002863912251390044,
        -0.0027097995784357565,
        0.0003891764375096862,
        0.00042811764043437783,
        -0.002503472213988056,
        0.0004476601237086708,
        -0.002348191689531487,
        0.00040076242607889334
    ],
    "states": [
        11.742296918767506,
        10.985714285714286,
        10.921658986175116,
        10.890380313199104,
        10.860869565217392,
        10.86509635974304,
        10.869747899159664,
        10.842535787321063,
        10.847389558232932,
        10.821917808219178,
        10.826254826254827
    ],
    "selections": [
        null,
        null,
        "_trust:Source",
        "_subject_gaps:Instance-attribute-character",
        "_complement_gaps:Instance-attribute-character",
        "_entity_novelty:Instance-attribute",
        "_trust:Source",
        "_subject_gaps:Instance-character-institution",
        "_trust:Source",
        "_subject_gaps:Instance-attribute-character",
        "_entity_novelty:Instance-attribute"
    ]
}