{
    "abstract_actions": [
        null,
        7,
        7,
        7,
        7,
        7,
        7,
        7,
        7,
        7,
        7
    ],
    "specific_actions": [
        null,
        25,
        25,
        25,
        25,
        25,
        25,
        25,
        25,
        25,
        25
    ],
    "rewards": [
        0,
        0,
        0.0014944323737098308,
        0.0022374548358277124,
        0.004048927111584888,
        0.002109287083585487,
        0.0020588397637577582,
        0.002010185659238495,
        0.0019632405574971923,
        0.0019179251443586232,
        0.0018741646652129518
    ],
    "states": [
        10.917505030181086,
        10.831721470019342,
        10.847908745247148,
        10.87218045112782,
        10.916201117318435,
        10.939226519337016,
        10.96174863387978,
        10.983783783783784,
        11.005347593582888,
        11.026455026455027,
        11.047120418848168
    ],
    "selections": [
        null,
        null,
        "_trust:Source",
        "_trust:Source",
        "_trust:Source",
        "_trust:Source",
        "_trust:Source",
        "_trust:Source",
        "_trust:Source",
        "_trust:Source",
        "_trust:Source"
    ]
}