{
    "abstract_actions": [
        null,
        4,
        5,
        4,
        7,
        5,
        7,
        4,
        3,
        6,
        7
    ],
    "specific_actions": [
        null,
        null,
        11,
        null,
        25,
        11,
        25,
        null,
        11,
        22,
        25
    ],
    "rewards": [
        0,
        0,
        0.001388888888888884,
        -0.002132196162046962,
        0.004026934248745784,
        0.002124561523709323,
        -0.0005203256668454559,
        0.0020240999779239655,
        -0.0005326511273251455,
        0.001921146707551058,
        0.0026487162907300466
    ],
    "states": [
        10.961616161616162,
        10.87378640776699,
        10.88888888888889,
        10.865671641791044,
        10.909426987060998,
        10.932604735883425,
        10.926916221033869,
        10.949033391915641,
        10.943201376936317,
        10.964224872231686,
        10.993265993265993
    ],
    "selections": [
        null,
        null,
        "_subject_gaps:Instance-character-institution",
        "_complement_gaps:Instance-attribute-character",
        "_subject_gaps:Instance-attribute-character",
        "_trust:Source",
        "_complement_gaps:Instance-attribute-character",
        "_trust:Source",
        "_subject_gaps:Instance-attribute-character",
        "_entity_novelty:Instance-attribute",
        "_overlaps:attribute-physical-appearance"
    ]
}