{
    "abstract_actions": [
        null,
        4,
        2,
        2,
        2,
        5,
        4,
        2,
        6,
        2,
        4
    ],
    "specific_actions": [
        null,
        null,
        25,
        25,
        25,
        11,
        null,
        25,
        null,
        25,
        null
    ],
    "rewards": [
        0,
        0,
        -0.008000557851161605,
        -0.011773899192253912,
        -0.00905668163238138,
        -0.008979519498722333,
        -0.023915735278564276,
        -0.008691796827197451,
        -0.008620518465877636,
        -0.008550307555634684,
        -0.008481143946447278
    ],
    "states": [
        0.008263554179478723,
        0.007921581285964143,
        0.007858204216613108,
        0.0077656825123345605,
        0.007695351198162195,
        0.007626250642028781,
        0.00744386325050604,
        0.0073791627035232,
        0.007315550495174762,
        0.007253000288502242,
        0.007191486549011831
    ],
    "selections": [
        null,
        null,
        "_subject_gaps:Instance-attribute-character",
        "_statement_novelty:Actor-Source",
        "_statement_novelty:Actor-Source",
        "_statement_novelty:Actor-Source",
        "_complement_gaps:Instance-attribute-character",
        "_subject_gaps:Instance-attribute-character",
        "_statement_novelty:Actor-Source",
        "_overlaps:character",
        "_statement_novelty:Actor-Source"
    ]
}