{
    "abstract_actions": [
        null,
        4,
        5,
        7,
        5,
        7,
        7,
        7,
        5,
        7,
        7
    ],
    "specific_actions": [
        null,
        null,
        11,
        25,
        11,
        25,
        25,
        25,
        11,
        25,
        25
    ],
    "rewards": [
        0,
        0,
        0.07090289851620746,
        0.06218426235122876,
        -0.01716738197424883,
        -0.010244877561219501,
        -0.014285714285714235,
        -0.0099975615703487,
        -0.00989859971028495,
        0.057519057519057615,
        -0.013564078578110372
    ],
    "states": [
        0.0027427317608337905,
        0.0029356818788364024,
        0.003143830233167409,
        0.0033393269971744156,
        0.003281999495077001,
        0.003248375812093953,
        0.0032019704433497538,
        0.0031699585466959277,
        0.0031385803959439883,
        0.003319108582266477,
        0.003274087932647334
    ],
    "selections": [
        null,
        null,
        "_subject_gaps:Instance-attribute-character",
        "_complement_gaps:Instance-attribute-character",
        "_trust:Source",
        "_complement_gaps:Instance-attribute-character",
        "_trust:Source",
        "_trust:Source",
        "_trust:Source",
        "_complement_gaps:Instance-attribute-character",
        "_trust:Source"
    ]
}