{
    "actions": [
        null,
        7,
        4,
        3,
        4,
        5,
        3,
        5,
        3,
        7,
        5
    ],
    "rewards": [
        0,
        0,
        0.018268812527185707,
        0.02990175138829554,
        0.02654500207382826,
        0.025858585858585803,
        0.02520677432059859,
        0.014982712255090291,
        0.02649507948523855,
        0.02359882005899716,
        0.0140489913544668
    ],
    "states": [
        2084.0,
        2299.0,
        2341.0,
        2411.0,
        2475.0,
        2539.0,
        2603.0,
        2642.0,
        2712.0,
        2776.0,
        2815.0
    ],
    "selections": [
        null,
        null,
        "_trust:Source",
        "_subject_gaps:Instance-attribute-character",
        "_entity_novelty:Instance-character",
        "_subject_gaps:Instance-attribute-character",
        "_complement_gaps:Instance-attribute-character",
        "_entity_novelty:Instance-attribute",
        "_complement_gaps:Instance-attribute-character",
        "_entity_novelty:Instance-character",
        "_trust:Source"
    ]
}