{
    "abstract_actions": [
        null,
        5,
        5,
        5,
        4,
        4,
        4,
        4,
        5,
        3,
        4
    ],
    "specific_actions": [
        null,
        11,
        11,
        11,
        null,
        null,
        null,
        null,
        11,
        null,
        null
    ],
    "rewards": [
        0,
        0,
        -0.015625,
        -0.012345679012345623,
        -0.010000000000000009,
        -0.00826446280991755,
        -0.00694444444444442,
        -0.00591715976331364,
        -0.005102040816326481,
        -0.004444444444444473,
        -0.00390625
    ],
    "states": [
        1.1666666666666667,
        1.1428571428571428,
        1.125,
        1.1111111111111112,
        1.1,
        1.0909090909090908,
        1.0833333333333333,
        1.0769230769230769,
        1.0714285714285714,
        1.0666666666666667,
        1.0625
    ],
    "selections": [
        null,
        null,
        "_complement_gaps:Instance-attribute-character",
        "_complement_gaps:Instance-attribute-character",
        "_complement_gaps:Instance-attribute-character",
        "_subject_gaps:Instance-attribute-character",
        "_subject_gaps:Instance-ancestry-character",
        "_subject_gaps:Instance-attribute-character",
        "_subject_gaps:Instance-attribute-character",
        "_complement_gaps:Instance-attribute-character",
        "_entity_novelty:Instance-character"
    ]
}