{
    "abstract_actions": [
        null,
        4,
        3,
        3,
        6,
        5,
        5,
        3,
        7,
        2,
        7
    ],
    "specific_actions": [
        null,
        null,
        null,
        11,
        null,
        11,
        11,
        null,
        25,
        25,
        25
    ],
    "rewards": [
        0,
        0,
        0.0,
        0.0,
        0.0,
        0.08333333333333326,
        -0.00591715976331364,
        -0.005102040816326481,
        -0.004444444444444473,
        0.0625,
        0.0
    ],
    "states": [
        1.1428571428571428,
        1.0,
        1.0,
        1.0,
        1.0,
        1.0833333333333333,
        1.0769230769230769,
        1.0714285714285714,
        1.0666666666666667,
        1.1333333333333333,
        1.1333333333333333
    ],
    "selections": [
        null,
        null,
        "_subject_gaps:Instance-attribute-character",
        "_entity_novelty:Instance-character",
        "_entity_novelty:Instance-attribute",
        "_overlaps:character",
        "_complement_gaps:Instance-attribute-character",
        "_complement_gaps:Instance-attribute-character",
        "_entity_novelty:Instance-character",
        "_trust:Source",
        "_statement_novelty:Actor-Source"
    ]
}