{
    "abstract_actions": [
        null,
        3,
        7,
        7,
        4,
        5,
        4,
        3,
        4,
        7,
        6
    ],
    "specific_actions": [
        null,
        11,
        25,
        25,
        null,
        11,
        null,
        11,
        null,
        25,
        11
    ],
    "rewards": [
        0,
        0,
        0.011872638963842386,
        0.01546666666666674,
        0.010766806722689148,
        0.017407118732138294,
        0.021450459652706755,
        0.018999999999999906,
        0.016437684003925312,
        0.018344195027757637,
        0.013747333491348712
    ],
    "states": [
        3613.0,
        3706.0,
        3750.0,
        3808.0,
        3849.0,
        3916.0,
        4000.0,
        4076.0,
        4143.0,
        4219.0,
        4277.0
    ],
    "selections": [
        null,
        null,
        "_entity_novelty:Instance-attribute",
        "_trust:Source",
        "_trust:Source",
        "_subject_gaps:Instance-attribute-character",
        "_complement_gaps:Instance-attribute-character",
        "_subject_gaps:Instance-ancestry-character",
        "_entity_novelty:Instance-attribute",
        "_subject_gaps:Instance-character-enchantment",
        "_trust:Source"
    ]
}