{
    "actions": [
        null,
        3,
        5,
        7,
        4,
        5,
        3,
        6,
        2,
        6,
        2
    ],
    "rewards": [
        0,
        0,
        0.9915113484331058,
        0.9739897656986567,
        0.9941748526832844,
        0.9941872135886486,
        0.9749395927078853,
        0.9845044586930838,
        0.9936965008359322,
        0.9944348054811538,
        0.9937171978469096
    ],
    "states": [
        0.008766486567671506,
        0.008383023372293248,
        0.00831186280780872,
        0.008095669308696995,
        0.008048510842346422,
        0.008001726567890416,
        0.007801200041058947,
        0.0076803162235792016,
        0.0076319033566840935,
        0.007589430329955111,
        0.0075417474407373395
    ],
    "selections": [
        null,
        null,
        "_entity_novelty:Instance-character",
        "_complement_gaps:Instance-attribute-character",
        "_trust:Source",
        "_subject_gaps:Instance-attribute-character",
        "_complement_gaps:Instance-attribute-character",
        "_entity_novelty:Instance-attribute",
        "_overlaps:character",
        "_statement_novelty:Actor-Source",
        "_overlaps:character"
    ]
}