{
    "actions": [
        null,
        5,
        4,
        5,
        5,
        6,
        3,
        5,
        5,
        3,
        5
    ],
    "rewards": [
        0,
        0,
        0.023966942148760273,
        0.02044659671778315,
        0.020036910097548155,
        0.01964331868699931,
        0.012674271229404344,
        0.021026282853567002,
        0.018632017651385224,
        0.02021660649819501,
        0.009672092474640293
    ],
    "states": [
        3537.0,
        3630.0,
        3717.0,
        3793.0,
        3869.0,
        3945.0,
        3995.0,
        4079.0,
        4155.0,
        4239.0,
        4280.0
    ],
    "selections": [
        null,
        null,
        "_complement_gaps:Instance-attribute-character",
        "_subject_gaps:Instance-attribute-character",
        "_complement_gaps:Instance-attribute-character",
        "_complement_gaps:Instance-attribute-character",
        "_overlaps:attribute",
        "_entity_novelty:Instance-attribute",
        "_complement_gaps:Instance-attribute-character",
        "_complement_gaps:Instance-attribute-character",
        "_entity_novelty:Instance-attribute"
    ]
}