{
    "abstract_actions": [
        null,
        3,
        5,
        5,
        7,
        5,
        3,
        7,
        7,
        4,
        3
    ],
    "specific_actions": [
        null,
        null,
        11,
        11,
        25,
        11,
        11,
        25,
        25,
        null,
        11
    ],
    "rewards": [
        0,
        0,
        0.4576663858466723,
        0.2951445717403165,
        0.2185879537295572,
        -0.0233735878457344,
        0.16814562002275313,
        -0.014573991031390121,
        -0.018341892883345534,
        -0.01410488245931285,
        0.1402733592553318
    ],
    "states": [
        0.0,
        0.0008669267446900737,
        0.0012636899747262005,
        0.0016366612111292963,
        0.001994415636218588,
        0.0019477989871445266,
        0.0022753128555176336,
        0.002242152466367713,
        0.0022010271460014674,
        0.00216998191681736,
        0.002474372569812655
    ],
    "selections": [
        null,
        null,
        "_entity_novelty:Instance-character",
        "_complement_gaps:Instance-attribute-character",
        "_complement_gaps:Instance-attribute-character",
        "_trust:Source",
        "_complement_gaps:Instance-attribute-character",
        "_entity_novelty:Instance-attribute",
        "_trust:Source",
        "_trust:Source",
        "_subject_gaps:Instance-character-product"
    ]
}