{
    "abstract_actions": [
        null,
        3,
        3,
        4,
        7,
        7,
        7,
        2,
        5,
        7,
        7
    ],
    "specific_actions": [
        null,
        null,
        11,
        null,
        25,
        25,
        25,
        25,
        11,
        25,
        25
    ],
    "rewards": [
        0,
        0,
        0.010534907521621006,
        0.0051923381109975075,
        0.010952105730920536,
        0.00918692217428907,
        0.00577711097014455,
        0.005586161542858736,
        0.004161207264980149,
        0.008605444949008945,
        0.005711841596952594
    ],
    "states": [
        2.261951971799956,
        2.3403682236617795,
        2.365023786464597,
        2.377303789604473,
        2.403340272062739,
        2.4254195721005143,
        2.439431490117699,
        2.453058548494233,
        2.4632662335476487,
        2.4844637355151957,
        2.4986545988258317
    ],
    "selections": [
        null,
        null,
        "_entity_novelty:Instance-character",
        "_entity_novelty:Instance-attribute",
        "_subject_gaps:Instance-character-product",
        "_trust:Source",
        "_trust:Source",
        "_trust:Source",
        "_statement_novelty:Actor-Source",
        "_complement_gaps:Instance-attribute-character",
        "_trust:Source"
    ]
}