{
    "actions": [
        null,
        4,
        7,
        7,
        2,
        7,
        4,
        3,
        4,
        6,
        2
    ],
    "rewards": [
        0,
        0,
        -0.00013869266775135003,
        0.002761286221584447,
        0.0027094110929077875,
        0.0026589944856199033,
        0.0026099818606875047,
        -0.0006378960998003613,
        0.0015347030819343743,
        0.0004233956329764421,
        0.003082178264005364
    ],
    "states": [
        12.307426597582038,
        12.233722871452422,
        12.232026143790849,
        12.26580226904376,
        12.29903536977492,
        12.331738437001595,
        12.363924050632912,
        12.356037151702786,
        12.375,
        12.380239520958083,
        12.41839762611276
    ],
    "selections": [
        null,
        null,
        "_subject_gaps:Instance-attribute-character",
        "_trust:Source",
        "_trust:Source",
        "_statement_novelty:Actor-Source",
        "_trust:Source",
        "_subject_gaps:Instance-attribute-character",
        "_entity_novelty:Instance-attribute",
        "_subject_gaps:Instance-attribute-character",
        "_overlaps:character"
    ]
}