{
    "abstract_actions": [
        null,
        4,
        3,
        5,
        7,
        2,
        7,
        4,
        5,
        7,
        2
    ],
    "specific_actions": [
        null,
        null,
        11,
        11,
        25,
        25,
        25,
        null,
        11,
        25,
        25
    ],
    "rewards": [
        0,
        0,
        0.029042045947117456,
        0.026537489469250275,
        0.028723840787853838,
        0.023932987634623037,
        0.015192832099727216,
        0.014965464313123622,
        0.024196597353497218,
        0.025839793281653645,
        0.017992083483267418
    ],
    "states": [
        2096.0,
        2307.0,
        2374.0,
        2437.0,
        2507.0,
        2567.0,
        2606.0,
        2645.0,
        2709.0,
        2779.0,
        2829.0
    ],
    "selections": [
        null,
        null,
        "_subject_gaps:Instance-age-character",
        "_entity_novelty:Instance-attribute",
        "_complement_gaps:Instance-attribute-character",
        "_trust:Source",
        "_statement_novelty:Actor-Source",
        "_trust:Source",
        "_subject_gaps:Instance-age-character",
        "_complement_gaps:Instance-attribute-character",
        "_trust:Source"
    ]
}