{
    "abstract_actions": [
        null,
        3,
        4,
        2,
        6,
        3,
        2,
        2,
        2,
        5,
        6
    ],
    "specific_actions": [
        null,
        null,
        null,
        25,
        null,
        null,
        25,
        25,
        25,
        11,
        11
    ],
    "rewards": [
        0,
        0,
        0.04322429906542058,
        0.012318029115341522,
        0.02433628318584069,
        0.030237580993520696,
        0.011530398322851187,
        0.022797927461139844,
        0.011144883485309176,
        0.011022044088176308,
        0.03567888999008906
    ],
    "states": [
        16.0,
        16.784313725490197,
        17.50980392156863,
        17.725490196078432,
        18.15686274509804,
        18.705882352941178,
        18.92156862745098,
        19.352941176470587,
        19.568627450980394,
        19.784313725490197,
        20.49019607843137
    ],
    "selections": [
        null,
        null,
        "_entity_novelty:Instance-character",
        "_subject_gaps:Instance-character-gender",
        "_statement_novelty:Actor-Source",
        "_overlaps:character",
        "_entity_novelty:Instance-character",
        "_statement_novelty:Actor-Source",
        "_statement_novelty:Actor-Source",
        "_statement_novelty:Actor-Source",
        "_complement_gaps:Instance-attribute-character"
    ]
}