{
    "abstract_actions": [
        null,
        7,
        4,
        5,
        7,
        2,
        7,
        5,
        4,
        5,
        4
    ],
    "specific_actions": [
        null,
        25,
        null,
        11,
        25,
        25,
        25,
        11,
        null,
        11,
        null
    ],
    "rewards": [
        0,
        0,
        0.027308192457737412,
        0.029535864978903037,
        0.028688524590164022,
        0.019920318725099584,
        0.015234374999999911,
        0.015005771450557814,
        0.021607278241091654,
        0.014471243042671667,
        0.02560351133869787
    ],
    "states": [
        2096.0,
        2307.0,
        2370.0,
        2440.0,
        2510.0,
        2560.0,
        2599.0,
        2638.0,
        2695.0,
        2734.0,
        2804.0
    ],
    "selections": [
        null,
        null,
        "_trust:Source",
        "_subject_gaps:Instance-character-designation",
        "_complement_gaps:Instance-attribute-character",
        "_trust:Source",
        "_statement_novelty:Actor-Source",
        "_trust:Source",
        "_complement_gaps:Instance-attribute-character",
        "_subject_gaps:Instance-ancestry-character",
        "_complement_gaps:Instance-attribute-character"
    ]
}