{
    "abstract_actions": [
        null,
        7,
        2,
        4,
        7,
        7,
        2,
        7,
        7,
        5,
        7
    ],
    "specific_actions": [
        null,
        25,
        25,
        null,
        25,
        25,
        25,
        25,
        25,
        11,
        25
    ],
    "rewards": [
        0,
        0,
        -0.018661971830985946,
        -0.013546370267454089,
        0.22364841890513443,
        -0.016716817118020644,
        -0.012871287128712883,
        -0.012707722385141729,
        -0.012548262548262579,
        -0.012392755004766332,
        0.17388871619521296
    ],
    "states": [
        0.0011082379017362395,
        0.0014352350197344816,
        0.0014084507042253522,
        0.0013893713094824591,
        0.0017001020061203672,
        0.001671681711802073,
        0.0016501650165016502,
        0.0016291951775822744,
        0.0016087516087516086,
        0.0015888147442008262,
        0.0018650917003419335
    ],
    "selections": [
        null,
        null,
        "_trust:Source",
        "_statement_novelty:Actor-Source",
        "_subject_gaps:Instance-ancestry-character",
        "_trust:Source",
        "_trust:Source",
        "_statement_novelty:Actor-Source",
        "_trust:Source",
        "_trust:Source",
        "_complement_gaps:Instance-attribute-character"
    ]
}