{
    "actions": [
        null,
        4,
        3,
        5,
        7,
        7,
        2,
        4,
        7,
        7,
        5
    ],
    "rewards": [
        0,
        0,
        0.010316729194527863,
        0.005149264984127155,
        0.010742682180155505,
        0.004660724696629481,
        0.004528114969325481,
        0.004401116074940203,
        0.008212842712154833,
        0.004045342813439268,
        0.003938230056591996
    ],
    "states": [
        2.2621093381172694,
        2.347540138706822,
        2.3717590745911448,
        2.3839718905447227,
        2.4095821428912694,
        2.4208125418932003,
        2.431774259402078,
        2.4424767801857583,
        2.4625364578095144,
        2.472498261971946,
        2.4822355289421156
    ],
    "selections": [
        null,
        null,
        "_subject_gaps:Instance-attribute-character",
        "_entity_novelty:Instance-attribute",
        "_complement_gaps:Instance-attribute-character",
        "_trust:Source",
        "_trust:Source",
        "_statement_novelty:Actor-Source",
        "_subject_gaps:Instance-attribute-character",
        "_trust:Source",
        "_trust:Source"
    ]
}