{
    "abstract_actions": [
        null,
        4,
        5,
        5,
        5,
        5,
        5,
        5,
        5,
        5,
        5
    ],
    "specific_actions": [
        null,
        null,
        11,
        11,
        11,
        11,
        11,
        11,
        11,
        11,
        11
    ],
    "rewards": [
        0,
        0,
        0.029042045947117456,
        0.02948609941027791,
        0.02864157119476274,
        0.02505966587112174,
        0.027163368257663967,
        0.02153381186248593,
        0.025887573964497035,
        0.025234318673395872,
        0.024613220815752568
    ],
    "states": [
        2096.0,
        2307.0,
        2374.0,
        2444.0,
        2514.0,
        2577.0,
        2647.0,
        2704.0,
        2774.0,
        2844.0,
        2914.0
    ],
    "selections": [
        null,
        null,
        "_subject_gaps:Instance-attribute-character",
        "_complement_gaps:Instance-attribute-character",
        "_complement_gaps:Instance-attribute-character",
        "_complement_gaps:Instance-attribute-character",
        "_complement_gaps:Instance-attribute-character",
        "_complement_gaps:Instance-attribute-character",
        "_complement_gaps:Instance-attribute-character",
        "_complement_gaps:Instance-attribute-character",
        "_complement_gaps:Instance-attribute-character"
    ]
}