{
    "abstract_actions": [
        null,
        7,
        5,
        5,
        5,
        7,
        2,
        5,
        5,
        5,
        5
    ],
    "specific_actions": [
        null,
        25,
        11,
        11,
        11,
        25,
        25,
        11,
        11,
        11,
        11
    ],
    "rewards": [
        0,
        0,
        -0.0035347786784072355,
        -0.004935201928872868,
        -0.004638317459193408,
        -0.004367467369017608,
        0.0005412030625726594,
        0.00044873077692764163,
        -0.002276853906677867,
        -0.0038587548523579818,
        -0.003657294558703006
    ],
    "states": [
        11.742296918767506,
        10.985714285714286,
        10.946882217090069,
        10.892857142857142,
        10.842332613390928,
        10.794979079497908,
        10.80082135523614,
        10.805668016194332,
        10.781065088757396,
        10.739463601532567,
        10.700186219739292
    ],
    "selections": [
        null,
        null,
        "_trust:Source",
        "_complement_gaps:Instance-attribute-character",
        "_complement_gaps:Instance-attribute-character",
        "_complement_gaps:Instance-attribute-character",
        "_trust:Source",
        "_statement_novelty:Actor-Source",
        "_complement_gaps:Instance-attribute-character",
        "_complement_gaps:Instance-attribute-character",
        "_complement_gaps:Instance-attribute-character"
    ]
}