{
    "abstract_actions": [
        null,
        4,
        3,
        7,
        6,
        2,
        7,
        5,
        7,
        7,
        5
    ],
    "specific_actions": [
        null,
        null,
        11,
        25,
        null,
        25,
        25,
        11,
        25,
        25,
        11
    ],
    "rewards": [
        0,
        0,
        0.02316735822959881,
        0.02129097668131119,
        0.016545334215751106,
        0.0185546875,
        0.012464046021092967,
        0.012310606060605966,
        0.019644527595884087,
        0.015290519877675823,
        0.011746987951807286
    ],
    "states": [
        2805.0,
        2892.0,
        2959.0,
        3022.0,
        3072.0,
        3129.0,
        3168.0,
        3207.0,
        3270.0,
        3320.0,
        3359.0
    ],
    "selections": [
        null,
        null,
        "_subject_gaps:Instance-attribute-character",
        "_entity_novelty:Instance-attribute",
        "_trust:Source",
        "_overlaps:character",
        "_statement_novelty:Actor-Source",
        "_trust:Source",
        "_complement_gaps:Instance-attribute-character",
        "_trust:Source",
        "_trust:Source"
    ]
}