{
    "abstract_actions": [
        null,
        4,
        3,
        5,
        3,
        4,
        3,
        4,
        4,
        3,
        6
    ],
    "specific_actions": [
        null,
        null,
        11,
        11,
        null,
        null,
        11,
        null,
        null,
        11,
        null
    ],
    "rewards": [
        0,
        0,
        0.010534907521621006,
        0.005236118265096401,
        0.009476891468118254,
        0.009218716453011977,
        0.008661606984099679,
        0.008160552128293697,
        0.008524152148885022,
        0.0072102478896287625,
        0.006829475085524006
    ],
    "states": [
        2.261951971799956,
        2.3403682236617795,
        2.365023786464597,
        2.377407330710292,
        2.399937761958942,
        2.422062107691318,
        2.4430410577592205,
        2.4629776216626262,
        2.4839724176489772,
        2.501882474531227,
        2.518969018557947
    ],
    "selections": [
        null,
        null,
        "_subject_gaps:Instance-character-personality-trait",
        "_entity_novelty:Instance-attribute",
        "_complement_gaps:Instance-attribute-character",
        "_entity_novelty:Instance-character",
        "_subject_gaps:Instance-character-gender",
        "_entity_novelty:Instance-attribute",
        "_subject_gaps:Instance-character-personality-trait",
        "_subject_gaps:Instance-attribute-character",
        "_entity_novelty:Instance-attribute"
    ]
}