{
    "abstract_actions": [
        null,
        7,
        2,
        2,
        4,
        2,
        5,
        4,
        3,
        7,
        2
    ],
    "specific_actions": [
        null,
        25,
        25,
        25,
        null,
        25,
        11,
        null,
        11,
        25,
        25
    ],
    "rewards": [
        0,
        0,
        0.003353438550778076,
        0.0030417082269325046,
        0.002973022640119005,
        0.002906643756547256,
        0.003368326123063925,
        0.0043367315337785595,
        0.004151231476888562,
        0.002562767580864156,
        0.0029555116059347686
    ],
    "states": [
        2.519932570638604,
        2.5438320622690465,
        2.5523626467733647,
        2.5601261892341705,
        2.567737502356325,
        2.5752010005360013,
        2.583875117338247,
        2.595080690038954,
        2.6058534706845093,
        2.612531667479662,
        2.62025303514377
    ],
    "selections": [
        null,
        null,
        "_trust:Source",
        "_statement_novelty:Actor-Source",
        "_statement_novelty:Actor-Source",
        "_subject_gaps:Instance-ability-character",
        "_statement_novelty:Actor-Source",
        "_complement_gaps:Instance-attribute-character",
        "_subject_gaps:Instance-character-object",
        "_entity_novelty:Instance-attribute",
        "_trust:Source"
    ]
}