{
    "abstract_actions": [
        null,
        4,
        2,
        5,
        4,
        4,
        7,
        2,
        7,
        4,
        7
    ],
    "specific_actions": [
        null,
        null,
        25,
        11,
        null,
        null,
        25,
        25,
        25,
        null,
        25
    ],
    "rewards": [
        0,
        0,
        0.022831050228310668,
        0.040178571428571175,
        0.060085836909871126,
        0.04858299595141702,
        0.054054054054053946,
        0.025641025641025772,
        0.016071428571428514,
        0.01581722319859402,
        0.04844290657439454
    ],
    "states": [
        7.0588235294117645,
        8.588235294117647,
        8.784313725490197,
        9.137254901960784,
        9.686274509803921,
        10.156862745098039,
        10.705882352941176,
        10.980392156862745,
        11.156862745098039,
        11.333333333333334,
        11.882352941176471
    ],
    "selections": [
        null,
        null,
        "_subject_gaps:Instance-character-physical-appearance",
        "_statement_novelty:Actor-Source",
        "_complement_gaps:Instance-attribute-character",
        "_subject_gaps:Instance-attribute-character",
        "_subject_gaps:Instance-attribute-character",
        "_trust:Source",
        "_statement_novelty:Actor-Source",
        "_trust:Source",
        "_subject_gaps:Instance-ability-character"
    ]
}