{
    "abstract_actions": [
        null,
        3,
        4,
        4,
        4,
        4,
        4,
        4,
        4,
        7,
        7
    ],
    "specific_actions": [
        null,
        11,
        null,
        null,
        null,
        null,
        null,
        null,
        null,
        25,
        25
    ],
    "rewards": [
        0,
        0,
        0.0547945205479452,
        0.051948051948051965,
        0.01851851851851838,
        0.0181818181818183,
        0.017857142857142794,
        0.01754385964912264,
        0.017241379310344973,
        0.016949152542372836,
        0.03333333333333344
    ],
    "states": [
        7.0588235294117645,
        8.588235294117647,
        9.058823529411764,
        9.529411764705882,
        9.705882352941176,
        9.882352941176471,
        10.058823529411764,
        10.235294117647058,
        10.411764705882353,
        10.588235294117647,
        10.941176470588236
    ],
    "selections": [
        null,
        null,
        "_entity_novelty:Instance-attribute",
        "_subject_gaps:Instance-ancestry-character",
        "_subject_gaps:Instance-ancestry-character",
        "_subject_gaps:Instance-ancestry-character",
        "_subject_gaps:Instance-ancestry-character",
        "_subject_gaps:Instance-ancestry-character",
        "_subject_gaps:Instance-ancestry-character",
        "_subject_gaps:Instance-ancestry-character",
        "_trust:Source"
    ]
}