{
    "abstract_actions": [
        null,
        5,
        7,
        7,
        5,
        5,
        5,
        3,
        3,
        7,
        5
    ],
    "specific_actions": [
        null,
        11,
        25,
        25,
        11,
        11,
        11,
        11,
        null,
        25,
        11
    ],
    "rewards": [
        0,
        0,
        0.004913228142070514,
        0.0037820973350226605,
        0.003083081679742472,
        0.005356620460506445,
        0.004525355578011814,
        0.004332226993829735,
        0.004155353557616204,
        0.00398119848113887,
        0.0029069896512079474
    ],
    "states": [
        2.5033508367647612,
        2.528642934649445,
        2.541066734277212,
        2.550677296001037,
        2.558541242443273,
        2.572246376811594,
        2.583886706300919,
        2.595080690038954,
        2.6058641678166086,
        2.6162386302835743,
        2.623844008906899
    ],
    "selections": [
        null,
        null,
        "_complement_gaps:Instance-attribute-character",
        "_trust:Source",
        "_trust:Source",
        "_complement_gaps:Instance-attribute-character",
        "_complement_gaps:Instance-attribute-character",
        "_complement_gaps:Instance-attribute-character",
        "_entity_novelty:Instance-attribute",
        "_entity_novelty:Instance-character",
        "_trust:Source"
    ]
}