{
    "actions": [
        null,
        5,
        2,
        2,
        7,
        4,
        6,
        6,
        3,
        5,
        4,
        2,
        7,
        4,
        6,
        2,
        4,
        3,
        6,
        2,
        5,
        3,
        6,
        4,
        4,
        2
    ],
    "rewards": [
        0,
        0,
        0.008991650610147728,
        0.008274984086569015,
        0.008207070707070718,
        0.00814026299311199,
        0.01200828157349898,
        0.009410801963993354,
        0.009323064450749818,
        0.012851405622489986,
        0.012688342585249757,
        0.007635082223962364,
        0.007577229454050816,
        0.007520246818357057,
        0.0111004784688995,
        0.0073821692220328305,
        0.00732807215332576,
        0.011938071255362726,
        0.01179723502304153,
        0.008380397157952357,
        0.007046070460704712,
        0.011481880157875768,
        0.00691734657680021,
        0.008102871234807019,
        0.011182946007338712,
        0.006739243131156147
    ],
    "states": [
        4615.0,
        4671.0,
        4713.0,
        4752.0,
        4791.0,
        4830.0,
        4888.0,
        4934.0,
        4980.0,
        5044.0,
        5108.0,
        5147.0,
        5186.0,
        5225.0,
        5283.0,
        5322.0,
        5361.0,
        5425.0,
        5489.0,
        5535.0,
        5574.0,
        5638.0,
        5677.0,
        5723.0,
        5787.0,
        5826.0
    ],
    "selections": [
        null,
        null,
        "_complement_gaps:Instance-attribute-character",
        "_statement_novelty:Actor-Source",
        "_statement_novelty:Actor-Source",
        "_trust:Source",
        "_subject_gaps:Instance-attribute-character",
        "_overlaps:character",
        "_overlaps:character",
        "_entity_novelty:Instance-character",
        "_complement_gaps:Instance-attribute-character",
        "_subject_gaps:Instance-attribute-character",
        "_statement_novelty:Actor-Source",
        "_trust:Source",
        "_subject_gaps:Instance-attribute-character",
        "_overlaps:character",
        "_statement_novelty:Actor-Source",
        "_subject_gaps:Instance-attribute-character",
        "_entity_novelty:Instance-attribute",
        "_overlaps:character",
        "_statement_novelty:Actor-Source",
        "_complement_gaps:Instance-attribute-character",
        "_entity_novelty:Instance-character",
        "_overlaps:character",
        "_subject_gaps:Instance-attribute-character",
        "_subject_gaps:Instance-attribute-character"
    ]
}