{
    "abstract_actions": [
        null,
        7,
        2,
        5,
        4,
        6,
        5,
        3,
        4,
        4,
        5
    ],
    "specific_actions": [
        null,
        25,
        25,
        11,
        null,
        11,
        11,
        11,
        null,
        null,
        11
    ],
    "rewards": [
        0,
        0,
        -0.013077263798443317,
        -0.005683166681075491,
        -0.018094776114406907,
        -0.017777962014655646,
        -0.005633874495598934,
        -0.01738600637197185,
        -0.013591635988349005,
        -0.008346577542338696,
        -0.0133078333502048
    ],
    "states": [
        0.008327674664252301,
        0.008007482642146744,
        0.007902766679273934,
        0.00785785393899397,
        0.007715667831228164,
        0.00757849898160689,
        0.007535802669479492,
        0.00740478515625,
        0.0073041420118343196,
        0.0072431774241522905,
        0.007146786426065706
    ],
    "selections": [
        null,
        null,
        "_trust:Source",
        "_statement_novelty:Actor-Source",
        "_complement_gaps:Instance-attribute-character",
        "_subject_gaps:Instance-attribute-character",
        "_overlaps:attribute-object",
        "_complement_gaps:Instance-attribute-character-object",
        "_entity_novelty:Instance-attribute",
        "_subject_gaps:Instance-attribute-character",
        "_subject_gaps:Instance-character-product"
    ]
}