{
    "abstract_actions": [
        null,
        3,
        2,
        5,
        7,
        4,
        3,
        7,
        5,
        7,
        7
    ],
    "specific_actions": [
        null,
        11,
        25,
        11,
        25,
        null,
        11,
        25,
        11,
        25,
        25
    ],
    "rewards": [
        0,
        0,
        -0.01998558076365542,
        -0.02836353180532969,
        -0.035563709706815216,
        -0.018792731866825174,
        -0.028377770981538708,
        -0.014873926018123984,
        -0.01766889403273053,
        -0.014400562500000103,
        -0.014196442404610599
    ],
    "states": [
        0.013134665630958265,
        0.01056689342403628,
        0.010355707922089265,
        0.010061983471074381,
        0.009704142011834319,
        0.009521774673008323,
        0.009251567931999877,
        0.009113960795027663,
        0.008952927187521859,
        0.008824,
        0.008698730592221716
    ],
    "selections": [
        null,
        null,
        "_entity_novelty:Instance-attribute",
        "_statement_novelty:Actor-Source",
        "_complement_gaps:Instance-attribute-character",
        "_trust:Source",
        "_subject_gaps:Instance-character-gender",
        "_entity_novelty:Instance-attribute",
        "_trust:Source",
        "_complement_gaps:Instance-attribute-character",
        "_trust:Source"
    ]
}