{
    "abstract_actions": [
        null,
        4,
        7,
        7,
        7,
        7,
        5,
        7,
        7,
        7,
        4
    ],
    "specific_actions": [
        null,
        null,
        25,
        25,
        25,
        25,
        11,
        25,
        25,
        25,
        null
    ],
    "rewards": [
        0,
        0,
        0.029042045947117456,
        0.02527379949452402,
        0.0160230073952341,
        0.015770319450060688,
        0.015525477707006408,
        0.027440219521756237,
        0.019076688286913335,
        0.014601272931486386,
        0.01439114391143903
    ],
    "states": [
        2096.0,
        2307.0,
        2374.0,
        2434.0,
        2473.0,
        2512.0,
        2551.0,
        2621.0,
        2671.0,
        2710.0,
        2749.0
    ],
    "selections": [
        null,
        null,
        "_subject_gaps:Instance-attribute-character",
        "_trust:Source",
        "_trust:Source",
        "_trust:Source",
        "_trust:Source",
        "_complement_gaps:Instance-attribute-character",
        "_trust:Source",
        "_trust:Source",
        "_trust:Source"
    ]
}