{
    "abstract_actions": [
        null,
        5,
        5,
        7,
        7,
        2,
        5,
        5,
        5,
        7,
        7
    ],
    "specific_actions": [
        null,
        11,
        11,
        25,
        25,
        25,
        11,
        11,
        11,
        25,
        25
    ],
    "rewards": [
        0,
        0,
        0.021168274383708496,
        0.010758331146680566,
        0.015057113187954219,
        0.010485933503836309,
        0.010377119716527439,
        0.010270541082164408,
        0.020828167617158444,
        0.018460043721156172,
        0.013832578106367732
    ],
    "states": [
        3639.0,
        3732.0,
        3811.0,
        3852.0,
        3910.0,
        3951.0,
        3992.0,
        4033.0,
        4117.0,
        4193.0,
        4251.0
    ],
    "selections": [
        null,
        null,
        "_complement_gaps:Instance-attribute-character",
        "_complement_gaps:Instance-attribute-character",
        "_trust:Source",
        "_trust:Source",
        "_statement_novelty:Actor-Source",
        "_complement_gaps:Instance-attribute-character",
        "_complement_gaps:Instance-attribute-character",
        "_complement_gaps:Instance-attribute-character",
        "_trust:Source"
    ]
}