{
    "abstract_actions": [
        null,
        7,
        7,
        5,
        7,
        2,
        5,
        7,
        5,
        4,
        3
    ],
    "specific_actions": [
        null,
        25,
        25,
        11,
        25,
        25,
        11,
        25,
        11,
        null,
        11
    ],
    "rewards": [
        0,
        0,
        0.04337899543378998,
        0.01969365426695835,
        0.060085836909871126,
        0.028340080971660075,
        0.017716535433070835,
        0.046421663442939964,
        0.025878003696857776,
        0.043243243243243246,
        0.041450777202072464
    ],
    "states": [
        7.0588235294117645,
        8.588235294117647,
        8.96078431372549,
        9.137254901960784,
        9.686274509803921,
        9.96078431372549,
        10.137254901960784,
        10.607843137254902,
        10.882352941176471,
        11.352941176470589,
        11.823529411764707
    ],
    "selections": [
        null,
        null,
        "_trust:Source",
        "_trust:Source",
        "_complement_gaps:Instance-attribute-character",
        "_trust:Source",
        "_statement_novelty:Actor-Source",
        "_complement_gaps:Instance-attribute-character",
        "_trust:Source",
        "_complement_gaps:Instance-attribute-character",
        "_subject_gaps:Instance-age-character"
    ]
}