{
    "abstract_actions": [
        null,
        5,
        3,
        5,
        5,
        4,
        5,
        5,
        5,
        7,
        5
    ],
    "specific_actions": [
        null,
        11,
        11,
        11,
        11,
        null,
        11,
        11,
        11,
        25,
        11
    ],
    "rewards": [
        0,
        0,
        0.4539915966386556,
        -0.016122364613476714,
        0.29583500736574253,
        -0.015427215189873444,
        0.21632024634334113,
        0.1685157421289354,
        -0.014407092722570902,
        0.13972091904246353,
        -0.02119392440833623
    ],
    "states": [
        0.0,
        0.0008669267446900737,
        0.0012605042016806723,
        0.0012401818933443572,
        0.0016070711128967456,
        0.0015822784810126582,
        0.001924557351809084,
        0.0022488755622188904,
        0.002216475803472479,
        0.0025261638397690365,
        0.002472624514305899
    ],
    "selections": [
        null,
        null,
        "_complement_gaps:Instance-attribute-character",
        "_entity_novelty:Instance-attribute",
        "_complement_gaps:Instance-attribute-character",
        "_complement_gaps:Instance-attribute-character",
        "_subject_gaps:Instance-attribute-character",
        "_complement_gaps:Instance-attribute-character",
        "_complement_gaps:Instance-attribute-character",
        "_complement_gaps:Instance-attribute-character",
        "_trust:Source"
    ]
}