{
    "abstract_actions": [
        null,
        3,
        3,
        5,
        5,
        5,
        5,
        7,
        7,
        5,
        5
    ],
    "specific_actions": [
        null,
        null,
        11,
        11,
        11,
        11,
        11,
        25,
        25,
        11,
        11
    ],
    "rewards": [
        0,
        0,
        0.029042045947117456,
        0.016427969671440668,
        0.026523000414421904,
        0.02543399273314484,
        0.027559055118110187,
        0.026819923371647514,
        0.02238805970149249,
        0.014233576642335821,
        0.025188916876574208
    ],
    "states": [
        2096.0,
        2307.0,
        2374.0,
        2413.0,
        2477.0,
        2540.0,
        2610.0,
        2680.0,
        2740.0,
        2779.0,
        2849.0
    ],
    "selections": [
        null,
        null,
        "_entity_novelty:Instance-character",
        "_entity_novelty:Instance-attribute",
        "_complement_gaps:Instance-attribute-character",
        "_complement_gaps:Instance-attribute-character",
        "_complement_gaps:Instance-attribute-character",
        "_complement_gaps:Instance-attribute-character",
        "_trust:Source",
        "_trust:Source",
        "_complement_gaps:Instance-attribute-character"
    ]
}