{
    "abstract_actions": [
        null,
        3,
        7,
        2,
        2,
        7,
        4,
        7,
        4,
        4,
        5
    ],
    "specific_actions": [
        null,
        11,
        25,
        25,
        25,
        25,
        null,
        25,
        null,
        null,
        11
    ],
    "rewards": [
        0,
        0,
        0.011872638963842386,
        0.01546666666666674,
        0.010766806722689148,
        0.010652117433099573,
        0.01053984575835476,
        0.019333502925464208,
        0.014474669328674805,
        0.018696186961869588,
        0.02028495532480079
    ],
    "states": [
        3613.0,
        3706.0,
        3750.0,
        3808.0,
        3849.0,
        3890.0,
        3931.0,
        4007.0,
        4065.0,
        4141.0,
        4225.0
    ],
    "selections": [
        null,
        null,
        "_entity_novelty:Instance-attribute",
        "_trust:Source",
        "_statement_novelty:Actor-Source",
        "_statement_novelty:Actor-Source",
        "_trust:Source",
        "_subject_gaps:Instance-attribute-character",
        "_trust:Source",
        "_subject_gaps:Instance-attribute-character",
        "_subject_gaps:Instance-attribute-character"
    ]
}