{
    "abstract_actions": [
        null,
        7,
        7,
        5,
        7,
        2,
        2,
        5,
        5,
        5,
        5
    ],
    "specific_actions": [
        null,
        25,
        25,
        11,
        25,
        25,
        25,
        11,
        11,
        11,
        11
    ],
    "rewards": [
        0,
        0,
        -0.00583078149251226,
        0.00032147880249144833,
        -0.002605613564517606,
        0.0003816541708976384,
        0.00032993076491028006,
        0.0003201618894927982,
        -0.0043921381893498035,
        -0.0023985613061637823,
        0.0003890101434218529
    ],
    "states": [
        11.742296918767506,
        10.985714285714286,
        10.921658986175116,
        10.92517006802721,
        10.896703296703297,
        10.900862068965518,
        10.904458598726114,
        10.907949790794978,
        10.860040567951318,
        10.83399209486166,
        10.838206627680313
    ],
    "selections": [
        null,
        null,
        "_trust:Source",
        "_trust:Source",
        "_complement_gaps:Instance-attribute-character",
        "_trust:Source",
        "_statement_novelty:Actor-Source",
        "_statement_novelty:Actor-Source",
        "_complement_gaps:Instance-attribute-character",
        "_complement_gaps:Instance-attribute-character",
        "_complement_gaps:Instance-attribute-character"
    ]
}