{
    "abstract_actions": [
        null,
        5,
        5,
        5,
        5,
        5,
        5,
        3,
        6,
        5,
        3
    ],
    "specific_actions": [
        null,
        11,
        11,
        11,
        11,
        11,
        11,
        11,
        null,
        11,
        11
    ],
    "rewards": [
        0,
        0,
        0.023683280311064037,
        0.022099447513812098,
        0.021283783783783816,
        0.012901091630830308,
        0.020574787720444077,
        0.020480000000000054,
        0.019755409219190945,
        0.017527675276752808,
        0.01934119069205198
    ],
    "states": [
        2742.0,
        2829.0,
        2896.0,
        2960.0,
        3023.0,
        3062.0,
        3125.0,
        3189.0,
        3252.0,
        3309.0,
        3373.0
    ],
    "selections": [
        null,
        null,
        "_complement_gaps:Instance-attribute-character",
        "_complement_gaps:Instance-attribute-character",
        "_complement_gaps:Instance-attribute-character",
        "_complement_gaps:Instance-attribute-character",
        "_complement_gaps:Instance-attribute-character",
        "_complement_gaps:Instance-attribute-character",
        "_entity_novelty:Instance-attribute",
        "_overlaps:character",
        "_complement_gaps:Instance-attribute-character"
    ]
}