{
    "abstract_actions": [
        null,
        5,
        7,
        4,
        4,
        4,
        7,
        7,
        5,
        7,
        4
    ],
    "specific_actions": [
        null,
        11,
        25,
        null,
        null,
        null,
        25,
        25,
        11,
        25,
        null
    ],
    "rewards": [
        0,
        0,
        0.4539915966386556,
        -0.024590163934426257,
        -0.015732150060508432,
        0.2967176670589775,
        0.2193838499808649,
        -0.01877581674802853,
        -0.014433752775721675,
        0.16969696969696968,
        -0.017717930545712357
    ],
    "states": [
        0.0,
        0.0008669267446900737,
        0.0012605042016806723,
        0.0012295081967213116,
        0.0012101653892698668,
        0.001569242840329541,
        0.0019135093761959434,
        0.001877581674802854,
        0.001850481125092524,
        0.0021645021645021645,
        0.002126151665485471
    ],
    "selections": [
        null,
        null,
        "_complement_gaps:Instance-attribute-character",
        "_trust:Source",
        "_subject_gaps:Instance-character-institution",
        "_subject_gaps:Instance-character-product",
        "_subject_gaps:Instance-attribute-character",
        "_trust:Source",
        "_trust:Source",
        "_complement_gaps:Instance-attribute-character",
        "_trust:Source"
    ]
}