{
    "abstract_actions": [
        null,
        3,
        7,
        7,
        7,
        7,
        7,
        7,
        7,
        5,
        7
    ],
    "specific_actions": [
        null,
        11,
        25,
        25,
        25,
        25,
        25,
        25,
        25,
        11,
        25
    ],
    "rewards": [
        0,
        0,
        0.0029042839605200044,
        0.005094183294382715,
        0.0030272325978633052,
        0.0029639778091270497,
        0.0029026933231737218,
        0.002843297815974255,
        0.0027857141333467172,
        0.002729869035979382,
        0.00422768807975582
    ],
    "states": [
        2.4521195652173913,
        2.4798330550918197,
        2.4870351944584903,
        2.499704607598643,
        2.507271794871795,
        2.514703292833245,
        2.522002705291115,
        2.5291735100749504,
        2.536219064467652,
        2.543142610360203,
        2.5538942240591416
    ],
    "selections": [
        null,
        null,
        "_entity_novelty:Instance-attribute",
        "_trust:Source",
        "_trust:Source",
        "_trust:Source",
        "_trust:Source",
        "_trust:Source",
        "_trust:Source",
        "_trust:Source",
        "_complement_gaps:Instance-attribute-character"
    ]
}