{
    "abstract_actions": [
        null,
        3,
        4,
        3,
        3,
        7,
        2,
        4,
        3,
        7,
        7
    ],
    "specific_actions": [
        null,
        null,
        null,
        11,
        null,
        25,
        25,
        null,
        11,
        25,
        25
    ],
    "rewards": [
        0,
        0,
        0.33333333333333326,
        0.125,
        0.06666666666666665,
        0.04166666666666674,
        0.19999999999999996,
        0.0,
        0.0,
        0.0,
        0.1428571428571428
    ],
    "states": [
        0.0,
        0.5,
        0.6666666666666666,
        0.75,
        0.8,
        0.8333333333333334,
        1.0,
        1.0,
        1.0,
        1.0,
        1.1428571428571428
    ],
    "selections": [
        null,
        null,
        "_entity_novelty:Instance-character",
        "_subject_gaps:Instance-attribute-character",
        "_entity_novelty:Instance-attribute",
        "_entity_novelty:Instance-character",
        "_trust:Source",
        "_statement_novelty:Actor-Source",
        "_subject_gaps:Instance-attribute-character",
        "_entity_novelty:Instance-attribute",
        "_trust:Source"
    ]
}