{
    "abstract_actions": [
        null,
        4,
        7,
        2,
        5,
        4,
        7,
        7,
        7,
        2,
        7
    ],
    "specific_actions": [
        null,
        null,
        25,
        25,
        11,
        null,
        25,
        25,
        25,
        25,
        25
    ],
    "rewards": [
        0,
        0,
        0.0008586011161815232,
        0.002401314686252709,
        0.0016071183583874493,
        0.0002365630024225851,
        0.0031858793878569713,
        0.002167579364053651,
        0.001446990359100342,
        0.0014172900567446245,
        0.001388496475188905
    ],
    "states": [
        11.532608695652174,
        11.473684210526315,
        11.483535528596187,
        11.511111111111111,
        11.529610829103214,
        11.532338308457712,
        11.569078947368421,
        11.594155844155845,
        11.610932475884244,
        11.627388535031848,
        11.64353312302839
    ],
    "selections": [
        null,
        null,
        "_subject_gaps:Instance-character-physical-appearance",
        "_trust:Source",
        "_statement_novelty:Actor-Source",
        "_complement_gaps:Instance-attribute-character",
        "_subject_gaps:Instance-character-object",
        "_trust:Source",
        "_trust:Source",
        "_trust:Source",
        "_statement_novelty:Actor-Source"
    ]
}