{
    "abstract_actions": [
        null,
        7,
        2,
        2,
        2,
        2,
        2,
        4,
        5,
        4,
        5
    ],
    "specific_actions": [
        null,
        25,
        25,
        25,
        25,
        25,
        25,
        null,
        11,
        null,
        11
    ],
    "rewards": [
        0,
        0,
        -0.026582278481012578,
        -0.016189290161892966,
        -0.01593137254901955,
        -0.01568154402895061,
        -0.015439429928741144,
        -0.01520467836257311,
        0.46015180265654654,
        0.30171668519204653,
        0.22104596453130654
    ],
    "states": [
        0.0,
        0.0008669267446900737,
        0.0008438818565400844,
        0.0008302200083022001,
        0.0008169934640522876,
        0.0008041817450743868,
        0.000791765637371338,
        0.0007797270955165692,
        0.0011385199240986717,
        0.0014820303816228233,
        0.0018096272167933405
    ],
    "selections": [
        null,
        null,
        "_trust:Source",
        "_statement_novelty:Actor-Source",
        "_statement_novelty:Actor-Source",
        "_statement_novelty:Actor-Source",
        "_statement_novelty:Actor-Source",
        "_statement_novelty:Actor-Source",
        "_subject_gaps:Instance-character-personality-trait",
        "_complement_gaps:Instance-attribute-character",
        "_subject_gaps:Instance-attribute-character"
    ]
}