{
    "abstract_actions": [
        null,
        4,
        3,
        4,
        5,
        4,
        4,
        4,
        4,
        3,
        4
    ],
    "specific_actions": [
        null,
        null,
        null,
        null,
        11,
        null,
        null,
        null,
        null,
        11,
        null
    ],
    "rewards": [
        0,
        0,
        -0.022949653849207552,
        -0.016616428198303335,
        -0.016353852545180514,
        -0.016099046732772848,
        -0.008430094230103324,
        -0.008360191603764555,
        -0.015594716555758503,
        -0.015362031383693187,
        -0.008042379906764596
    ],
    "states": [
        0.008463066106647188,
        0.008156585074116793,
        0.0079693942700742,
        0.007836971402401543,
        0.007708806727685871,
        0.007584702287922943,
        0.0075207625329284725,
        0.007457887517146777,
        0.007341583875212143,
        0.007228802233315118,
        0.00717066545948393
    ],
    "selections": [
        null,
        null,
        "_subject_gaps:Instance-ancestry-character",
        "_entity_novelty:Instance-character",
        "_subject_gaps:Instance-attribute-character",
        "_complement_gaps:Instance-attribute-character",
        "_subject_gaps:Instance-attribute-character",
        "_subject_gaps:Instance-attribute-character",
        "_subject_gaps:Instance-character-physical-appearance",
        "_subject_gaps:Instance-attribute-character",
        "_entity_novelty:Instance-attribute"
    ]
}