{
    "abstract_actions": [
        null,
        7,
        5,
        7,
        2,
        2,
        5,
        4,
        5,
        4,
        7
    ],
    "specific_actions": [
        null,
        25,
        11,
        25,
        25,
        25,
        11,
        null,
        11,
        null,
        25
    ],
    "rewards": [
        0,
        0,
        0.04337899543378998,
        0.06126914660831506,
        0.02886597938144342,
        0.018036072144288484,
        0.017716535433070835,
        0.05415860735009659,
        0.044036697247706424,
        0.04920913884007039,
        0.04020100502512558
    ],
    "states": [
        7.0588235294117645,
        8.588235294117647,
        8.96078431372549,
        9.509803921568627,
        9.784313725490197,
        9.96078431372549,
        10.137254901960784,
        10.686274509803921,
        11.156862745098039,
        11.705882352941176,
        12.176470588235293
    ],
    "selections": [
        null,
        null,
        "_trust:Source",
        "_complement_gaps:Instance-attribute-character",
        "_trust:Source",
        "_statement_novelty:Actor-Source",
        "_statement_novelty:Actor-Source",
        "_complement_gaps:Instance-attribute-character",
        "_subject_gaps:Instance-character-physical-appearance",
        "_complement_gaps:Instance-attribute-character",
        "_subject_gaps:Instance-character-institution"
    ]
}