{
    "actions": [
        null,
        5,
        3,
        3,
        6,
        6,
        5,
        5,
        7,
        2,
        4
    ],
    "rewards": [
        0,
        0,
        -0.005850815596758263,
        -0.0025556268560941175,
        -0.0024189134311493055,
        0.003296610169491565,
        0.0031897429673957145,
        -0.0023838201344976717,
        -0.00401012333357087,
        0.0024434404671498378,
        0.002381126592731153
    ],
    "states": [
        11.675070028011204,
        10.869976359338061,
        10.806378132118452,
        10.778761061946902,
        10.75268817204301,
        10.788135593220339,
        10.822546972860126,
        10.796747967479675,
        10.7534516765286,
        10.77972709551657,
        10.80539499036609
    ],
    "selections": [
        null,
        null,
        "_complement_gaps:Instance-attribute-character",
        "_entity_novelty:Instance-character",
        "_entity_novelty:Instance-attribute",
        "_overlaps:character",
        "_overlaps:character",
        "_complement_gaps:Instance-attribute-character",
        "_complement_gaps:Instance-attribute-character",
        "_trust:Source",
        "_statement_novelty:Actor-Source"
    ]
}