{
    "abstract_actions": [
        null,
        7,
        2,
        2,
        4,
        4,
        3,
        5,
        4,
        3,
        5
    ],
    "specific_actions": [
        null,
        25,
        25,
        25,
        null,
        null,
        11,
        11,
        null,
        11,
        11
    ],
    "rewards": [
        0,
        0,
        0.0014612689182136318,
        0.0022138095413479775,
        0.002159649836454447,
        -0.0004954173891504876,
        -0.00047449584816128265,
        0.0037978734671511027,
        -0.0020811573719953236,
        -0.00047406739729016767,
        -0.0007582778667116763
    ],
    "states": [
        10.917835671342685,
        10.851063829787234,
        10.866920152091256,
        10.890977443609023,
        10.914498141263941,
        10.909090909090908,
        10.90391459074733,
        10.945326278659612,
        10.922547332185886,
        10.917369308600337,
        10.909090909090908
    ],
    "selections": [
        null,
        null,
        "_trust:Source",
        "_statement_novelty:Actor-Source",
        "_statement_novelty:Actor-Source",
        "_subject_gaps:Instance-ancestry-character",
        "_subject_gaps:Instance-attribute-character",
        "_entity_novelty:Instance-attribute",
        "_complement_gaps:Instance-attribute-character",
        "_subject_gaps:Instance-attribute-character",
        "_entity_novelty:Instance-attribute"
    ]
}