{
    "abstract_actions": [
        null,
        4,
        7,
        4,
        4,
        5,
        5,
        4,
        3,
        7,
        4
    ],
    "specific_actions": [
        null,
        null,
        25,
        null,
        null,
        11,
        11,
        null,
        11,
        25,
        null
    ],
    "rewards": [
        0,
        0,
        0.04038772213247177,
        0.021739130434782705,
        0.03647416413373872,
        0.035190615835777095,
        0.03966005665722383,
        0.02588555858310637,
        0.03718459495351922,
        0.011523687580025532,
        0.017721518987341867
    ],
    "states": [
        11.666666666666666,
        12.137254901960784,
        12.627450980392156,
        12.901960784313726,
        13.372549019607844,
        13.843137254901961,
        14.392156862745098,
        14.764705882352942,
        15.313725490196079,
        15.490196078431373,
        15.764705882352942
    ],
    "selections": [
        null,
        null,
        "_subject_gaps:Instance-attribute-character",
        "_trust:Source",
        "_subject_gaps:Instance-character-institution",
        "_subject_gaps:Instance-attribute-character",
        "_complement_gaps:Instance-attribute-character",
        "_complement_gaps:Instance-attribute-character",
        "_subject_gaps:Instance-attribute-character",
        "_entity_novelty:Instance-attribute",
        "_trust:Source"
    ]
}