{
    "abstract_actions": [
        null,
        4,
        3,
        7,
        4,
        2,
        7,
        2,
        5,
        3,
        3
    ],
    "specific_actions": [
        null,
        null,
        11,
        25,
        null,
        25,
        25,
        25,
        11,
        null,
        11
    ],
    "rewards": [
        0,
        0,
        0.33333333333333326,
        0.0,
        0.5,
        0.0,
        0.33333333333333326,
        0.0,
        0.0,
        -0.0625,
        -0.040000000000000036
    ],
    "states": [
        0.0,
        0.5,
        0.6666666666666666,
        0.6666666666666666,
        1.0,
        1.0,
        1.3333333333333333,
        1.3333333333333333,
        1.3333333333333333,
        1.25,
        1.2
    ],
    "selections": [
        null,
        null,
        "_subject_gaps:Instance-attribute-character",
        "_entity_novelty:Instance-attribute",
        "_trust:Source",
        "_subject_gaps:Instance-character-institution",
        "_statement_novelty:Actor-Source",
        "_trust:Source",
        "_statement_novelty:Actor-Source",
        "_complement_gaps:Instance-attribute-character",
        "_entity_novelty:Instance-character"
    ]
}