{
    "abstract_actions": [
        null,
        5,
        3,
        6,
        5,
        4,
        7,
        5,
        3,
        7,
        7
    ],
    "specific_actions": [
        null,
        11,
        null,
        null,
        11,
        null,
        25,
        11,
        11,
        25,
        25
    ],
    "rewards": [
        0,
        0,
        0.010101010101009944,
        0.008333333333333304,
        0.09090909090909105,
        0.0,
        0.0,
        0.0714285714285714,
        -0.004444444444444473,
        -0.00390625,
        0.05882352941176472
    ],
    "states": [
        0.8888888888888888,
        0.9,
        0.9090909090909091,
        0.9166666666666666,
        1.0,
        1.0,
        1.0,
        1.0714285714285714,
        1.0666666666666667,
        1.0625,
        1.125
    ],
    "selections": [
        null,
        null,
        "_complement_gaps:Instance-attribute-character",
        "_entity_novelty:Instance-character",
        "_overlaps:character",
        "_complement_gaps:Instance-attribute-character",
        "_subject_gaps:Instance-character-physical-appearance",
        "_trust:Source",
        "_complement_gaps:Instance-attribute-character",
        "_entity_novelty:Instance-attribute",
        "_trust:Source"
    ]
}