{
    "abstract_actions": [
        null,
        5,
        3,
        5,
        3,
        7,
        5,
        5,
        7,
        7,
        4
    ],
    "specific_actions": [
        null,
        11,
        null,
        11,
        11,
        25,
        11,
        11,
        25,
        25,
        null
    ],
    "rewards": [
        0,
        0,
        0.0,
        0.0,
        0.0,
        0.0,
        0.0714285714285714,
        -0.004444444444444473,
        0.0,
        0.0625,
        0.0
    ],
    "states": [
        1.0,
        1.0,
        1.0,
        1.0,
        1.0,
        1.0,
        1.0714285714285714,
        1.0666666666666667,
        1.0666666666666667,
        1.1333333333333333,
        1.1333333333333333
    ],
    "selections": [
        null,
        null,
        "_complement_gaps:Instance-attribute-character",
        "_entity_novelty:Instance-character",
        "_complement_gaps:Instance-attribute-character",
        "_entity_novelty:Instance-attribute",
        "_trust:Source",
        "_complement_gaps:Instance-attribute-character",
        "_complement_gaps:Instance-attribute-character",
        "_trust:Source",
        "_trust:Source"
    ]
}