{
    "actions": [
        null,
        4,
        7,
        7,
        7,
        6,
        2,
        4,
        5,
        5,
        7
    ],
    "rewards": [
        0,
        0,
        0.0546697038724373,
        0.019438444924406273,
        0.01906779661016933,
        0.018711018711018657,
        0.026530612244898055,
        0.017892644135188762,
        0.044921875,
        0.05046728971962611,
        0.04804270462633453
    ],
    "states": [
        7.0588235294117645,
        8.607843137254902,
        9.07843137254902,
        9.254901960784315,
        9.431372549019608,
        9.607843137254902,
        9.862745098039216,
        10.03921568627451,
        10.490196078431373,
        11.019607843137255,
        11.549019607843137
    ],
    "selections": [
        null,
        null,
        "_subject_gaps:Instance-attribute-character",
        "_trust:Source",
        "_trust:Source",
        "_trust:Source",
        "_overlaps:attribute",
        "_statement_novelty:Actor-Source",
        "_subject_gaps:Instance-attribute-character",
        "_complement_gaps:Instance-attribute-character",
        "_complement_gaps:Instance-attribute-character"
    ]
}