{
    "abstract_actions": [
        null,
        7,
        2,
        4,
        5,
        3,
        5,
        3,
        7,
        5,
        5
    ],
    "specific_actions": [
        null,
        25,
        25,
        null,
        11,
        11,
        11,
        11,
        25,
        11,
        11
    ],
    "rewards": [
        0,
        0,
        0.04337899543378998,
        0.01969365426695835,
        0.05150214592274671,
        0.05714285714285716,
        0.044401544401544424,
        0.05175600739371533,
        0.040421792618629215,
        0.023648648648648685,
        0.0462046204620461
    ],
    "states": [
        7.0588235294117645,
        8.588235294117647,
        8.96078431372549,
        9.137254901960784,
        9.607843137254902,
        10.156862745098039,
        10.607843137254902,
        11.156862745098039,
        11.607843137254902,
        11.882352941176471,
        12.431372549019608
    ],
    "selections": [
        null,
        null,
        "_trust:Source",
        "_statement_novelty:Actor-Source",
        "_subject_gaps:Instance-character-object",
        "_complement_gaps:Instance-attribute-character",
        "_entity_novelty:Instance-attribute",
        "_complement_gaps:Instance-attribute-character",
        "_entity_novelty:Instance-attribute",
        "_trust:Source",
        "_complement_gaps:Instance-attribute-character"
    ]
}