{
    "actions": [
        null,
        4,
        3,
        4,
        7,
        4,
        3,
        7,
        4,
        4,
        7,
        5,
        7,
        2,
        7,
        2,
        4,
        7,
        7,
        2,
        4,
        7,
        4,
        5,
        5,
        4
    ],
    "rewards": [
        0,
        0,
        -0.005850815596758263,
        -0.0025556268560941175,
        -0.0024189134311493055,
        0.0026624203821656867,
        -0.00414521124774514,
        -0.0021607031617854044,
        0.002535809136469336,
        0.002469996363195337,
        -0.0037974438607183414,
        0.0023907695506044657,
        0.0023318688746198912,
        0.0022751252967554425,
        0.0022204344328238257,
        0.0021676981558858,
        0.0021168241502025342,
        0.0020677255019478924,
        0.00202032032325139,
        0.0019745314064958386,
        0.0019302859061154365,
        -0.0022039223474814573,
        0.0018729417702352258,
        -0.002129828734817263,
        -0.0034654118228065744,
        -0.001935882424773605
    ],
    "states": [
        11.675070028011204,
        10.869976359338061,
        10.806378132118452,
        10.778761061946902,
        10.75268817204301,
        10.781316348195329,
        10.736625514403292,
        10.713426853707414,
        10.740594059405941,
        10.767123287671232,
        10.726235741444867,
        10.75187969924812,
        10.776951672862454,
        10.801470588235293,
        10.825454545454546,
        10.848920863309353,
        10.871886120996441,
        10.894366197183098,
        10.91637630662021,
        10.937931034482759,
        10.959044368600683,
        10.934891485809683,
        10.955371900826446,
        10.932038834951456,
        10.894154818325434,
        10.873065015479876
    ],
    "selections": [
        null,
        null,
        "_subject_gaps:Instance-attribute-character",
        "_entity_novelty:Instance-attribute",
        "_subject_gaps:Instance-attribute-character",
        "_trust:Source",
        "_subject_gaps:Instance-attribute-character",
        "_entity_novelty:Instance-character",
        "_trust:Source",
        "_subject_gaps:Instance-attribute-character",
        "_subject_gaps:Instance-attribute-character",
        "_trust:Source",
        "_complement_gaps:Instance-attribute-character",
        "_trust:Source",
        "_statement_novelty:Actor-Source",
        "_trust:Source",
        "_statement_novelty:Actor-Source",
        "_subject_gaps:Instance-attribute-character",
        "_trust:Source",
        "_trust:Source",
        "_statement_novelty:Actor-Source",
        "_subject_gaps:Instance-attribute-character",
        "_trust:Source",
        "_subject_gaps:Instance-attribute-character",
        "_complement_gaps:Instance-attribute-character",
        "_complement_gaps:Instance-attribute-character"
    ]
}