{
    "abstract_actions": [
        null,
        5,
        4,
        4,
        3,
        7,
        4,
        6,
        6,
        4,
        4
    ],
    "specific_actions": [
        null,
        11,
        null,
        null,
        11,
        25,
        null,
        null,
        null,
        null,
        null
    ],
    "rewards": [
        0,
        0,
        0.0547945205479452,
        0.06060606060606055,
        0.048979591836734615,
        0.03696498054474717,
        0.03377110694183871,
        0.04174228675136127,
        0.022648083623693305,
        0.030664395229982988,
        0.03966942148760322
    ],
    "states": [
        7.0588235294117645,
        8.588235294117647,
        9.058823529411764,
        9.607843137254902,
        10.07843137254902,
        10.450980392156863,
        10.803921568627452,
        11.254901960784315,
        11.509803921568627,
        11.862745098039216,
        12.333333333333334
    ],
    "selections": [
        null,
        null,
        "_complement_gaps:Instance-attribute-character",
        "_subject_gaps:Instance-attribute-character",
        "_subject_gaps:Instance-character-gender",
        "_entity_novelty:Instance-attribute",
        "_trust:Source",
        "_subject_gaps:Instance-ability-character",
        "_overlaps:character",
        "_overlaps:character",
        "_subject_gaps:Instance-character-gender"
    ]
}