{
    "abstract_actions": [
        null,
        3,
        3,
        3,
        3,
        3,
        7,
        7,
        2,
        4,
        5
    ],
    "specific_actions": [
        null,
        null,
        11,
        null,
        11,
        null,
        25,
        25,
        25,
        null,
        11
    ],
    "rewards": [
        0,
        0,
        0.33333333333333326,
        0.125,
        0.06666666666666665,
        0.04166666666666674,
        0.02857142857142847,
        0.16666666666666674,
        0.0,
        0.0,
        0.0
    ],
    "states": [
        0.0,
        0.5,
        0.6666666666666666,
        0.75,
        0.8,
        0.8333333333333334,
        0.8571428571428571,
        1.0,
        1.0,
        1.0,
        1.0
    ],
    "selections": [
        null,
        null,
        "_entity_novelty:Instance-character",
        "_entity_novelty:Instance-attribute",
        "_entity_novelty:Instance-character",
        "_entity_novelty:Instance-attribute",
        "_entity_novelty:Instance-character",
        "_trust:Source",
        "_trust:Source",
        "_statement_novelty:Actor-Source",
        "_subject_gaps:Instance-attribute-character"
    ]
}