{
    "abstract_actions": [
        null,
        7,
        7,
        7,
        5,
        2,
        2,
        2,
        7,
        6,
        3
    ],
    "specific_actions": [
        null,
        25,
        25,
        25,
        11,
        25,
        25,
        25,
        25,
        null,
        null
    ],
    "rewards": [
        0,
        0,
        0.016813671444321887,
        0.011114123068582282,
        0.010991957104557581,
        0.010872447626624204,
        0.01521511017838395,
        0.010594315245477937,
        0.01048325236512393,
        0.010374493927125528,
        0.0167793638868019
    ],
    "states": [
        3527.0,
        3628.0,
        3689.0,
        3730.0,
        3771.0,
        3812.0,
        3870.0,
        3911.0,
        3952.0,
        3993.0,
        4060.0
    ],
    "selections": [
        null,
        null,
        "_trust:Source",
        "_trust:Source",
        "_trust:Source",
        "_complement_gaps:Instance-attribute-character",
        "_statement_novelty:Actor-Source",
        "_statement_novelty:Actor-Source",
        "_statement_novelty:Actor-Source",
        "_trust:Source",
        "_overlaps:character"
    ]
}