{
    "abstract_actions": [
        null,
        4,
        4,
        4,
        4,
        4,
        4,
        7,
        4,
        4,
        5
    ],
    "specific_actions": [
        null,
        null,
        null,
        null,
        null,
        null,
        null,
        25,
        null,
        null,
        11
    ],
    "rewards": [
        0,
        0,
        -0.00826446280991755,
        -0.00694444444444442,
        -0.00591715976331364,
        -0.005102040816326481,
        -0.004444444444444473,
        -0.00390625,
        0.05882352941176472,
        -0.006535947712418277,
        -0.005847953216374213
    ],
    "states": [
        1.1111111111111112,
        1.1,
        1.0909090909090908,
        1.0833333333333333,
        1.0769230769230769,
        1.0714285714285714,
        1.0666666666666667,
        1.0625,
        1.125,
        1.1176470588235294,
        1.1111111111111112
    ],
    "selections": [
        null,
        null,
        "_subject_gaps:Instance-attribute-character",
        "_subject_gaps:Instance-attribute-character",
        "_subject_gaps:Instance-attribute-character",
        "_subject_gaps:Instance-attribute-character",
        "_subject_gaps:Instance-attribute-character",
        "_subject_gaps:Instance-attribute-character",
        "_trust:Source",
        "_subject_gaps:Instance-attribute-character",
        "_subject_gaps:Instance-attribute-character"
    ]
}