{
    "actions": [
        null,
        4,
        5,
        5,
        3,
        5,
        5,
        4,
        4,
        4,
        4
    ],
    "rewards": [
        0,
        0,
        0.021265141318977054,
        0.020031628887717368,
        0.02170542635658923,
        0.010369246332827542,
        0.019023779724655743,
        0.018668631785802026,
        0.018326501085121683,
        0.01799668482121719,
        0.009537101651546864
    ],
    "states": [
        3614.0,
        3715.0,
        3794.0,
        3870.0,
        3954.0,
        3995.0,
        4071.0,
        4147.0,
        4223.0,
        4299.0,
        4340.0
    ],
    "selections": [
        null,
        null,
        "_subject_gaps:Instance-attribute-character",
        "_complement_gaps:Instance-attribute-character",
        "_complement_gaps:Instance-attribute-character",
        "_entity_novelty:Instance-character",
        "_complement_gaps:Instance-attribute-character",
        "_complement_gaps:Instance-attribute-character",
        "_subject_gaps:Instance-attribute-character",
        "_subject_gaps:Instance-attribute-character",
        "_subject_gaps:Instance-attribute-character"
    ]
}