{
    "abstract_actions": [
        null,
        7,
        7,
        5,
        4,
        4,
        4,
        4,
        4,
        4,
        5
    ],
    "specific_actions": [
        null,
        25,
        25,
        11,
        null,
        null,
        null,
        null,
        null,
        null,
        11
    ],
    "rewards": [
        0,
        0,
        -0.013951720990463379,
        -0.00895623159668002,
        -0.015486527135735062,
        -0.008749463256068069,
        -0.01906452431174921,
        -0.018709320206273028,
        -0.018367051110386168,
        -0.018037026639170284,
        -0.014061452022748555
    ],
    "states": [
        0.008090719930572877,
        0.00779887417154963,
        0.007690066455068438,
        0.007621192438902986,
        0.007503166635391256,
        0.007437517954610744,
        0.0072957252127459965,
        0.007159227153603752,
        0.007027733262562647,
        0.0069009738504928215,
        0.006803936137783875
    ],
    "selections": [
        null,
        null,
        "_trust:Source",
        "_trust:Source",
        "_complement_gaps:Instance-attribute-character",
        "_subject_gaps:Instance-character-personality-trait",
        "_subject_gaps:Instance-character-designation",
        "_subject_gaps:Instance-attribute-character",
        "_subject_gaps:Instance-character-enchantment",
        "_subject_gaps:Instance-attribute-character",
        "_subject_gaps:Instance-attribute-character"
    ]
}