{
    "abstract_actions": [
        null,
        4,
        3,
        2,
        7,
        4,
        3,
        7,
        5,
        5,
        7
    ],
    "specific_actions": [
        null,
        null,
        11,
        25,
        25,
        null,
        null,
        25,
        11,
        11,
        25
    ],
    "rewards": [
        0,
        0,
        -0.022550517836846362,
        -0.009016637368792324,
        -0.021189610428809513,
        -0.00875102158691754,
        -0.019451748251748224,
        -0.01871543376654683,
        -0.010750371456618057,
        -0.022260953043873766,
        -0.01778486862088491
    ],
    "states": [
        0.008263554179478723,
        0.007921581285964143,
        0.00774294552587898,
        0.007673130193905817,
        0.007510539554327417,
        0.0074448146605581005,
        0.0073,
        0.007163377333504208,
        0.007086368366285119,
        0.0069286190528316536,
        0.006805394473252882
    ],
    "selections": [
        null,
        null,
        "_subject_gaps:Instance-attribute-character",
        "_entity_novelty:Instance-attribute",
        "_statement_novelty:Actor-Source",
        "_trust:Source",
        "_subject_gaps:Instance-character-enchantment",
        "_entity_novelty:Instance-character",
        "_trust:Source",
        "_complement_gaps:Instance-attribute-character",
        "_complement_gaps:Instance-attribute-character"
    ]
}