{
    "actions": [
        null,
        4,
        7,
        2,
        7,
        7,
        5,
        5,
        3,
        3,
        5
    ],
    "rewards": [
        0,
        0,
        0.0435308343409917,
        0.012746234067207318,
        0.012585812356979309,
        0.01242937853107362,
        0.012276785714285587,
        0.03858875413450913,
        0.043524416135881205,
        0.03560528992878953,
        0.01080550098231825
    ],
    "states": [
        15.313725490196079,
        16.215686274509803,
        16.92156862745098,
        17.137254901960784,
        17.352941176470587,
        17.568627450980394,
        17.784313725490197,
        18.470588235294116,
        19.274509803921568,
        19.96078431372549,
        20.176470588235293
    ],
    "selections": [
        null,
        null,
        "_subject_gaps:Instance-attribute-character",
        "_trust:Source",
        "_statement_novelty:Actor-Source",
        "_trust:Source",
        "_trust:Source",
        "_complement_gaps:Instance-attribute-character",
        "_complement_gaps:Instance-attribute-character",
        "_entity_novelty:Instance-character",
        "_entity_novelty:Instance-attribute"
    ]
}