{
    "abstract_actions": [
        null,
        5,
        3,
        5,
        6,
        4,
        3,
        3,
        3,
        2,
        4
    ],
    "specific_actions": [
        null,
        11,
        null,
        11,
        null,
        null,
        11,
        null,
        11,
        25,
        null
    ],
    "rewards": [
        0,
        0,
        0.048252911813643884,
        0.014285714285714235,
        0.029733959311424085,
        0.02735562310030404,
        0.041420118343195256,
        0.032670454545454586,
        0.03301237964236581,
        0.011984021304926928,
        0.018421052631578894
    ],
    "states": [
        11.137254901960784,
        11.784313725490197,
        12.352941176470589,
        12.529411764705882,
        12.901960784313726,
        13.254901960784315,
        13.803921568627452,
        14.254901960784315,
        14.72549019607843,
        14.901960784313726,
        15.176470588235293
    ],
    "selections": [
        null,
        null,
        "_complement_gaps:Instance-attribute-character",
        "_entity_novelty:Instance-character",
        "_complement_gaps:Instance-attribute-character",
        "_overlaps:character",
        "_subject_gaps:Instance-age-character",
        "_entity_novelty:Instance-attribute",
        "_entity_novelty:Instance-character",
        "_entity_novelty:Instance-attribute",
        "_statement_novelty:Actor-Source"
    ]
}