{
    "abstract_actions": [
        null,
        3,
        7,
        7,
        4,
        5,
        3,
        5,
        3,
        3,
        2
    ],
    "specific_actions": [
        null,
        11,
        25,
        25,
        null,
        11,
        null,
        11,
        null,
        11,
        25
    ],
    "rewards": [
        0,
        0,
        -0.014467791939373198,
        -0.016931933626820217,
        -0.013034759358288572,
        0.14223385689354262,
        0.11726533223654156,
        0.10242946708463951,
        0.0872528970688482,
        0.07882069795427182,
        -0.011596788581623496
    ],
    "states": [
        0.0017985611510791368,
        0.0020971688220901784,
        0.0020668274199104374,
        0.002031832035218422,
        0.002005347593582888,
        0.0022905759162303663,
        0.0025591810620601407,
        0.0028213166144200625,
        0.003067484662576687,
        0.003309265944645006,
        0.0032708890871245913
    ],
    "selections": [
        null,
        null,
        "_entity_novelty:Instance-attribute",
        "_trust:Source",
        "_trust:Source",
        "_subject_gaps:Instance-ancestry-character",
        "_complement_gaps:Instance-attribute-character",
        "_entity_novelty:Instance-character",
        "_complement_gaps:Instance-attribute-character",
        "_entity_novelty:Instance-character",
        "_entity_novelty:Instance-attribute"
    ]
}